{
  "accuracy": 0.9956,
  "precision_macro": 0.9956181277275598,
  "recall_macro": 0.9955019243399231,
  "f1_macro": 0.9955570447930885,
  "precision_weighted": 0.9956047037672674,
  "recall_weighted": 0.9956,
  "f1_weighted": 0.9955993967731923,
  "per_class_f1": [
    0.9974502804691484,
    0.9978002639683238,
    0.9956416464891041,
    0.9965397923875432,
    0.9948979591836735,
    0.9943883277216611,
    0.9942438513867086,
    0.9946524064171123,
    0.9958847736625515,
    0.9940711462450593
  ],
  "per_class_precision": [
    0.9969418960244648,
    0.9964850615114236,
    0.995159728944821,
    0.9950641658440277,
    0.9969325153374233,
    0.9955056179775281,
    0.9968520461699895,
    0.9941690962099126,
    0.9979381443298969,
    0.9911330049261083
  ],
  "per_class_recall": [
    0.9979591836734694,
    0.9991189427312775,
    0.9961240310077519,
    0.998019801980198,
    0.9928716904276986,
    0.9932735426008968,
    0.9916492693110647,
    0.995136186770428,
    0.9938398357289527,
    0.9970267591674926
  ],
  "train_time_seconds": 147.25398898124695,
  "run_id": 95,
  "seed": 2121,
  "model_type": "cnn",
  "dataset": "mnist"
}