{
  "accuracy": 0.9956,
  "precision_macro": 0.995608908133152,
  "recall_macro": 0.9955272061940927,
  "f1_macro": 0.9955649147257827,
  "precision_weighted": 0.9956017533425423,
  "recall_weighted": 0.9956,
  "f1_weighted": 0.9955976678664729,
  "per_class_f1": [
    0.9979633401221996,
    0.9978021978021978,
    0.9961277831558567,
    0.9965432098765432,
    0.9938837920489296,
    0.9949523275378576,
    0.9947698744769874,
    0.9941463414634146,
    0.9964047252182845,
    0.9930555555555556
  ],
  "per_class_precision": [
    0.9959349593495935,
    0.9956140350877193,
    0.995164410058027,
    0.994088669950739,
    0.9948979591836735,
    0.9955106621773289,
    0.9968553459119497,
    0.99706457925636,
    0.9969167523124358,
    0.9940417080436942
  ],
  "per_class_recall": [
    1.0,
    1.0,
    0.997093023255814,
    0.999009900990099,
    0.9928716904276986,
    0.9943946188340808,
    0.9926931106471816,
    0.9912451361867705,
    0.9958932238193019,
    0.9920713577799801
  ],
  "train_time_seconds": 155.9669840335846,
  "run_id": 70,
  "seed": 2096,
  "model_type": "cnn_gan",
  "dataset": "mnist"
}