{
  "accuracy": 0.9948,
  "precision_macro": 0.9948410157979832,
  "recall_macro": 0.9947332515660483,
  "f1_macro": 0.994783864703534,
  "precision_weighted": 0.9948021584623054,
  "recall_weighted": 0.9948,
  "f1_weighted": 0.9947978318680798,
  "per_class_f1": [
    0.9959266802443992,
    0.996043956043956,
    0.9956331877729258,
    0.9985170538803757,
    0.9943963321446765,
    0.9955106621773289,
    0.9916142557651991,
    0.9927078269324259,
    0.9964084145715751,
    0.9910802775024777
  ],
  "per_class_precision": [
    0.9939024390243902,
    0.993859649122807,
    0.9970845481049563,
    0.9970384995064165,
    0.9949031600407747,
    0.996629213483146,
    0.9957894736842106,
    0.9922254616132167,
    0.9958974358974358,
    0.9910802775024777
  ],
  "per_class_recall": [
    0.9979591836734694,
    0.9982378854625551,
    0.9941860465116279,
    1.0,
    0.9938900203665988,
    0.9943946188340808,
    0.9874739039665971,
    0.9931906614785992,
    0.9969199178644764,
    0.9910802775024777
  ],
  "train_time_seconds": 166.07471108436584,
  "run_id": 10,
  "seed": 2036,
  "model_type": "cnn_gan",
  "dataset": "mnist"
}