{
  "accuracy": 0.996,
  "precision_macro": 0.9960486575434391,
  "recall_macro": 0.9959011925658542,
  "f1_macro": 0.9959718206552068,
  "precision_weighted": 0.9960041651369104,
  "recall_weighted": 0.996,
  "f1_weighted": 0.9959990239764506,
  "per_class_f1": [
    0.998468606431853,
    0.9973637961335676,
    0.9956331877729258,
    0.9965397923875432,
    0.9949135300101729,
    0.9955005624296963,
    0.9937238493723849,
    0.9956204379562044,
    0.9964120963608406,
    0.9955423476968797
  ],
  "per_class_precision": [
    0.9989785495403473,
    0.9947414548641542,
    0.9970845481049563,
    0.9950641658440277,
    0.9939024390243902,
    0.9988713318284425,
    0.9958071278825996,
    0.9961051606621227,
    0.9948822927328557,
    0.995049504950495
  ],
  "per_class_recall": [
    0.9979591836734694,
    1.0,
    0.9941860465116279,
    0.998019801980198,
    0.9959266802443992,
    0.992152466367713,
    0.9916492693110647,
    0.995136186770428,
    0.997946611909651,
    0.9960356788899901
  ],
  "train_time_seconds": 157.85971546173096,
  "run_id": 22,
  "seed": 2048,
  "model_type": "cnn",
  "dataset": "mnist"
}