{
  "accuracy": 0.9961,
  "precision_macro": 0.9961143273399982,
  "recall_macro": 0.9960477362432301,
  "f1_macro": 0.9960777896408037,
  "precision_weighted": 0.9961049108607342,
  "recall_weighted": 0.9961,
  "f1_weighted": 0.9960992639518729,
  "per_class_f1": [
    0.9974528782475802,
    0.9978002639683238,
    0.9956374212312167,
    0.9950592885375494,
    0.99644128113879,
    0.9955156950672646,
    0.9947589098532494,
    0.9946524064171123,
    0.997431946584489,
    0.9960278053624627
  ],
  "per_class_precision": [
    0.9959308240081384,
    0.9964850615114236,
    0.9961202715809894,
    0.9930966469428008,
    0.9949238578680203,
    0.9955156950672646,
    0.9989473684210526,
    0.9941690962099126,
    0.9979445015416238,
    0.9980099502487563
  ],
  "per_class_recall": [
    0.9989795918367347,
    0.9991189427312775,
    0.9951550387596899,
    0.997029702970297,
    0.9979633401221996,
    0.9955156950672646,
    0.9906054279749478,
    0.995136186770428,
    0.9969199178644764,
    0.9940535183349851
  ],
  "train_time_seconds": 147.55826663970947,
  "run_id": 51,
  "seed": 2077,
  "model_type": "cnn",
  "dataset": "mnist"
}