{
  "accuracy": 0.9952,
  "precision_macro": 0.9951923159332358,
  "recall_macro": 0.9951245735825143,
  "f1_macro": 0.9951555792483386,
  "precision_weighted": 0.9952053928356529,
  "recall_weighted": 0.9952,
  "f1_weighted": 0.9951998008385512,
  "per_class_f1": [
    0.9979612640163099,
    0.9969230769230769,
    0.9966035904900534,
    0.9955555555555555,
    0.9933639612046963,
    0.9921612541993281,
    0.996340825927862,
    0.9946524064171123,
    0.9969135802469136,
    0.9910802775024777
  ],
  "per_class_precision": [
    0.9969450101832994,
    0.9947368421052631,
    0.9980563654033042,
    0.993103448275862,
    0.9959058341862845,
    0.9910514541387024,
    0.9979057591623036,
    0.9941690962099126,
    0.9989690721649485,
    0.9910802775024777
  ],
  "per_class_recall": [
    0.9989795918367347,
    0.9991189427312775,
    0.9951550387596899,
    0.998019801980198,
    0.9908350305498982,
    0.9932735426008968,
    0.9947807933194155,
    0.995136186770428,
    0.9948665297741273,
    0.9910802775024777
  ],
  "train_time_seconds": 142.79939675331116,
  "run_id": 81,
  "seed": 2107,
  "model_type": "cnn",
  "dataset": "mnist"
}