{
  "accuracy": 0.9939,
  "precision_macro": 0.9939120370196364,
  "recall_macro": 0.9938958643070208,
  "f1_macro": 0.9938956442869458,
  "precision_weighted": 0.9939151713059533,
  "recall_weighted": 0.9939,
  "f1_weighted": 0.9938991780350926,
  "per_class_f1": [
    0.9938837920489296,
    0.9947136563876652,
    0.9956584659913169,
    0.9945517582961863,
    0.9943848902501277,
    0.9938375350140056,
    0.9942438513867086,
    0.9921722113502935,
    0.9953917050691244,
    0.9901185770750988
  ],
  "per_class_precision": [
    0.9928716904276986,
    0.9947136563876652,
    0.9913544668587896,
    0.9950445986124876,
    0.9969293756397134,
    0.9932810750279956,
    0.9968520461699895,
    0.9980314960629921,
    0.992849846782431,
    0.987192118226601
  ],
  "per_class_recall": [
    0.9948979591836735,
    0.9947136563876652,
    1.0,
    0.994059405940594,
    0.9918533604887984,
    0.9943946188340808,
    0.9916492693110647,
    0.9863813229571985,
    0.997946611909651,
    0.9930624380574826
  ],
  "train_time_seconds": 153.63362050056458,
  "run_id": 69,
  "seed": 2095,
  "model_type": "cnn_gan",
  "dataset": "mnist"
}