{
  "accuracy": 0.9946,
  "precision_macro": 0.994570672001528,
  "recall_macro": 0.9944937451831471,
  "f1_macro": 0.994529604043066,
  "precision_weighted": 0.9946005321956711,
  "recall_weighted": 0.9946,
  "f1_weighted": 0.9945976742673851,
  "per_class_f1": [
    0.9969450101832994,
    0.9964819700967458,
    0.9951456310679612,
    0.9955467590301831,
    0.9943963321446765,
    0.9910213243546577,
    0.9916230366492147,
    0.9941690962099126,
    0.9964120963608406,
    0.993554784333168
  ],
  "per_class_precision": [
    0.9949186991869918,
    0.9947322212467077,
    0.9970817120622568,
    0.9950544015825915,
    0.9949031600407747,
    0.9921348314606742,
    0.9947478991596639,
    0.9932038834951457,
    0.9948822927328557,
    0.9940476190476191
  ],
  "per_class_recall": [
    0.9989795918367347,
    0.9982378854625551,
    0.9932170542635659,
    0.996039603960396,
    0.9938900203665988,
    0.9899103139013453,
    0.988517745302714,
    0.995136186770428,
    0.997946611909651,
    0.9930624380574826
  ],
  "train_time_seconds": 166.94137716293335,
  "run_id": 27,
  "seed": 2053,
  "model_type": "cnn_gan",
  "dataset": "mnist"
}