{
  "accuracy": 0.995,
  "precision_macro": 0.9949349879658664,
  "recall_macro": 0.9950226328807583,
  "f1_macro": 0.9949770085174388,
  "precision_weighted": 0.9950021730193043,
  "recall_weighted": 0.995,
  "f1_weighted": 0.9949993717298934,
  "per_class_f1": [
    0.9974502804691484,
    0.9951520493609519,
    0.9975763451284537,
    0.9965329370975731,
    0.9938962360122076,
    0.9938513135830073,
    0.9926854754440961,
    0.994157740993184,
    0.9964120963608406,
    0.9920556107249255
  ],
  "per_class_precision": [
    0.9969418960244648,
    0.9955908289241623,
    0.9980601357904947,
    0.9970267591674926,
    0.9928861788617886,
    0.9910813823857302,
    0.9937238493723849,
    0.9951267056530214,
    0.9948822927328557,
    0.9940298507462687
  ],
  "per_class_recall": [
    0.9979591836734694,
    0.9947136563876652,
    0.997093023255814,
    0.996039603960396,
    0.994908350305499,
    0.9966367713004485,
    0.9916492693110647,
    0.9931906614785992,
    0.997946611909651,
    0.9900891972249752
  ],
  "train_time_seconds": 167.39422941207886,
  "run_id": 1,
  "seed": 2027,
  "model_type": "cnn_gan",
  "dataset": "mnist"
}