{
  "accuracy": 0.9954,
  "precision_macro": 0.99534585363544,
  "recall_macro": 0.9953095007652836,
  "f1_macro": 0.9953239226940422,
  "precision_weighted": 0.9954051797816008,
  "recall_weighted": 0.9954,
  "f1_weighted": 0.9953988448905329,
  "per_class_f1": [
    0.9959183673469387,
    0.9982394366197183,
    0.9975786924939467,
    0.9960474308300395,
    0.9943963321446765,
    0.9938375350140056,
    0.9921424829753798,
    0.9956076134699854,
    0.9958974358974358,
    0.9935739001482946
  ],
  "per_class_precision": [
    0.9959183673469387,
    0.9973614775725593,
    0.9970958373668926,
    0.9940828402366864,
    0.9949031600407747,
    0.9932810750279956,
    0.9957939011566772,
    0.9990205680705191,
    0.9948770491803278,
    0.9911242603550295
  ],
  "per_class_recall": [
    0.9959183673469387,
    0.9991189427312775,
    0.998062015503876,
    0.998019801980198,
    0.9938900203665988,
    0.9943946188340808,
    0.988517745302714,
    0.9922178988326849,
    0.9969199178644764,
    0.9960356788899901
  ],
  "train_time_seconds": 167.15829157829285,
  "run_id": 14,
  "seed": 2040,
  "model_type": "cnn_gan",
  "dataset": "mnist"
}