{
  "accuracy": 0.9963,
  "precision_macro": 0.9963133658273083,
  "recall_macro": 0.9962259122389133,
  "f1_macro": 0.9962654382221684,
  "precision_weighted": 0.9963063105532228,
  "recall_weighted": 0.9963,
  "f1_weighted": 0.9962989946779816,
  "per_class_f1": [
    0.998470168281489,
    0.9978021978021978,
    0.9966035904900534,
    0.9975259772389906,
    0.9949238578680203,
    0.9966329966329966,
    0.9937106918238994,
    0.9975669099756691,
    0.9948770491803278,
    0.9945409429280397
  ],
  "per_class_precision": [
    0.9979612640163099,
    0.9956140350877193,
    0.9980563654033042,
    0.9970326409495549,
    0.9919028340080972,
    0.9977528089887641,
    0.9978947368421053,
    0.9980525803310614,
    0.9928425357873211,
    0.9960238568588469
  ],
  "per_class_recall": [
    0.9989795918367347,
    1.0,
    0.9951550387596899,
    0.998019801980198,
    0.9979633401221996,
    0.9955156950672646,
    0.9895615866388309,
    0.9970817120622568,
    0.9969199178644764,
    0.9930624380574826
  ],
  "train_time_seconds": 156.5460467338562,
  "run_id": 65,
  "seed": 2091,
  "model_type": "cnn",
  "dataset": "mnist"
}