{
  "accuracy": 0.9956,
  "precision_macro": 0.9956347332618268,
  "recall_macro": 0.9954299910432753,
  "f1_macro": 0.9955244136905403,
  "precision_weighted": 0.9956108699913265,
  "recall_weighted": 0.9956,
  "f1_weighted": 0.9955977542066601,
  "per_class_f1": [
    0.9974528782475802,
    0.9973637961335676,
    0.9970873786407767,
    0.9935929029078364,
    0.9959349593495935,
    0.992108229988726,
    0.9926701570680628,
    0.9965936739659368,
    0.9964084145715751,
    0.996031746031746
  ],
  "per_class_precision": [
    0.9959308240081384,
    0.9947414548641542,
    0.9990272373540856,
    0.9892051030421982,
    0.9939148073022313,
    0.9977324263038548,
    0.9957983193277311,
    0.997078870496592,
    0.9958974358974358,
    0.997020854021847
  ],
  "per_class_recall": [
    0.9989795918367347,
    1.0,
    0.9951550387596899,
    0.998019801980198,
    0.9979633401221996,
    0.9865470852017937,
    0.9895615866388309,
    0.9961089494163424,
    0.9969199178644764,
    0.9950445986124876
  ],
  "train_time_seconds": 147.2283797264099,
  "run_id": 73,
  "seed": 2099,
  "model_type": "cnn",
  "dataset": "mnist"
}