{
  "accuracy": 0.9947,
  "precision_macro": 0.9946237768455063,
  "recall_macro": 0.9946958792298645,
  "f1_macro": 0.994655048815116,
  "precision_weighted": 0.9947084374308445,
  "recall_weighted": 0.9947,
  "f1_weighted": 0.9946996012995005,
  "per_class_f1": [
    0.998470168281489,
    0.996914940502424,
    0.9961315280464217,
    0.994535519125683,
    0.9913132345426674,
    0.9927414852037968,
    0.9953002610966057,
    0.994647201946472,
    0.9958974358974358,
    0.9905987135081643
  ],
  "per_class_precision": [
    0.9979612640163099,
    0.9973544973544973,
    0.9942084942084942,
    0.9980059820538385,
    0.9948717948717949,
    0.9888765294771968,
    0.9958202716823407,
    0.9951314508276533,
    0.9948770491803278,
    0.9891304347826086
  ],
  "per_class_recall": [
    0.9989795918367347,
    0.9964757709251101,
    0.998062015503876,
    0.9910891089108911,
    0.9877800407331976,
    0.9966367713004485,
    0.9947807933194155,
    0.9941634241245136,
    0.9969199178644764,
    0.9920713577799801
  ],
  "train_time_seconds": 159.38262009620667,
  "run_id": 15,
  "seed": 2041,
  "model_type": "cnn_gan",
  "dataset": "mnist"
}