{
  "accuracy": 0.9957,
  "precision_macro": 0.9956626241348475,
  "recall_macro": 0.9957006185365793,
  "f1_macro": 0.9956802830084899,
  "precision_weighted": 0.9957020137469943,
  "recall_weighted": 0.9957,
  "f1_weighted": 0.9956997192766321,
  "per_class_f1": [
    0.998468606431853,
    0.9960369881109643,
    0.9970958373668926,
    0.9975210708973723,
    0.9943963321446765,
    0.9955257270693513,
    0.9921671018276762,
    0.9951314508276533,
    0.9964120963608406,
    0.9940476190476191
  ],
  "per_class_precision": [
    0.9989785495403473,
    0.9955985915492958,
    0.9961315280464217,
    0.9990069513406157,
    0.9949031600407747,
    0.9933035714285714,
    0.9926854754440961,
    0.9961013645224172,
    0.9948822927328557,
    0.9950347567030785
  ],
  "per_class_recall": [
    0.9979591836734694,
    0.9964757709251101,
    0.998062015503876,
    0.996039603960396,
    0.9938900203665988,
    0.9977578475336323,
    0.9916492693110647,
    0.9941634241245136,
    0.997946611909651,
    0.9930624380574826
  ],
  "train_time_seconds": 143.4085671901703,
  "run_id": 37,
  "seed": 2063,
  "model_type": "cnn",
  "dataset": "mnist"
}