{
  "accuracy": 0.9958,
  "precision_macro": 0.9957823361283854,
  "recall_macro": 0.9957458617575702,
  "f1_macro": 0.9957602200218776,
  "precision_weighted": 0.9958077954926704,
  "recall_weighted": 0.9958,
  "f1_weighted": 0.9958001260557341,
  "per_class_f1": [
    0.9974502804691484,
    0.9982363315696648,
    0.9966101694915255,
    0.9965432098765432,
    0.9944190766108574,
    0.9960652051714446,
    0.9947698744769874,
    0.9965903555772041,
    0.9943618657098924,
    0.9925558312655087
  ],
  "per_class_precision": [
    0.9969418960244648,
    0.999117387466902,
    0.9961277831558567,
    0.994088669950739,
    0.9908998988877654,
    0.9988726042841037,
    0.9968553459119497,
    0.9980487804878049,
    0.9928352098259979,
    0.9940357852882704
  ],
  "per_class_recall": [
    0.9979591836734694,
    0.9973568281938326,
    0.997093023255814,
    0.999009900990099,
    0.9979633401221996,
    0.9932735426008968,
    0.9926931106471816,
    0.995136186770428,
    0.9958932238193019,
    0.9910802775024777
  ],
  "train_time_seconds": 170.05758094787598,
  "run_id": 6,
  "seed": 2032,
  "model_type": "cnn_gan",
  "dataset": "mnist"
}