{
  "accuracy": 0.9953,
  "precision_macro": 0.9952652542847445,
  "recall_macro": 0.995249414154862,
  "f1_macro": 0.995254651044726,
  "precision_weighted": 0.9953023708205053,
  "recall_weighted": 0.9953,
  "f1_weighted": 0.9952984975418608,
  "per_class_f1": [
    0.9959225280326198,
    0.9969176574196389,
    0.9966068831798351,
    0.9960435212660732,
    0.9949186991869918,
    0.9943946188340808,
    0.9921589127025614,
    0.9956289460903351,
    0.9969199178644764,
    0.9930348258706467
  ],
  "per_class_precision": [
    0.994908350305499,
    0.9964788732394366,
    0.997090203685742,
    0.9950592885375494,
    0.9929006085192698,
    0.9943946188340808,
    0.993717277486911,
    0.9941804073714839,
    0.9969199178644764,
    0.997002997002997
  ],
  "per_class_recall": [
    0.996938775510204,
    0.9973568281938326,
    0.9961240310077519,
    0.997029702970297,
    0.9969450101832994,
    0.9943946188340808,
    0.9906054279749478,
    0.9970817120622568,
    0.9969199178644764,
    0.9890981169474727
  ],
  "train_time_seconds": 176.89127326011658,
  "run_id": 28,
  "seed": 2054,
  "model_type": "cnn_gan",
  "dataset": "mnist"
}