{
  "accuracy": 0.9955,
  "precision_macro": 0.9954483402658869,
  "recall_macro": 0.9953914024915191,
  "f1_macro": 0.9954149021393459,
  "precision_weighted": 0.9955064901890813,
  "recall_weighted": 0.9955,
  "f1_weighted": 0.9954984655029868,
  "per_class_f1": [
    0.998468606431853,
    0.9969203695556533,
    0.998062015503876,
    0.9940652818991098,
    0.9954198473282443,
    0.9910514541387024,
    0.9915966386554622,
    0.996600291403594,
    0.9969199178644764,
    0.9950445986124876
  ],
  "per_class_precision": [
    0.9989785495403473,
    0.9956063268892794,
    0.998062015503876,
    0.9930830039525692,
    0.9949135300101729,
    0.9888392857142857,
    0.9978858350951374,
    0.9951503394762367,
    0.9969199178644764,
    0.9950445986124876
  ],
  "per_class_recall": [
    0.9979591836734694,
    0.9982378854625551,
    0.998062015503876,
    0.995049504950495,
    0.9959266802443992,
    0.9932735426008968,
    0.9853862212943633,
    0.9980544747081712,
    0.9969199178644764,
    0.9950445986124876
  ],
  "train_time_seconds": 158.06806707382202,
  "run_id": 68,
  "seed": 2094,
  "model_type": "cnn",
  "dataset": "mnist"
}