{
  "accuracy": 0.9945,
  "precision_macro": 0.994458376677222,
  "recall_macro": 0.994415083923409,
  "f1_macro": 0.9944357680501069,
  "precision_weighted": 0.9945008798252715,
  "recall_weighted": 0.9945,
  "f1_weighted": 0.9944994882429288,
  "per_class_f1": [
    0.9959266802443992,
    0.9973591549295775,
    0.9961202715809894,
    0.9940652818991098,
    0.9938900203665988,
    0.9932659932659933,
    0.9911227154046998,
    0.994647201946472,
    0.9958890030832477,
    0.9920713577799801
  ],
  "per_class_precision": [
    0.9939024390243902,
    0.9964819700967458,
    0.9970873786407767,
    0.9930830039525692,
    0.9938900203665988,
    0.9943820224719101,
    0.9916405433646813,
    0.9951314508276533,
    0.9969135802469136,
    0.9920713577799801
  ],
  "per_class_recall": [
    0.9979591836734694,
    0.9982378854625551,
    0.9951550387596899,
    0.995049504950495,
    0.9938900203665988,
    0.992152466367713,
    0.9906054279749478,
    0.9941634241245136,
    0.9948665297741273,
    0.9920713577799801
  ],
  "train_time_seconds": 149.9828486442566,
  "run_id": 66,
  "seed": 2092,
  "model_type": "cnn_gan",
  "dataset": "mnist"
}