{
  "accuracy": 0.9957,
  "precision_macro": 0.9956725238597851,
  "recall_macro": 0.9955993979188668,
  "f1_macro": 0.9956346220685977,
  "precision_weighted": 0.9957015288080887,
  "recall_weighted": 0.9957,
  "f1_weighted": 0.9956994496965368,
  "per_class_f1": [
    0.9954105048444671,
    0.9982394366197183,
    0.9966134494436382,
    0.9950544015825915,
    0.9959308240081384,
    0.9938236945536215,
    0.9937369519832986,
    0.9956204379562044,
    0.9958847736625515,
    0.996031746031746
  ],
  "per_class_precision": [
    0.9949031600407747,
    0.9973614775725593,
    0.9951690821256038,
    0.9940711462450593,
    0.9949186991869918,
    0.9955005624296963,
    0.9937369519832986,
    0.9961051606621227,
    0.9979381443298969,
    0.997020854021847
  ],
  "per_class_recall": [
    0.9959183673469387,
    0.9991189427312775,
    0.998062015503876,
    0.996039603960396,
    0.9969450101832994,
    0.992152466367713,
    0.9937369519832986,
    0.995136186770428,
    0.9938398357289527,
    0.9950445986124876
  ],
  "train_time_seconds": 141.3885259628296,
  "run_id": 4,
  "seed": 2030,
  "model_type": "cnn",
  "dataset": "mnist"
}