{
  "accuracy": 0.9951,
  "precision_macro": 0.9950912304174157,
  "recall_macro": 0.9950238044222413,
  "f1_macro": 0.9950559172112126,
  "precision_weighted": 0.9951009747563391,
  "recall_weighted": 0.9951,
  "f1_weighted": 0.9950988439307504,
  "per_class_f1": [
    0.9959225280326198,
    0.9964819700967458,
    0.9970958373668926,
    0.9960435212660732,
    0.9954198473282443,
    0.9938306225462703,
    0.9932043910088866,
    0.9946367625548513,
    0.9948612538540597,
    0.9930624380574826
  ],
  "per_class_precision": [
    0.994908350305499,
    0.9947322212467077,
    0.9961315280464217,
    0.9950592885375494,
    0.9949135300101729,
    0.9943883277216611,
    0.9947643979057592,
    0.9970674486803519,
    0.9958847736625515,
    0.9930624380574826
  ],
  "per_class_recall": [
    0.996938775510204,
    0.9982378854625551,
    0.998062015503876,
    0.997029702970297,
    0.9959266802443992,
    0.9932735426008968,
    0.9916492693110647,
    0.9922178988326849,
    0.9938398357289527,
    0.9930624380574826
  ],
  "train_time_seconds": 152.30945801734924,
  "run_id": 87,
  "seed": 2113,
  "model_type": "cnn_gan",
  "dataset": "mnist"
}