{
  "accuracy": 0.9948,
  "precision_macro": 0.9948161455510307,
  "recall_macro": 0.9947191573604423,
  "f1_macro": 0.9947621028301115,
  "precision_weighted": 0.9948105533417722,
  "recall_weighted": 0.9948,
  "f1_weighted": 0.9947999284060476,
  "per_class_f1": [
    0.9974502804691484,
    0.996914940502424,
    0.9946627850557982,
    0.994573260976813,
    0.99644128113879,
    0.9932432432432432,
    0.9942498693152118,
    0.992721979621543,
    0.992827868852459,
    0.994535519125683
  ],
  "per_class_precision": [
    0.9969418960244648,
    0.9973544973544973,
    0.9961127308066083,
    0.9911504424778761,
    0.9949238578680203,
    0.997737556561086,
    0.9958115183246073,
    0.9903194578896418,
    0.99079754601227,
    0.9970119521912351
  ],
  "per_class_recall": [
    0.9979591836734694,
    0.9964757709251101,
    0.9932170542635659,
    0.998019801980198,
    0.9979633401221996,
    0.9887892376681614,
    0.9926931106471816,
    0.995136186770428,
    0.9948665297741273,
    0.9920713577799801
  ],
  "train_time_seconds": 147.79569816589355,
  "run_id": 49,
  "seed": 2075,
  "model_type": "cnn",
  "dataset": "mnist"
}