{
  "accuracy": 0.9956,
  "precision_macro": 0.9956184448928596,
  "recall_macro": 0.995525402935416,
  "f1_macro": 0.995569506845426,
  "precision_weighted": 0.9956043500673808,
  "recall_weighted": 0.9956,
  "f1_weighted": 0.9955997274632473,
  "per_class_f1": [
    0.9979570990806946,
    0.9978002639683238,
    0.9946834219429677,
    0.9955555555555555,
    0.994908350305499,
    0.9949466591802358,
    0.9942558746736292,
    0.9946367625548513,
    0.9964047252182845,
    0.9945463559742191
  ],
  "per_class_precision": [
    0.9989775051124744,
    0.9964850615114236,
    0.9922854387656702,
    0.993103448275862,
    0.994908350305499,
    0.9966254218222722,
    0.9947753396029259,
    0.9970674486803519,
    0.9969167523124358,
    0.9950396825396826
  ],
  "per_class_recall": [
    0.996938775510204,
    0.9991189427312775,
    0.997093023255814,
    0.998019801980198,
    0.994908350305499,
    0.9932735426008968,
    0.9937369519832986,
    0.9922178988326849,
    0.9958932238193019,
    0.9940535183349851
  ],
  "train_time_seconds": 153.38996648788452,
  "run_id": 12,
  "seed": 2038,
  "model_type": "cnn",
  "dataset": "mnist"
}