{
  "accuracy": 0.9949,
  "precision_macro": 0.9948481525066819,
  "recall_macro": 0.9948808438453796,
  "f1_macro": 0.9948620966972846,
  "precision_weighted": 0.994903775736378,
  "recall_weighted": 0.9949,
  "f1_weighted": 0.9948994420625128,
  "per_class_f1": [
    0.9964303926568078,
    0.9964726631393298,
    0.9956246961594555,
    0.9975284231339595,
    0.9938900203665988,
    0.9943946188340808,
    0.9916405433646813,
    0.9941747572815534,
    0.9959016393442623,
    0.992563212692117
  ],
  "per_class_precision": [
    0.9959225280326198,
    0.9973521624007061,
    0.9990243902439024,
    0.9960513326752222,
    0.9938900203665988,
    0.9943946188340808,
    0.9926778242677824,
    0.9922480620155039,
    0.9938650306748467,
    0.9930555555555556
  ],
  "per_class_recall": [
    0.996938775510204,
    0.9955947136563876,
    0.9922480620155039,
    0.999009900990099,
    0.9938900203665988,
    0.9943946188340808,
    0.9906054279749478,
    0.9961089494163424,
    0.997946611909651,
    0.9920713577799801
  ],
  "train_time_seconds": 162.0292751789093,
  "run_id": 32,
  "seed": 2058,
  "model_type": "cnn_gan",
  "dataset": "mnist"
}