{
  "accuracy": 0.995,
  "precision_macro": 0.9949556306102607,
  "recall_macro": 0.9949157293194453,
  "f1_macro": 0.9949341283433446,
  "precision_weighted": 0.9950021034834324,
  "recall_weighted": 0.995,
  "f1_weighted": 0.9949994833429535,
  "per_class_f1": [
    0.9974476773864216,
    0.9964819700967458,
    0.997093023255814,
    0.995049504950495,
    0.9944077275038129,
    0.9915966386554622,
    0.9937238493723849,
    0.9956204379562044,
    0.9948717948717949,
    0.9930486593843099
  ],
  "per_class_precision": [
    0.9979570990806946,
    0.9947322212467077,
    0.997093023255814,
    0.995049504950495,
    0.9928934010152284,
    0.9910414333706606,
    0.9958071278825996,
    0.9961051606621227,
    0.9938524590163934,
    0.9950248756218906
  ],
  "per_class_recall": [
    0.996938775510204,
    0.9982378854625551,
    0.997093023255814,
    0.995049504950495,
    0.9959266802443992,
    0.992152466367713,
    0.9916492693110647,
    0.995136186770428,
    0.9958932238193019,
    0.9910802775024777
  ],
  "train_time_seconds": 164.12933802604675,
  "run_id": 45,
  "seed": 2071,
  "model_type": "cnn_gan",
  "dataset": "mnist"
}