{
  "accuracy": 0.996,
  "precision_macro": 0.9960056987307263,
  "recall_macro": 0.9959327691937631,
  "f1_macro": 0.9959667083575752,
  "precision_weighted": 0.9960047636433417,
  "recall_weighted": 0.996,
  "f1_weighted": 0.9959999039409587,
  "per_class_f1": [
    0.9979591836734694,
    0.9977983267283135,
    0.9966101694915255,
    0.9965397923875432,
    0.9943848902501277,
    0.9955056179775281,
    0.9942618675013041,
    0.9956161714564052,
    0.9969199178644764,
    0.9940711462450593
  ],
  "per_class_precision": [
    0.9979591836734694,
    0.9973591549295775,
    0.9961277831558567,
    0.9950641658440277,
    0.9969293756397134,
    0.9977477477477478,
    0.9937434827945777,
    0.9970731707317073,
    0.9969199178644764,
    0.9911330049261083
  ],
  "per_class_recall": [
    0.9979591836734694,
    0.9982378854625551,
    0.997093023255814,
    0.998019801980198,
    0.9918533604887984,
    0.9932735426008968,
    0.9947807933194155,
    0.9941634241245136,
    0.9969199178644764,
    0.9970267591674926
  ],
  "train_time_seconds": 147.2287290096283,
  "run_id": 101,
  "seed": 2127,
  "model_type": "cnn",
  "dataset": "mnist"
}