{
  "accuracy": 0.9962,
  "precision_macro": 0.9961859148199771,
  "recall_macro": 0.9961483504706488,
  "f1_macro": 0.9961667348885177,
  "precision_weighted": 0.9961996357379176,
  "recall_weighted": 0.9962,
  "f1_weighted": 0.9961993965677036,
  "per_class_f1": [
    0.998470168281489,
    0.9978002639683238,
    0.997093023255814,
    0.9965363681345868,
    0.9954151808456444,
    0.9955156950672646,
    0.9942558746736292,
    0.9951314508276533,
    0.9964047252182845,
    0.9950445986124876
  ],
  "per_class_precision": [
    0.9979612640163099,
    0.9964850615114236,
    0.997093023255814,
    0.9960435212660732,
    0.9959225280326198,
    0.9955156950672646,
    0.9947753396029259,
    0.9961013645224172,
    0.9969167523124358,
    0.9950445986124876
  ],
  "per_class_recall": [
    0.9989795918367347,
    0.9991189427312775,
    0.997093023255814,
    0.997029702970297,
    0.994908350305499,
    0.9955156950672646,
    0.9937369519832986,
    0.9941634241245136,
    0.9958932238193019,
    0.9950445986124876
  ],
  "train_time_seconds": 145.00358748435974,
  "run_id": 75,
  "seed": 2101,
  "model_type": "cnn",
  "dataset": "mnist"
}