{
  "accuracy": 0.9961,
  "precision_macro": 0.9960949115541069,
  "recall_macro": 0.9960075117258983,
  "f1_macro": 0.9960470782674816,
  "precision_weighted": 0.9961069876765658,
  "recall_weighted": 0.9961,
  "f1_weighted": 0.9960993864487524,
  "per_class_f1": [
    0.9969450101832994,
    0.9986801583809943,
    0.9966068831798351,
    0.9960474308300395,
    0.9948875255623721,
    0.9949523275378576,
    0.9947698744769874,
    0.9965936739659368,
    0.9969167523124358,
    0.9940711462450593
  ],
  "per_class_precision": [
    0.9949186991869918,
    0.9973637961335676,
    0.997090203685742,
    0.9940828402366864,
    0.9989733059548255,
    0.9955106621773289,
    0.9968553459119497,
    0.997078870496592,
    0.9979423868312757,
    0.9911330049261083
  ],
  "per_class_recall": [
    0.9989795918367347,
    1.0,
    0.9961240310077519,
    0.998019801980198,
    0.9908350305498982,
    0.9943946188340808,
    0.9926931106471816,
    0.9961089494163424,
    0.9958932238193019,
    0.9970267591674926
  ],
  "train_time_seconds": 161.13048672676086,
  "run_id": 27,
  "seed": 2053,
  "model_type": "cnn",
  "dataset": "mnist"
}