{
  "accuracy": 0.994,
  "precision_macro": 0.9939245695520965,
  "recall_macro": 0.9939267271984894,
  "f1_macro": 0.99392196904592,
  "precision_weighted": 0.9940043541865411,
  "recall_weighted": 0.994,
  "f1_weighted": 0.9939986297487751,
  "per_class_f1": [
    0.9964376590330789,
    0.9973591549295775,
    0.9961202715809894,
    0.994059405940594,
    0.9918283963227783,
    0.9927333705980995,
    0.9900575614861329,
    0.9946524064171123,
    0.9953727506426735,
    0.9905987135081643
  ],
  "per_class_precision": [
    0.9939086294416244,
    0.9964819700967458,
    0.9970873786407767,
    0.994059405940594,
    0.9948770491803278,
    0.9899665551839465,
    0.9926547743966422,
    0.9941690962099126,
    0.9969104016477858,
    0.9891304347826086
  ],
  "per_class_recall": [
    0.9989795918367347,
    0.9982378854625551,
    0.9951550387596899,
    0.994059405940594,
    0.9887983706720977,
    0.9955156950672646,
    0.9874739039665971,
    0.995136186770428,
    0.9938398357289527,
    0.9920713577799801
  ],
  "train_time_seconds": 162.08381175994873,
  "run_id": 48,
  "seed": 2074,
  "model_type": "cnn_gan",
  "dataset": "mnist"
}