{
  "accuracy": 0.9966,
  "precision_macro": 0.9965764695749476,
  "recall_macro": 0.9965790174814544,
  "f1_macro": 0.9965763042102347,
  "precision_weighted": 0.9966020243537325,
  "recall_weighted": 0.9966,
  "f1_weighted": 0.996599596261493,
  "per_class_f1": [
    0.998470168281489,
    0.996914940502424,
    0.998062015503876,
    0.9965432098765432,
    0.9964376590330789,
    0.9949579831932773,
    0.9952904238618524,
    0.9965936739659368,
    0.997946611909651,
    0.9945463559742191
  ],
  "per_class_precision": [
    0.9979612640163099,
    0.9973544973544973,
    0.998062015503876,
    0.994088669950739,
    0.9959308240081384,
    0.9944008958566629,
    0.9979013641133263,
    0.997078870496592,
    0.997946611909651,
    0.9950396825396826
  ],
  "per_class_recall": [
    0.9989795918367347,
    0.9964757709251101,
    0.998062015503876,
    0.999009900990099,
    0.9969450101832994,
    0.9955156950672646,
    0.9926931106471816,
    0.9961089494163424,
    0.997946611909651,
    0.9940535183349851
  ],
  "train_time_seconds": 150.415833234787,
  "run_id": 76,
  "seed": 2102,
  "model_type": "cnn",
  "dataset": "mnist"
}