{
  "accuracy": 0.9949,
  "precision_macro": 0.994835525646175,
  "recall_macro": 0.9948749959522056,
  "f1_macro": 0.9948520525598689,
  "precision_weighted": 0.9949051263858366,
  "recall_weighted": 0.9949,
  "f1_weighted": 0.9948993967647808,
  "per_class_f1": [
    0.9954245043213015,
    0.9973544973544973,
    0.9956416464891041,
    0.9965363681345868,
    0.9949031600407747,
    0.9949579831932773,
    0.9921507064364207,
    0.9946367625548513,
    0.9938524590163934,
    0.9930624380574826
  ],
  "per_class_precision": [
    0.9918946301925026,
    0.9982347749338041,
    0.995159728944821,
    0.9960435212660732,
    0.9959183673469387,
    0.9944008958566629,
    0.9947534102833159,
    0.9970674486803519,
    0.9918200408997955,
    0.9930624380574826
  ],
  "per_class_recall": [
    0.9989795918367347,
    0.9964757709251101,
    0.9961240310077519,
    0.997029702970297,
    0.9938900203665988,
    0.9955156950672646,
    0.9895615866388309,
    0.9922178988326849,
    0.9958932238193019,
    0.9930624380574826
  ],
  "train_time_seconds": 148.40583300590515,
  "run_id": 54,
  "seed": 2080,
  "model_type": "cnn_gan",
  "dataset": "mnist"
}