{
  "accuracy": 0.9954,
  "precision_macro": 0.9953762207688817,
  "recall_macro": 0.9953213067331882,
  "f1_macro": 0.9953434357420654,
  "precision_weighted": 0.9954060932766421,
  "recall_weighted": 0.9954,
  "f1_weighted": 0.995397720058735,
  "per_class_f1": [
    0.9959308240081384,
    0.9978021978021978,
    0.9975786924939467,
    0.9960356788899901,
    0.9949186991869918,
    0.9949579831932773,
    0.9942378208486118,
    0.9961089494163424,
    0.9933299127757824,
    0.9925335988053758
  ],
  "per_class_precision": [
    0.9929006085192698,
    0.9956140350877193,
    0.9970958373668926,
    0.9970238095238095,
    0.9929006085192698,
    0.9944008958566629,
    0.9978969505783386,
    0.9961089494163424,
    0.9928205128205129,
    0.997
  ],
  "per_class_recall": [
    0.9989795918367347,
    1.0,
    0.998062015503876,
    0.995049504950495,
    0.9969450101832994,
    0.9955156950672646,
    0.9906054279749478,
    0.9961089494163424,
    0.9938398357289527,
    0.9881070366699702
  ],
  "train_time_seconds": 142.1613326072693,
  "run_id": 58,
  "seed": 2084,
  "model_type": "cnn",
  "dataset": "mnist"
}