{
  "accuracy": 0.9951,
  "precision_macro": 0.9949973432003303,
  "recall_macro": 0.9950942329420716,
  "f1_macro": 0.995039934208782,
  "precision_weighted": 0.9951120325262758,
  "recall_weighted": 0.9951,
  "f1_weighted": 0.9951004787153511,
  "per_class_f1": [
    0.9969450101832994,
    0.9964726631393298,
    0.998062015503876,
    0.9945463559742191,
    0.9938712972420838,
    0.992749581706637,
    0.993717277486911,
    0.9961051606621227,
    0.9943560800410467,
    0.9935739001482946
  ],
  "per_class_precision": [
    0.9949186991869918,
    0.9973521624007061,
    0.998062015503876,
    0.9960278053624627,
    0.9969262295081968,
    0.9877913429522752,
    0.9968487394957983,
    0.9970760233918129,
    0.9938461538461538,
    0.9911242603550295
  ],
  "per_class_recall": [
    0.9989795918367347,
    0.9955947136563876,
    0.998062015503876,
    0.9930693069306931,
    0.9908350305498982,
    0.9977578475336323,
    0.9906054279749478,
    0.995136186770428,
    0.9948665297741273,
    0.9960356788899901
  ],
  "train_time_seconds": 145.39238333702087,
  "run_id": 61,
  "seed": 2087,
  "model_type": "cnn",
  "dataset": "mnist"
}