{
  "accuracy": 0.9958,
  "precision_macro": 0.9957504592216196,
  "recall_macro": 0.995806927535037,
  "f1_macro": 0.9957765542894654,
  "precision_weighted": 0.9958029034236122,
  "recall_weighted": 0.9958,
  "f1_weighted": 0.9957993113140399,
  "per_class_f1": [
    0.9974502804691484,
    0.996914940502424,
    0.997090203685742,
    0.9970267591674926,
    0.9944077275038129,
    0.9955207166853304,
    0.9942618675013041,
    0.9956289460903351,
    0.9969230769230769,
    0.9925410243659871
  ],
  "per_class_precision": [
    0.9969418960244648,
    0.9973544973544973,
    0.9980582524271845,
    0.998015873015873,
    0.9928934010152284,
    0.9944071588366891,
    0.9937434827945777,
    0.9941804073714839,
    0.9959016393442623,
    0.9960079840319361
  ],
  "per_class_recall": [
    0.9979591836734694,
    0.9964757709251101,
    0.9961240310077519,
    0.996039603960396,
    0.9959266802443992,
    0.9966367713004485,
    0.9947807933194155,
    0.9970817120622568,
    0.997946611909651,
    0.9890981169474727
  ],
  "train_time_seconds": 159.53896403312683,
  "run_id": 12,
  "seed": 2038,
  "model_type": "cnn_gan",
  "dataset": "mnist"
}