{
  "accuracy": 0.9953,
  "precision_macro": 0.9952828275524637,
  "recall_macro": 0.9952680969612808,
  "f1_macro": 0.9952717396351101,
  "precision_weighted": 0.9953044156067199,
  "recall_weighted": 0.9953,
  "f1_weighted": 0.9952984308842322,
  "per_class_f1": [
    0.9964376590330789,
    0.9969203695556533,
    0.9956500724987917,
    0.9965329370975731,
    0.9949135300101729,
    0.9949579831932773,
    0.9947753396029259,
    0.9951219512195122,
    0.9948665297741273,
    0.9925410243659871
  ],
  "per_class_precision": [
    0.9939086294416244,
    0.9956063268892794,
    0.9932497589199615,
    0.9970267591674926,
    0.9939024390243902,
    0.9944008958566629,
    0.99581589958159,
    0.9980430528375733,
    0.9948665297741273,
    0.9960079840319361
  ],
  "per_class_recall": [
    0.9989795918367347,
    0.9982378854625551,
    0.998062015503876,
    0.996039603960396,
    0.9959266802443992,
    0.9955156950672646,
    0.9937369519832986,
    0.9922178988326849,
    0.9948665297741273,
    0.9890981169474727
  ],
  "train_time_seconds": 153.95175981521606,
  "run_id": 82,
  "seed": 2108,
  "model_type": "cnn_gan",
  "dataset": "mnist"
}