{
  "accuracy": 0.996,
  "precision_macro": 0.9959587543748251,
  "recall_macro": 0.9959647792292591,
  "f1_macro": 0.995959901628142,
  "precision_weighted": 0.9960024932129116,
  "recall_weighted": 0.996,
  "f1_weighted": 0.9959993998974782,
  "per_class_f1": [
    0.9984717269485481,
    0.9964819700967458,
    0.9985443959243085,
    0.9960356788899901,
    0.9954151808456444,
    0.9944071588366891,
    0.9932043910088866,
    0.9970817120622568,
    0.9964084145715751,
    0.9935483870967742
  ],
  "per_class_precision": [
    0.9969481180061037,
    0.9947322212467077,
    1.0,
    0.9970238095238095,
    0.9959225280326198,
    0.9921875,
    0.9947643979057592,
    0.9970817120622568,
    0.9958974358974358,
    0.9950298210735586
  ],
  "per_class_recall": [
    1.0,
    0.9982378854625551,
    0.997093023255814,
    0.995049504950495,
    0.994908350305499,
    0.9966367713004485,
    0.9916492693110647,
    0.9970817120622568,
    0.9969199178644764,
    0.9920713577799801
  ],
  "train_time_seconds": 143.6138951778412,
  "run_id": 31,
  "seed": 2057,
  "model_type": "cnn",
  "dataset": "mnist"
}