{
  "accuracy": 0.9951,
  "precision_macro": 0.9950423832115014,
  "recall_macro": 0.9950511977625917,
  "f1_macro": 0.9950449222923815,
  "precision_weighted": 0.9951026009808728,
  "recall_weighted": 0.9951,
  "f1_weighted": 0.9950994250809272,
  "per_class_f1": [
    0.9969418960244648,
    0.9964757709251101,
    0.9975763451284537,
    0.9955599407992106,
    0.9938837920489296,
    0.9927170868347339,
    0.9937369519832986,
    0.9961051606621227,
    0.9958890030832477,
    0.9915632754342432
  ],
  "per_class_precision": [
    0.9959266802443992,
    0.9964757709251101,
    0.9980601357904947,
    0.992133726647001,
    0.9948979591836735,
    0.9921612541993281,
    0.9937369519832986,
    0.9970760233918129,
    0.9969135802469136,
    0.9930417495029821
  ],
  "per_class_recall": [
    0.9979591836734694,
    0.9964757709251101,
    0.997093023255814,
    0.999009900990099,
    0.9928716904276986,
    0.9932735426008968,
    0.9937369519832986,
    0.995136186770428,
    0.9948665297741273,
    0.9900891972249752
  ],
  "train_time_seconds": 155.04802250862122,
  "run_id": 62,
  "seed": 2088,
  "model_type": "cnn_gan",
  "dataset": "mnist"
}