{
  "accuracy": 0.9953,
  "precision_macro": 0.995298811943589,
  "recall_macro": 0.9952156151005032,
  "f1_macro": 0.995250183895331,
  "precision_weighted": 0.9953103967546724,
  "recall_weighted": 0.9953,
  "f1_weighted": 0.9952981748144686,
  "per_class_f1": [
    0.9969450101832994,
    0.9973637961335676,
    0.9970845481049563,
    0.9955423476968797,
    0.9954291518537328,
    0.9943946188340808,
    0.9926547743966422,
    0.9941747572815534,
    0.9948770491803278,
    0.9940357852882704
  ],
  "per_class_precision": [
    0.9949186991869918,
    0.9947414548641542,
    1.0,
    0.9960356788899901,
    0.9929078014184397,
    0.9943946188340808,
    0.9978902953586498,
    0.9922480620155039,
    0.9928425357873211,
    0.9970089730807578
  ],
  "per_class_recall": [
    0.9989795918367347,
    1.0,
    0.9941860465116279,
    0.995049504950495,
    0.9979633401221996,
    0.9943946188340808,
    0.9874739039665971,
    0.9961089494163424,
    0.9969199178644764,
    0.9910802775024777
  ],
  "train_time_seconds": 144.23517632484436,
  "run_id": 18,
  "seed": 2044,
  "model_type": "cnn",
  "dataset": "mnist"
}