{
  "accuracy": 0.9945,
  "precision_macro": 0.9944845733002208,
  "recall_macro": 0.9944594488046515,
  "f1_macro": 0.9944691840723954,
  "precision_weighted": 0.9945026106465873,
  "recall_weighted": 0.9945,
  "f1_weighted": 0.9944984253084427,
  "per_class_f1": [
    0.9959225280326198,
    0.9951605807303123,
    0.9966134494436382,
    0.9955555555555555,
    0.9938837920489296,
    0.9938375350140056,
    0.9926854754440961,
    0.9951219512195122,
    0.9943560800410467,
    0.9915548931942375
  ],
  "per_class_precision": [
    0.994908350305499,
    0.9938488576449912,
    0.9951690821256038,
    0.993103448275862,
    0.9948979591836735,
    0.9932810750279956,
    0.9937238493723849,
    0.9980430528375733,
    0.9938461538461538,
    0.9940239043824701
  ],
  "per_class_recall": [
    0.996938775510204,
    0.9964757709251101,
    0.998062015503876,
    0.998019801980198,
    0.9928716904276986,
    0.9943946188340808,
    0.9916492693110647,
    0.9922178988326849,
    0.9948665297741273,
    0.9890981169474727
  ],
  "train_time_seconds": 157.63577222824097,
  "run_id": 37,
  "seed": 2063,
  "model_type": "cnn_gan",
  "dataset": "mnist"
}