{
  "accuracy": 0.9945,
  "precision_macro": 0.9944969085933888,
  "recall_macro": 0.9944509991870566,
  "f1_macro": 0.9944721173896974,
  "precision_weighted": 0.994504156504522,
  "recall_weighted": 0.9945,
  "f1_weighted": 0.9945003182738734,
  "per_class_f1": [
    0.9969418960244648,
    0.996033494931688,
    0.997573993207181,
    0.9935739001482946,
    0.9918533604887984,
    0.9949409780775716,
    0.9921671018276762,
    0.9936862554638174,
    0.9953869810353665,
    0.992563212692117
  ],
  "per_class_precision": [
    0.9959266802443992,
    0.9964726631393298,
    0.9990281827016521,
    0.9921026653504442,
    0.9918533604887984,
    0.9977452085682075,
    0.9926854754440961,
    0.9922405431619786,
    0.9938587512794268,
    0.9930555555555556
  ],
  "per_class_recall": [
    0.9979591836734694,
    0.9955947136563876,
    0.9961240310077519,
    0.995049504950495,
    0.9918533604887984,
    0.992152466367713,
    0.9916492693110647,
    0.995136186770428,
    0.9969199178644764,
    0.9920713577799801
  ],
  "train_time_seconds": 180.60774731636047,
  "run_id": 94,
  "seed": 2120,
  "model_type": "cnn_gan",
  "dataset": "mnist"
}