{
  "accuracy": 0.9944,
  "precision_macro": 0.9944009428821602,
  "recall_macro": 0.9942857227788549,
  "f1_macro": 0.9943390159384217,
  "precision_weighted": 0.9944028355511598,
  "recall_weighted": 0.9944,
  "f1_weighted": 0.9943971977727,
  "per_class_f1": [
    0.9954198473282443,
    0.9973614775725593,
    0.9951503394762367,
    0.995551161641127,
    0.9933707292197859,
    0.9938236945536215,
    0.9910854745673833,
    0.9941690962099126,
    0.9953869810353665,
    0.9920713577799801
  ],
  "per_class_precision": [
    0.9928934010152284,
    0.9956101843722563,
    0.996116504854369,
    0.9940769990128332,
    0.9948927477017364,
    0.9955005624296963,
    0.9957850368809273,
    0.9932038834951457,
    0.9938587512794268,
    0.9920713577799801
  ],
  "per_class_recall": [
    0.9979591836734694,
    0.9991189427312775,
    0.9941860465116279,
    0.997029702970297,
    0.9918533604887984,
    0.992152466367713,
    0.9864300626304802,
    0.995136186770428,
    0.9969199178644764,
    0.9920713577799801
  ],
  "train_time_seconds": 158.94658589363098,
  "run_id": 46,
  "seed": 2072,
  "model_type": "cnn_gan",
  "dataset": "mnist"
}