{
  "accuracy": 0.9954,
  "precision_macro": 0.9953825968388749,
  "recall_macro": 0.9953358842643963,
  "f1_macro": 0.9953547248336218,
  "precision_weighted": 0.9954040507352325,
  "recall_weighted": 0.9954,
  "f1_weighted": 0.9953975292795508,
  "per_class_f1": [
    0.9969450101832994,
    0.9973591549295775,
    0.9970958373668926,
    0.9965432098765432,
    0.9933976637887253,
    0.9943883277216611,
    0.9926701570680628,
    0.9946315275744265,
    0.9984607491021037,
    0.9920556107249255
  ],
  "per_class_precision": [
    0.9949186991869918,
    0.9964819700967458,
    0.9961315280464217,
    0.994088669950739,
    0.9908814589665653,
    0.9955056179775281,
    0.9957983193277311,
    0.9980411361410382,
    0.997948717948718,
    0.9940298507462687
  ],
  "per_class_recall": [
    0.9989795918367347,
    0.9982378854625551,
    0.998062015503876,
    0.999009900990099,
    0.9959266802443992,
    0.9932735426008968,
    0.9895615866388309,
    0.9912451361867705,
    0.9989733059548255,
    0.9900891972249752
  ],
  "train_time_seconds": 160.66312837600708,
  "run_id": 38,
  "seed": 2064,
  "model_type": "cnn_gan",
  "dataset": "mnist"
}