{
  "accuracy": 0.9953,
  "precision_macro": 0.9952756996330271,
  "recall_macro": 0.9952398268741787,
  "f1_macro": 0.9952548983795693,
  "precision_weighted": 0.9953030902262188,
  "recall_weighted": 0.9953,
  "f1_weighted": 0.9952987203932915,
  "per_class_f1": [
    0.9969450101832994,
    0.9973591549295775,
    0.9961240310077519,
    0.9955555555555555,
    0.9949135300101729,
    0.9938375350140056,
    0.993717277486911,
    0.994647201946472,
    0.996401028277635,
    0.9930486593843099
  ],
  "per_class_precision": [
    0.9949186991869918,
    0.9964819700967458,
    0.9961240310077519,
    0.993103448275862,
    0.9939024390243902,
    0.9932810750279956,
    0.9968487394957983,
    0.9951314508276533,
    0.9979402677651905,
    0.9950248756218906
  ],
  "per_class_recall": [
    0.9989795918367347,
    0.9982378854625551,
    0.9961240310077519,
    0.998019801980198,
    0.9959266802443992,
    0.9943946188340808,
    0.9906054279749478,
    0.9941634241245136,
    0.9948665297741273,
    0.9910802775024777
  ],
  "train_time_seconds": 138.8581485748291,
  "run_id": 57,
  "seed": 2083,
  "model_type": "cnn",
  "dataset": "mnist"
}