{
  "accuracy": 0.996,
  "precision_macro": 0.9960034293422412,
  "recall_macro": 0.9959216557986202,
  "f1_macro": 0.9959599718890798,
  "precision_weighted": 0.9960038848512948,
  "recall_weighted": 0.996,
  "f1_weighted": 0.9959993896940745,
  "per_class_f1": [
    0.9969450101832994,
    0.9978002639683238,
    0.997093023255814,
    0.9975284231339595,
    0.9943848902501277,
    0.9949523275378576,
    0.9947698744769874,
    0.9956204379562044,
    0.9974293059125964,
    0.9930761622156281
  ],
  "per_class_precision": [
    0.9949186991869918,
    0.9964850615114236,
    0.997093023255814,
    0.9960513326752222,
    0.9969293756397134,
    0.9955106621773289,
    0.9968553459119497,
    0.9961051606621227,
    0.9989701338825953,
    0.9911154985192497
  ],
  "per_class_recall": [
    0.9989795918367347,
    0.9991189427312775,
    0.997093023255814,
    0.999009900990099,
    0.9918533604887984,
    0.9943946188340808,
    0.9926931106471816,
    0.995136186770428,
    0.9958932238193019,
    0.9950445986124876
  ],
  "train_time_seconds": 155.00035953521729,
  "run_id": 87,
  "seed": 2113,
  "model_type": "cnn",
  "dataset": "mnist"
}