{
  "accuracy": 0.9956,
  "precision_macro": 0.9956349089817049,
  "recall_macro": 0.9955439279206116,
  "f1_macro": 0.9955838807180971,
  "precision_weighted": 0.9956102081945646,
  "recall_weighted": 0.9956,
  "f1_weighted": 0.9955996244492755,
  "per_class_f1": [
    0.9964376590330789,
    0.9969176574196389,
    0.9956500724987917,
    0.9960435212660732,
    0.9938650306748467,
    0.9960740325294447,
    0.9947643979057592,
    0.9961051606621227,
    0.996401028277635,
    0.9935802469135803
  ],
  "per_class_precision": [
    0.9939086294416244,
    0.9964788732394366,
    0.9932497589199615,
    0.9950592885375494,
    0.997946611909651,
    0.9966329966329966,
    0.9978991596638656,
    0.9970760233918129,
    0.9979402677651905,
    0.9901574803149606
  ],
  "per_class_recall": [
    0.9989795918367347,
    0.9973568281938326,
    0.998062015503876,
    0.997029702970297,
    0.9898167006109979,
    0.9955156950672646,
    0.9916492693110647,
    0.995136186770428,
    0.9948665297741273,
    0.9970267591674926
  ],
  "train_time_seconds": 149.6100766658783,
  "run_id": 90,
  "seed": 2116,
  "model_type": "cnn_gan",
  "dataset": "mnist"
}