{
  "accuracy": 0.9963,
  "precision_macro": 0.9962304651651837,
  "recall_macro": 0.9962212286875047,
  "f1_macro": 0.9962234072016478,
  "precision_weighted": 0.9963033913938795,
  "recall_weighted": 0.9963,
  "f1_weighted": 0.9962992838371149,
  "per_class_f1": [
    0.998468606431853,
    0.9986801583809943,
    0.998062015503876,
    0.997029702970297,
    0.9959349593495935,
    0.9932810750279956,
    0.9942438513867086,
    0.9965903555772041,
    0.9959016393442623,
    0.9940417080436942
  ],
  "per_class_precision": [
    0.9989785495403473,
    0.9973637961335676,
    0.998062015503876,
    0.997029702970297,
    0.9939148073022313,
    0.9921700223713646,
    0.9968520461699895,
    0.9980487804878049,
    0.9938650306748467,
    0.9960199004975124
  ],
  "per_class_recall": [
    0.9979591836734694,
    1.0,
    0.998062015503876,
    0.997029702970297,
    0.9979633401221996,
    0.9943946188340808,
    0.9916492693110647,
    0.995136186770428,
    0.997946611909651,
    0.9920713577799801
  ],
  "train_time_seconds": 154.5421106815338,
  "run_id": 89,
  "seed": 2115,
  "model_type": "cnn",
  "dataset": "mnist"
}