{
  "accuracy": 0.9963,
  "precision_macro": 0.9963601531091564,
  "recall_macro": 0.9962310640513529,
  "f1_macro": 0.9962925156878782,
  "precision_weighted": 0.9963064354342636,
  "recall_weighted": 0.9963,
  "f1_weighted": 0.9963001113133525,
  "per_class_f1": [
    0.9969418960244648,
    0.9973614775725593,
    0.9966035904900534,
    0.997029702970297,
    0.9954151808456444,
    0.9971925884334644,
    0.9942438513867086,
    0.9946679592825982,
    0.9974293059125964,
    0.996039603960396
  ],
  "per_class_precision": [
    0.9959266802443992,
    0.9956101843722563,
    0.9980563654033042,
    0.997029702970297,
    0.9959225280326198,
    0.9988751406074241,
    0.9968520461699895,
    0.991304347826087,
    0.9989701338825953,
    0.9950544015825915
  ],
  "per_class_recall": [
    0.9979591836734694,
    0.9991189427312775,
    0.9951550387596899,
    0.997029702970297,
    0.994908350305499,
    0.9955156950672646,
    0.9916492693110647,
    0.9980544747081712,
    0.9958932238193019,
    0.9970267591674926
  ],
  "train_time_seconds": 145.06933617591858,
  "run_id": 71,
  "seed": 2097,
  "model_type": "cnn",
  "dataset": "mnist"
}