{
  "accuracy": 0.996,
  "precision_macro": 0.9960018039401415,
  "recall_macro": 0.9959405811125391,
  "f1_macro": 0.9959681533284183,
  "precision_weighted": 0.9960062366034006,
  "recall_weighted": 0.996,
  "f1_weighted": 0.9960000845145424,
  "per_class_f1": [
    0.9974528782475802,
    0.9973568281938326,
    0.9975716367168529,
    0.9955555555555555,
    0.9959266802443992,
    0.9949466591802358,
    0.9947698744769874,
    0.9951503394762367,
    0.9964047252182845,
    0.9945463559742191
  ],
  "per_class_precision": [
    0.9959308240081384,
    0.9973568281938326,
    1.0,
    0.993103448275862,
    0.9959266802443992,
    0.9966254218222722,
    0.9968553459119497,
    0.9922630560928434,
    0.9969167523124358,
    0.9950396825396826
  ],
  "per_class_recall": [
    0.9989795918367347,
    0.9973568281938326,
    0.9951550387596899,
    0.998019801980198,
    0.9959266802443992,
    0.9932735426008968,
    0.9926931106471816,
    0.9980544747081712,
    0.9958932238193019,
    0.9940535183349851
  ],
  "train_time_seconds": 144.309428691864,
  "run_id": 20,
  "seed": 2046,
  "model_type": "cnn",
  "dataset": "mnist"
}