{
  "accuracy": 0.9959,
  "precision_macro": 0.9958442593402909,
  "recall_macro": 0.9958354593950919,
  "f1_macro": 0.9958359571537374,
  "precision_weighted": 0.9959046840626761,
  "recall_weighted": 0.9959,
  "f1_weighted": 0.9958984213015083,
  "per_class_f1": [
    0.9979612640163099,
    0.9982409850483729,
    0.9966068831798351,
    0.9965363681345868,
    0.9959349593495935,
    0.9927252378287633,
    0.9953002610966057,
    0.9956246961594555,
    0.996401028277635,
    0.9930278884462151
  ],
  "per_class_precision": [
    0.9969450101832994,
    0.9964881474978051,
    0.997090203685742,
    0.9960435212660732,
    0.9939148073022313,
    0.9910614525139665,
    0.9958202716823407,
    0.9951409135082604,
    0.9979402677651905,
    0.997997997997998
  ],
  "per_class_recall": [
    0.9989795918367347,
    1.0,
    0.9961240310077519,
    0.997029702970297,
    0.9979633401221996,
    0.9943946188340808,
    0.9947807933194155,
    0.9961089494163424,
    0.9948665297741273,
    0.9881070366699702
  ],
  "train_time_seconds": 155.4530827999115,
  "run_id": 25,
  "seed": 2051,
  "model_type": "cnn",
  "dataset": "mnist"
}