{
  "accuracy": 0.996,
  "precision_macro": 0.9959377097843243,
  "recall_macro": 0.9959916909687578,
  "f1_macro": 0.9959617135205475,
  "precision_weighted": 0.9960069172751386,
  "recall_weighted": 0.996,
  "f1_weighted": 0.996000495651673,
  "per_class_f1": [
    0.9964340295466123,
    0.9973568281938326,
    0.9956458635703919,
    0.9965294992563213,
    0.9959349593495935,
    0.9938444320089536,
    0.9947862356621481,
    0.9956161714564052,
    0.9979445015416238,
    0.9955246146195923
  ],
  "per_class_precision": [
    0.9949135300101729,
    0.9973568281938326,
    0.9942028985507246,
    0.9980139026812314,
    0.9939148073022313,
    0.9921787709497206,
    0.99375,
    0.9970731707317073,
    0.9989711934156379,
    0.999001996007984
  ],
  "per_class_recall": [
    0.9979591836734694,
    0.9973568281938326,
    0.997093023255814,
    0.995049504950495,
    0.9979633401221996,
    0.9955156950672646,
    0.9958246346555324,
    0.9941634241245136,
    0.9969199178644764,
    0.9920713577799801
  ],
  "train_time_seconds": 149.94832301139832,
  "run_id": 21,
  "seed": 2047,
  "model_type": "cnn",
  "dataset": "mnist"
}