{
  "accuracy": 0.9947,
  "precision_macro": 0.9946814074257684,
  "recall_macro": 0.9946558954826556,
  "f1_macro": 0.9946615589661084,
  "precision_weighted": 0.9947112489249427,
  "recall_weighted": 0.9947,
  "f1_weighted": 0.9946986010006592,
  "per_class_f1": [
    0.9954245043213015,
    0.9969230769230769,
    0.9941747572815534,
    0.9950347567030785,
    0.9939086294416244,
    0.9944008958566629,
    0.9931830099632931,
    0.994647201946472,
    0.9948770491803278,
    0.9940417080436942
  ],
  "per_class_precision": [
    0.9918946301925026,
    0.9947368421052631,
    0.9961089494163424,
    0.99800796812749,
    0.9908906882591093,
    0.9932885906040269,
    0.9978925184404637,
    0.9951314508276533,
    0.9928425357873211,
    0.9960199004975124
  ],
  "per_class_recall": [
    0.9989795918367347,
    0.9991189427312775,
    0.9922480620155039,
    0.9920792079207921,
    0.9969450101832994,
    0.9955156950672646,
    0.988517745302714,
    0.9941634241245136,
    0.9969199178644764,
    0.9920713577799801
  ],
  "train_time_seconds": 158.34111404418945,
  "run_id": 19,
  "seed": 2045,
  "model_type": "cnn_gan",
  "dataset": "mnist"
}