{
  "accuracy": 0.9958,
  "precision_macro": 0.9957893462694155,
  "recall_macro": 0.9957391184159696,
  "f1_macro": 0.995760367445996,
  "precision_weighted": 0.9958049994694127,
  "recall_weighted": 0.9958,
  "f1_weighted": 0.9957986763978753,
  "per_class_f1": [
    0.998470168281489,
    0.9977983267283135,
    0.9975810353168844,
    0.995551161641127,
    0.9933571793561574,
    0.9955106621773289,
    0.9942498693152118,
    0.9956118966357874,
    0.9959058341862845,
    0.9935675408213755
  ],
  "per_class_precision": [
    0.9979612640163099,
    0.9973591549295775,
    0.996135265700483,
    0.9940769990128332,
    0.9969230769230769,
    0.996629213483146,
    0.9958115183246073,
    0.9980449657869013,
    0.9928571428571429,
    0.9920948616600791
  ],
  "per_class_recall": [
    0.9989795918367347,
    0.9982378854625551,
    0.999031007751938,
    0.997029702970297,
    0.9898167006109979,
    0.9943946188340808,
    0.9926931106471816,
    0.9931906614785992,
    0.9989733059548255,
    0.9950445986124876
  ],
  "train_time_seconds": 154.4079785346985,
  "run_id": 94,
  "seed": 2120,
  "model_type": "cnn",
  "dataset": "mnist"
}