{
  "accuracy": 0.9959,
  "precision_macro": 0.9958784013451438,
  "recall_macro": 0.9958436125691812,
  "f1_macro": 0.9958594546677151,
  "precision_weighted": 0.9959011497909289,
  "recall_weighted": 0.9959,
  "f1_weighted": 0.9958990057919105,
  "per_class_f1": [
    0.9969418960244648,
    0.9973614775725593,
    0.9966101694915255,
    0.9970326409495549,
    0.9959266802443992,
    0.9944008958566629,
    0.9947698744769874,
    0.9965903555772041,
    0.9964047252182845,
    0.9925558312655087
  ],
  "per_class_precision": [
    0.9959266802443992,
    0.9956101843722563,
    0.9961277831558567,
    0.9960474308300395,
    0.9959266802443992,
    0.9932885906040269,
    0.9968553459119497,
    0.9980487804878049,
    0.9969167523124358,
    0.9940357852882704
  ],
  "per_class_recall": [
    0.9979591836734694,
    0.9991189427312775,
    0.997093023255814,
    0.998019801980198,
    0.9959266802443992,
    0.9955156950672646,
    0.9926931106471816,
    0.995136186770428,
    0.9958932238193019,
    0.9910802775024777
  ],
  "train_time_seconds": 148.59524846076965,
  "run_id": 91,
  "seed": 2117,
  "model_type": "cnn",
  "dataset": "mnist"
}