{
  "accuracy": 0.9948,
  "precision_macro": 0.9948005130522407,
  "recall_macro": 0.9947701237879072,
  "f1_macro": 0.9947815983151609,
  "precision_weighted": 0.9948041894574133,
  "recall_weighted": 0.9948,
  "f1_weighted": 0.9947982776944767,
  "per_class_f1": [
    0.9969418960244648,
    0.9964850615114236,
    0.9961202715809894,
    0.9960356788899901,
    0.9933976637887253,
    0.9949523275378576,
    0.9942678478374153,
    0.9926864943929791,
    0.995382247306311,
    0.991546494281452
  ],
  "per_class_precision": [
    0.9959266802443992,
    0.9938650306748467,
    0.9970873786407767,
    0.9970238095238095,
    0.9908814589665653,
    0.9955106621773289,
    0.9927159209157128,
    0.9951124144672532,
    0.9948717948717949,
    0.9950099800399201
  ],
  "per_class_recall": [
    0.9979591836734694,
    0.9991189427312775,
    0.9951550387596899,
    0.995049504950495,
    0.9959266802443992,
    0.9943946188340808,
    0.9958246346555324,
    0.9902723735408561,
    0.9958932238193019,
    0.9881070366699702
  ],
  "train_time_seconds": 165.61004734039307,
  "run_id": 5,
  "seed": 2031,
  "model_type": "cnn_gan",
  "dataset": "mnist"
}