{
  "accuracy": 0.9946,
  "precision_macro": 0.9945637581665648,
  "recall_macro": 0.9945374672662108,
  "f1_macro": 0.9945489459702094,
  "precision_weighted": 0.9945995040479491,
  "recall_weighted": 0.9946,
  "f1_weighted": 0.9945981239155852,
  "per_class_f1": [
    0.9964340295466123,
    0.9964788732394366,
    0.9941804073714839,
    0.9955423476968797,
    0.9933842239185751,
    0.9932735426008968,
    0.9905759162303664,
    0.9941634241245136,
    0.9964120963608406,
    0.9950445986124876
  ],
  "per_class_precision": [
    0.9949135300101729,
    0.9956024626209323,
    0.9951456310679612,
    0.9960356788899901,
    0.9928789420142421,
    0.9932735426008968,
    0.9936974789915967,
    0.9941634241245136,
    0.9948822927328557,
    0.9950445986124876
  ],
  "per_class_recall": [
    0.9979591836734694,
    0.9973568281938326,
    0.9932170542635659,
    0.995049504950495,
    0.9938900203665988,
    0.9932735426008968,
    0.9874739039665971,
    0.9941634241245136,
    0.997946611909651,
    0.9950445986124876
  ],
  "train_time_seconds": 161.74655318260193,
  "run_id": 44,
  "seed": 2070,
  "model_type": "cnn_gan",
  "dataset": "mnist"
}