{
  "accuracy": 0.9962,
  "precision_macro": 0.9961907916179253,
  "recall_macro": 0.9961826187059459,
  "f1_macro": 0.9961840190868851,
  "precision_weighted": 0.9962044481813207,
  "recall_weighted": 0.9962,
  "f1_weighted": 0.9961995146050162,
  "per_class_f1": [
    0.9979612640163099,
    0.9969203695556533,
    0.9966167230546158,
    0.9955379276152702,
    0.9959308240081384,
    0.9949636261891438,
    0.9958202716823407,
    0.9951219512195122,
    0.9974293059125964,
    0.9955379276152702
  ],
  "per_class_precision": [
    0.9969450101832994,
    0.9956063268892794,
    0.9942140790742526,
    0.997020854021847,
    0.9949186991869918,
    0.9932960893854749,
    0.9968619246861925,
    0.9980430528375733,
    0.9989701338825953,
    0.996031746031746
  ],
  "per_class_recall": [
    0.9989795918367347,
    0.9982378854625551,
    0.999031007751938,
    0.994059405940594,
    0.9969450101832994,
    0.9966367713004485,
    0.9947807933194155,
    0.9922178988326849,
    0.9958932238193019,
    0.9950445986124876
  ],
  "train_time_seconds": 143.1191008090973,
  "run_id": 38,
  "seed": 2064,
  "model_type": "cnn",
  "dataset": "mnist"
}