{
  "accuracy": 0.996,
  "precision_macro": 0.9959419056824421,
  "recall_macro": 0.9959646199828454,
  "f1_macro": 0.9959504895478041,
  "precision_weighted": 0.9960034424318852,
  "recall_weighted": 0.996,
  "f1_weighted": 0.995998937729102,
  "per_class_f1": [
    0.9979612640163099,
    0.996914940502424,
    0.9985443959243085,
    0.9965397923875432,
    0.9959308240081384,
    0.9949523275378576,
    0.9926931106471816,
    0.9980563654033042,
    0.9948770491803278,
    0.9930348258706467
  ],
  "per_class_precision": [
    0.9969450101832994,
    0.9973544973544973,
    1.0,
    0.9950641658440277,
    0.9949186991869918,
    0.9955106621773289,
    0.9926931106471816,
    0.9970873786407767,
    0.9928425357873211,
    0.997002997002997
  ],
  "per_class_recall": [
    0.9989795918367347,
    0.9964757709251101,
    0.997093023255814,
    0.998019801980198,
    0.9969450101832994,
    0.9943946188340808,
    0.9926931106471816,
    0.9990272373540856,
    0.9969199178644764,
    0.9890981169474727
  ],
  "train_time_seconds": 154.05043959617615,
  "run_id": 72,
  "seed": 2098,
  "model_type": "cnn_gan",
  "dataset": "mnist"
}