{
  "accuracy": 0.9952,
  "precision_macro": 0.995145120522371,
  "recall_macro": 0.9951678182308239,
  "f1_macro": 0.9951514124274086,
  "precision_weighted": 0.9952070101519932,
  "recall_weighted": 0.9952,
  "f1_weighted": 0.9951985396604673,
  "per_class_f1": [
    0.9959266802443992,
    0.9973568281938326,
    0.9956500724987917,
    0.9975235264982665,
    0.9928716904276986,
    0.9949636261891438,
    0.9926624737945493,
    0.9960975609756098,
    0.9959058341862845,
    0.9925558312655087
  ],
  "per_class_precision": [
    0.9939024390243902,
    0.9973568281938326,
    0.9932497589199615,
    0.998017839444995,
    0.9928716904276986,
    0.9932960893854749,
    0.9968421052631579,
    0.9990215264187867,
    0.9928571428571429,
    0.9940357852882704
  ],
  "per_class_recall": [
    0.9979591836734694,
    0.9973568281938326,
    0.998062015503876,
    0.997029702970297,
    0.9928716904276986,
    0.9966367713004485,
    0.988517745302714,
    0.9931906614785992,
    0.9989733059548255,
    0.9910802775024777
  ],
  "train_time_seconds": 159.5077064037323,
  "run_id": 51,
  "seed": 2077,
  "model_type": "cnn_gan",
  "dataset": "mnist"
}