{
  "accuracy": 0.9957,
  "precision_macro": 0.9956611895456646,
  "recall_macro": 0.9956849789112157,
  "f1_macro": 0.9956710927705876,
  "precision_weighted": 0.9957032332137571,
  "recall_weighted": 0.9957,
  "f1_weighted": 0.9956996270205926,
  "per_class_f1": [
    0.9964340295466123,
    0.9964726631393298,
    0.996600291403594,
    0.9960435212660732,
    0.9954151808456444,
    0.9943883277216611,
    0.9947807933194155,
    0.9961127308066083,
    0.996415770609319,
    0.9940476190476191
  ],
  "per_class_precision": [
    0.9949135300101729,
    0.9973521624007061,
    0.9990262901655307,
    0.9950592885375494,
    0.9959225280326198,
    0.9955056179775281,
    0.9947807933194155,
    0.9951456310679612,
    0.9938712972420838,
    0.9950347567030785
  ],
  "per_class_recall": [
    0.9979591836734694,
    0.9955947136563876,
    0.9941860465116279,
    0.997029702970297,
    0.994908350305499,
    0.9932735426008968,
    0.9947807933194155,
    0.9970817120622568,
    0.9989733059548255,
    0.9930624380574826
  ],
  "train_time_seconds": 151.3349916934967,
  "run_id": 14,
  "seed": 2040,
  "model_type": "cnn",
  "dataset": "mnist"
}