{
  "accuracy": 0.9967,
  "precision_macro": 0.9966476862208575,
  "recall_macro": 0.996658992548803,
  "f1_macro": 0.9966507943352114,
  "precision_weighted": 0.9967044595337653,
  "recall_weighted": 0.9967,
  "f1_weighted": 0.9966997174918754,
  "per_class_f1": [
    0.998470168281489,
    0.9986801583809943,
    0.997090203685742,
    0.9970267591674926,
    0.9959390862944163,
    0.9949636261891438,
    0.99581589958159,
    0.997078870496592,
    0.9964084145715751,
    0.9950347567030785
  ],
  "per_class_precision": [
    0.9979612640163099,
    0.9973637961335676,
    0.9980582524271845,
    0.998015873015873,
    0.992914979757085,
    0.9932960893854749,
    0.9979035639412998,
    0.9980506822612085,
    0.9958974358974358,
    0.9970149253731343
  ],
  "per_class_recall": [
    0.9989795918367347,
    1.0,
    0.9961240310077519,
    0.996039603960396,
    0.9989816700610998,
    0.9966367713004485,
    0.9937369519832986,
    0.9961089494163424,
    0.9969199178644764,
    0.9930624380574826
  ],
  "train_time_seconds": 148.565349817276,
  "run_id": 100,
  "seed": 2126,
  "model_type": "cnn",
  "dataset": "mnist"
}