{
  "accuracy": 0.9954,
  "precision_macro": 0.9953605789656896,
  "recall_macro": 0.9953351765644489,
  "f1_macro": 0.9953441830644454,
  "precision_weighted": 0.9954045334394052,
  "recall_weighted": 0.9954,
  "f1_weighted": 0.995398580243377,
  "per_class_f1": [
    0.9979591836734694,
    0.9964819700967458,
    0.997573993207181,
    0.995551161641127,
    0.9954245043213015,
    0.9932810750279956,
    0.9926701570680628,
    0.9970817120622568,
    0.9948770491803278,
    0.9925410243659871
  ],
  "per_class_precision": [
    0.9979591836734694,
    0.9947322212467077,
    0.9990281827016521,
    0.9940769990128332,
    0.9939086294416244,
    0.9921700223713646,
    0.9957983193277311,
    0.9970817120622568,
    0.9928425357873211,
    0.9960079840319361
  ],
  "per_class_recall": [
    0.9979591836734694,
    0.9982378854625551,
    0.9961240310077519,
    0.997029702970297,
    0.9969450101832994,
    0.9943946188340808,
    0.9895615866388309,
    0.9970817120622568,
    0.9969199178644764,
    0.9890981169474727
  ],
  "train_time_seconds": 145.225412607193,
  "run_id": 3,
  "seed": 2029,
  "model_type": "cnn",
  "dataset": "mnist"
}