{
  "accuracy": 0.995,
  "precision_macro": 0.9950009805140884,
  "recall_macro": 0.9949288922210018,
  "f1_macro": 0.9949619374020362,
  "precision_weighted": 0.9950033551936273,
  "recall_weighted": 0.995,
  "f1_weighted": 0.9949987146565321,
  "per_class_f1": [
    0.9969418960244648,
    0.9969203695556533,
    0.9966035904900534,
    0.9960435212660732,
    0.9933976637887253,
    0.9949466591802358,
    0.9921507064364207,
    0.9941690962099126,
    0.9958974358974358,
    0.992548435171386
  ],
  "per_class_precision": [
    0.9959266802443992,
    0.9956063268892794,
    0.9980563654033042,
    0.9950592885375494,
    0.9908814589665653,
    0.9966254218222722,
    0.9947534102833159,
    0.9932038834951457,
    0.9948770491803278,
    0.9950199203187251
  ],
  "per_class_recall": [
    0.9979591836734694,
    0.9982378854625551,
    0.9951550387596899,
    0.997029702970297,
    0.9959266802443992,
    0.9932735426008968,
    0.9895615866388309,
    0.995136186770428,
    0.9969199178644764,
    0.9900891972249752
  ],
  "train_time_seconds": 152.73953986167908,
  "run_id": 85,
  "seed": 2111,
  "model_type": "cnn_gan",
  "dataset": "mnist"
}