{
  "accuracy": 0.9959,
  "precision_macro": 0.9958996318717338,
  "recall_macro": 0.9958758784958881,
  "f1_macro": 0.9958853701006157,
  "precision_weighted": 0.9959040083096227,
  "recall_weighted": 0.9959,
  "f1_weighted": 0.9958996664382436,
  "per_class_f1": [
    0.9964340295466123,
    0.996914940502424,
    0.9956416464891041,
    0.9975235264982665,
    0.9954198473282443,
    0.996078431372549,
    0.9942378208486118,
    0.9956331877729258,
    0.9969167523124358,
    0.9940535183349851
  ],
  "per_class_precision": [
    0.9949135300101729,
    0.9973544973544973,
    0.995159728944821,
    0.998017839444995,
    0.9949135300101729,
    0.9955207166853304,
    0.9978969505783386,
    0.9932236205227493,
    0.9979423868312757,
    0.9940535183349851
  ],
  "per_class_recall": [
    0.9979591836734694,
    0.9964757709251101,
    0.9961240310077519,
    0.997029702970297,
    0.9959266802443992,
    0.9966367713004485,
    0.9906054279749478,
    0.9980544747081712,
    0.9958932238193019,
    0.9940535183349851
  ],
  "train_time_seconds": 149.7178885936737,
  "run_id": 92,
  "seed": 2118,
  "model_type": "cnn_gan",
  "dataset": "mnist"
}