{
  "accuracy": 0.9963,
  "precision_macro": 0.996270563376144,
  "recall_macro": 0.9962225891323637,
  "f1_macro": 0.9962442527387333,
  "precision_weighted": 0.996304193700259,
  "recall_weighted": 0.9963,
  "f1_weighted": 0.9962997461782339,
  "per_class_f1": [
    0.9979591836734694,
    0.9978021978021978,
    0.997090203685742,
    0.9965397923875432,
    0.9969450101832994,
    0.9927252378287633,
    0.99581589958159,
    0.9961127308066083,
    0.9969167523124358,
    0.994535519125683
  ],
  "per_class_precision": [
    0.9979591836734694,
    0.9956140350877193,
    0.9980582524271845,
    0.9950641658440277,
    0.9969450101832994,
    0.9910614525139665,
    0.9979035639412998,
    0.9951456310679612,
    0.9979423868312757,
    0.9970119521912351
  ],
  "per_class_recall": [
    0.9979591836734694,
    1.0,
    0.9961240310077519,
    0.998019801980198,
    0.9969450101832994,
    0.9943946188340808,
    0.9937369519832986,
    0.9970817120622568,
    0.9958932238193019,
    0.9920713577799801
  ],
  "train_time_seconds": 143.4360842704773,
  "run_id": 7,
  "seed": 2033,
  "model_type": "cnn",
  "dataset": "mnist"
}