{
  "accuracy": 0.9959,
  "precision_macro": 0.9959221996714568,
  "recall_macro": 0.995852206798291,
  "f1_macro": 0.9958834699451062,
  "precision_weighted": 0.9959061606826727,
  "recall_weighted": 0.9959,
  "f1_weighted": 0.9958994222687922,
  "per_class_f1": [
    0.9969450101832994,
    0.9977983267283135,
    0.9961240310077519,
    0.9960474308300395,
    0.9954291518537328,
    0.99606962380685,
    0.9958115183246073,
    0.9941690962099126,
    0.9964047252182845,
    0.9940357852882704
  ],
  "per_class_precision": [
    0.9949186991869918,
    0.9973591549295775,
    0.9961240310077519,
    0.9940828402366864,
    0.9929078014184397,
    0.9977502812148481,
    0.9989495798319328,
    0.9932038834951457,
    0.9969167523124358,
    0.9970089730807578
  ],
  "per_class_recall": [
    0.9989795918367347,
    0.9982378854625551,
    0.9961240310077519,
    0.998019801980198,
    0.9979633401221996,
    0.9943946188340808,
    0.9926931106471816,
    0.995136186770428,
    0.9958932238193019,
    0.9910802775024777
  ],
  "train_time_seconds": 141.09263563156128,
  "run_id": 32,
  "seed": 2058,
  "model_type": "cnn",
  "dataset": "mnist"
}