{
  "accuracy": 0.9952,
  "precision_macro": 0.9951630110133772,
  "recall_macro": 0.9951121662656004,
  "f1_macro": 0.9951355352707487,
  "precision_weighted": 0.9952022286539867,
  "recall_weighted": 0.9952,
  "f1_weighted": 0.9951991168077419,
  "per_class_f1": [
    0.9959183673469387,
    0.9982394366197183,
    0.9961202715809894,
    0.9945571499257794,
    0.9944077275038129,
    0.9938306225462703,
    0.9931901519119958,
    0.9961089494163424,
    0.9964120963608406,
    0.9925705794947994
  ],
  "per_class_precision": [
    0.9959183673469387,
    0.9973614775725593,
    0.9970873786407767,
    0.9940652818991098,
    0.9928934010152284,
    0.9943883277216611,
    0.9968454258675079,
    0.9961089494163424,
    0.9948822927328557,
    0.9920792079207921
  ],
  "per_class_recall": [
    0.9959183673469387,
    0.9991189427312775,
    0.9951550387596899,
    0.995049504950495,
    0.9959266802443992,
    0.9932735426008968,
    0.9895615866388309,
    0.9961089494163424,
    0.997946611909651,
    0.9930624380574826
  ],
  "train_time_seconds": 150.35065698623657,
  "run_id": 84,
  "seed": 2110,
  "model_type": "cnn_gan",
  "dataset": "mnist"
}