{
  "accuracy": 0.996,
  "precision_macro": 0.9960666922088706,
  "recall_macro": 0.9959342373577529,
  "f1_macro": 0.9959970222063905,
  "precision_weighted": 0.9960060304399976,
  "recall_weighted": 0.996,
  "f1_weighted": 0.9959994886404892,
  "per_class_f1": [
    0.9974528782475802,
    0.9960474308300395,
    0.9966068831798351,
    0.998019801980198,
    0.9938712972420838,
    0.9960740325294447,
    0.9947698744769874,
    0.995136186770428,
    0.9974293059125964,
    0.9945625308947108
  ],
  "per_class_precision": [
    0.9959308240081384,
    0.9929947460595446,
    0.997090203685742,
    0.998019801980198,
    0.9969262295081968,
    0.9966329966329966,
    0.9968553459119497,
    0.995136186770428,
    0.9989701338825953,
    0.9921104536489151
  ],
  "per_class_recall": [
    0.9989795918367347,
    0.9991189427312775,
    0.9961240310077519,
    0.998019801980198,
    0.9908350305498982,
    0.9955156950672646,
    0.9926931106471816,
    0.995136186770428,
    0.9958932238193019,
    0.9970267591674926
  ],
  "train_time_seconds": 147.2606122493744,
  "run_id": 34,
  "seed": 2060,
  "model_type": "cnn",
  "dataset": "mnist"
}