{
  "accuracy": 0.9955,
  "precision_macro": 0.9954731879063212,
  "recall_macro": 0.9954508720144271,
  "f1_macro": 0.9954599028364752,
  "precision_weighted": 0.9955035946655607,
  "recall_weighted": 0.9955,
  "f1_weighted": 0.9954997197515347,
  "per_class_f1": [
    0.9979591836734694,
    0.9964819700967458,
    0.997090203685742,
    0.9950544015825915,
    0.9954151808456444,
    0.9932885906040269,
    0.993717277486911,
    0.995136186770428,
    0.9964084145715751,
    0.9940476190476191
  ],
  "per_class_precision": [
    0.9979591836734694,
    0.9947322212467077,
    0.9980582524271845,
    0.9940711462450593,
    0.9959225280326198,
    0.9910714285714286,
    0.9968487394957983,
    0.995136186770428,
    0.9958974358974358,
    0.9950347567030785
  ],
  "per_class_recall": [
    0.9979591836734694,
    0.9982378854625551,
    0.9961240310077519,
    0.996039603960396,
    0.994908350305499,
    0.9955156950672646,
    0.9906054279749478,
    0.995136186770428,
    0.9969199178644764,
    0.9930624380574826
  ],
  "train_time_seconds": 150.13953018188477,
  "run_id": 15,
  "seed": 2041,
  "model_type": "cnn",
  "dataset": "mnist"
}