{
  "accuracy": 0.995,
  "precision_macro": 0.994953894162275,
  "recall_macro": 0.9949811016170609,
  "f1_macro": 0.9949614275125033,
  "precision_weighted": 0.9950113428423656,
  "recall_weighted": 0.995,
  "f1_weighted": 0.9949998009962141,
  "per_class_f1": [
    0.9974528782475802,
    0.996043956043956,
    0.9966134494436382,
    0.9950298210735586,
    0.9933707292197859,
    0.992749581706637,
    0.9937238493723849,
    0.9951267056530214,
    0.997431946584489,
    0.9920713577799801
  ],
  "per_class_precision": [
    0.9959308240081384,
    0.993859649122807,
    0.9951690821256038,
    0.999001996007984,
    0.9948927477017364,
    0.9877913429522752,
    0.9958071278825996,
    0.9970703125,
    0.9979445015416238,
    0.9920713577799801
  ],
  "per_class_recall": [
    0.9989795918367347,
    0.9982378854625551,
    0.998062015503876,
    0.9910891089108911,
    0.9918533604887984,
    0.9977578475336323,
    0.9916492693110647,
    0.9931906614785992,
    0.9969199178644764,
    0.9920713577799801
  ],
  "train_time_seconds": 145.95999145507812,
  "run_id": 62,
  "seed": 2088,
  "model_type": "cnn",
  "dataset": "mnist"
}