{
  "accuracy": 0.9953,
  "precision_macro": 0.995314307438558,
  "recall_macro": 0.9951901212514421,
  "f1_macro": 0.9952502264324317,
  "precision_weighted": 0.9953038974477335,
  "recall_weighted": 0.9953,
  "f1_weighted": 0.9953000645364307,
  "per_class_f1": [
    0.9964230965763924,
    0.9969203695556533,
    0.9975786924939467,
    0.9975259772389906,
    0.9928644240570846,
    0.9955005624296963,
    0.99113197704747,
    0.9965969859017987,
    0.995382247306311,
    0.9925779317169718
  ],
  "per_class_precision": [
    0.9979529170931423,
    0.9956063268892794,
    0.9970958373668926,
    0.9970326409495549,
    0.9938775510204082,
    0.9988713318284425,
    0.9906152241918665,
    0.9961127308066083,
    0.9948717948717949,
    0.991106719367589
  ],
  "per_class_recall": [
    0.9948979591836735,
    0.9982378854625551,
    0.998062015503876,
    0.998019801980198,
    0.9918533604887984,
    0.992152466367713,
    0.9916492693110647,
    0.9970817120622568,
    0.9958932238193019,
    0.9940535183349851
  ],
  "train_time_seconds": 159.54271340370178,
  "run_id": 31,
  "seed": 2057,
  "model_type": "cnn_gan",
  "dataset": "mnist"
}