{
  "accuracy": 0.9962,
  "precision_macro": 0.9962473927557172,
  "recall_macro": 0.9961232788152816,
  "f1_macro": 0.9961816133217033,
  "precision_weighted": 0.9962068922499304,
  "recall_weighted": 0.9962,
  "f1_weighted": 0.9961996329897073,
  "per_class_f1": [
    0.998470168281489,
    0.9964881474978051,
    0.997573993207181,
    0.9955423476968797,
    0.9949186991869918,
    0.9955106621773289,
    0.9952854897852279,
    0.9975669099756691,
    0.9964120963608406,
    0.9940476190476191
  ],
  "per_class_precision": [
    0.9979612640163099,
    0.9930008748906387,
    0.9990281827016521,
    0.9960356788899901,
    0.9929006085192698,
    0.996629213483146,
    0.9989484752891693,
    0.9980525803310614,
    0.9948822927328557,
    0.9950347567030785
  ],
  "per_class_recall": [
    0.9989795918367347,
    1.0,
    0.9961240310077519,
    0.995049504950495,
    0.9969450101832994,
    0.9943946188340808,
    0.9916492693110647,
    0.9970817120622568,
    0.997946611909651,
    0.9930624380574826
  ],
  "train_time_seconds": 146.24342250823975,
  "run_id": 9,
  "seed": 2035,
  "model_type": "cnn",
  "dataset": "mnist"
}