{
  "accuracy": 0.9955,
  "precision_macro": 0.995432483627307,
  "recall_macro": 0.9953988106611247,
  "f1_macro": 0.9954132093551665,
  "precision_weighted": 0.9955025646698685,
  "recall_weighted": 0.9955,
  "f1_weighted": 0.9954988963029795,
  "per_class_f1": [
    0.9969481180061037,
    0.9977983267283135,
    0.9975763451284537,
    0.997029702970297,
    0.9949186991869918,
    0.9921436588103255,
    0.9921671018276762,
    0.9965969859017987,
    0.9963973237261966,
    0.9925558312655087
  ],
  "per_class_precision": [
    0.9939148073022313,
    0.9973591549295775,
    0.9980601357904947,
    0.997029702970297,
    0.9929006085192698,
    0.9932584269662922,
    0.9926854754440961,
    0.9961127308066083,
    0.9989680082559339,
    0.9940357852882704
  ],
  "per_class_recall": [
    1.0,
    0.9982378854625551,
    0.997093023255814,
    0.997029702970297,
    0.9969450101832994,
    0.9910313901345291,
    0.9916492693110647,
    0.9970817120622568,
    0.9938398357289527,
    0.9910802775024777
  ],
  "train_time_seconds": 150.2762439250946,
  "run_id": 55,
  "seed": 2081,
  "model_type": "cnn_gan",
  "dataset": "mnist"
}