{
  "accuracy": 0.9958,
  "precision_macro": 0.9957720863513874,
  "recall_macro": 0.9957791766911507,
  "f1_macro": 0.995771784355148,
  "precision_weighted": 0.9958085563647415,
  "recall_weighted": 0.9958,
  "f1_weighted": 0.9958004005241435,
  "per_class_f1": [
    0.9979612640163099,
    0.9956063268892794,
    0.9966035904900534,
    0.997029702970297,
    0.9959349593495935,
    0.9927333705980995,
    0.9952953476215368,
    0.9956076134699854,
    0.9964047252182845,
    0.9945409429280397
  ],
  "per_class_precision": [
    0.9969450101832994,
    0.992988606485539,
    0.9980563654033042,
    0.997029702970297,
    0.9939148073022313,
    0.9899665551839465,
    0.9968586387434555,
    0.9990205680705191,
    0.9969167523124358,
    0.9960238568588469
  ],
  "per_class_recall": [
    0.9989795918367347,
    0.9982378854625551,
    0.9951550387596899,
    0.997029702970297,
    0.9979633401221996,
    0.9955156950672646,
    0.9937369519832986,
    0.9922178988326849,
    0.9958932238193019,
    0.9930624380574826
  ],
  "train_time_seconds": 155.90481615066528,
  "run_id": 66,
  "seed": 2092,
  "model_type": "cnn",
  "dataset": "mnist"
}