{
  "accuracy": 0.9949,
  "precision_macro": 0.9949666407900569,
  "recall_macro": 0.9947977002507671,
  "f1_macro": 0.9948764524618795,
  "precision_weighted": 0.9949089741647591,
  "recall_weighted": 0.9949,
  "f1_weighted": 0.9948984980450765,
  "per_class_f1": [
    0.9974502804691484,
    0.9956140350877193,
    0.9961127308066083,
    0.9955599407992106,
    0.9943906170321265,
    0.9938236945536215,
    0.9937304075235109,
    0.9946576007770762,
    0.9953775038520801,
    0.9920477137176938
  ],
  "per_class_precision": [
    0.9969418960244648,
    0.9912663755458515,
    0.9990253411306043,
    0.992133726647001,
    0.9959141981613892,
    0.9955005624296963,
    0.9947698744769874,
    0.9932104752667313,
    0.9958890030832477,
    0.9950149551345963
  ],
  "per_class_recall": [
    0.9979591836734694,
    1.0,
    0.9932170542635659,
    0.999009900990099,
    0.9928716904276986,
    0.992152466367713,
    0.9926931106471816,
    0.9961089494163424,
    0.9948665297741273,
    0.9890981169474727
  ],
  "train_time_seconds": 146.35277104377747,
  "run_id": 42,
  "seed": 2068,
  "model_type": "cnn",
  "dataset": "mnist"
}