{
  "accuracy": 0.9951,
  "precision_macro": 0.9950442200609487,
  "recall_macro": 0.9950209697274873,
  "f1_macro": 0.9950301921497958,
  "precision_weighted": 0.995103205572731,
  "recall_weighted": 0.9951,
  "f1_weighted": 0.9950992094838177,
  "per_class_f1": [
    0.9969418960244648,
    0.9964788732394366,
    0.9975763451284537,
    0.995551161641127,
    0.9949135300101729,
    0.9921436588103255,
    0.9926854754440961,
    0.9961013645224172,
    0.9943676395289298,
    0.9935419771485345
  ],
  "per_class_precision": [
    0.9959266802443992,
    0.9956024626209323,
    0.9980601357904947,
    0.9940769990128332,
    0.9939024390243902,
    0.9932584269662922,
    0.9937238493723849,
    0.998046875,
    0.9918283963227783,
    0.9960159362549801
  ],
  "per_class_recall": [
    0.9979591836734694,
    0.9973568281938326,
    0.997093023255814,
    0.997029702970297,
    0.9959266802443992,
    0.9910313901345291,
    0.9916492693110647,
    0.9941634241245136,
    0.9969199178644764,
    0.9910802775024777
  ],
  "train_time_seconds": 146.8977930545807,
  "run_id": 35,
  "seed": 2061,
  "model_type": "cnn",
  "dataset": "mnist"
}