{
  "accuracy": 0.9957,
  "precision_macro": 0.9956180472147269,
  "recall_macro": 0.9956128231479843,
  "f1_macro": 0.9956128755038252,
  "precision_weighted": 0.9957046083996401,
  "recall_weighted": 0.9957,
  "f1_weighted": 0.995699727671413,
  "per_class_f1": [
    0.996938775510204,
    0.9986801583809943,
    0.9961277831558567,
    0.9965329370975731,
    0.9959349593495935,
    0.9921612541993281,
    0.9932185706833594,
    0.9956204379562044,
    0.9958890030832477,
    0.9950248756218906
  ],
  "per_class_precision": [
    0.996938775510204,
    0.9973637961335676,
    0.995164410058027,
    0.9970267591674926,
    0.9939148073022313,
    0.9910514541387024,
    0.9927007299270073,
    0.9961051606621227,
    0.9969135802469136,
    0.999000999000999
  ],
  "per_class_recall": [
    0.996938775510204,
    1.0,
    0.997093023255814,
    0.996039603960396,
    0.9979633401221996,
    0.9932735426008968,
    0.9937369519832986,
    0.995136186770428,
    0.9948665297741273,
    0.9910802775024777
  ],
  "train_time_seconds": 144.2003514766693,
  "run_id": 54,
  "seed": 2080,
  "model_type": "cnn",
  "dataset": "mnist"
}