{
  "accuracy": 0.9959,
  "precision_macro": 0.9958577858228918,
  "recall_macro": 0.9958104637679229,
  "f1_macro": 0.9958319255072187,
  "precision_weighted": 0.9959039412874954,
  "recall_weighted": 0.9959,
  "f1_weighted": 0.9958997530136463,
  "per_class_f1": [
    0.9974528782475802,
    0.9973614775725593,
    0.9985443959243085,
    0.9935739001482946,
    0.9964376590330789,
    0.992152466367713,
    0.9952904238618524,
    0.9975669099756691,
    0.9958974358974358,
    0.9940417080436942
  ],
  "per_class_precision": [
    0.9959308240081384,
    0.9956101843722563,
    1.0,
    0.9921026653504442,
    0.9959308240081384,
    0.992152466367713,
    0.9979013641133263,
    0.9980525803310614,
    0.9948770491803278,
    0.9960199004975124
  ],
  "per_class_recall": [
    0.9989795918367347,
    0.9991189427312775,
    0.997093023255814,
    0.995049504950495,
    0.9969450101832994,
    0.992152466367713,
    0.9926931106471816,
    0.9970817120622568,
    0.9969199178644764,
    0.9920713577799801
  ],
  "train_time_seconds": 139.8918797969818,
  "run_id": 59,
  "seed": 2085,
  "model_type": "cnn",
  "dataset": "mnist"
}