{
  "accuracy": 0.9938,
  "precision_macro": 0.9938028155004635,
  "recall_macro": 0.9937533543435224,
  "f1_macro": 0.9937726353088712,
  "precision_weighted": 0.9938036859524884,
  "recall_weighted": 0.9938,
  "f1_weighted": 0.9937964839665361,
  "per_class_f1": [
    0.9969450101832994,
    0.9951563188022897,
    0.9937046004842615,
    0.9950592885375494,
    0.9949238578680203,
    0.9921348314606742,
    0.9921507064364207,
    0.991236611489776,
    0.9948770491803278,
    0.9915380786460926
  ],
  "per_class_precision": [
    0.9949186991869918,
    0.9947183098591549,
    0.9932236205227493,
    0.9930966469428008,
    0.9919028340080972,
    0.9943693693693694,
    0.9947534102833159,
    0.9922027290448343,
    0.9928425357873211,
    0.996
  ],
  "per_class_recall": [
    0.9989795918367347,
    0.9955947136563876,
    0.9941860465116279,
    0.997029702970297,
    0.9979633401221996,
    0.9899103139013453,
    0.9895615866388309,
    0.9902723735408561,
    0.9969199178644764,
    0.9871159563924677
  ],
  "train_time_seconds": 151.98545241355896,
  "run_id": 91,
  "seed": 2117,
  "model_type": "cnn_gan",
  "dataset": "mnist"
}