{
  "accuracy": 0.9959,
  "precision_macro": 0.9959398635560619,
  "recall_macro": 0.9958263612431864,
  "f1_macro": 0.9958778279971279,
  "precision_weighted": 0.9959063897316437,
  "recall_weighted": 0.9959,
  "f1_weighted": 0.9958979839701558,
  "per_class_f1": [
    0.9969418960244648,
    0.996043956043956,
    0.9966101694915255,
    0.9970355731225297,
    0.9969481180061037,
    0.9949579831932773,
    0.9931758530183727,
    0.9956289460903351,
    0.996401028277635,
    0.9950347567030785
  ],
  "per_class_precision": [
    0.9959266802443992,
    0.993859649122807,
    0.9961277831558567,
    0.995069033530572,
    0.9959349593495935,
    0.9944008958566629,
    0.9989440337909187,
    0.9941804073714839,
    0.9979402677651905,
    0.9970149253731343
  ],
  "per_class_recall": [
    0.9979591836734694,
    0.9982378854625551,
    0.997093023255814,
    0.999009900990099,
    0.9979633401221996,
    0.9955156950672646,
    0.9874739039665971,
    0.9970817120622568,
    0.9948665297741273,
    0.9930624380574826
  ],
  "train_time_seconds": 147.9634952545166,
  "run_id": 52,
  "seed": 2078,
  "model_type": "cnn",
  "dataset": "mnist"
}