{
  "accuracy": 0.9951,
  "precision_macro": 0.9950632276241954,
  "recall_macro": 0.995021592599684,
  "f1_macro": 0.9950414268074761,
  "precision_weighted": 0.9951000959814894,
  "recall_weighted": 0.9951,
  "f1_weighted": 0.9950990600149664,
  "per_class_f1": [
    0.9974502804691484,
    0.9982394366197183,
    0.9961202715809894,
    0.9960474308300395,
    0.9938837920489296,
    0.9943946188340808,
    0.9932043910088866,
    0.9946524064171123,
    0.9943502824858758,
    0.9920713577799801
  ],
  "per_class_precision": [
    0.9969418960244648,
    0.9973614775725593,
    0.9970873786407767,
    0.9940828402366864,
    0.9948979591836735,
    0.9943946188340808,
    0.9947643979057592,
    0.9941690962099126,
    0.9948612538540597,
    0.9920713577799801
  ],
  "per_class_recall": [
    0.9979591836734694,
    0.9991189427312775,
    0.9951550387596899,
    0.998019801980198,
    0.9928716904276986,
    0.9943946188340808,
    0.9916492693110647,
    0.995136186770428,
    0.9938398357289527,
    0.9920713577799801
  ],
  "train_time_seconds": 165.58857703208923,
  "run_id": 40,
  "seed": 2066,
  "model_type": "cnn_gan",
  "dataset": "mnist"
}