{
  "accuracy": 0.9951,
  "precision_macro": 0.995071952680495,
  "recall_macro": 0.99504777934635,
  "f1_macro": 0.9950576149392214,
  "precision_weighted": 0.9951012944702506,
  "recall_weighted": 0.9951,
  "f1_weighted": 0.9950984295950162,
  "per_class_f1": [
    0.9959225280326198,
    0.9969203695556533,
    0.9966068831798351,
    0.9955423476968797,
    0.9954151808456444,
    0.9938375350140056,
    0.9926701570680628,
    0.9926936190940088,
    0.996415770609319,
    0.9945517582961863
  ],
  "per_class_precision": [
    0.994908350305499,
    0.9956063268892794,
    0.997090203685742,
    0.9960356788899901,
    0.9959225280326198,
    0.9932810750279956,
    0.9957983193277311,
    0.9941463414634146,
    0.9938712972420838,
    0.994059405940594
  ],
  "per_class_recall": [
    0.996938775510204,
    0.9982378854625551,
    0.9961240310077519,
    0.995049504950495,
    0.994908350305499,
    0.9943946188340808,
    0.9895615866388309,
    0.9912451361867705,
    0.9989733059548255,
    0.9950445986124876
  ],
  "train_time_seconds": 147.976220369339,
  "run_id": 60,
  "seed": 2086,
  "model_type": "cnn_gan",
  "dataset": "mnist"
}