{
  "accuracy": 0.9955,
  "precision_macro": 0.9954781050615382,
  "recall_macro": 0.9954684951666197,
  "f1_macro": 0.9954717716296446,
  "precision_weighted": 0.9955012408525159,
  "recall_weighted": 0.9955,
  "f1_weighted": 0.995499086180811,
  "per_class_f1": [
    0.9964376590330789,
    0.9964788732394366,
    0.9961240310077519,
    0.9970326409495549,
    0.9954105048444671,
    0.9943946188340808,
    0.9926931106471816,
    0.9941520467836257,
    0.997946611909651,
    0.9940476190476191
  ],
  "per_class_precision": [
    0.9939086294416244,
    0.9956024626209323,
    0.9961240310077519,
    0.9960474308300395,
    0.9969356486210419,
    0.9943946188340808,
    0.9926931106471816,
    0.99609375,
    0.997946611909651,
    0.9950347567030785
  ],
  "per_class_recall": [
    0.9989795918367347,
    0.9973568281938326,
    0.9961240310077519,
    0.998019801980198,
    0.9938900203665988,
    0.9943946188340808,
    0.9926931106471816,
    0.9922178988326849,
    0.997946611909651,
    0.9930624380574826
  ],
  "train_time_seconds": 147.51215243339539,
  "run_id": 68,
  "seed": 2094,
  "model_type": "cnn_gan",
  "dataset": "mnist"
}