{
  "accuracy": 0.9958,
  "precision_macro": 0.9957919661968286,
  "recall_macro": 0.995705713951395,
  "f1_macro": 0.9957472142009328,
  "precision_weighted": 0.9958010463275574,
  "recall_weighted": 0.9958,
  "f1_weighted": 0.995798821979367,
  "per_class_f1": [
    0.9979591836734694,
    0.9973637961335676,
    0.997090203685742,
    0.9970326409495549,
    0.9943906170321265,
    0.9943946188340808,
    0.9926778242677824,
    0.9965936739659368,
    0.9964084145715751,
    0.9935611688954928
  ],
  "per_class_precision": [
    0.9979591836734694,
    0.9947414548641542,
    0.9980582524271845,
    0.9960474308300395,
    0.9959141981613892,
    0.9943946188340808,
    0.9947589098532494,
    0.997078870496592,
    0.9958974358974358,
    0.9930693069306931
  ],
  "per_class_recall": [
    0.9979591836734694,
    1.0,
    0.9961240310077519,
    0.998019801980198,
    0.9928716904276986,
    0.9943946188340808,
    0.9906054279749478,
    0.9961089494163424,
    0.9969199178644764,
    0.9940535183349851
  ],
  "train_time_seconds": 145.5190351009369,
  "run_id": 5,
  "seed": 2031,
  "model_type": "cnn",
  "dataset": "mnist"
}