{
  "accuracy": 0.9949,
  "precision_macro": 0.9949439628792701,
  "recall_macro": 0.9948409118325001,
  "f1_macro": 0.9948874298685819,
  "precision_weighted": 0.9949071659179893,
  "recall_weighted": 0.9949,
  "f1_weighted": 0.9948986707209567,
  "per_class_f1": [
    0.9974554707379135,
    0.9969203695556533,
    0.9951456310679612,
    0.9955599407992106,
    0.9933909506863243,
    0.9955056179775281,
    0.9937106918238994,
    0.9922103213242454,
    0.9964047252182845,
    0.9925705794947994
  ],
  "per_class_precision": [
    0.9949238578680203,
    0.9956063268892794,
    0.9970817120622568,
    0.992133726647001,
    0.9918781725888325,
    0.9977477477477478,
    0.9978947368421053,
    0.99317738791423,
    0.9969167523124358,
    0.9920792079207921
  ],
  "per_class_recall": [
    1.0,
    0.9982378854625551,
    0.9932170542635659,
    0.999009900990099,
    0.994908350305499,
    0.9932735426008968,
    0.9895615866388309,
    0.9912451361867705,
    0.9958932238193019,
    0.9930624380574826
  ],
  "train_time_seconds": 151.8996386528015,
  "run_id": 71,
  "seed": 2097,
  "model_type": "cnn_gan",
  "dataset": "mnist"
}