{
  "accuracy": 0.9955,
  "precision_macro": 0.9954731525048516,
  "recall_macro": 0.9953857376417113,
  "f1_macro": 0.9954271114774927,
  "precision_weighted": 0.9955026481803743,
  "recall_weighted": 0.9955,
  "f1_weighted": 0.9954990169684502,
  "per_class_f1": [
    0.9954151808456444,
    0.9978002639683238,
    0.997573993207181,
    0.9955555555555555,
    0.9959266802443992,
    0.9927007299270073,
    0.9931972789115646,
    0.994647201946472,
    0.9964047252182845,
    0.995049504950495
  ],
  "per_class_precision": [
    0.9938962360122076,
    0.9964850615114236,
    0.9990281827016521,
    0.993103448275862,
    0.9959266802443992,
    0.9943757030371203,
    0.9958027282266527,
    0.9951314508276533,
    0.9969167523124358,
    0.9940652818991098
  ],
  "per_class_recall": [
    0.996938775510204,
    0.9991189427312775,
    0.9961240310077519,
    0.998019801980198,
    0.9959266802443992,
    0.9910313901345291,
    0.9906054279749478,
    0.9941634241245136,
    0.9958932238193019,
    0.9960356788899901
  ],
  "train_time_seconds": 171.3667585849762,
  "run_id": 8,
  "seed": 2034,
  "model_type": "cnn_gan",
  "dataset": "mnist"
}