{
  "accuracy": 0.9962,
  "precision_macro": 0.9961939231734751,
  "recall_macro": 0.9961269535643265,
  "f1_macro": 0.9961586395038223,
  "precision_weighted": 0.9962021299611948,
  "recall_weighted": 0.9962,
  "f1_weighted": 0.9961993233164163,
  "per_class_f1": [
    0.9979612640163099,
    0.9973568281938326,
    0.9980638915779284,
    0.994567901234568,
    0.9959225280326198,
    0.9943820224719101,
    0.9942498693152118,
    0.9961051606621227,
    0.9974345818368394,
    0.9955423476968797
  ],
  "per_class_precision": [
    0.9969450101832994,
    0.9973568281938326,
    0.9970986460348162,
    0.9921182266009853,
    0.996938775510204,
    0.9966216216216216,
    0.9958115183246073,
    0.9970760233918129,
    0.9969230769230769,
    0.995049504950495
  ],
  "per_class_recall": [
    0.9989795918367347,
    0.9973568281938326,
    0.999031007751938,
    0.997029702970297,
    0.994908350305499,
    0.992152466367713,
    0.9926931106471816,
    0.995136186770428,
    0.997946611909651,
    0.9960356788899901
  ],
  "train_time_seconds": 168.40327048301697,
  "run_id": 28,
  "seed": 2054,
  "model_type": "cnn",
  "dataset": "mnist"
}