{
  "accuracy": 0.9961,
  "precision_macro": 0.9961060897960812,
  "recall_macro": 0.9960755640767077,
  "f1_macro": 0.9960897457119925,
  "precision_weighted": 0.9961009637170346,
  "recall_weighted": 0.9961,
  "f1_weighted": 0.9960994189499286,
  "per_class_f1": [
    0.9974528782475802,
    0.9964788732394366,
    0.9966101694915255,
    0.9965329370975731,
    0.9964376590330789,
    0.996078431372549,
    0.9942498693152118,
    0.995136186770428,
    0.9958847736625515,
    0.9960356788899901
  ],
  "per_class_precision": [
    0.9959308240081384,
    0.9956024626209323,
    0.9961277831558567,
    0.9970267591674926,
    0.9959308240081384,
    0.9955207166853304,
    0.9958115183246073,
    0.995136186770428,
    0.9979381443298969,
    0.9960356788899901
  ],
  "per_class_recall": [
    0.9989795918367347,
    0.9973568281938326,
    0.997093023255814,
    0.996039603960396,
    0.9969450101832994,
    0.9966367713004485,
    0.9926931106471816,
    0.995136186770428,
    0.9938398357289527,
    0.9960356788899901
  ],
  "train_time_seconds": 154.71727323532104,
  "run_id": 16,
  "seed": 2042,
  "model_type": "cnn",
  "dataset": "mnist"
}