{
  "accuracy": 0.9958,
  "precision_macro": 0.9957824547538484,
  "recall_macro": 0.9957350821636426,
  "f1_macro": 0.995754120017142,
  "precision_weighted": 0.9958046137075135,
  "recall_weighted": 0.9958,
  "f1_weighted": 0.9957977432573464,
  "per_class_f1": [
    0.9959308240081384,
    0.9977983267283135,
    0.997093023255814,
    0.9975284231339595,
    0.9949186991869918,
    0.9949466591802358,
    0.9947643979057592,
    0.9961089494163424,
    0.9964120963608406,
    0.9920398009950249
  ],
  "per_class_precision": [
    0.9929006085192698,
    0.9973591549295775,
    0.997093023255814,
    0.9960513326752222,
    0.9929006085192698,
    0.9966254218222722,
    0.9978991596638656,
    0.9961089494163424,
    0.9948822927328557,
    0.996003996003996
  ],
  "per_class_recall": [
    0.9989795918367347,
    0.9982378854625551,
    0.997093023255814,
    0.999009900990099,
    0.9969450101832994,
    0.9932735426008968,
    0.9916492693110647,
    0.9961089494163424,
    0.997946611909651,
    0.9881070366699702
  ],
  "train_time_seconds": 155.40870666503906,
  "run_id": 25,
  "seed": 2051,
  "model_type": "cnn_gan",
  "dataset": "mnist"
}