{
  "accuracy": 0.9955,
  "precision_macro": 0.9955056966428778,
  "recall_macro": 0.9953550395817785,
  "f1_macro": 0.9954240343623268,
  "precision_weighted": 0.9955084499115896,
  "recall_weighted": 0.9955,
  "f1_weighted": 0.9954982076675387,
  "per_class_f1": [
    0.9964376590330789,
    0.9991197183098591,
    0.9956374212312167,
    0.9960513326752222,
    0.9954291518537328,
    0.9938028169014085,
    0.993717277486911,
    0.9956161714564052,
    0.9948612538540597,
    0.9935675408213755
  ],
  "per_class_precision": [
    0.9939086294416244,
    0.9982409850483729,
    0.9961202715809894,
    0.9931102362204725,
    0.9929078014184397,
    0.9988674971687429,
    0.9968487394957983,
    0.9970731707317073,
    0.9958847736625515,
    0.9920948616600791
  ],
  "per_class_recall": [
    0.9989795918367347,
    1.0,
    0.9951550387596899,
    0.999009900990099,
    0.9979633401221996,
    0.9887892376681614,
    0.9906054279749478,
    0.9941634241245136,
    0.9938398357289527,
    0.9950445986124876
  ],
  "train_time_seconds": 164.41787385940552,
  "run_id": 18,
  "seed": 2044,
  "model_type": "cnn_gan",
  "dataset": "mnist"
}