{
  "accuracy": 0.9948,
  "precision_macro": 0.9947695081658026,
  "recall_macro": 0.9947350453834984,
  "f1_macro": 0.9947507377369054,
  "precision_weighted": 0.9948003155701508,
  "recall_weighted": 0.9948,
  "f1_weighted": 0.9947985968961847,
  "per_class_f1": [
    0.998470168281489,
    0.9964819700967458,
    0.9956374212312167,
    0.9940535183349851,
    0.9928716904276986,
    0.9921436588103255,
    0.9947862356621481,
    0.9965903555772041,
    0.9959016393442623,
    0.9905707196029777
  ],
  "per_class_precision": [
    0.9979612640163099,
    0.9947322212467077,
    0.9961202715809894,
    0.9950396825396826,
    0.9928716904276986,
    0.9932584269662922,
    0.99375,
    0.9980487804878049,
    0.9938650306748467,
    0.9920477137176938
  ],
  "per_class_recall": [
    0.9989795918367347,
    0.9982378854625551,
    0.9951550387596899,
    0.9930693069306931,
    0.9928716904276986,
    0.9910313901345291,
    0.9958246346555324,
    0.995136186770428,
    0.997946611909651,
    0.9890981169474727
  ],
  "train_time_seconds": 156.76082253456116,
  "run_id": 43,
  "seed": 2069,
  "model_type": "cnn_gan",
  "dataset": "mnist"
}