{
  "accuracy": 0.9962,
  "precision_macro": 0.9962335693038995,
  "recall_macro": 0.9960678885595756,
  "f1_macro": 0.9961468448824989,
  "precision_weighted": 0.9962048818125726,
  "recall_weighted": 0.9962,
  "f1_weighted": 0.9961985932681946,
  "per_class_f1": [
    0.9974528782475802,
    0.9973637961335676,
    0.998062015503876,
    0.9955555555555555,
    0.9949135300101729,
    0.9938167509836987,
    0.9947643979057592,
    0.997569275644142,
    0.9974293059125964,
    0.9945409429280397
  ],
  "per_class_precision": [
    0.9959308240081384,
    0.9947414548641542,
    0.998062015503876,
    0.993103448275862,
    0.9939024390243902,
    0.9966178128523112,
    0.9978991596638656,
    0.9970845481049563,
    0.9989701338825953,
    0.9960238568588469
  ],
  "per_class_recall": [
    0.9989795918367347,
    1.0,
    0.998062015503876,
    0.998019801980198,
    0.9959266802443992,
    0.9910313901345291,
    0.9916492693110647,
    0.9980544747081712,
    0.9958932238193019,
    0.9930624380574826
  ],
  "train_time_seconds": 146.51481819152832,
  "run_id": 36,
  "seed": 2062,
  "model_type": "cnn",
  "dataset": "mnist"
}