{
  "accuracy": 0.9951,
  "precision_macro": 0.9950283671891598,
  "recall_macro": 0.9950261482850203,
  "f1_macro": 0.995025510803929,
  "precision_weighted": 0.9951029889336982,
  "recall_weighted": 0.9951,
  "f1_weighted": 0.9950997746517846,
  "per_class_f1": [
    0.9969418960244648,
    0.9977983267283135,
    0.9966068831798351,
    0.995551161641127,
    0.9938712972420838,
    0.9921612541993281,
    0.9932185706833594,
    0.9941690962099126,
    0.9958890030832477,
    0.9940476190476191
  ],
  "per_class_precision": [
    0.9959266802443992,
    0.9973591549295775,
    0.997090203685742,
    0.9940769990128332,
    0.9969262295081968,
    0.9910514541387024,
    0.9927007299270073,
    0.9932038834951457,
    0.9969135802469136,
    0.9950347567030785
  ],
  "per_class_recall": [
    0.9979591836734694,
    0.9982378854625551,
    0.9961240310077519,
    0.997029702970297,
    0.9908350305498982,
    0.9932735426008968,
    0.9937369519832986,
    0.995136186770428,
    0.9948665297741273,
    0.9930624380574826
  ],
  "train_time_seconds": 148.599205493927,
  "run_id": 79,
  "seed": 2105,
  "model_type": "cnn",
  "dataset": "mnist"
}