{
  "accuracy": 0.9952,
  "precision_macro": 0.9951641228789756,
  "recall_macro": 0.9951883927670551,
  "f1_macro": 0.9951753502592708,
  "precision_weighted": 0.9952017986180622,
  "recall_weighted": 0.9952,
  "f1_weighted": 0.9951999986613597,
  "per_class_f1": [
    0.9969418960244648,
    0.9964757709251101,
    0.9966035904900534,
    0.9950445986124876,
    0.994908350305499,
    0.9944008958566629,
    0.9947753396029259,
    0.9946576007770762,
    0.995382247306311,
    0.992563212692117
  ],
  "per_class_precision": [
    0.9959266802443992,
    0.9964757709251101,
    0.9980563654033042,
    0.996031746031746,
    0.994908350305499,
    0.9932885906040269,
    0.99581589958159,
    0.9932104752667313,
    0.9948717948717949,
    0.9930555555555556
  ],
  "per_class_recall": [
    0.9979591836734694,
    0.9964757709251101,
    0.9951550387596899,
    0.994059405940594,
    0.994908350305499,
    0.9955156950672646,
    0.9937369519832986,
    0.9961089494163424,
    0.9958932238193019,
    0.9920713577799801
  ],
  "train_time_seconds": 161.22330451011658,
  "run_id": 42,
  "seed": 2068,
  "model_type": "cnn_gan",
  "dataset": "mnist"
}