{
  "accuracy": 0.9953,
  "precision_macro": 0.9953046195076685,
  "recall_macro": 0.9952634458455654,
  "f1_macro": 0.9952767335889398,
  "precision_weighted": 0.9953111149761517,
  "recall_weighted": 0.9953,
  "f1_weighted": 0.9952982778394011,
  "per_class_f1": [
    0.9969450101832994,
    0.9969203695556533,
    0.9951550387596899,
    0.9970326409495549,
    0.9929078014184397,
    0.9949523275378576,
    0.9937238493723849,
    0.994647201946472,
    0.9984591679506933,
    0.9920239282153539
  ],
  "per_class_precision": [
    0.9949186991869918,
    0.9956063268892794,
    0.9951550387596899,
    0.9960474308300395,
    0.9879032258064516,
    0.9955106621773289,
    0.9958071278825996,
    0.9951314508276533,
    0.998972250770812,
    0.9979939819458375
  ],
  "per_class_recall": [
    0.9989795918367347,
    0.9982378854625551,
    0.9951550387596899,
    0.998019801980198,
    0.9979633401221996,
    0.9943946188340808,
    0.9916492693110647,
    0.9941634241245136,
    0.997946611909651,
    0.9861248761149654
  ],
  "train_time_seconds": 154.78562140464783,
  "run_id": 81,
  "seed": 2107,
  "model_type": "cnn_gan",
  "dataset": "mnist"
}