{
  "accuracy": 0.9951,
  "precision_macro": 0.9950624106171977,
  "recall_macro": 0.9950221924142776,
  "f1_macro": 0.995041949715131,
  "precision_weighted": 0.9950993149457067,
  "recall_weighted": 0.9951,
  "f1_weighted": 0.9950992844153544,
  "per_class_f1": [
    0.996938775510204,
    0.9978002639683238,
    0.9956374212312167,
    0.995049504950495,
    0.9933842239185751,
    0.9927089175546832,
    0.9947807933194155,
    0.995136186770428,
    0.9969199178644764,
    0.9920634920634921
  ],
  "per_class_precision": [
    0.996938775510204,
    0.9964850615114236,
    0.9961202715809894,
    0.995049504950495,
    0.9928789420142421,
    0.9932659932659933,
    0.9947807933194155,
    0.995136186770428,
    0.9969199178644764,
    0.9930486593843099
  ],
  "per_class_recall": [
    0.996938775510204,
    0.9991189427312775,
    0.9951550387596899,
    0.995049504950495,
    0.9938900203665988,
    0.992152466367713,
    0.9947807933194155,
    0.995136186770428,
    0.9969199178644764,
    0.9910802775024777
  ],
  "train_time_seconds": 159.93662524223328,
  "run_id": 21,
  "seed": 2047,
  "model_type": "cnn_gan",
  "dataset": "mnist"
}