{
  "accuracy": 0.9955,
  "precision_macro": 0.9955371680149231,
  "recall_macro": 0.9953767965744682,
  "f1_macro": 0.9954514544949529,
  "precision_weighted": 0.9955071411499803,
  "recall_weighted": 0.9955,
  "f1_weighted": 0.9954982805793281,
  "per_class_f1": [
    0.99644128113879,
    0.9969203695556533,
    0.9966035904900534,
    0.9965397923875432,
    0.9943963321446765,
    0.9943693693693694,
    0.9921507064364207,
    0.9951409135082604,
    0.996401028277635,
    0.995551161641127
  ],
  "per_class_precision": [
    0.9929078014184397,
    0.9956063268892794,
    0.9980563654033042,
    0.9950641658440277,
    0.9949031600407747,
    0.998868778280543,
    0.9947534102833159,
    0.9941747572815534,
    0.9979402677651905,
    0.9930966469428008
  ],
  "per_class_recall": [
    1.0,
    0.9982378854625551,
    0.9951550387596899,
    0.998019801980198,
    0.9938900203665988,
    0.9899103139013453,
    0.9895615866388309,
    0.9961089494163424,
    0.9948665297741273,
    0.998017839444995
  ],
  "train_time_seconds": 165.18235039710999,
  "run_id": 3,
  "seed": 2029,
  "model_type": "cnn_gan",
  "dataset": "mnist"
}