{
  "accuracy": 0.9952,
  "precision_macro": 0.9952133203107353,
  "recall_macro": 0.9951539100864475,
  "f1_macro": 0.995182623523629,
  "precision_weighted": 0.9952010429187458,
  "recall_weighted": 0.9952,
  "f1_weighted": 0.9951995061129102,
  "per_class_f1": [
    0.9969418960244648,
    0.9964819700967458,
    0.9956374212312167,
    0.9970267591674926,
    0.994908350305499,
    0.9955156950672646,
    0.9937238493723849,
    0.9946524064171123,
    0.9948665297741273,
    0.9920713577799801
  ],
  "per_class_precision": [
    0.9959266802443992,
    0.9947322212467077,
    0.9961202715809894,
    0.998015873015873,
    0.994908350305499,
    0.9955156950672646,
    0.9958071278825996,
    0.9941690962099126,
    0.9948665297741273,
    0.9920713577799801
  ],
  "per_class_recall": [
    0.9979591836734694,
    0.9982378854625551,
    0.9951550387596899,
    0.996039603960396,
    0.994908350305499,
    0.9955156950672646,
    0.9916492693110647,
    0.995136186770428,
    0.9948665297741273,
    0.9920713577799801
  ],
  "train_time_seconds": 150.6104211807251,
  "run_id": 89,
  "seed": 2115,
  "model_type": "cnn_gan",
  "dataset": "mnist"
}