{
  "accuracy": 0.9958,
  "precision_macro": 0.9958238353913881,
  "recall_macro": 0.9956944161174166,
  "f1_macro": 0.9957556554036708,
  "precision_weighted": 0.9958040282933857,
  "recall_weighted": 0.9958,
  "f1_weighted": 0.9957985867339881,
  "per_class_f1": [
    0.9974528782475802,
    0.9978021978021978,
    0.9966068831798351,
    0.9970326409495549,
    0.9933774834437086,
    0.9955106621773289,
    0.994231777661248,
    0.9965969859017987,
    0.9953775038520801,
    0.9935675408213755
  ],
  "per_class_precision": [
    0.9959308240081384,
    0.9956140350877193,
    0.997090203685742,
    0.9960474308300395,
    0.9938837920489296,
    0.996629213483146,
    0.9989462592202318,
    0.9961127308066083,
    0.9958890030832477,
    0.9920948616600791
  ],
  "per_class_recall": [
    0.9989795918367347,
    1.0,
    0.9961240310077519,
    0.998019801980198,
    0.9928716904276986,
    0.9943946188340808,
    0.9895615866388309,
    0.9970817120622568,
    0.9948665297741273,
    0.9950445986124876
  ],
  "train_time_seconds": 142.74011063575745,
  "run_id": 80,
  "seed": 2106,
  "model_type": "cnn",
  "dataset": "mnist"
}