{
  "accuracy": 0.9956,
  "precision_macro": 0.9955288946433546,
  "recall_macro": 0.9955712381104889,
  "f1_macro": 0.9955473592660422,
  "precision_weighted": 0.9956039885285247,
  "recall_weighted": 0.9956,
  "f1_weighted": 0.995599425995499,
  "per_class_f1": [
    0.9979612640163099,
    0.996914940502424,
    0.9975786924939467,
    0.9960435212660732,
    0.9943963321446765,
    0.9927333705980995,
    0.9942378208486118,
    0.995136186770428,
    0.9969230769230769,
    0.9935483870967742
  ],
  "per_class_precision": [
    0.9969450101832994,
    0.9973544973544973,
    0.9970958373668926,
    0.9950592885375494,
    0.9949031600407747,
    0.9899665551839465,
    0.9978969505783386,
    0.995136186770428,
    0.9959016393442623,
    0.9950298210735586
  ],
  "per_class_recall": [
    0.9989795918367347,
    0.9964757709251101,
    0.998062015503876,
    0.997029702970297,
    0.9938900203665988,
    0.9955156950672646,
    0.9906054279749478,
    0.995136186770428,
    0.997946611909651,
    0.9920713577799801
  ],
  "train_time_seconds": 146.6187572479248,
  "run_id": 78,
  "seed": 2104,
  "model_type": "cnn",
  "dataset": "mnist"
}