{
  "accuracy": 0.9953,
  "precision_macro": 0.9952571310886931,
  "recall_macro": 0.9952275842209908,
  "f1_macro": 0.9952365185453841,
  "precision_weighted": 0.9953110418479704,
  "recall_weighted": 0.9953,
  "f1_weighted": 0.9952997275683493,
  "per_class_f1": [
    0.9979612640163099,
    0.9973637961335676,
    0.9951550387596899,
    0.9945463559742191,
    0.9944190766108574,
    0.9916154276131918,
    0.9947643979057592,
    0.9961089494163424,
    0.996401028277635,
    0.9940298507462687
  ],
  "per_class_precision": [
    0.9969450101832994,
    0.9947414548641542,
    0.9951550387596899,
    0.9960278053624627,
    0.9908998988877654,
    0.9888517279821628,
    0.9978991596638656,
    0.9961089494163424,
    0.9979402677651905,
    0.998001998001998
  ],
  "per_class_recall": [
    0.9989795918367347,
    1.0,
    0.9951550387596899,
    0.9930693069306931,
    0.9979633401221996,
    0.9943946188340808,
    0.9916492693110647,
    0.9961089494163424,
    0.9948665297741273,
    0.9900891972249752
  ],
  "train_time_seconds": 145.51797771453857,
  "run_id": 77,
  "seed": 2103,
  "model_type": "cnn",
  "dataset": "mnist"
}