{
  "accuracy": 0.9947,
  "precision_macro": 0.9946806628945136,
  "recall_macro": 0.9945899177792856,
  "f1_macro": 0.9946321574960046,
  "precision_weighted": 0.9947020276026682,
  "recall_weighted": 0.9947,
  "f1_weighted": 0.9946979083774525,
  "per_class_f1": [
    0.9959141981613892,
    0.9982394366197183,
    0.9966167230546158,
    0.9960435212660732,
    0.9939024390243902,
    0.9943820224719101,
    0.9916405433646813,
    0.9936801166747691,
    0.9943560800410467,
    0.991546494281452
  ],
  "per_class_precision": [
    0.9969325153374233,
    0.9973614775725593,
    0.9942140790742526,
    0.9950592885375494,
    0.9918864097363083,
    0.9966216216216216,
    0.9926778242677824,
    0.9931972789115646,
    0.9938461538461538,
    0.9950099800399201
  ],
  "per_class_recall": [
    0.9948979591836735,
    0.9991189427312775,
    0.999031007751938,
    0.997029702970297,
    0.9959266802443992,
    0.992152466367713,
    0.9906054279749478,
    0.9941634241245136,
    0.9948665297741273,
    0.9881070366699702
  ],
  "train_time_seconds": 157.4616870880127,
  "run_id": 20,
  "seed": 2046,
  "model_type": "cnn_gan",
  "dataset": "mnist"
}