{
  "accuracy": 0.9953,
  "precision_macro": 0.9952373349654616,
  "recall_macro": 0.9952679641868223,
  "f1_macro": 0.9952504853994636,
  "precision_weighted": 0.9953014964854964,
  "recall_weighted": 0.9953,
  "f1_weighted": 0.9952986504543931,
  "per_class_f1": [
    0.998470168281489,
    0.9977983267283135,
    0.9956374212312167,
    0.995049504950495,
    0.9954151808456444,
    0.9927252378287633,
    0.9947698744769874,
    0.994647201946472,
    0.9969293756397134,
    0.9910625620655412
  ],
  "per_class_precision": [
    0.9979612640163099,
    0.9973591549295775,
    0.9961202715809894,
    0.995049504950495,
    0.9959225280326198,
    0.9910614525139665,
    0.9968553459119497,
    0.9951314508276533,
    0.9938775510204082,
    0.9930348258706467
  ],
  "per_class_recall": [
    0.9989795918367347,
    0.9982378854625551,
    0.9951550387596899,
    0.995049504950495,
    0.994908350305499,
    0.9943946188340808,
    0.9926931106471816,
    0.9941634241245136,
    1.0,
    0.9890981169474727
  ],
  "train_time_seconds": 158.55738735198975,
  "run_id": 22,
  "seed": 2048,
  "model_type": "cnn_gan",
  "dataset": "mnist"
}