{
  "accuracy": 0.9963,
  "precision_macro": 0.9962928131332045,
  "recall_macro": 0.9962381448927266,
  "f1_macro": 0.9962635511663567,
  "precision_weighted": 0.9963027642659885,
  "recall_weighted": 0.9963,
  "f1_weighted": 0.9962994245254442,
  "per_class_f1": [
    0.9979591836734694,
    0.9986801583809943,
    0.9970958373668926,
    0.997029702970297,
    0.9943963321446765,
    0.9966367713004485,
    0.9947698744769874,
    0.9956118966357874,
    0.9958932238193019,
    0.9945625308947108
  ],
  "per_class_precision": [
    0.9979591836734694,
    0.9973637961335676,
    0.9961315280464217,
    0.997029702970297,
    0.9949031600407747,
    0.9966367713004485,
    0.9968553459119497,
    0.9980449657869013,
    0.9958932238193019,
    0.9921104536489151
  ],
  "per_class_recall": [
    0.9979591836734694,
    1.0,
    0.998062015503876,
    0.997029702970297,
    0.9938900203665988,
    0.9966367713004485,
    0.9926931106471816,
    0.9931906614785992,
    0.9958932238193019,
    0.9970267591674926
  ],
  "train_time_seconds": 159.60854172706604,
  "run_id": 30,
  "seed": 2056,
  "model_type": "cnn",
  "dataset": "mnist"
}