{
  "accuracy": 0.9948,
  "precision_macro": 0.9947370278541914,
  "recall_macro": 0.9948110149379694,
  "f1_macro": 0.9947701417121726,
  "precision_weighted": 0.9948070388266351,
  "recall_weighted": 0.9948,
  "f1_weighted": 0.9947996244221855,
  "per_class_f1": [
    0.9944077275038129,
    0.9960264900662251,
    0.9966068831798351,
    0.9955467590301831,
    0.9938900203665988,
    0.9955156950672646,
    0.9932043910088866,
    0.9965969859017987,
    0.9938587512794268,
    0.9920477137176938
  ],
  "per_class_precision": [
    0.9908814589665653,
    0.9982300884955753,
    0.997090203685742,
    0.9950544015825915,
    0.9938900203665988,
    0.9955156950672646,
    0.9947643979057592,
    0.9961127308066083,
    0.9908163265306122,
    0.9950149551345963
  ],
  "per_class_recall": [
    0.9979591836734694,
    0.9938325991189427,
    0.9961240310077519,
    0.996039603960396,
    0.9938900203665988,
    0.9955156950672646,
    0.9916492693110647,
    0.9970817120622568,
    0.9969199178644764,
    0.9890981169474727
  ],
  "train_time_seconds": 214.3556671142578,
  "run_id": 100,
  "seed": 2126,
  "model_type": "cnn_gan",
  "dataset": "mnist"
}