{
  "accuracy": 0.9964,
  "precision_macro": 0.9964060400912602,
  "recall_macro": 0.9963455959287344,
  "f1_macro": 0.9963730249983002,
  "precision_weighted": 0.9964034353476321,
  "recall_weighted": 0.9964,
  "f1_weighted": 0.9963989748420458,
  "per_class_f1": [
    0.9979612640163099,
    0.9973591549295775,
    0.9966167230546158,
    0.996039603960396,
    0.9974554707379135,
    0.9949579831932773,
    0.9947589098532494,
    0.9951314508276533,
    0.9969167523124358,
    0.9965329370975731
  ],
  "per_class_precision": [
    0.9969450101832994,
    0.9964819700967458,
    0.9942140790742526,
    0.996039603960396,
    0.9969481180061037,
    0.9944008958566629,
    0.9989473684210526,
    0.9961013645224172,
    0.9979423868312757,
    0.996039603960396
  ],
  "per_class_recall": [
    0.9989795918367347,
    0.9982378854625551,
    0.999031007751938,
    0.996039603960396,
    0.9979633401221996,
    0.9955156950672646,
    0.9906054279749478,
    0.9941634241245136,
    0.9958932238193019,
    0.9970267591674926
  ],
  "train_time_seconds": 145.89749884605408,
  "run_id": 41,
  "seed": 2067,
  "model_type": "cnn",
  "dataset": "mnist"
}