{
  "accuracy": 0.9956,
  "precision_macro": 0.9956451271728529,
  "recall_macro": 0.9955114514837178,
  "f1_macro": 0.9955739348691631,
  "precision_weighted": 0.9956075421717391,
  "recall_weighted": 0.9956,
  "f1_weighted": 0.9955993164975525,
  "per_class_f1": [
    0.9974502804691484,
    0.9969230769230769,
    0.9956584659913169,
    0.9945571499257794,
    0.9954151808456444,
    0.9943883277216611,
    0.9942438513867086,
    0.9951219512195122,
    0.9974293059125964,
    0.9945517582961863
  ],
  "per_class_precision": [
    0.9969418960244648,
    0.9947368421052631,
    0.9913544668587896,
    0.9940652818991098,
    0.9959225280326198,
    0.9955056179775281,
    0.9968520461699895,
    0.9980430528375733,
    0.9989701338825953,
    0.994059405940594
  ],
  "per_class_recall": [
    0.9979591836734694,
    0.9991189427312775,
    1.0,
    0.995049504950495,
    0.994908350305499,
    0.9932735426008968,
    0.9916492693110647,
    0.9922178988326849,
    0.9958932238193019,
    0.9950445986124876
  ],
  "train_time_seconds": 149.01651453971863,
  "run_id": 53,
  "seed": 2079,
  "model_type": "cnn",
  "dataset": "mnist"
}