{
  "accuracy": 0.9958,
  "precision_macro": 0.9957562918109559,
  "recall_macro": 0.9957708619893882,
  "f1_macro": 0.9957622704693238,
  "precision_weighted": 0.9958017572576903,
  "recall_weighted": 0.9958,
  "f1_weighted": 0.9957996331632089,
  "per_class_f1": [
    0.9974476773864216,
    0.9964788732394366,
    0.998062015503876,
    0.9975235264982665,
    0.9949031600407747,
    0.9944071588366891,
    0.9932043910088866,
    0.995136186770428,
    0.9964120963608406,
    0.9940476190476191
  ],
  "per_class_precision": [
    0.9979570990806946,
    0.9956024626209323,
    0.998062015503876,
    0.998017839444995,
    0.9959183673469387,
    0.9921875,
    0.9947643979057592,
    0.995136186770428,
    0.9948822927328557,
    0.9950347567030785
  ],
  "per_class_recall": [
    0.996938775510204,
    0.9973568281938326,
    0.998062015503876,
    0.997029702970297,
    0.9938900203665988,
    0.9966367713004485,
    0.9916492693110647,
    0.995136186770428,
    0.997946611909651,
    0.9930624380574826
  ],
  "train_time_seconds": 145.9119336605072,
  "run_id": 63,
  "seed": 2089,
  "model_type": "cnn",
  "dataset": "mnist"
}