{
  "accuracy": 0.9945,
  "precision_macro": 0.9945008777358886,
  "recall_macro": 0.9944083818573816,
  "f1_macro": 0.9944520431466737,
  "precision_weighted": 0.9945042026105517,
  "recall_weighted": 0.9945,
  "f1_weighted": 0.9944994980053325,
  "per_class_f1": [
    0.9959225280326198,
    0.9969203695556533,
    0.9946576007770762,
    0.9945517582961863,
    0.9954151808456444,
    0.9932584269662922,
    0.9921671018276762,
    0.9936984973339796,
    0.9948665297741273,
    0.9930624380574826
  ],
  "per_class_precision": [
    0.994908350305499,
    0.9956063268892794,
    0.997078870496592,
    0.9950445986124876,
    0.9959225280326198,
    0.9954954954954955,
    0.9926854754440961,
    0.9903381642512077,
    0.9948665297741273,
    0.9930624380574826
  ],
  "per_class_recall": [
    0.996938775510204,
    0.9982378854625551,
    0.9922480620155039,
    0.994059405940594,
    0.994908350305499,
    0.9910313901345291,
    0.9916492693110647,
    0.9970817120622568,
    0.9948665297741273,
    0.9930624380574826
  ],
  "train_time_seconds": 152.29873085021973,
  "run_id": 75,
  "seed": 2101,
  "model_type": "cnn_gan",
  "dataset": "mnist"
}