{
  "accuracy": 0.9951,
  "precision_macro": 0.9950980141399765,
  "recall_macro": 0.9950439403451343,
  "f1_macro": 0.9950630475696697,
  "precision_weighted": 0.9951121805571238,
  "recall_weighted": 0.9951,
  "f1_weighted": 0.9950982295889406,
  "per_class_f1": [
    0.9954245043213015,
    0.9969122187913542,
    0.9951737451737451,
    0.9950592885375494,
    0.9933707292197859,
    0.9949409780775716,
    0.9921424829753798,
    0.9951171875,
    0.9974398361495136,
    0.995049504950495
  ],
  "per_class_precision": [
    0.9918946301925026,
    0.9982332155477032,
    0.9913461538461539,
    0.9930966469428008,
    0.9948927477017364,
    0.9977452085682075,
    0.9957939011566772,
    0.9990196078431373,
    0.9948927477017364,
    0.9940652818991098
  ],
  "per_class_recall": [
    0.9989795918367347,
    0.9955947136563876,
    0.999031007751938,
    0.997029702970297,
    0.9918533604887984,
    0.992152466367713,
    0.988517745302714,
    0.9912451361867705,
    1.0,
    0.9960356788899901
  ],
  "train_time_seconds": 161.09060835838318,
  "run_id": 17,
  "seed": 2043,
  "model_type": "cnn_gan",
  "dataset": "mnist"
}