{
  "accuracy": 0.9958,
  "precision_macro": 0.9957853106052961,
  "recall_macro": 0.995701782661427,
  "f1_macro": 0.9957419984857626,
  "precision_weighted": 0.9958016066237314,
  "recall_weighted": 0.9958,
  "f1_weighted": 0.9957992581366105,
  "per_class_f1": [
    0.9979612640163099,
    0.9986801583809943,
    0.9961240310077519,
    0.9960435212660732,
    0.9943963321446765,
    0.9938306225462703,
    0.9952953476215368,
    0.9956289460903351,
    0.9963973237261966,
    0.9930624380574826
  ],
  "per_class_precision": [
    0.9969450101832994,
    0.9973637961335676,
    0.9961240310077519,
    0.9950592885375494,
    0.9949031600407747,
    0.9943883277216611,
    0.9968586387434555,
    0.9941804073714839,
    0.9989680082559339,
    0.9930624380574826
  ],
  "per_class_recall": [
    0.9989795918367347,
    1.0,
    0.9961240310077519,
    0.997029702970297,
    0.9938900203665988,
    0.9932735426008968,
    0.9937369519832986,
    0.9970817120622568,
    0.9938398357289527,
    0.9930624380574826
  ],
  "train_time_seconds": 147.12545347213745,
  "run_id": 43,
  "seed": 2069,
  "model_type": "cnn",
  "dataset": "mnist"
}