{
  "accuracy": 0.9952,
  "precision_macro": 0.9951818744529902,
  "recall_macro": 0.9951582637267192,
  "f1_macro": 0.9951665589353537,
  "precision_weighted": 0.9952038971426318,
  "recall_weighted": 0.9952,
  "f1_weighted": 0.9951984495641444,
  "per_class_f1": [
    0.996938775510204,
    0.9960369881109643,
    0.9956500724987917,
    0.9955467590301831,
    0.9954198473282443,
    0.9938375350140056,
    0.9921424829753798,
    0.9946315275744265,
    0.9964120963608406,
    0.995049504950495
  ],
  "per_class_precision": [
    0.996938775510204,
    0.9955985915492958,
    0.9932497589199615,
    0.9950544015825915,
    0.9949135300101729,
    0.9932810750279956,
    0.9957939011566772,
    0.9980411361410382,
    0.9948822927328557,
    0.9940652818991098
  ],
  "per_class_recall": [
    0.996938775510204,
    0.9964757709251101,
    0.998062015503876,
    0.996039603960396,
    0.9959266802443992,
    0.9943946188340808,
    0.988517745302714,
    0.9912451361867705,
    0.997946611909651,
    0.9960356788899901
  ],
  "train_time_seconds": 205.7116825580597,
  "run_id": 99,
  "seed": 2125,
  "model_type": "cnn_gan",
  "dataset": "mnist"
}