{
  "accuracy": 0.9954,
  "precision_macro": 0.9954046392287003,
  "recall_macro": 0.9953129372447365,
  "f1_macro": 0.9953503238912778,
  "precision_weighted": 0.9954131108165273,
  "recall_weighted": 0.9954,
  "f1_weighted": 0.9953981409954644,
  "per_class_f1": [
    0.9979612640163099,
    0.9964850615114236,
    0.997090203685742,
    0.9955555555555555,
    0.9959390862944163,
    0.9927252378287633,
    0.993704092339979,
    0.9951456310679612,
    0.9953679876479671,
    0.993529118964659
  ],
  "per_class_precision": [
    0.9969450101832994,
    0.9938650306748467,
    0.9980582524271845,
    0.993103448275862,
    0.992914979757085,
    0.9910614525139665,
    0.9989451476793249,
    0.9932170542635659,
    0.9979360165118679,
    0.998
  ],
  "per_class_recall": [
    0.9989795918367347,
    0.9991189427312775,
    0.9961240310077519,
    0.998019801980198,
    0.9989816700610998,
    0.9943946188340808,
    0.988517745302714,
    0.9970817120622568,
    0.9928131416837782,
    0.9890981169474727
  ],
  "train_time_seconds": 150.3757779598236,
  "run_id": 103,
  "seed": 2129,
  "model_type": "cnn",
  "dataset": "mnist"
}