{
  "accuracy": 0.9949,
  "precision_macro": 0.9948657535680929,
  "recall_macro": 0.9948528496353004,
  "f1_macro": 0.9948570714312878,
  "precision_weighted": 0.9949036035493456,
  "recall_weighted": 0.9949,
  "f1_weighted": 0.9948995939649147,
  "per_class_f1": [
    0.996938775510204,
    0.9973568281938326,
    0.9946731234866828,
    0.9960474308300395,
    0.9949186991869918,
    0.9949466591802358,
    0.9916579770594369,
    0.9951267056530214,
    0.9943560800410467,
    0.992548435171386
  ],
  "per_class_precision": [
    0.996938775510204,
    0.9973568281938326,
    0.9941916747337851,
    0.9940828402366864,
    0.9929006085192698,
    0.9966254218222722,
    0.990625,
    0.9970703125,
    0.9938461538461538,
    0.9950199203187251
  ],
  "per_class_recall": [
    0.996938775510204,
    0.9973568281938326,
    0.9951550387596899,
    0.998019801980198,
    0.9969450101832994,
    0.9932735426008968,
    0.9926931106471816,
    0.9931906614785992,
    0.9948665297741273,
    0.9900891972249752
  ],
  "train_time_seconds": 149.8434181213379,
  "run_id": 78,
  "seed": 2104,
  "model_type": "cnn_gan",
  "dataset": "mnist"
}