{
  "accuracy": 0.996,
  "precision_macro": 0.9959733279464631,
  "recall_macro": 0.9959494807756533,
  "f1_macro": 0.9959588454701974,
  "precision_weighted": 0.9960043310717523,
  "recall_weighted": 0.996,
  "f1_weighted": 0.9959995969130425,
  "per_class_f1": [
    0.9979591836734694,
    0.9978002639683238,
    0.9966101694915255,
    0.9965329370975731,
    0.9944190766108574,
    0.9943946188340808,
    0.9947807933194155,
    0.9961051606621227,
    0.9979445015416238,
    0.9930417495029821
  ],
  "per_class_precision": [
    0.9979591836734694,
    0.9964850615114236,
    0.9961277831558567,
    0.9970267591674926,
    0.9908998988877654,
    0.9943946188340808,
    0.9947807933194155,
    0.9970760233918129,
    0.9989711934156379,
    0.996011964107677
  ],
  "per_class_recall": [
    0.9979591836734694,
    0.9991189427312775,
    0.997093023255814,
    0.996039603960396,
    0.9979633401221996,
    0.9943946188340808,
    0.9947807933194155,
    0.995136186770428,
    0.9969199178644764,
    0.9900891972249752
  ],
  "train_time_seconds": 148.32549715042114,
  "run_id": 88,
  "seed": 2114,
  "model_type": "cnn",
  "dataset": "mnist"
}