{
  "accuracy": 0.9959,
  "precision_macro": 0.9959078839916439,
  "recall_macro": 0.9958575613087165,
  "f1_macro": 0.9958780247414201,
  "precision_weighted": 0.9959047650190909,
  "recall_weighted": 0.9959,
  "f1_weighted": 0.9958976714758936,
  "per_class_f1": [
    0.9989806320081549,
    0.9964819700967458,
    0.998062015503876,
    0.995551161641127,
    0.9949238578680203,
    0.9943883277216611,
    0.9947698744769874,
    0.9946367625548513,
    0.9979508196721312,
    0.9930348258706467
  ],
  "per_class_precision": [
    0.9979633401221996,
    0.9947322212467077,
    0.998062015503876,
    0.9940769990128332,
    0.9919028340080972,
    0.9955056179775281,
    0.9968553459119497,
    0.9970674486803519,
    0.9959100204498977,
    0.997002997002997
  ],
  "per_class_recall": [
    1.0,
    0.9982378854625551,
    0.998062015503876,
    0.997029702970297,
    0.9979633401221996,
    0.9932735426008968,
    0.9926931106471816,
    0.9922178988326849,
    1.0,
    0.9890981169474727
  ],
  "train_time_seconds": 150.21659421920776,
  "run_id": 57,
  "seed": 2083,
  "model_type": "cnn_gan",
  "dataset": "mnist"
}