{
  "accuracy": 0.9952,
  "precision_macro": 0.995177169506326,
  "recall_macro": 0.995142569862684,
  "f1_macro": 0.995159569942676,
  "precision_weighted": 0.995199766653631,
  "recall_weighted": 0.9952,
  "f1_weighted": 0.995199560906581,
  "per_class_f1": [
    0.9954058192955589,
    0.9978002639683238,
    0.9961240310077519,
    0.996039603960396,
    0.9944020356234097,
    0.9955156950672646,
    0.9926931106471816,
    0.994647201946472,
    0.9964047252182845,
    0.992563212692117
  ],
  "per_class_precision": [
    0.9959141981613892,
    0.9964850615114236,
    0.9961240310077519,
    0.996039603960396,
    0.9938962360122076,
    0.9955156950672646,
    0.9926931106471816,
    0.9951314508276533,
    0.9969167523124358,
    0.9930555555555556
  ],
  "per_class_recall": [
    0.9948979591836735,
    0.9991189427312775,
    0.9961240310077519,
    0.996039603960396,
    0.994908350305499,
    0.9955156950672646,
    0.9926931106471816,
    0.9941634241245136,
    0.9958932238193019,
    0.9920713577799801
  ],
  "train_time_seconds": 148.34895873069763,
  "run_id": 79,
  "seed": 2105,
  "model_type": "cnn_gan",
  "dataset": "mnist"
}