{
  "accuracy": 0.9946,
  "precision_macro": 0.9946198709010077,
  "recall_macro": 0.9945252905283765,
  "f1_macro": 0.9945629043709128,
  "precision_weighted": 0.9946124223408996,
  "recall_weighted": 0.9946,
  "f1_weighted": 0.9945964090404208,
  "per_class_f1": [
    0.9959349593495935,
    0.9956101843722563,
    0.9966101694915255,
    0.9955467590301831,
    0.9918781725888325,
    0.9932659932659933,
    0.9926701570680628,
    0.9951171875,
    0.9984623270117888,
    0.9905331340308918
  ],
  "per_class_precision": [
    0.9919028340080972,
    0.9921259842519685,
    0.9961277831558567,
    0.9950544015825915,
    0.9888663967611336,
    0.9943820224719101,
    0.9957983193277311,
    0.9990196078431373,
    0.9969293756397134,
    0.9959919839679359
  ],
  "per_class_recall": [
    1.0,
    0.9991189427312775,
    0.997093023255814,
    0.996039603960396,
    0.994908350305499,
    0.992152466367713,
    0.9895615866388309,
    0.9912451361867705,
    1.0,
    0.9851337958374629
  ],
  "train_time_seconds": 156.3551926612854,
  "run_id": 34,
  "seed": 2060,
  "model_type": "cnn_gan",
  "dataset": "mnist"
}