{
  "accuracy": 0.9955,
  "precision_macro": 0.9954970939836608,
  "recall_macro": 0.9954393447986659,
  "f1_macro": 0.9954652588170225,
  "precision_weighted": 0.9955043661268208,
  "recall_weighted": 0.9955,
  "f1_weighted": 0.9954991609252313,
  "per_class_f1": [
    0.9984717269485481,
    0.9978021978021978,
    0.9956416464891041,
    0.9935739001482946,
    0.9938962360122076,
    0.9943946188340808,
    0.9968684759916493,
    0.9960975609756098,
    0.9948506694129763,
    0.9930555555555556
  ],
  "per_class_precision": [
    0.9969481180061037,
    0.9956140350877193,
    0.995159728944821,
    0.9921026653504442,
    0.9928861788617886,
    0.9943946188340808,
    0.9968684759916493,
    0.9990215264187867,
    0.9979338842975206,
    0.9940417080436942
  ],
  "per_class_recall": [
    1.0,
    1.0,
    0.9961240310077519,
    0.995049504950495,
    0.994908350305499,
    0.9943946188340808,
    0.9968684759916493,
    0.9931906614785992,
    0.9917864476386037,
    0.9920713577799801
  ],
  "train_time_seconds": 160.3375473022461,
  "run_id": 16,
  "seed": 2042,
  "model_type": "cnn_gan",
  "dataset": "mnist"
}