{
  "accuracy": 0.9956,
  "precision_macro": 0.9955960546991113,
  "recall_macro": 0.9955441797277427,
  "f1_macro": 0.9955660185327568,
  "precision_weighted": 0.995606645589408,
  "recall_weighted": 0.9956,
  "f1_weighted": 0.9955992630347293,
  "per_class_f1": [
    0.9959349593495935,
    0.9973591549295775,
    0.9961277831558567,
    0.997029702970297,
    0.9923352069494124,
    0.9960740325294447,
    0.9937304075235109,
    0.9970760233918129,
    0.9969167523124358,
    0.9930761622156281
  ],
  "per_class_precision": [
    0.9919028340080972,
    0.9964819700967458,
    0.995164410058027,
    0.997029702970297,
    0.9958974358974358,
    0.9966329966329966,
    0.9947698744769874,
    0.9990234375,
    0.9979423868312757,
    0.9911154985192497
  ],
  "per_class_recall": [
    1.0,
    0.9982378854625551,
    0.997093023255814,
    0.997029702970297,
    0.9887983706720977,
    0.9955156950672646,
    0.9926931106471816,
    0.995136186770428,
    0.9958932238193019,
    0.9950445986124876
  ],
  "train_time_seconds": 156.384423494339,
  "run_id": 93,
  "seed": 2119,
  "model_type": "cnn",
  "dataset": "mnist"
}