{
  "accuracy": 0.995,
  "precision_macro": 0.9949796903667251,
  "recall_macro": 0.9949382465323391,
  "f1_macro": 0.9949556744452519,
  "precision_weighted": 0.9950031983692452,
  "recall_weighted": 0.995,
  "f1_weighted": 0.9949982865297247,
  "per_class_f1": [
    0.9974528782475802,
    0.9969176574196389,
    0.996135265700483,
    0.9965363681345868,
    0.9923508414074452,
    0.9943883277216611,
    0.9932043910088866,
    0.9946315275744265,
    0.9948770491803278,
    0.9930624380574826
  ],
  "per_class_precision": [
    0.9959308240081384,
    0.9964788732394366,
    0.9932562620423893,
    0.9960435212660732,
    0.9938712972420838,
    0.9955056179775281,
    0.9947643979057592,
    0.9980411361410382,
    0.9928425357873211,
    0.9930624380574826
  ],
  "per_class_recall": [
    0.9989795918367347,
    0.9973568281938326,
    0.999031007751938,
    0.997029702970297,
    0.9908350305498982,
    0.9932735426008968,
    0.9916492693110647,
    0.9912451361867705,
    0.9969199178644764,
    0.9930624380574826
  ],
  "train_time_seconds": 164.8955056667328,
  "run_id": 41,
  "seed": 2067,
  "model_type": "cnn_gan",
  "dataset": "mnist"
}