{
  "accuracy": 0.9956,
  "precision_macro": 0.9956500157667044,
  "recall_macro": 0.9955440853745723,
  "f1_macro": 0.9955910749680499,
  "precision_weighted": 0.9956101842207669,
  "recall_weighted": 0.9956,
  "f1_weighted": 0.995599170190358,
  "per_class_f1": [
    0.9964376590330789,
    0.9955985915492958,
    0.9956246961594555,
    0.9970384995064165,
    0.9948979591836735,
    0.9943820224719101,
    0.9952854897852279,
    0.9941804073714839,
    0.9969230769230769,
    0.9955423476968797
  ],
  "per_class_precision": [
    0.9939086294416244,
    0.9947229551451188,
    0.9990243902439024,
    0.9940944881889764,
    0.9969325153374233,
    0.9966216216216216,
    0.9989484752891693,
    0.9912959381044487,
    0.9959016393442623,
    0.995049504950495
  ],
  "per_class_recall": [
    0.9989795918367347,
    0.9964757709251101,
    0.9922480620155039,
    1.0,
    0.9928716904276986,
    0.992152466367713,
    0.9916492693110647,
    0.9970817120622568,
    0.997946611909651,
    0.9960356788899901
  ],
  "train_time_seconds": 168.12211108207703,
  "run_id": 13,
  "seed": 2039,
  "model_type": "cnn_gan",
  "dataset": "mnist"
}