{
  "accuracy": 0.9956,
  "precision_macro": 0.9955867296503728,
  "recall_macro": 0.9955561441312584,
  "f1_macro": 0.9955686937048169,
  "precision_weighted": 0.9956040604043643,
  "recall_weighted": 0.9956,
  "f1_weighted": 0.9955993476541409,
  "per_class_f1": [
    0.998470168281489,
    0.9977983267283135,
    0.9966101694915255,
    0.9950544015825915,
    0.9933707292197859,
    0.9955106621773289,
    0.9952953476215368,
    0.9946419873356064,
    0.9948875255623721,
    0.9940476190476191
  ],
  "per_class_precision": [
    0.9979612640163099,
    0.9973591549295775,
    0.9961277831558567,
    0.9940711462450593,
    0.9948927477017364,
    0.996629213483146,
    0.9968586387434555,
    0.9960975609756098,
    0.9908350305498982,
    0.9950347567030785
  ],
  "per_class_recall": [
    0.9989795918367347,
    0.9982378854625551,
    0.997093023255814,
    0.996039603960396,
    0.9918533604887984,
    0.9943946188340808,
    0.9937369519832986,
    0.9931906614785992,
    0.9989733059548255,
    0.9930624380574826
  ],
  "train_time_seconds": 151.43344974517822,
  "run_id": 17,
  "seed": 2043,
  "model_type": "cnn",
  "dataset": "mnist"
}