{
  "accuracy": 0.9962,
  "precision_macro": 0.9962190937320425,
  "recall_macro": 0.9961118430014965,
  "f1_macro": 0.9961630715832763,
  "precision_weighted": 0.9962026442454799,
  "recall_weighted": 0.9962,
  "f1_weighted": 0.9961989350453341,
  "per_class_f1": [
    0.9979612640163099,
    0.9973614775725593,
    0.998062015503876,
    0.9960513326752222,
    0.9943963321446765,
    0.9949466591802358,
    0.9952904238618524,
    0.9965936739659368,
    0.9969199178644764,
    0.9940476190476191
  ],
  "per_class_precision": [
    0.9969450101832994,
    0.9956101843722563,
    0.998062015503876,
    0.9931102362204725,
    0.9949031600407747,
    0.9966254218222722,
    0.9979013641133263,
    0.997078870496592,
    0.9969199178644764,
    0.9950347567030785
  ],
  "per_class_recall": [
    0.9989795918367347,
    0.9991189427312775,
    0.998062015503876,
    0.999009900990099,
    0.9938900203665988,
    0.9932735426008968,
    0.9926931106471816,
    0.9961089494163424,
    0.9969199178644764,
    0.9930624380574826
  ],
  "train_time_seconds": 157.71802282333374,
  "run_id": 102,
  "seed": 2128,
  "model_type": "cnn",
  "dataset": "mnist"
}