{
  "accuracy": 0.9958,
  "precision_macro": 0.9958398111127129,
  "recall_macro": 0.9957051400343483,
  "f1_macro": 0.9957684252825312,
  "precision_weighted": 0.9958049784820936,
  "recall_weighted": 0.9958,
  "f1_weighted": 0.9957983596394652,
  "per_class_f1": [
    0.9974476773864216,
    0.9969257795344751,
    0.9966068831798351,
    0.9965432098765432,
    0.9959349593495935,
    0.9943883277216611,
    0.993717277486911,
    0.9946524064171123,
    0.997431946584489,
    0.9940357852882704
  ],
  "per_class_precision": [
    0.9979570990806946,
    0.9938704028021016,
    0.997090203685742,
    0.994088669950739,
    0.9939148073022313,
    0.9955056179775281,
    0.9968487394957983,
    0.9941690962099126,
    0.9979445015416238,
    0.9970089730807578
  ],
  "per_class_recall": [
    0.996938775510204,
    1.0,
    0.9961240310077519,
    0.999009900990099,
    0.9979633401221996,
    0.9932735426008968,
    0.9906054279749478,
    0.995136186770428,
    0.9969199178644764,
    0.9910802775024777
  ],
  "train_time_seconds": 146.7465455532074,
  "run_id": 10,
  "seed": 2036,
  "model_type": "cnn",
  "dataset": "mnist"
}