{
  "accuracy": 0.9948,
  "precision_macro": 0.9948106043196379,
  "recall_macro": 0.9947335401597407,
  "f1_macro": 0.9947687812361885,
  "precision_weighted": 0.9948080306609146,
  "recall_weighted": 0.9948,
  "f1_weighted": 0.9948007078930708,
  "per_class_f1": [
    0.9979591836734694,
    0.9956024626209323,
    0.997090203685742,
    0.9935865811544153,
    0.9923430321592649,
    0.9927170868347339,
    0.9942558746736292,
    0.9946524064171123,
    0.9969104016477858,
    0.9925705794947994
  ],
  "per_class_precision": [
    0.9979591836734694,
    0.9938542581211589,
    0.9980582524271845,
    0.9901671583087512,
    0.9948822927328557,
    0.9921612541993281,
    0.9947753396029259,
    0.9941690962099126,
    1.0,
    0.9920792079207921
  ],
  "per_class_recall": [
    0.9979591836734694,
    0.9973568281938326,
    0.9961240310077519,
    0.997029702970297,
    0.9898167006109979,
    0.9932735426008968,
    0.9937369519832986,
    0.995136186770428,
    0.9938398357289527,
    0.9930624380574826
  ],
  "train_time_seconds": 153.66407012939453,
  "run_id": 58,
  "seed": 2084,
  "model_type": "cnn_gan",
  "dataset": "mnist"
}