{
  "accuracy": 0.9953,
  "precision_macro": 0.9952734065217751,
  "recall_macro": 0.9952384237753554,
  "f1_macro": 0.9952512903295171,
  "precision_weighted": 0.9953033722498118,
  "recall_weighted": 0.9953,
  "f1_weighted": 0.9952972024088543,
  "per_class_f1": [
    0.9969450101832994,
    0.9973568281938326,
    0.9975786924939467,
    0.9960474308300395,
    0.9944077275038129,
    0.9955156950672646,
    0.9910761154855643,
    0.9946419873356064,
    0.995382247306311,
    0.9935611688954928
  ],
  "per_class_precision": [
    0.9949186991869918,
    0.9973568281938326,
    0.9970958373668926,
    0.9940828402366864,
    0.9928934010152284,
    0.9955156950672646,
    0.996832101372756,
    0.9960975609756098,
    0.9948717948717949,
    0.9930693069306931
  ],
  "per_class_recall": [
    0.9989795918367347,
    0.9973568281938326,
    0.998062015503876,
    0.998019801980198,
    0.9959266802443992,
    0.9955156950672646,
    0.9853862212943633,
    0.9931906614785992,
    0.9958932238193019,
    0.9940535183349851
  ],
  "train_time_seconds": 163.80112743377686,
  "run_id": 7,
  "seed": 2033,
  "model_type": "cnn_gan",
  "dataset": "mnist"
}