{
  "accuracy": 0.9962,
  "precision_macro": 0.9961925270771725,
  "recall_macro": 0.9961514141400156,
  "f1_macro": 0.9961682064868421,
  "precision_weighted": 0.9962041136274409,
  "recall_weighted": 0.9962,
  "f1_weighted": 0.9961984052086086,
  "per_class_f1": [
    0.9974554707379135,
    0.9964757709251101,
    0.998062015503876,
    0.9970355731225297,
    0.9949186991869918,
    0.9949523275378576,
    0.9931830099632931,
    0.9965936739659368,
    0.9984591679506933,
    0.9945463559742191
  ],
  "per_class_precision": [
    0.9949238578680203,
    0.9964757709251101,
    0.998062015503876,
    0.995069033530572,
    0.9929006085192698,
    0.9955106621773289,
    0.9978925184404637,
    0.997078870496592,
    0.998972250770812,
    0.9950396825396826
  ],
  "per_class_recall": [
    1.0,
    0.9964757709251101,
    0.998062015503876,
    0.999009900990099,
    0.9969450101832994,
    0.9943946188340808,
    0.988517745302714,
    0.9961089494163424,
    0.997946611909651,
    0.9940535183349851
  ],
  "train_time_seconds": 182.87489700317383,
  "run_id": 98,
  "seed": 2124,
  "model_type": "cnn_gan",
  "dataset": "mnist"
}