{
  "accuracy": 0.9959,
  "precision_macro": 0.9959305937155924,
  "recall_macro": 0.9958107327757226,
  "f1_macro": 0.9958670580303389,
  "precision_weighted": 0.9959044514624824,
  "recall_weighted": 0.9959,
  "f1_weighted": 0.9958987620542719,
  "per_class_f1": [
    0.9974554707379135,
    0.9969203695556533,
    0.9961240310077519,
    0.9965397923875432,
    0.9959349593495935,
    0.9943757030371203,
    0.9952953476215368,
    0.9961051606621227,
    0.9953679876479671,
    0.9945517582961863
  ],
  "per_class_precision": [
    0.9949238578680203,
    0.9956063268892794,
    0.9961240310077519,
    0.9950641658440277,
    0.9939148073022313,
    0.9977426636568849,
    0.9968586387434555,
    0.9970760233918129,
    0.9979360165118679,
    0.994059405940594
  ],
  "per_class_recall": [
    1.0,
    0.9982378854625551,
    0.9961240310077519,
    0.998019801980198,
    0.9979633401221996,
    0.9910313901345291,
    0.9937369519832986,
    0.995136186770428,
    0.9928131416837782,
    0.9950445986124876
  ],
  "train_time_seconds": 155.92699694633484,
  "run_id": 23,
  "seed": 2049,
  "model_type": "cnn",
  "dataset": "mnist"
}