{
  "accuracy": 0.9949,
  "precision_macro": 0.9948878712839285,
  "recall_macro": 0.9948419270697171,
  "f1_macro": 0.9948601256999361,
  "precision_weighted": 0.9949048419831125,
  "recall_weighted": 0.9949,
  "f1_weighted": 0.9948976750263341,
  "per_class_f1": [
    0.9979591836734694,
    0.9973591549295775,
    0.9941972920696325,
    0.9965397923875432,
    0.9944077275038129,
    0.9943883277216611,
    0.9921507064364207,
    0.9936616284739151,
    0.9953964194373401,
    0.9925410243659871
  ],
  "per_class_precision": [
    0.9979591836734694,
    0.9964819700967458,
    0.9922779922779923,
    0.9950641658440277,
    0.9928934010152284,
    0.9955056179775281,
    0.9947534102833159,
    0.9960899315738025,
    0.9918450560652395,
    0.9960079840319361
  ],
  "per_class_recall": [
    0.9979591836734694,
    0.9982378854625551,
    0.9961240310077519,
    0.998019801980198,
    0.9959266802443992,
    0.9932735426008968,
    0.9895615866388309,
    0.9912451361867705,
    0.9989733059548255,
    0.9890981169474727
  ],
  "train_time_seconds": 147.8024365901947,
  "run_id": 59,
  "seed": 2085,
  "model_type": "cnn_gan",
  "dataset": "mnist"
}