{
  "accuracy": 0.996,
  "precision_macro": 0.9959938968232226,
  "recall_macro": 0.9959132611891419,
  "f1_macro": 0.9959512633687442,
  "precision_weighted": 0.9960028558178441,
  "recall_weighted": 0.996,
  "f1_weighted": 0.9959991809226909,
  "per_class_f1": [
    0.9964376590330789,
    0.9978002639683238,
    0.997090203685742,
    0.9965397923875432,
    0.9944020356234097,
    0.9949409780775716,
    0.9937304075235109,
    0.9965903555772041,
    0.9974345818368394,
    0.9945463559742191
  ],
  "per_class_precision": [
    0.9939086294416244,
    0.9964850615114236,
    0.9980582524271845,
    0.9950641658440277,
    0.9938962360122076,
    0.9977452085682075,
    0.9947698744769874,
    0.9980487804878049,
    0.9969230769230769,
    0.9950396825396826
  ],
  "per_class_recall": [
    0.9989795918367347,
    0.9991189427312775,
    0.9961240310077519,
    0.998019801980198,
    0.994908350305499,
    0.992152466367713,
    0.9926931106471816,
    0.995136186770428,
    0.997946611909651,
    0.9940535183349851
  ],
  "train_time_seconds": 144.96422743797302,
  "run_id": 84,
  "seed": 2110,
  "model_type": "cnn",
  "dataset": "mnist"
}