{
  "accuracy": 0.9958,
  "precision_macro": 0.9957613031653277,
  "recall_macro": 0.995712341903005,
  "f1_macro": 0.9957331782158813,
  "precision_weighted": 0.9958047164890681,
  "recall_weighted": 0.9958,
  "f1_weighted": 0.9957987491198869,
  "per_class_f1": [
    0.99644128113879,
    0.9986789960369881,
    0.996116504854369,
    0.9960474308300395,
    0.9954151808456444,
    0.9943883277216611,
    0.9921507064364207,
    0.9951456310679612,
    0.9969199178644764,
    0.9960278053624627
  ],
  "per_class_precision": [
    0.9929078014184397,
    0.9982394366197183,
    0.9980544747081712,
    0.9940828402366864,
    0.9959225280326198,
    0.9955056179775281,
    0.9947534102833159,
    0.9932170542635659,
    0.9969199178644764,
    0.9980099502487563
  ],
  "per_class_recall": [
    1.0,
    0.9991189427312775,
    0.9941860465116279,
    0.998019801980198,
    0.994908350305499,
    0.9932735426008968,
    0.9895615866388309,
    0.9970817120622568,
    0.9969199178644764,
    0.9940535183349851
  ],
  "train_time_seconds": 147.51957607269287,
  "run_id": 56,
  "seed": 2082,
  "model_type": "cnn_gan",
  "dataset": "mnist"
}