{
  "accuracy": 0.9948,
  "precision_macro": 0.9948125437236239,
  "recall_macro": 0.9946798527814569,
  "f1_macro": 0.9947438303675643,
  "precision_weighted": 0.9948027433056883,
  "recall_weighted": 0.9948,
  "f1_weighted": 0.9947988587983273,
  "per_class_f1": [
    0.9959183673469387,
    0.9964881474978051,
    0.998062015503876,
    0.9955467590301831,
    0.9933707292197859,
    0.9938306225462703,
    0.9916492693110647,
    0.9951409135082604,
    0.9953679876479671,
    0.9920634920634921
  ],
  "per_class_precision": [
    0.9959183673469387,
    0.9930008748906387,
    0.998062015503876,
    0.9950544015825915,
    0.9948927477017364,
    0.9943883277216611,
    0.9916492693110647,
    0.9941747572815534,
    0.9979360165118679,
    0.9930486593843099
  ],
  "per_class_recall": [
    0.9959183673469387,
    1.0,
    0.998062015503876,
    0.996039603960396,
    0.9918533604887984,
    0.9932735426008968,
    0.9916492693110647,
    0.9961089494163424,
    0.9928131416837782,
    0.9910802775024777
  ],
  "train_time_seconds": 140.95581579208374,
  "run_id": 74,
  "seed": 2100,
  "model_type": "cnn",
  "dataset": "mnist"
}