{
  "accuracy": 0.9955,
  "precision_macro": 0.9954848497583978,
  "recall_macro": 0.9954217478832585,
  "f1_macro": 0.9954508056485574,
  "precision_weighted": 0.9955052507150103,
  "recall_weighted": 0.9955,
  "f1_weighted": 0.9955001887854287,
  "per_class_f1": [
    0.9979612640163099,
    0.9964757709251101,
    0.9961277831558567,
    0.9930898321816387,
    0.9959266802443992,
    0.9921348314606742,
    0.9942618675013041,
    0.9965903555772041,
    0.9963973237261966,
    0.9955423476968797
  ],
  "per_class_precision": [
    0.9969450101832994,
    0.9964757709251101,
    0.995164410058027,
    0.9901574803149606,
    0.9959266802443992,
    0.9943693693693694,
    0.9937434827945777,
    0.9980487804878049,
    0.9989680082559339,
    0.995049504950495
  ],
  "per_class_recall": [
    0.9989795918367347,
    0.9964757709251101,
    0.997093023255814,
    0.996039603960396,
    0.9959266802443992,
    0.9899103139013453,
    0.9947807933194155,
    0.995136186770428,
    0.9938398357289527,
    0.9960356788899901
  ],
  "train_time_seconds": 140.5832130908966,
  "run_id": 2,
  "seed": 2028,
  "model_type": "cnn",
  "dataset": "mnist"
}