{
  "accuracy": 0.9952,
  "precision_macro": 0.995147282567688,
  "recall_macro": 0.9951364211751856,
  "f1_macro": 0.9951399089575801,
  "precision_weighted": 0.9952028163868758,
  "recall_weighted": 0.9952,
  "f1_weighted": 0.9951994936569003,
  "per_class_f1": [
    0.9974554707379135,
    0.99779638607316,
    0.995159728944821,
    0.995551161641127,
    0.9923664122137404,
    0.9938236945536215,
    0.9921752738654147,
    0.9965903555772041,
    0.997431946584489,
    0.9930486593843099
  ],
  "per_class_precision": [
    0.9949238578680203,
    0.9982363315696648,
    0.9941972920696325,
    0.9940769990128332,
    0.9918616480162767,
    0.9955005624296963,
    0.9916579770594369,
    0.9980487804878049,
    0.9979445015416238,
    0.9950248756218906
  ],
  "per_class_recall": [
    1.0,
    0.9973568281938326,
    0.9961240310077519,
    0.997029702970297,
    0.9928716904276986,
    0.992152466367713,
    0.9926931106471816,
    0.995136186770428,
    0.9969199178644764,
    0.9910802775024777
  ],
  "train_time_seconds": 148.87206554412842,
  "run_id": 82,
  "seed": 2108,
  "model_type": "cnn",
  "dataset": "mnist"
}