{
  "accuracy": 0.9935,
  "precision_macro": 0.9934633801067034,
  "recall_macro": 0.9933870049989209,
  "f1_macro": 0.9934212733095451,
  "precision_weighted": 0.9935042756984745,
  "recall_weighted": 0.9935,
  "f1_weighted": 0.9934981445160064,
  "per_class_f1": [
    0.9943906170321265,
    0.9969230769230769,
    0.9961277831558567,
    0.9940769990128332,
    0.9908069458631257,
    0.9932659932659933,
    0.9895724713242962,
    0.9936554416788678,
    0.9933299127757824,
    0.9920634920634921
  ],
  "per_class_precision": [
    0.9938837920489296,
    0.9947368421052631,
    0.995164410058027,
    0.9911417322834646,
    0.9938524590163934,
    0.9943820224719101,
    0.9885416666666667,
    0.9970617042115573,
    0.9928205128205129,
    0.9930486593843099
  ],
  "per_class_recall": [
    0.9948979591836735,
    0.9991189427312775,
    0.997093023255814,
    0.997029702970297,
    0.9877800407331976,
    0.992152466367713,
    0.9906054279749478,
    0.9902723735408561,
    0.9938398357289527,
    0.9910802775024777
  ],
  "train_time_seconds": 155.85914492607117,
  "run_id": 64,
  "seed": 2090,
  "model_type": "cnn_gan",
  "dataset": "mnist"
}