{
  "accuracy": 0.9945,
  "precision_macro": 0.9944635377368816,
  "recall_macro": 0.9944481150753864,
  "f1_macro": 0.9944504613018568,
  "precision_weighted": 0.9945075003451297,
  "recall_weighted": 0.9945,
  "f1_weighted": 0.9944983670058795,
  "per_class_f1": [
    0.994908350305499,
    0.9969230769230769,
    0.9951690821256038,
    0.9955423476968797,
    0.9954198473282443,
    0.9927333705980995,
    0.9932043910088866,
    0.9921875,
    0.9953679876479671,
    0.9930486593843099
  ],
  "per_class_precision": [
    0.9928861788617886,
    0.9947368421052631,
    0.9922928709055877,
    0.9960356788899901,
    0.9949135300101729,
    0.9899665551839465,
    0.9947643979057592,
    0.996078431372549,
    0.9979360165118679,
    0.9950248756218906
  ],
  "per_class_recall": [
    0.996938775510204,
    0.9991189427312775,
    0.998062015503876,
    0.995049504950495,
    0.9959266802443992,
    0.9955156950672646,
    0.9916492693110647,
    0.9883268482490273,
    0.9928131416837782,
    0.9910802775024777
  ],
  "train_time_seconds": 192.20591521263123,
  "run_id": 97,
  "seed": 2123,
  "model_type": "cnn_gan",
  "dataset": "mnist"
}