{
  "accuracy": 0.996,
  "precision_macro": 0.9960156122352666,
  "recall_macro": 0.9959330080741748,
  "f1_macro": 0.9959709047135938,
  "precision_weighted": 0.996003899064228,
  "recall_weighted": 0.996,
  "f1_weighted": 0.995998557496261,
  "per_class_f1": [
    0.9974528782475802,
    0.9978002639683238,
    0.9966167230546158,
    0.9965363681345868,
    0.9949186991869918,
    0.99606962380685,
    0.9942438513867086,
    0.9951267056530214,
    0.9964084145715751,
    0.994535519125683
  ],
  "per_class_precision": [
    0.9959308240081384,
    0.9964850615114236,
    0.9942140790742526,
    0.9960435212660732,
    0.9929006085192698,
    0.9977502812148481,
    0.9968520461699895,
    0.9970703125,
    0.9958974358974358,
    0.9970119521912351
  ],
  "per_class_recall": [
    0.9989795918367347,
    0.9991189427312775,
    0.999031007751938,
    0.997029702970297,
    0.9969450101832994,
    0.9943946188340808,
    0.9916492693110647,
    0.9931906614785992,
    0.9969199178644764,
    0.9920713577799801
  ],
  "train_time_seconds": 142.97476291656494,
  "run_id": 56,
  "seed": 2082,
  "model_type": "cnn",
  "dataset": "mnist"
}