{
  "accuracy": 0.9951,
  "precision_macro": 0.9951059426813339,
  "recall_macro": 0.994969959017767,
  "f1_macro": 0.9950344830330982,
  "precision_weighted": 0.9951048080877345,
  "recall_weighted": 0.9951,
  "f1_weighted": 0.9950990104872859,
  "per_class_f1": [
    0.9964303926568078,
    0.9986801583809943,
    0.997093023255814,
    0.994573260976813,
    0.9938712972420838,
    0.9949409780775716,
    0.9932043910088866,
    0.9951409135082604,
    0.9938398357289527,
    0.9925705794947994
  ],
  "per_class_precision": [
    0.9959225280326198,
    0.9973637961335676,
    0.997093023255814,
    0.9911504424778761,
    0.9969262295081968,
    0.9977452085682075,
    0.9947643979057592,
    0.9941747572815534,
    0.9938398357289527,
    0.9920792079207921
  ],
  "per_class_recall": [
    0.996938775510204,
    1.0,
    0.997093023255814,
    0.998019801980198,
    0.9908350305498982,
    0.992152466367713,
    0.9916492693110647,
    0.9961089494163424,
    0.9938398357289527,
    0.9930624380574826
  ],
  "train_time_seconds": 148.40066242218018,
  "run_id": 76,
  "seed": 2102,
  "model_type": "cnn_gan",
  "dataset": "mnist"
}