{
  "accuracy": 0.9958,
  "precision_macro": 0.9957686676260706,
  "recall_macro": 0.9957758689791041,
  "f1_macro": 0.995770630883038,
  "precision_weighted": 0.995802716219654,
  "recall_weighted": 0.9958,
  "f1_weighted": 0.9957997435896981,
  "per_class_f1": [
    0.9989806320081549,
    0.9964726631393298,
    0.9975763451284537,
    0.995551161641127,
    0.9933707292197859,
    0.9938375350140056,
    0.9952904238618524,
    0.9956246961594555,
    0.9974345818368394,
    0.9935675408213755
  ],
  "per_class_precision": [
    0.9979633401221996,
    0.9973521624007061,
    0.9980601357904947,
    0.9940769990128332,
    0.9948927477017364,
    0.9932810750279956,
    0.9979013641133263,
    0.9951409135082604,
    0.9969230769230769,
    0.9920948616600791
  ],
  "per_class_recall": [
    1.0,
    0.9955947136563876,
    0.997093023255814,
    0.997029702970297,
    0.9918533604887984,
    0.9943946188340808,
    0.9926931106471816,
    0.9961089494163424,
    0.997946611909651,
    0.9950445986124876
  ],
  "train_time_seconds": 149.77926540374756,
  "run_id": 13,
  "seed": 2039,
  "model_type": "cnn",
  "dataset": "mnist"
}