{
  "accuracy": 0.9964,
  "precision_macro": 0.9963819891248502,
  "recall_macro": 0.9963260182278036,
  "f1_macro": 0.996352060633531,
  "precision_weighted": 0.9964020125134831,
  "recall_weighted": 0.9964,
  "f1_weighted": 0.9963990431120179,
  "per_class_f1": [
    0.9979612640163099,
    0.9978021978021978,
    0.9980601357904947,
    0.9970267591674926,
    0.9949135300101729,
    0.9949579831932773,
    0.993717277486911,
    0.9961089494163424,
    0.9974345818368394,
    0.9955379276152702
  ],
  "per_class_precision": [
    0.9969450101832994,
    0.9956140350877193,
    0.9990291262135922,
    0.998015873015873,
    0.9939024390243902,
    0.9944008958566629,
    0.9968487394957983,
    0.9961089494163424,
    0.9969230769230769,
    0.996031746031746
  ],
  "per_class_recall": [
    0.9989795918367347,
    1.0,
    0.997093023255814,
    0.996039603960396,
    0.9959266802443992,
    0.9955156950672646,
    0.9906054279749478,
    0.9961089494163424,
    0.997946611909651,
    0.9950445986124876
  ],
  "train_time_seconds": 144.12282633781433,
  "run_id": 33,
  "seed": 2059,
  "model_type": "cnn",
  "dataset": "mnist"
}