{
  "accuracy": 0.9957,
  "precision_macro": 0.9957535509734166,
  "recall_macro": 0.9956228784144994,
  "f1_macro": 0.9956826026572129,
  "precision_weighted": 0.9957090214487431,
  "recall_weighted": 0.9957,
  "f1_weighted": 0.9956989255824353,
  "per_class_f1": [
    0.9954198473282443,
    0.9969257795344751,
    0.997090203685742,
    0.997029702970297,
    0.9949238578680203,
    0.9966329966329966,
    0.993704092339979,
    0.994647201946472,
    0.9964047252182845,
    0.9940476190476191
  ],
  "per_class_precision": [
    0.9928934010152284,
    0.9938704028021016,
    0.9980582524271845,
    0.997029702970297,
    0.9919028340080972,
    0.9977528089887641,
    0.9989451476793249,
    0.9951314508276533,
    0.9969167523124358,
    0.9950347567030785
  ],
  "per_class_recall": [
    0.9979591836734694,
    1.0,
    0.9961240310077519,
    0.997029702970297,
    0.9979633401221996,
    0.9955156950672646,
    0.988517745302714,
    0.9941634241245136,
    0.9958932238193019,
    0.9930624380574826
  ],
  "train_time_seconds": 165.1380684375763,
  "run_id": 30,
  "seed": 2056,
  "model_type": "cnn_gan",
  "dataset": "mnist"
}