{
  "accuracy": 0.9952,
  "precision_macro": 0.9951776416676983,
  "recall_macro": 0.9951970480947111,
  "f1_macro": 0.9951818351678792,
  "precision_weighted": 0.9952080093814095,
  "recall_weighted": 0.9952,
  "f1_weighted": 0.9951984394741521,
  "per_class_f1": [
    0.9964340295466123,
    0.9969122187913542,
    0.9956500724987917,
    0.9950641658440277,
    0.9949186991869918,
    0.9949466591802358,
    0.9947807933194155,
    0.9931640625,
    0.9964120963608406,
    0.9935355544505221
  ],
  "per_class_precision": [
    0.9949135300101729,
    0.9982332155477032,
    0.9932497589199615,
    0.9921259842519685,
    0.9929006085192698,
    0.9966254218222722,
    0.9947807933194155,
    0.9970588235294118,
    0.9948822927328557,
    0.9970059880239521
  ],
  "per_class_recall": [
    0.9979591836734694,
    0.9955947136563876,
    0.998062015503876,
    0.998019801980198,
    0.9969450101832994,
    0.9932735426008968,
    0.9947807933194155,
    0.9892996108949417,
    0.997946611909651,
    0.9900891972249752
  ],
  "train_time_seconds": 228.30652976036072,
  "run_id": 105,
  "seed": 2131,
  "model_type": "cnn_gan",
  "dataset": "mnist"
}