{
  "accuracy": 0.9965,
  "precision_macro": 0.9965318375853742,
  "recall_macro": 0.9964201830268724,
  "f1_macro": 0.9964729132501617,
  "precision_weighted": 0.9965040088069617,
  "recall_weighted": 0.9965,
  "f1_weighted": 0.9964989179417986,
  "per_class_f1": [
    0.998468606431853,
    0.9978021978021978,
    0.9970958373668926,
    0.9970326409495549,
    0.9949186991869918,
    0.99606962380685,
    0.9947643979057592,
    0.9961051606621227,
    0.9974372116863147,
    0.9950347567030785
  ],
  "per_class_precision": [
    0.9989785495403473,
    0.9956140350877193,
    0.9961315280464217,
    0.9960474308300395,
    0.9929006085192698,
    0.9977502812148481,
    0.9978991596638656,
    0.9970760233918129,
    0.9959058341862845,
    0.9970149253731343
  ],
  "per_class_recall": [
    0.9979591836734694,
    1.0,
    0.998062015503876,
    0.998019801980198,
    0.9969450101832994,
    0.9943946188340808,
    0.9916492693110647,
    0.995136186770428,
    0.9989733059548255,
    0.9930624380574826
  ],
  "train_time_seconds": 148.57969570159912,
  "run_id": 105,
  "seed": 2131,
  "model_type": "cnn",
  "dataset": "mnist"
}