{
  "accuracy": 0.9962,
  "precision_macro": 0.9961393585071553,
  "recall_macro": 0.9961304716808437,
  "f1_macro": 0.9961336545954869,
  "precision_weighted": 0.9962014709923569,
  "recall_weighted": 0.9962,
  "f1_weighted": 0.9961994840879652,
  "per_class_f1": [
    0.9964267483409903,
    0.9982394366197183,
    0.9975786924939467,
    0.9970326409495549,
    0.99644128113879,
    0.9932810750279956,
    0.9953002610966057,
    0.9965936739659368,
    0.996401028277635,
    0.9940417080436942
  ],
  "per_class_precision": [
    0.9969356486210419,
    0.9973614775725593,
    0.9970958373668926,
    0.9960474308300395,
    0.9949238578680203,
    0.9921700223713646,
    0.9958202716823407,
    0.997078870496592,
    0.9979402677651905,
    0.9960199004975124
  ],
  "per_class_recall": [
    0.9959183673469387,
    0.9991189427312775,
    0.998062015503876,
    0.998019801980198,
    0.9979633401221996,
    0.9943946188340808,
    0.9947807933194155,
    0.9961089494163424,
    0.9948665297741273,
    0.9920713577799801
  ],
  "train_time_seconds": 141.94987750053406,
  "run_id": 60,
  "seed": 2086,
  "model_type": "cnn",
  "dataset": "mnist"
}