{
  "accuracy": 0.9951,
  "precision_macro": 0.9950778560008546,
  "recall_macro": 0.9950203095117967,
  "f1_macro": 0.9950469804326794,
  "precision_weighted": 0.9951021004069511,
  "recall_weighted": 0.9951,
  "f1_weighted": 0.9950989581331241,
  "per_class_f1": [
    0.9964340295466123,
    0.9986801583809943,
    0.9956374212312167,
    0.996039603960396,
    0.9933976637887253,
    0.9943883277216611,
    0.9932043910088866,
    0.9927078269324259,
    0.997431946584489,
    0.992548435171386
  ],
  "per_class_precision": [
    0.9949135300101729,
    0.9973637961335676,
    0.9961202715809894,
    0.996039603960396,
    0.9908814589665653,
    0.9955056179775281,
    0.9947643979057592,
    0.9922254616132167,
    0.9979445015416238,
    0.9950199203187251
  ],
  "per_class_recall": [
    0.9979591836734694,
    1.0,
    0.9951550387596899,
    0.996039603960396,
    0.9959266802443992,
    0.9932735426008968,
    0.9916492693110647,
    0.9931906614785992,
    0.9969199178644764,
    0.9900891972249752
  ],
  "train_time_seconds": 150.07165098190308,
  "run_id": 80,
  "seed": 2106,
  "model_type": "cnn_gan",
  "dataset": "mnist"
}