{
  "accuracy": 0.9957,
  "precision_macro": 0.9956166554438551,
  "recall_macro": 0.9956446808229351,
  "f1_macro": 0.995628397355049,
  "precision_weighted": 0.99570496675279,
  "recall_weighted": 0.9957,
  "f1_weighted": 0.9957003095770635,
  "per_class_f1": [
    0.9964303926568078,
    0.9977983267283135,
    0.9956416464891041,
    0.9965397923875432,
    0.9969481180061037,
    0.9916154276131918,
    0.9937238493723849,
    0.9956161714564052,
    0.9974293059125964,
    0.9945409429280397
  ],
  "per_class_precision": [
    0.9959225280326198,
    0.9973591549295775,
    0.995159728944821,
    0.9950641658440277,
    0.9959349593495935,
    0.9888517279821628,
    0.9958071278825996,
    0.9970731707317073,
    0.9989701338825953,
    0.9960238568588469
  ],
  "per_class_recall": [
    0.996938775510204,
    0.9982378854625551,
    0.9961240310077519,
    0.998019801980198,
    0.9979633401221996,
    0.9943946188340808,
    0.9916492693110647,
    0.9941634241245136,
    0.9958932238193019,
    0.9930624380574826
  ],
  "train_time_seconds": 158.22490882873535,
  "run_id": 47,
  "seed": 2073,
  "model_type": "cnn",
  "dataset": "mnist"
}