{
  "accuracy": 0.9956,
  "precision_macro": 0.9955615740178116,
  "recall_macro": 0.9954990258468758,
  "f1_macro": 0.9955285081607403,
  "precision_weighted": 0.9956019164893096,
  "recall_weighted": 0.9956,
  "f1_weighted": 0.995599168254047,
  "per_class_f1": [
    0.998470168281489,
    0.9982409850483729,
    0.997093023255814,
    0.995551161641127,
    0.9944020356234097,
    0.9927170868347339,
    0.9947643979057592,
    0.9951314508276533,
    0.9948612538540597,
    0.9940535183349851
  ],
  "per_class_precision": [
    0.9979612640163099,
    0.9964881474978051,
    0.997093023255814,
    0.9940769990128332,
    0.9938962360122076,
    0.9921612541993281,
    0.9978991596638656,
    0.9961013645224172,
    0.9958847736625515,
    0.9940535183349851
  ],
  "per_class_recall": [
    0.9989795918367347,
    1.0,
    0.997093023255814,
    0.997029702970297,
    0.994908350305499,
    0.9932735426008968,
    0.9916492693110647,
    0.9941634241245136,
    0.9938398357289527,
    0.9940535183349851
  ],
  "train_time_seconds": 148.05887174606323,
  "run_id": 69,
  "seed": 2095,
  "model_type": "cnn",
  "dataset": "mnist"
}