{
  "accuracy": 0.9947,
  "precision_macro": 0.9946574989965653,
  "recall_macro": 0.9946207304359362,
  "f1_macro": 0.9946369164280384,
  "precision_weighted": 0.994703179033461,
  "recall_weighted": 0.9947,
  "f1_weighted": 0.9946993747724698,
  "per_class_f1": [
    0.9974450689831375,
    0.9969176574196389,
    0.9961277831558567,
    0.994573260976813,
    0.9938900203665988,
    0.992152466367713,
    0.9921671018276762,
    0.995136186770428,
    0.9964047252182845,
    0.9915548931942375
  ],
  "per_class_precision": [
    0.9989764585465711,
    0.9964788732394366,
    0.995164410058027,
    0.9911504424778761,
    0.9938900203665988,
    0.992152466367713,
    0.9926854754440961,
    0.995136186770428,
    0.9969167523124358,
    0.9940239043824701
  ],
  "per_class_recall": [
    0.9959183673469387,
    0.9973568281938326,
    0.997093023255814,
    0.998019801980198,
    0.9938900203665988,
    0.992152466367713,
    0.9916492693110647,
    0.995136186770428,
    0.9958932238193019,
    0.9890981169474727
  ],
  "train_time_seconds": 145.16856932640076,
  "run_id": 39,
  "seed": 2065,
  "model_type": "cnn",
  "dataset": "mnist"
}