{
  "accuracy": 0.9955,
  "precision_macro": 0.9954872384524005,
  "recall_macro": 0.9954133548451862,
  "f1_macro": 0.9954476276129103,
  "precision_weighted": 0.995504337587415,
  "recall_weighted": 0.9955,
  "f1_weighted": 0.9954995943272108,
  "per_class_f1": [
    0.9974528782475802,
    0.9973568281938326,
    0.9966068831798351,
    0.994567901234568,
    0.9954198473282443,
    0.9938167509836987,
    0.9932185706833594,
    0.9956289460903351,
    0.9953679876479671,
    0.9950396825396826
  ],
  "per_class_precision": [
    0.9959308240081384,
    0.9973568281938326,
    0.997090203685742,
    0.9921182266009853,
    0.9949135300101729,
    0.9966178128523112,
    0.9927007299270073,
    0.9941804073714839,
    0.9979360165118679,
    0.9960278053624627
  ],
  "per_class_recall": [
    0.9989795918367347,
    0.9973568281938326,
    0.9961240310077519,
    0.997029702970297,
    0.9959266802443992,
    0.9910313901345291,
    0.9937369519832986,
    0.9970817120622568,
    0.9928131416837782,
    0.9940535183349851
  ],
  "train_time_seconds": 157.20438718795776,
  "run_id": 24,
  "seed": 2050,
  "model_type": "cnn_gan",
  "dataset": "mnist"
}