{
  "accuracy": 0.9952,
  "precision_macro": 0.9952232675928725,
  "recall_macro": 0.9950624865853646,
  "f1_macro": 0.9951391168929034,
  "precision_weighted": 0.9952041245467151,
  "recall_weighted": 0.9952,
  "f1_weighted": 0.9951984731842358,
  "per_class_f1": [
    0.9969450101832994,
    0.9986801583809943,
    0.9961277831558567,
    0.9955555555555555,
    0.9943963321446765,
    0.9938097917839055,
    0.9947698744769874,
    0.9936801166747691,
    0.9948559670781894,
    0.9925705794947994
  ],
  "per_class_precision": [
    0.9949186991869918,
    0.9973637961335676,
    0.995164410058027,
    0.993103448275862,
    0.9949031600407747,
    0.9977401129943503,
    0.9968553459119497,
    0.9931972789115646,
    0.9969072164948454,
    0.9920792079207921
  ],
  "per_class_recall": [
    0.9989795918367347,
    1.0,
    0.997093023255814,
    0.998019801980198,
    0.9938900203665988,
    0.9899103139013453,
    0.9926931106471816,
    0.9941634241245136,
    0.9928131416837782,
    0.9930624380574826
  ],
  "train_time_seconds": 147.8140847682953,
  "run_id": 11,
  "seed": 2037,
  "model_type": "cnn",
  "dataset": "mnist"
}