{
  "accuracy": 0.9938,
  "precision_macro": 0.993775958303674,
  "recall_macro": 0.9936947933678575,
  "f1_macro": 0.9937284464608478,
  "precision_weighted": 0.9938078143541327,
  "recall_weighted": 0.9938,
  "f1_weighted": 0.9937969389230208,
  "per_class_f1": [
    0.9959183673469387,
    0.9969230769230769,
    0.9961315280464217,
    0.9950592885375494,
    0.9928789420142421,
    0.9926925238898258,
    0.9921834288692027,
    0.9946262823644357,
    0.9923195084485407,
    0.9885515181682429
  ],
  "per_class_precision": [
    0.9959183673469387,
    0.9947368421052631,
    0.9942084942084942,
    0.9930966469428008,
    0.991869918699187,
    0.9954904171364148,
    0.9906347554630593,
    0.9990186457311089,
    0.9897854954034729,
    0.993
  ],
  "per_class_recall": [
    0.9959183673469387,
    0.9991189427312775,
    0.998062015503876,
    0.997029702970297,
    0.9938900203665988,
    0.9899103139013453,
    0.9937369519832986,
    0.9902723735408561,
    0.9948665297741273,
    0.9841427155599604
  ],
  "train_time_seconds": 185.45967817306519,
  "run_id": 96,
  "seed": 2122,
  "model_type": "cnn_gan",
  "dataset": "mnist"
}