{
  "accuracy": 0.9957,
  "precision_macro": 0.9957170128349301,
  "recall_macro": 0.9955764168083354,
  "f1_macro": 0.9956424190534522,
  "precision_weighted": 0.9957029791783026,
  "recall_weighted": 0.9957,
  "f1_weighted": 0.9956972797065485,
  "per_class_f1": [
    0.9969418960244648,
    0.9978021978021978,
    0.9975810353168844,
    0.9965363681345868,
    0.9964448958862366,
    0.9943820224719101,
    0.9931830099632931,
    0.9951314508276533,
    0.9948665297741273,
    0.993554784333168
  ],
  "per_class_precision": [
    0.9959266802443992,
    0.9956140350877193,
    0.996135265700483,
    0.9960435212660732,
    0.993920972644377,
    0.9966216216216216,
    0.9978925184404637,
    0.9961013645224172,
    0.9948665297741273,
    0.9940476190476191
  ],
  "per_class_recall": [
    0.9979591836734694,
    1.0,
    0.999031007751938,
    0.997029702970297,
    0.9989816700610998,
    0.992152466367713,
    0.988517745302714,
    0.9941634241245136,
    0.9948665297741273,
    0.9930624380574826
  ],
  "train_time_seconds": 142.52530002593994,
  "run_id": 55,
  "seed": 2081,
  "model_type": "cnn",
  "dataset": "mnist"
}