{
  "accuracy": 0.9954,
  "precision_macro": 0.9953743522269143,
  "recall_macro": 0.995328201903941,
  "f1_macro": 0.9953487879487806,
  "precision_weighted": 0.9954016761647898,
  "recall_weighted": 0.9954,
  "f1_weighted": 0.9953983988788881,
  "per_class_f1": [
    0.9969450101832994,
    0.9977983267283135,
    0.9956458635703919,
    0.9950544015825915,
    0.9959266802443992,
    0.9943946188340808,
    0.9921424829753798,
    0.9946419873356064,
    0.9958890030832477,
    0.995049504950495
  ],
  "per_class_precision": [
    0.9949186991869918,
    0.9973591549295775,
    0.9942028985507246,
    0.9940711462450593,
    0.9959266802443992,
    0.9943946188340808,
    0.9957939011566772,
    0.9960975609756098,
    0.9969135802469136,
    0.9940652818991098
  ],
  "per_class_recall": [
    0.9989795918367347,
    0.9982378854625551,
    0.997093023255814,
    0.996039603960396,
    0.9959266802443992,
    0.9943946188340808,
    0.988517745302714,
    0.9931906614785992,
    0.9948665297741273,
    0.9960356788899901
  ],
  "train_time_seconds": 159.7178077697754,
  "run_id": 64,
  "seed": 2090,
  "model_type": "cnn",
  "dataset": "mnist"
}