{
  "accuracy": 0.995,
  "precision_macro": 0.99492863343016,
  "recall_macro": 0.9949512015830196,
  "f1_macro": 0.9949379715367229,
  "precision_weighted": 0.9950048459627877,
  "recall_weighted": 0.995,
  "f1_weighted": 0.9950004807526482,
  "per_class_f1": [
    0.9969356486210419,
    0.9969176574196389,
    0.9966134494436382,
    0.9945625308947108,
    0.9938837920489296,
    0.9916060436485731,
    0.9937434827945777,
    0.9951219512195122,
    0.997431946584489,
    0.992563212692117
  ],
  "per_class_precision": [
    0.9979550102249489,
    0.9964788732394366,
    0.9951690821256038,
    0.9930898321816387,
    0.9948979591836735,
    0.9899441340782122,
    0.9927083333333333,
    0.9980430528375733,
    0.9979445015416238,
    0.9930555555555556
  ],
  "per_class_recall": [
    0.9959183673469387,
    0.9973568281938326,
    0.998062015503876,
    0.996039603960396,
    0.9928716904276986,
    0.9932735426008968,
    0.9947807933194155,
    0.9922178988326849,
    0.9969199178644764,
    0.9920713577799801
  ],
  "train_time_seconds": 144.63475966453552,
  "run_id": 6,
  "seed": 2032,
  "model_type": "cnn",
  "dataset": "mnist"
}