{
  "accuracy": 0.9946,
  "precision_macro": 0.9945829940824249,
  "recall_macro": 0.9945601652734057,
  "f1_macro": 0.994569630099433,
  "precision_weighted": 0.9946032964880503,
  "recall_weighted": 0.9946,
  "f1_weighted": 0.9945996801541188,
  "per_class_f1": [
    0.9969356486210419,
    0.9960404751429829,
    0.9946782776971457,
    0.9975259772389906,
    0.9923508414074452,
    0.9949579831932773,
    0.9890568004168838,
    0.9936739659367396,
    0.9974345818368394,
    0.9930417495029821
  ],
  "per_class_precision": [
    0.9979550102249489,
    0.9947275922671354,
    0.9932367149758454,
    0.9970326409495549,
    0.9938712972420838,
    0.9944008958566629,
    0.9875130072840791,
    0.994157740993184,
    0.9969230769230769,
    0.996011964107677
  ],
  "per_class_recall": [
    0.9959183673469387,
    0.9973568281938326,
    0.9961240310077519,
    0.998019801980198,
    0.9908350305498982,
    0.9955156950672646,
    0.9906054279749478,
    0.9931906614785992,
    0.997946611909651,
    0.9900891972249752
  ],
  "train_time_seconds": 154.0047800540924,
  "run_id": 50,
  "seed": 2076,
  "model_type": "cnn_gan",
  "dataset": "mnist"
}