{
  "accuracy": 0.9951,
  "precision_macro": 0.9950788948284777,
  "recall_macro": 0.9950006821749925,
  "f1_macro": 0.9950359840698303,
  "precision_weighted": 0.9951067338031291,
  "recall_weighted": 0.9951,
  "f1_weighted": 0.9950995735780858,
  "per_class_f1": [
    0.9974476773864216,
    0.9973614775725593,
    0.995164410058027,
    0.9955555555555555,
    0.9954198473282443,
    0.9921612541993281,
    0.9926778242677824,
    0.9946419873356064,
    0.9958762886597938,
    0.9940535183349851
  ],
  "per_class_precision": [
    0.9979570990806946,
    0.9956101843722563,
    0.9932432432432432,
    0.993103448275862,
    0.9949135300101729,
    0.9910514541387024,
    0.9947589098532494,
    0.9960975609756098,
    1.0,
    0.9940535183349851
  ],
  "per_class_recall": [
    0.996938775510204,
    0.9991189427312775,
    0.997093023255814,
    0.998019801980198,
    0.9959266802443992,
    0.9932735426008968,
    0.9906054279749478,
    0.9931906614785992,
    0.9917864476386037,
    0.9940535183349851
  ],
  "train_time_seconds": 151.31547927856445,
  "run_id": 83,
  "seed": 2109,
  "model_type": "cnn",
  "dataset": "mnist"
}