{
  "accuracy": 0.9962,
  "precision_macro": 0.9962190740018908,
  "recall_macro": 0.9961395884050376,
  "f1_macro": 0.9961767857040176,
  "precision_weighted": 0.9962052812822884,
  "recall_weighted": 0.9962,
  "f1_weighted": 0.9962001520709266,
  "per_class_f1": [
    0.9974450689831375,
    0.9973568281938326,
    0.9975810353168844,
    0.9955555555555555,
    0.9943906170321265,
    0.9955056179775281,
    0.9958289885297185,
    0.9956204379562044,
    0.9974293059125964,
    0.9950544015825915
  ],
  "per_class_precision": [
    0.9989764585465711,
    0.9973568281938326,
    0.996135265700483,
    0.993103448275862,
    0.9959141981613892,
    0.9977477477477478,
    0.9947916666666666,
    0.9961051606621227,
    0.9989701338825953,
    0.9930898321816387
  ],
  "per_class_recall": [
    0.9959183673469387,
    0.9973568281938326,
    0.999031007751938,
    0.998019801980198,
    0.9928716904276986,
    0.9932735426008968,
    0.9968684759916493,
    0.995136186770428,
    0.9958932238193019,
    0.9970267591674926
  ],
  "train_time_seconds": 155.64492177963257,
  "run_id": 19,
  "seed": 2045,
  "model_type": "cnn",
  "dataset": "mnist"
}