{
  "accuracy": 0.9953,
  "precision_macro": 0.9952732751154661,
  "recall_macro": 0.995244410251688,
  "f1_macro": 0.9952554519411827,
  "precision_weighted": 0.9953046347699815,
  "recall_weighted": 0.9953,
  "f1_weighted": 0.9952989782938656,
  "per_class_f1": [
    0.9974528782475802,
    0.9960369881109643,
    0.9975786924939467,
    0.994567901234568,
    0.9944077275038129,
    0.9927170868347339,
    0.9942378208486118,
    0.9961089494163424,
    0.9964047252182845,
    0.9930417495029821
  ],
  "per_class_precision": [
    0.9959308240081384,
    0.9955985915492958,
    0.9970958373668926,
    0.9921182266009853,
    0.9928934010152284,
    0.9921612541993281,
    0.9978969505783386,
    0.9961089494163424,
    0.9969167523124358,
    0.996011964107677
  ],
  "per_class_recall": [
    0.9989795918367347,
    0.9964757709251101,
    0.998062015503876,
    0.997029702970297,
    0.9959266802443992,
    0.9932735426008968,
    0.9906054279749478,
    0.9961089494163424,
    0.9958932238193019,
    0.9900891972249752
  ],
  "train_time_seconds": 151.00414752960205,
  "run_id": 96,
  "seed": 2122,
  "model_type": "cnn",
  "dataset": "mnist"
}