{
  "accuracy": 0.9952,
  "precision_macro": 0.9951940368992462,
  "recall_macro": 0.9951770772203636,
  "f1_macro": 0.9951840122256959,
  "precision_weighted": 0.995203835011591,
  "recall_weighted": 0.9952,
  "f1_weighted": 0.9952003520925092,
  "per_class_f1": [
    0.9979591836734694,
    0.9964757709251101,
    0.9942028985507246,
    0.9955423476968797,
    0.9949031600407747,
    0.9943946188340808,
    0.9947862356621481,
    0.9946419873356064,
    0.9953727506426735,
    0.9935611688954928
  ],
  "per_class_precision": [
    0.9979591836734694,
    0.9964757709251101,
    0.9913294797687862,
    0.9960356788899901,
    0.9959183673469387,
    0.9943946188340808,
    0.99375,
    0.9960975609756098,
    0.9969104016477858,
    0.9930693069306931
  ],
  "per_class_recall": [
    0.9979591836734694,
    0.9964757709251101,
    0.997093023255814,
    0.995049504950495,
    0.9938900203665988,
    0.9943946188340808,
    0.9958246346555324,
    0.9931906614785992,
    0.9938398357289527,
    0.9940535183349851
  ],
  "train_time_seconds": 153.51323699951172,
  "run_id": 35,
  "seed": 2061,
  "model_type": "cnn_gan",
  "dataset": "mnist"
}