{
  "accuracy": 0.9963,
  "precision_macro": 0.9962228780544707,
  "recall_macro": 0.9962588790850191,
  "f1_macro": 0.9962390575889547,
  "precision_weighted": 0.9963032719188237,
  "recall_weighted": 0.9963,
  "f1_weighted": 0.9962998559112406,
  "per_class_f1": [
    0.9974528782475802,
    0.99779638607316,
    0.9970958373668926,
    0.996039603960396,
    0.99644128113879,
    0.9927252378287633,
    0.9942498693152118,
    0.9970817120622568,
    0.998972250770812,
    0.994535519125683
  ],
  "per_class_precision": [
    0.9959308240081384,
    0.9982363315696648,
    0.9961315280464217,
    0.996039603960396,
    0.9949238578680203,
    0.9910614525139665,
    0.9958115183246073,
    0.9970817120622568,
    1.0,
    0.9970119521912351
  ],
  "per_class_recall": [
    0.9989795918367347,
    0.9973568281938326,
    0.998062015503876,
    0.996039603960396,
    0.9979633401221996,
    0.9943946188340808,
    0.9926931106471816,
    0.9970817120622568,
    0.997946611909651,
    0.9920713577799801
  ],
  "train_time_seconds": 150.39088797569275,
  "run_id": 49,
  "seed": 2075,
  "model_type": "cnn_gan",
  "dataset": "mnist"
}