{
  "accuracy": 0.995,
  "precision_macro": 0.9949618035334993,
  "recall_macro": 0.9950042170111726,
  "f1_macro": 0.9949793679583984,
  "precision_weighted": 0.9950040439914873,
  "recall_weighted": 0.995,
  "f1_weighted": 0.9949984669290174,
  "per_class_f1": [
    0.9979612640163099,
    0.9951520493609519,
    0.9970986460348162,
    0.9955555555555555,
    0.9943906170321265,
    0.9927333705980995,
    0.9952904238618524,
    0.9946419873356064,
    0.9964084145715751,
    0.9905613512170889
  ],
  "per_class_precision": [
    0.9969450101832994,
    0.9955908289241623,
    0.9951737451737451,
    0.993103448275862,
    0.9959141981613892,
    0.9899665551839465,
    0.9979013641133263,
    0.9960975609756098,
    0.9958974358974358,
    0.9930278884462151
  ],
  "per_class_recall": [
    0.9989795918367347,
    0.9947136563876652,
    0.999031007751938,
    0.998019801980198,
    0.9928716904276986,
    0.9955156950672646,
    0.9926931106471816,
    0.9931906614785992,
    0.9969199178644764,
    0.9881070366699702
  ],
  "train_time_seconds": 151.62557935714722,
  "run_id": 90,
  "seed": 2116,
  "model_type": "cnn",
  "dataset": "mnist"
}