{
  "accuracy": 0.9959,
  "precision_macro": 0.9959085027226413,
  "recall_macro": 0.9958029519567054,
  "f1_macro": 0.99585314141342,
  "precision_weighted": 0.9959017899855864,
  "recall_weighted": 0.9959,
  "f1_weighted": 0.9958983648054823,
  "per_class_f1": [
    0.9969450101832994,
    0.9973614775725593,
    0.9975763451284537,
    0.9970355731225297,
    0.9938837920489296,
    0.9949409780775716,
    0.9932043910088866,
    0.9956161714564052,
    0.9969230769230769,
    0.9950445986124876
  ],
  "per_class_precision": [
    0.9949186991869918,
    0.9956101843722563,
    0.9980601357904947,
    0.995069033530572,
    0.9948979591836735,
    0.9977452085682075,
    0.9947643979057592,
    0.9970731707317073,
    0.9959016393442623,
    0.9950445986124876
  ],
  "per_class_recall": [
    0.9989795918367347,
    0.9991189427312775,
    0.997093023255814,
    0.999009900990099,
    0.9928716904276986,
    0.992152466367713,
    0.9916492693110647,
    0.9941634241245136,
    0.997946611909651,
    0.9950445986124876
  ],
  "train_time_seconds": 150.3568959236145,
  "run_id": 86,
  "seed": 2112,
  "model_type": "cnn_gan",
  "dataset": "mnist"
}