{
  "accuracy": 0.9946,
  "precision_macro": 0.9946480484207463,
  "recall_macro": 0.9944866053275918,
  "f1_macro": 0.9945638143708628,
  "precision_weighted": 0.9946063503268109,
  "recall_weighted": 0.9946,
  "f1_weighted": 0.9945996673454992,
  "per_class_f1": [
    0.9964267483409903,
    0.996043956043956,
    0.9946627850557982,
    0.994567901234568,
    0.9959266802443992,
    0.9926925238898258,
    0.9926778242677824,
    0.9922405431619786,
    0.9948612538540597,
    0.9955379276152702
  ],
  "per_class_precision": [
    0.9969356486210419,
    0.993859649122807,
    0.9961127308066083,
    0.9921182266009853,
    0.9959266802443992,
    0.9954904171364148,
    0.9947589098532494,
    0.9893617021276596,
    0.9958847736625515,
    0.996031746031746
  ],
  "per_class_recall": [
    0.9959183673469387,
    0.9982378854625551,
    0.9932170542635659,
    0.997029702970297,
    0.9959266802443992,
    0.9899103139013453,
    0.9906054279749478,
    0.995136186770428,
    0.9938398357289527,
    0.9950445986124876
  ],
  "train_time_seconds": 157.96866178512573,
  "run_id": 36,
  "seed": 2062,
  "model_type": "cnn_gan",
  "dataset": "mnist"
}