{
  "accuracy": 0.9953,
  "precision_macro": 0.9953371226183328,
  "recall_macro": 0.9952705881963297,
  "f1_macro": 0.9953015064365355,
  "precision_weighted": 0.9953031459739926,
  "recall_weighted": 0.9953,
  "f1_weighted": 0.9952992341668357,
  "per_class_f1": [
    0.996938775510204,
    0.9964788732394366,
    0.9956374212312167,
    0.9965466206216083,
    0.9943963321446765,
    0.9971925884334644,
    0.9932043910088866,
    0.9941520467836257,
    0.9958974358974358,
    0.9925705794947994
  ],
  "per_class_precision": [
    0.996938775510204,
    0.9956024626209323,
    0.9961202715809894,
    0.9931170108161259,
    0.9949031600407747,
    0.9988751406074241,
    0.9947643979057592,
    0.99609375,
    0.9948770491803278,
    0.9920792079207921
  ],
  "per_class_recall": [
    0.996938775510204,
    0.9973568281938326,
    0.9951550387596899,
    1.0,
    0.9938900203665988,
    0.9955156950672646,
    0.9916492693110647,
    0.9922178988326849,
    0.9969199178644764,
    0.9930624380574826
  ],
  "train_time_seconds": 155.67096757888794,
  "run_id": 33,
  "seed": 2059,
  "model_type": "cnn_gan",
  "dataset": "mnist"
}