{
  "accuracy": 0.9952,
  "precision_macro": 0.9951505988680978,
  "recall_macro": 0.9951864622908568,
  "f1_macro": 0.9951667692381795,
  "precision_weighted": 0.9952049926673333,
  "recall_weighted": 0.9952,
  "f1_weighted": 0.9952007209040208,
  "per_class_f1": [
    0.994908350305499,
    0.996914940502424,
    0.996600291403594,
    0.996039603960396,
    0.9949031600407747,
    0.9949579831932773,
    0.9937434827945777,
    0.9941747572815534,
    0.9953775038520801,
    0.9940476190476191
  ],
  "per_class_precision": [
    0.9928861788617886,
    0.9973544973544973,
    0.9990262901655307,
    0.996039603960396,
    0.9959183673469387,
    0.9944008958566629,
    0.9927083333333333,
    0.9922480620155039,
    0.9958890030832477,
    0.9950347567030785
  ],
  "per_class_recall": [
    0.996938775510204,
    0.9964757709251101,
    0.9941860465116279,
    0.996039603960396,
    0.9938900203665988,
    0.9955156950672646,
    0.9947807933194155,
    0.9961089494163424,
    0.9948665297741273,
    0.9930624380574826
  ],
  "train_time_seconds": 184.57488632202148,
  "run_id": 101,
  "seed": 2127,
  "model_type": "cnn_gan",
  "dataset": "mnist"
}