{
  "accuracy": 0.9962,
  "precision_macro": 0.996199020570622,
  "recall_macro": 0.9961029481027731,
  "f1_macro": 0.9961490285571216,
  "precision_weighted": 0.9962017694499257,
  "recall_weighted": 0.9962,
  "f1_weighted": 0.9961989898274621,
  "per_class_f1": [
    0.9979591836734694,
    0.9978002639683238,
    0.997093023255814,
    0.9965397923875432,
    0.9964376590330789,
    0.9943820224719101,
    0.9942438513867086,
    0.9961051606621227,
    0.9953869810353665,
    0.9955423476968797
  ],
  "per_class_precision": [
    0.9979591836734694,
    0.9964850615114236,
    0.997093023255814,
    0.9950641658440277,
    0.9959308240081384,
    0.9966216216216216,
    0.9968520461699895,
    0.9970760233918129,
    0.9938587512794268,
    0.995049504950495
  ],
  "per_class_recall": [
    0.9979591836734694,
    0.9991189427312775,
    0.997093023255814,
    0.998019801980198,
    0.9969450101832994,
    0.992152466367713,
    0.9916492693110647,
    0.995136186770428,
    0.9969199178644764,
    0.9960356788899901
  ],
  "train_time_seconds": 151.21068263053894,
  "run_id": 86,
  "seed": 2112,
  "model_type": "cnn",
  "dataset": "mnist"
}