{
  "accuracy": 0.9953,
  "precision_macro": 0.9952448755822452,
  "recall_macro": 0.9952211712176838,
  "f1_macro": 0.9952292037238772,
  "precision_weighted": 0.9953052531081165,
  "recall_weighted": 0.9953,
  "f1_weighted": 0.9952988057007751,
  "per_class_f1": [
    0.996938775510204,
    0.9978021978021978,
    0.9961202715809894,
    0.9960474308300395,
    0.9959266802443992,
    0.9921700223713646,
    0.9942438513867086,
    0.995136186770428,
    0.9948717948717949,
    0.9930348258706467
  ],
  "per_class_precision": [
    0.996938775510204,
    0.9956140350877193,
    0.9970873786407767,
    0.9940828402366864,
    0.9959266802443992,
    0.9899553571428571,
    0.9968520461699895,
    0.995136186770428,
    0.9938524590163934,
    0.997002997002997
  ],
  "per_class_recall": [
    0.996938775510204,
    1.0,
    0.9951550387596899,
    0.998019801980198,
    0.9959266802443992,
    0.9943946188340808,
    0.9916492693110647,
    0.995136186770428,
    0.9958932238193019,
    0.9890981169474727
  ],
  "train_time_seconds": 154.78480195999146,
  "run_id": 67,
  "seed": 2093,
  "model_type": "cnn",
  "dataset": "mnist"
}