{
  "accuracy": 0.9954,
  "precision_macro": 0.9953762651130195,
  "recall_macro": 0.9953671491446512,
  "f1_macro": 0.9953669948737238,
  "precision_weighted": 0.9954102385843425,
  "recall_weighted": 0.9954,
  "f1_weighted": 0.9954004108378831,
  "per_class_f1": [
    0.9979612640163099,
    0.9964757709251101,
    0.9956331877729258,
    0.994088669950739,
    0.9964376590330789,
    0.9921612541993281,
    0.99581589958159,
    0.9951409135082604,
    0.9969135802469136,
    0.9930417495029821
  ],
  "per_class_precision": [
    0.9969450101832994,
    0.9964757709251101,
    0.9970845481049563,
    0.9892156862745098,
    0.9959308240081384,
    0.9910514541387024,
    0.9979035639412998,
    0.9941747572815534,
    0.9989690721649485,
    0.996011964107677
  ],
  "per_class_recall": [
    0.9989795918367347,
    0.9964757709251101,
    0.9941860465116279,
    0.999009900990099,
    0.9969450101832994,
    0.9932735426008968,
    0.9937369519832986,
    0.9961089494163424,
    0.9948665297741273,
    0.9900891972249752
  ],
  "train_time_seconds": 148.85144424438477,
  "run_id": 72,
  "seed": 2098,
  "model_type": "cnn",
  "dataset": "mnist"
}