{
  "accuracy": 0.9943,
  "precision_macro": 0.9943112032908878,
  "recall_macro": 0.9941684089217449,
  "f1_macro": 0.9942368730309171,
  "precision_weighted": 0.994303965943257,
  "recall_weighted": 0.9943,
  "f1_weighted": 0.9942991564964397,
  "per_class_f1": [
    0.9959225280326198,
    0.9969203695556533,
    0.9956416464891041,
    0.9925779317169718,
    0.9938962360122076,
    0.9921259842519685,
    0.9926854754440961,
    0.992721979621543,
    0.9943386515697376,
    0.9955379276152702
  ],
  "per_class_precision": [
    0.994908350305499,
    0.9956063268892794,
    0.995159728944821,
    0.9920870425321464,
    0.9928861788617886,
    0.9954853273137697,
    0.9937238493723849,
    0.9903194578896418,
    0.9969040247678018,
    0.996031746031746
  ],
  "per_class_recall": [
    0.996938775510204,
    0.9982378854625551,
    0.9961240310077519,
    0.9930693069306931,
    0.994908350305499,
    0.9887892376681614,
    0.9916492693110647,
    0.995136186770428,
    0.9917864476386037,
    0.9950445986124876
  ],
  "train_time_seconds": 143.53968238830566,
  "run_id": 8,
  "seed": 2034,
  "model_type": "cnn",
  "dataset": "mnist"
}