{
  "accuracy": 0.9957,
  "precision_macro": 0.9956335176287311,
  "recall_macro": 0.9956398667954046,
  "f1_macro": 0.9956333192255731,
  "precision_weighted": 0.9957052505938303,
  "recall_weighted": 0.9957,
  "f1_weighted": 0.9956993747990981,
  "per_class_f1": [
    0.9969481180061037,
    0.9977983267283135,
    0.9970958373668926,
    0.9955467590301831,
    0.994908350305499,
    0.9932885906040269,
    0.9931901519119958,
    0.997564539698003,
    0.9974293059125964,
    0.992563212692117
  ],
  "per_class_precision": [
    0.9939148073022313,
    0.9973591549295775,
    0.9961315280464217,
    0.9950544015825915,
    0.994908350305499,
    0.9910714285714286,
    0.9968454258675079,
    0.9990243902439024,
    0.9989701338825953,
    0.9930555555555556
  ],
  "per_class_recall": [
    1.0,
    0.9982378854625551,
    0.998062015503876,
    0.996039603960396,
    0.994908350305499,
    0.9955156950672646,
    0.9895615866388309,
    0.9961089494163424,
    0.9958932238193019,
    0.9920713577799801
  ],
  "train_time_seconds": 159.65363454818726,
  "run_id": 9,
  "seed": 2035,
  "model_type": "cnn_gan",
  "dataset": "mnist"
}