{
  "accuracy": 0.9945,
  "precision_macro": 0.9944498826749293,
  "recall_macro": 0.9944287938545285,
  "f1_macro": 0.9944373399671809,
  "precision_weighted": 0.994501713625573,
  "recall_weighted": 0.9945,
  "f1_weighted": 0.9944988657120539,
  "per_class_f1": [
    0.9954198473282443,
    0.9982378854625551,
    0.9951550387596899,
    0.996039603960396,
    0.9938775510204082,
    0.9955156950672646,
    0.9916405433646813,
    0.9946627850557982,
    0.9912686183872624,
    0.9925558312655087
  ],
  "per_class_precision": [
    0.9928934010152284,
    0.9982378854625551,
    0.9951550387596899,
    0.996039603960396,
    0.9959100204498977,
    0.9955156950672646,
    0.9926778242677824,
    0.9922555663117134,
    0.9917780061664954,
    0.9940357852882704
  ],
  "per_class_recall": [
    0.9979591836734694,
    0.9982378854625551,
    0.9951550387596899,
    0.996039603960396,
    0.9918533604887984,
    0.9955156950672646,
    0.9906054279749478,
    0.9970817120622568,
    0.9907597535934292,
    0.9910802775024777
  ],
  "train_time_seconds": 155.3854057788849,
  "run_id": 73,
  "seed": 2099,
  "model_type": "cnn_gan",
  "dataset": "mnist"
}