{
  "accuracy": 0.9958,
  "precision_macro": 0.9957905976511263,
  "recall_macro": 0.9957405922923239,
  "f1_macro": 0.9957637731705123,
  "precision_weighted": 0.9958013948295402,
  "recall_weighted": 0.9958,
  "f1_weighted": 0.9957988430721328,
  "per_class_f1": [
    0.9969418960244648,
    0.9973614775725593,
    0.9966035904900534,
    0.9965363681345868,
    0.9964376590330789,
    0.9949523275378576,
    0.9932043910088866,
    0.9946524064171123,
    0.9964120963608406,
    0.994535519125683
  ],
  "per_class_precision": [
    0.9959266802443992,
    0.9956101843722563,
    0.9980563654033042,
    0.9960435212660732,
    0.9959308240081384,
    0.9955106621773289,
    0.9947643979057592,
    0.9941690962099126,
    0.9948822927328557,
    0.9970119521912351
  ],
  "per_class_recall": [
    0.9979591836734694,
    0.9991189427312775,
    0.9951550387596899,
    0.997029702970297,
    0.9969450101832994,
    0.9943946188340808,
    0.9916492693110647,
    0.995136186770428,
    0.997946611909651,
    0.9920713577799801
  ],
  "train_time_seconds": 148.68651604652405,
  "run_id": 104,
  "seed": 2130,
  "model_type": "cnn",
  "dataset": "mnist"
}