{
  "accuracy": 0.9965,
  "precision_macro": 0.9965270572433349,
  "recall_macro": 0.9964084090156332,
  "f1_macro": 0.9964648166297,
  "precision_weighted": 0.9965052065978416,
  "recall_weighted": 0.9965,
  "f1_weighted": 0.9964997599123437,
  "per_class_f1": [
    0.9979591836734694,
    0.9964788732394366,
    0.9985458070770722,
    0.9955599407992106,
    0.9959225280326198,
    0.9938167509836987,
    0.9952953476215368,
    0.9970817120622568,
    0.9979445015416238,
    0.9960435212660732
  ],
  "per_class_precision": [
    0.9979591836734694,
    0.9956024626209323,
    0.9990300678952473,
    0.992133726647001,
    0.996938775510204,
    0.9966178128523112,
    0.9968586387434555,
    0.9970817120622568,
    0.9989711934156379,
    0.9940769990128332
  ],
  "per_class_recall": [
    0.9979591836734694,
    0.9973568281938326,
    0.998062015503876,
    0.999009900990099,
    0.994908350305499,
    0.9910313901345291,
    0.9937369519832986,
    0.9970817120622568,
    0.9969199178644764,
    0.998017839444995
  ],
  "train_time_seconds": 145.71117305755615,
  "run_id": 70,
  "seed": 2096,
  "model_type": "cnn",
  "dataset": "mnist"
}