{
  "accuracy": 0.9944,
  "precision_macro": 0.994413117620133,
  "recall_macro": 0.9943171590489198,
  "f1_macro": 0.994361976472087,
  "precision_weighted": 0.99440343423177,
  "recall_weighted": 0.9944,
  "f1_weighted": 0.9943985501767837,
  "per_class_f1": [
    0.998470168281489,
    0.9956024626209323,
    0.995159728944821,
    0.9955467590301831,
    0.9913221031138336,
    0.9932584269662922,
    0.9906054279749478,
    0.9941463414634146,
    0.9969230769230769,
    0.9925852694018784
  ],
  "per_class_precision": [
    0.9979612640163099,
    0.9938542581211589,
    0.9941972920696325,
    0.9950544015825915,
    0.9938587512794268,
    0.9954954954954955,
    0.9906054279749478,
    0.99706457925636,
    0.9959016393442623,
    0.9901380670611439
  ],
  "per_class_recall": [
    0.9989795918367347,
    0.9973568281938326,
    0.9961240310077519,
    0.996039603960396,
    0.9887983706720977,
    0.9910313901345291,
    0.9906054279749478,
    0.9912451361867705,
    0.997946611909651,
    0.9950445986124876
  ],
  "train_time_seconds": 148.75302863121033,
  "run_id": 53,
  "seed": 2079,
  "model_type": "cnn_gan",
  "dataset": "mnist"
}