{
  "accuracy": 0.9954,
  "precision_macro": 0.9953748973628661,
  "recall_macro": 0.9953433036944629,
  "f1_macro": 0.9953561249476903,
  "precision_weighted": 0.995405982025223,
  "recall_weighted": 0.9954,
  "f1_weighted": 0.9954000642435851,
  "per_class_f1": [
    0.996938775510204,
    0.9973568281938326,
    0.9956500724987917,
    0.997029702970297,
    0.9938712972420838,
    0.9949466591802358,
    0.9911504424778761,
    0.9941520467836257,
    0.9969230769230769,
    0.9955423476968797
  ],
  "per_class_precision": [
    0.996938775510204,
    0.9973568281938326,
    0.9932497589199615,
    0.997029702970297,
    0.9969262295081968,
    0.9966254218222722,
    0.9885773624091381,
    0.99609375,
    0.9959016393442623,
    0.995049504950495
  ],
  "per_class_recall": [
    0.996938775510204,
    0.9973568281938326,
    0.998062015503876,
    0.997029702970297,
    0.9908350305498982,
    0.9932735426008968,
    0.9937369519832986,
    0.9922178988326849,
    0.997946611909651,
    0.9960356788899901
  ],
  "train_time_seconds": 148.9213318824768,
  "run_id": 61,
  "seed": 2087,
  "model_type": "cnn_gan",
  "dataset": "mnist"
}