{
  "accuracy": 0.9957,
  "precision_macro": 0.9957216470782188,
  "recall_macro": 0.9956295530376602,
  "f1_macro": 0.9956703731942588,
  "precision_weighted": 0.9957057162255695,
  "recall_weighted": 0.9957,
  "f1_weighted": 0.9956976577541818,
  "per_class_f1": [
    0.9964376590330789,
    0.9973637961335676,
    0.9970958373668926,
    0.9965329370975731,
    0.9949186991869918,
    0.9955156950672646,
    0.993704092339979,
    0.9941520467836257,
    0.9974345818368394,
    0.9935483870967742
  ],
  "per_class_precision": [
    0.9939086294416244,
    0.9947414548641542,
    0.9961315280464217,
    0.9970267591674926,
    0.9929006085192698,
    0.9955156950672646,
    0.9989451476793249,
    0.99609375,
    0.9969230769230769,
    0.9950298210735586
  ],
  "per_class_recall": [
    0.9989795918367347,
    1.0,
    0.998062015503876,
    0.996039603960396,
    0.9969450101832994,
    0.9955156950672646,
    0.988517745302714,
    0.9922178988326849,
    0.997946611909651,
    0.9920713577799801
  ],
  "train_time_seconds": 163.8713960647583,
  "run_id": 47,
  "seed": 2073,
  "model_type": "cnn_gan",
  "dataset": "mnist"
}