{
  "accuracy": 0.9957,
  "precision_macro": 0.9956531650279237,
  "recall_macro": 0.9956627240455809,
  "f1_macro": 0.9956554952044149,
  "precision_weighted": 0.9957049491880055,
  "recall_weighted": 0.9957,
  "f1_weighted": 0.9957000578412403,
  "per_class_f1": [
    0.9974476773864216,
    0.99779638607316,
    0.9941972920696325,
    0.9945409429280397,
    0.9964303926568078,
    0.9938444320089536,
    0.9937238493723849,
    0.9956289460903351,
    0.9964120963608406,
    0.9965329370975731
  ],
  "per_class_precision": [
    0.9979570990806946,
    0.9982363315696648,
    0.9922779922779923,
    0.9970149253731343,
    0.9979570990806946,
    0.9921787709497206,
    0.9958071278825996,
    0.9941804073714839,
    0.9948822927328557,
    0.996039603960396
  ],
  "per_class_recall": [
    0.996938775510204,
    0.9973568281938326,
    0.9961240310077519,
    0.9920792079207921,
    0.994908350305499,
    0.9955156950672646,
    0.9916492693110647,
    0.9970817120622568,
    0.997946611909651,
    0.9970267591674926
  ],
  "train_time_seconds": 158.11384534835815,
  "run_id": 29,
  "seed": 2055,
  "model_type": "cnn_gan",
  "dataset": "mnist"
}