{
  "accuracy": 0.9961,
  "precision_macro": 0.9961342894246454,
  "recall_macro": 0.9960202066282788,
  "f1_macro": 0.9960724788477184,
  "precision_weighted": 0.9961054744712452,
  "recall_weighted": 0.9961,
  "f1_weighted": 0.9960979430140143,
  "per_class_f1": [
    0.9984717269485481,
    0.9973637961335676,
    0.9966101694915255,
    0.9970355731225297,
    0.9954291518537328,
    0.9955106621773289,
    0.9952854897852279,
    0.9961051606621227,
    0.9953775038520801,
    0.9935355544505221
  ],
  "per_class_precision": [
    0.9969481180061037,
    0.9947414548641542,
    0.9961277831558567,
    0.995069033530572,
    0.9929078014184397,
    0.996629213483146,
    0.9989484752891693,
    0.9970760233918129,
    0.9958890030832477,
    0.9970059880239521
  ],
  "per_class_recall": [
    1.0,
    1.0,
    0.997093023255814,
    0.999009900990099,
    0.9979633401221996,
    0.9943946188340808,
    0.9916492693110647,
    0.995136186770428,
    0.9948665297741273,
    0.9900891972249752
  ],
  "train_time_seconds": 155.82717561721802,
  "run_id": 26,
  "seed": 2052,
  "model_type": "cnn",
  "dataset": "mnist"
}