{
  "accuracy": 0.9962,
  "precision_macro": 0.9962483593311724,
  "recall_macro": 0.9961378352660327,
  "f1_macro": 0.996190733690803,
  "precision_weighted": 0.9962047700497596,
  "recall_weighted": 0.9962,
  "f1_weighted": 0.9962001350316428,
  "per_class_f1": [
    0.9974502804691484,
    0.9969176574196389,
    0.997093023255814,
    0.9970326409495549,
    0.9964376590330789,
    0.9960652051714446,
    0.9958115183246073,
    0.9941747572815534,
    0.995382247306311,
    0.9955423476968797
  ],
  "per_class_precision": [
    0.9969418960244648,
    0.9964788732394366,
    0.997093023255814,
    0.9960474308300395,
    0.9959308240081384,
    0.9988726042841037,
    0.9989495798319328,
    0.9922480620155039,
    0.9948717948717949,
    0.995049504950495
  ],
  "per_class_recall": [
    0.9979591836734694,
    0.9973568281938326,
    0.997093023255814,
    0.998019801980198,
    0.9969450101832994,
    0.9932735426008968,
    0.9926931106471816,
    0.9961089494163424,
    0.9958932238193019,
    0.9960356788899901
  ],
  "train_time_seconds": 146.0073046684265,
  "run_id": 44,
  "seed": 2070,
  "model_type": "cnn",
  "dataset": "mnist"
}