{
  "accuracy": 0.9959,
  "precision_macro": 0.9959035572332468,
  "recall_macro": 0.9958024933564007,
  "f1_macro": 0.9958507675431715,
  "precision_weighted": 0.9959029478360623,
  "recall_weighted": 0.9959,
  "f1_weighted": 0.9958991819376144,
  "per_class_f1": [
    0.9964267483409903,
    0.9978021978021978,
    0.9956289460903351,
    0.9970355731225297,
    0.9944020356234097,
    0.9943820224719101,
    0.9932185706833594,
    0.9961127308066083,
    0.9984591679506933,
    0.9950396825396826
  ],
  "per_class_precision": [
    0.9969356486210419,
    0.9956140350877193,
    0.9980525803310614,
    0.995069033530572,
    0.9938962360122076,
    0.9966216216216216,
    0.9927007299270073,
    0.9951456310679612,
    0.998972250770812,
    0.9960278053624627
  ],
  "per_class_recall": [
    0.9959183673469387,
    1.0,
    0.9932170542635659,
    0.999009900990099,
    0.994908350305499,
    0.992152466367713,
    0.9937369519832986,
    0.9970817120622568,
    0.997946611909651,
    0.9940535183349851
  ],
  "train_time_seconds": 143.7948808670044,
  "run_id": 45,
  "seed": 2071,
  "model_type": "cnn",
  "dataset": "mnist"
}