{
  "accuracy": 0.9953,
  "precision_macro": 0.9953224536596943,
  "recall_macro": 0.9952332016326786,
  "f1_macro": 0.9952745252288047,
  "precision_weighted": 0.9953047334881341,
  "recall_weighted": 0.9953,
  "f1_weighted": 0.9952989515545367,
  "per_class_f1": [
    0.998470168281489,
    0.9964850615114236,
    0.9956416464891041,
    0.9960435212660732,
    0.9944077275038129,
    0.9938236945536215,
    0.9942558746736292,
    0.9946262823644357,
    0.9969199178644764,
    0.9920713577799801
  ],
  "per_class_precision": [
    0.9979612640163099,
    0.9938650306748467,
    0.995159728944821,
    0.9950592885375494,
    0.9928934010152284,
    0.9955005624296963,
    0.9947753396029259,
    0.9990186457311089,
    0.9969199178644764,
    0.9920713577799801
  ],
  "per_class_recall": [
    0.9989795918367347,
    0.9991189427312775,
    0.9961240310077519,
    0.997029702970297,
    0.9959266802443992,
    0.992152466367713,
    0.9937369519832986,
    0.9902723735408561,
    0.9969199178644764,
    0.9920713577799801
  ],
  "train_time_seconds": 156.09845209121704,
  "run_id": 63,
  "seed": 2089,
  "model_type": "cnn_gan",
  "dataset": "mnist"
}