{
  "accuracy": 0.9956,
  "precision_macro": 0.9955927634240289,
  "recall_macro": 0.9955173997576342,
  "f1_macro": 0.9955516008661288,
  "precision_weighted": 0.9956048989826825,
  "recall_weighted": 0.9956,
  "f1_weighted": 0.9955989729005276,
  "per_class_f1": [
    0.9974502804691484,
    0.9964850615114236,
    0.9980601357904947,
    0.9965363681345868,
    0.9954105048444671,
    0.9932810750279956,
    0.9937106918238994,
    0.9956246961594555,
    0.9959016393442623,
    0.9930555555555556
  ],
  "per_class_precision": [
    0.9969418960244648,
    0.9938650306748467,
    0.9990291262135922,
    0.9960435212660732,
    0.9969356486210419,
    0.9921700223713646,
    0.9978947368421053,
    0.9951409135082604,
    0.9938650306748467,
    0.9940417080436942
  ],
  "per_class_recall": [
    0.9979591836734694,
    0.9991189427312775,
    0.997093023255814,
    0.997029702970297,
    0.9938900203665988,
    0.9943946188340808,
    0.9895615866388309,
    0.9961089494163424,
    0.997946611909651,
    0.9920713577799801
  ],
  "train_time_seconds": 144.3824360370636,
  "run_id": 97,
  "seed": 2123,
  "model_type": "cnn",
  "dataset": "mnist"
}