{
  "accuracy": 0.9961,
  "precision_macro": 0.9960806716719726,
  "recall_macro": 0.9960454153020593,
  "f1_macro": 0.9960609890060377,
  "precision_weighted": 0.9961019041355986,
  "recall_weighted": 0.9961,
  "f1_weighted": 0.9960989528919739,
  "per_class_f1": [
    0.9979633401221996,
    0.9973591549295775,
    0.9975763451284537,
    0.9965363681345868,
    0.9944020356234097,
    0.9955156950672646,
    0.9942378208486118,
    0.9975669099756691,
    0.9958974358974358,
    0.993554784333168
  ],
  "per_class_precision": [
    0.9959349593495935,
    0.9964819700967458,
    0.9980601357904947,
    0.9960435212660732,
    0.9938962360122076,
    0.9955156950672646,
    0.9978969505783386,
    0.9980525803310614,
    0.9948770491803278,
    0.9940476190476191
  ],
  "per_class_recall": [
    1.0,
    0.9982378854625551,
    0.997093023255814,
    0.997029702970297,
    0.994908350305499,
    0.9955156950672646,
    0.9906054279749478,
    0.9970817120622568,
    0.9969199178644764,
    0.9930624380574826
  ],
  "train_time_seconds": 145.22220015525818,
  "run_id": 85,
  "seed": 2111,
  "model_type": "cnn",
  "dataset": "mnist"
}