{
  "accuracy": 0.9967,
  "precision_macro": 0.9966527343232918,
  "recall_macro": 0.9966509680057376,
  "f1_macro": 0.9966509495563678,
  "precision_weighted": 0.9967014849556081,
  "recall_weighted": 0.9967,
  "f1_weighted": 0.9966998439758734,
  "per_class_f1": [
    0.9974528782475802,
    0.9986789960369881,
    0.9985443959243085,
    0.997029702970297,
    0.9954245043213015,
    0.9960740325294447,
    0.9942558746736292,
    0.9975669099756691,
    0.9974345818368394,
    0.9940476190476191
  ],
  "per_class_precision": [
    0.9959308240081384,
    0.9982394366197183,
    1.0,
    0.997029702970297,
    0.9939086294416244,
    0.9966329966329966,
    0.9947753396029259,
    0.9980525803310614,
    0.9969230769230769,
    0.9950347567030785
  ],
  "per_class_recall": [
    0.9989795918367347,
    0.9991189427312775,
    0.997093023255814,
    0.997029702970297,
    0.9969450101832994,
    0.9955156950672646,
    0.9937369519832986,
    0.9970817120622568,
    0.997946611909651,
    0.9930624380574826
  ],
  "train_time_seconds": 159.09967589378357,
  "run_id": 52,
  "seed": 2078,
  "model_type": "cnn_gan",
  "dataset": "mnist"
}