{
  "accuracy": 0.9958,
  "precision_macro": 0.9957996402431956,
  "recall_macro": 0.9957288468070489,
  "f1_macro": 0.9957621366577252,
  "precision_weighted": 0.9958024839915417,
  "recall_weighted": 0.9958,
  "f1_weighted": 0.9957991956079217,
  "per_class_f1": [
    0.9979612640163099,
    0.9977983267283135,
    0.9961277831558567,
    0.9980237154150198,
    0.9933774834437086,
    0.9949409780775716,
    0.9947807933194155,
    0.9956118966357874,
    0.9969199178644764,
    0.9920792079207921
  ],
  "per_class_precision": [
    0.9969450101832994,
    0.9973591549295775,
    0.995164410058027,
    0.9960552268244576,
    0.9938837920489296,
    0.9977452085682075,
    0.9947807933194155,
    0.9980449657869013,
    0.9969199178644764,
    0.9910979228486647
  ],
  "per_class_recall": [
    0.9989795918367347,
    0.9982378854625551,
    0.997093023255814,
    1.0,
    0.9928716904276986,
    0.992152466367713,
    0.9947807933194155,
    0.9931906614785992,
    0.9969199178644764,
    0.9930624380574826
  ],
  "train_time_seconds": 150.14107823371887,
  "run_id": 74,
  "seed": 2100,
  "model_type": "cnn_gan",
  "dataset": "mnist"
}