{
  "accuracy": 0.9964,
  "precision_macro": 0.9964037859367147,
  "recall_macro": 0.996327199008916,
  "f1_macro": 0.996362772345911,
  "precision_weighted": 0.9964024963352833,
  "recall_weighted": 0.9964,
  "f1_weighted": 0.9963986163657784,
  "per_class_f1": [
    0.9974528782475802,
    0.9973591549295775,
    0.9951550387596899,
    0.9980217606330366,
    0.9969512195121951,
    0.9943883277216611,
    0.9947589098532494,
    0.9961089494163424,
    0.9964047252182845,
    0.9970267591674926
  ],
  "per_class_precision": [
    0.9959308240081384,
    0.9964819700967458,
    0.9951550387596899,
    0.9970355731225297,
    0.9949290060851927,
    0.9955056179775281,
    0.9989473684210526,
    0.9961089494163424,
    0.9969167523124358,
    0.9970267591674926
  ],
  "per_class_recall": [
    0.9989795918367347,
    0.9982378854625551,
    0.9951550387596899,
    0.999009900990099,
    0.9989816700610998,
    0.9932735426008968,
    0.9906054279749478,
    0.9961089494163424,
    0.9958932238193019,
    0.9970267591674926
  ],
  "train_time_seconds": 146.06419277191162,
  "run_id": 1,
  "seed": 2027,
  "model_type": "cnn",
  "dataset": "mnist"
}