{
  "accuracy": 0.9959,
  "precision_macro": 0.9958972679800425,
  "recall_macro": 0.9958022816971349,
  "f1_macro": 0.9958474986009446,
  "precision_weighted": 0.9959016432046661,
  "recall_weighted": 0.9959,
  "f1_weighted": 0.9958985932859569,
  "per_class_f1": [
    0.9969450101832994,
    0.9969203695556533,
    0.997090203685742,
    0.9980217606330366,
    0.9949135300101729,
    0.9932584269662922,
    0.9937238493723849,
    0.9956289460903351,
    0.997431946584489,
    0.9945409429280397
  ],
  "per_class_precision": [
    0.9949186991869918,
    0.9956063268892794,
    0.9980582524271845,
    0.9970355731225297,
    0.9939024390243902,
    0.9954954954954955,
    0.9958071278825996,
    0.9941804073714839,
    0.9979445015416238,
    0.9960238568588469
  ],
  "per_class_recall": [
    0.9989795918367347,
    0.9982378854625551,
    0.9961240310077519,
    0.999009900990099,
    0.9959266802443992,
    0.9910313901345291,
    0.9916492693110647,
    0.9970817120622568,
    0.9969199178644764,
    0.9930624380574826
  ],
  "train_time_seconds": 147.2186632156372,
  "run_id": 83,
  "seed": 2109,
  "model_type": "cnn_gan",
  "dataset": "mnist"
}