{
  "accuracy": 0.9948,
  "precision_macro": 0.9947829374387365,
  "recall_macro": 0.9947762591207381,
  "f1_macro": 0.9947779708449127,
  "precision_weighted": 0.9948006635676442,
  "recall_weighted": 0.9948,
  "f1_weighted": 0.9947987239571201,
  "per_class_f1": [
    0.9979612640163099,
    0.9964757709251101,
    0.9946731234866828,
    0.9955467590301831,
    0.994908350305499,
    0.9943883277216611,
    0.9926854754440961,
    0.9926864943929791,
    0.9953917050691244,
    0.9930624380574826
  ],
  "per_class_precision": [
    0.9969450101832994,
    0.9964757709251101,
    0.9941916747337851,
    0.9950544015825915,
    0.994908350305499,
    0.9955056179775281,
    0.9937238493723849,
    0.9951124144672532,
    0.992849846782431,
    0.9930624380574826
  ],
  "per_class_recall": [
    0.9989795918367347,
    0.9964757709251101,
    0.9951550387596899,
    0.996039603960396,
    0.994908350305499,
    0.9932735426008968,
    0.9916492693110647,
    0.9902723735408561,
    0.997946611909651,
    0.9930624380574826
  ],
  "train_time_seconds": 206.60499668121338,
  "run_id": 104,
  "seed": 2130,
  "model_type": "cnn_gan",
  "dataset": "mnist"
}