{
  "accuracy": 0.995,
  "precision_macro": 0.9949513770842074,
  "recall_macro": 0.9949729505592474,
  "f1_macro": 0.994959004493459,
  "precision_weighted": 0.9950041288522563,
  "recall_weighted": 0.995,
  "f1_weighted": 0.9949989159797303,
  "per_class_f1": [
    0.9964376590330789,
    0.9960369881109643,
    0.996116504854369,
    0.9945517582961863,
    0.9969481180061037,
    0.9938375350140056,
    0.9911134343962362,
    0.9951409135082604,
    0.9948770491803278,
    0.9945300845350572
  ],
  "per_class_precision": [
    0.9939086294416244,
    0.9955985915492958,
    0.9980544747081712,
    0.9950445986124876,
    0.9959349593495935,
    0.9932810750279956,
    0.9926701570680628,
    0.9941747572815534,
    0.9928425357873211,
    0.998003992015968
  ],
  "per_class_recall": [
    0.9989795918367347,
    0.9964757709251101,
    0.9941860465116279,
    0.994059405940594,
    0.9979633401221996,
    0.9943946188340808,
    0.9895615866388309,
    0.9961089494163424,
    0.9969199178644764,
    0.9910802775024777
  ],
  "train_time_seconds": 160.53172826766968,
  "run_id": 26,
  "seed": 2052,
  "model_type": "cnn_gan",
  "dataset": "mnist"
}