{
  "accuracy": 0.9955,
  "precision_macro": 0.9955335786821451,
  "recall_macro": 0.9954086922610674,
  "f1_macro": 0.9954661559532443,
  "precision_weighted": 0.9955075363531769,
  "recall_weighted": 0.9955,
  "f1_weighted": 0.9954987551837832,
  "per_class_f1": [
    0.9974554707379135,
    0.9960474308300395,
    0.9970873786407767,
    0.9960474308300395,
    0.9948979591836735,
    0.9943820224719101,
    0.9931972789115646,
    0.9961013645224172,
    0.9953917050691244,
    0.9940535183349851
  ],
  "per_class_precision": [
    0.9949238578680203,
    0.9929947460595446,
    0.9990272373540856,
    0.9940828402366864,
    0.9969325153374233,
    0.9966216216216216,
    0.9958027282266527,
    0.998046875,
    0.992849846782431,
    0.9940535183349851
  ],
  "per_class_recall": [
    1.0,
    0.9991189427312775,
    0.9951550387596899,
    0.998019801980198,
    0.9928716904276986,
    0.992152466367713,
    0.9906054279749478,
    0.9941634241245136,
    0.997946611909651,
    0.9940535183349851
  ],
  "train_time_seconds": 149.20485663414001,
  "run_id": 46,
  "seed": 2072,
  "model_type": "cnn",
  "dataset": "mnist"
}