{
  "accuracy": 0.9959,
  "precision_macro": 0.9959093012510742,
  "recall_macro": 0.9958276418212192,
  "f1_macro": 0.9958648635710894,
  "precision_weighted": 0.9959037585383734,
  "recall_weighted": 0.9959,
  "f1_weighted": 0.9958983088714387,
  "per_class_f1": [
    0.9979612640163099,
    0.9960404751429829,
    0.9970845481049563,
    0.9965363681345868,
    0.99644128113879,
    0.9938236945536215,
    0.9921424829753798,
    0.9951456310679612,
    0.9974372116863147,
    0.9960356788899901
  ],
  "per_class_precision": [
    0.9969450101832994,
    0.9947275922671354,
    1.0,
    0.9960435212660732,
    0.9949238578680203,
    0.9955005624296963,
    0.9957939011566772,
    0.9932170542635659,
    0.9959058341862845,
    0.9960356788899901
  ],
  "per_class_recall": [
    0.9989795918367347,
    0.9973568281938326,
    0.9941860465116279,
    0.997029702970297,
    0.9979633401221996,
    0.992152466367713,
    0.988517745302714,
    0.9970817120622568,
    0.9989733059548255,
    0.9960356788899901
  ],
  "train_time_seconds": 152.39098715782166,
  "run_id": 65,
  "seed": 2091,
  "model_type": "cnn_gan",
  "dataset": "mnist"
}