{
  "accuracy": 0.9953,
  "precision_macro": 0.9953022733768682,
  "recall_macro": 0.9952908700371397,
  "f1_macro": 0.9952954015494733,
  "precision_weighted": 0.9953008831583389,
  "recall_weighted": 0.9953,
  "f1_weighted": 0.9952992853694465,
  "per_class_f1": [
    0.9969450101832994,
    0.9964757709251101,
    0.9951550387596899,
    0.9960435212660732,
    0.9949135300101729,
    0.9955106621773289,
    0.9932114882506528,
    0.99317738791423,
    0.9984591679506933,
    0.9930624380574826
  ],
  "per_class_precision": [
    0.9949186991869918,
    0.9964757709251101,
    0.9951550387596899,
    0.9950592885375494,
    0.9939024390243902,
    0.996629213483146,
    0.9937304075235109,
    0.9951171875,
    0.998972250770812,
    0.9930624380574826
  ],
  "per_class_recall": [
    0.9989795918367347,
    0.9964757709251101,
    0.9951550387596899,
    0.997029702970297,
    0.9959266802443992,
    0.9943946188340808,
    0.9926931106471816,
    0.9912451361867705,
    0.997946611909651,
    0.9930624380574826
  ],
  "train_time_seconds": 164.7619330883026,
  "run_id": 11,
  "seed": 2037,
  "model_type": "cnn_gan",
  "dataset": "mnist"
}