{
  "accuracy": 0.9953,
  "precision_macro": 0.9953409871930765,
  "recall_macro": 0.9951851141381839,
  "f1_macro": 0.9952590042621658,
  "precision_weighted": 0.9953058917820222,
  "recall_weighted": 0.9953,
  "f1_weighted": 0.9952988739411558,
  "per_class_f1": [
    0.9964376590330789,
    0.9960474308300395,
    0.9980582524271845,
    0.9965432098765432,
    0.9938837920489296,
    0.9938167509836987,
    0.9926778242677824,
    0.994647201946472,
    0.9969167523124358,
    0.9935611688954928
  ],
  "per_class_precision": [
    0.9939086294416244,
    0.9929947460595446,
    1.0,
    0.994088669950739,
    0.9948979591836735,
    0.9966178128523112,
    0.9947589098532494,
    0.9951314508276533,
    0.9979423868312757,
    0.9930693069306931
  ],
  "per_class_recall": [
    0.9989795918367347,
    0.9991189427312775,
    0.9961240310077519,
    0.999009900990099,
    0.9928716904276986,
    0.9910313901345291,
    0.9906054279749478,
    0.9941634241245136,
    0.9958932238193019,
    0.9940535183349851
  ],
  "train_time_seconds": 157.4364058971405,
  "run_id": 23,
  "seed": 2049,
  "model_type": "cnn_gan",
  "dataset": "mnist"
}