{
  "accuracy": 0.9952,
  "precision_macro": 0.9952127873605097,
  "recall_macro": 0.9951120729937888,
  "f1_macro": 0.9951550873041018,
  "precision_weighted": 0.9952125267543397,
  "recall_weighted": 0.9952,
  "f1_weighted": 0.9951988412822015,
  "per_class_f1": [
    0.9969418960244648,
    0.9973637961335676,
    0.9961127308066083,
    0.9960474308300395,
    0.9954337899543378,
    0.9932735426008968,
    0.9947643979057592,
    0.9932104752667313,
    0.9953679876479671,
    0.9930348258706467
  ],
  "per_class_precision": [
    0.9959266802443992,
    0.9947414548641542,
    0.9990253411306043,
    0.9940828402366864,
    0.9919110212335692,
    0.9932735426008968,
    0.9978991596638656,
    0.9903288201160542,
    0.9979360165118679,
    0.997002997002997
  ],
  "per_class_recall": [
    0.9979591836734694,
    1.0,
    0.9932170542635659,
    0.998019801980198,
    0.9989816700610998,
    0.9932735426008968,
    0.9916492693110647,
    0.9961089494163424,
    0.9928131416837782,
    0.9890981169474727
  ],
  "train_time_seconds": 165.71563410758972,
  "run_id": 29,
  "seed": 2055,
  "model_type": "cnn",
  "dataset": "mnist"
}