{
  "accuracy": 0.9958,
  "precision_macro": 0.995834341861214,
  "recall_macro": 0.9956876755053397,
  "f1_macro": 0.9957567557034471,
  "precision_weighted": 0.995805560624771,
  "recall_weighted": 0.9958,
  "f1_weighted": 0.9957985772677108,
  "per_class_f1": [
    0.9969450101832994,
    0.9973637961335676,
    0.9956331877729258,
    0.9955555555555555,
    0.9959349593495935,
    0.9943757030371203,
    0.9937238493723849,
    0.9956204379562044,
    0.9958890030832477,
    0.9965260545905708
  ],
  "per_class_precision": [
    0.9949186991869918,
    0.9947414548641542,
    0.9970845481049563,
    0.993103448275862,
    0.9939148073022313,
    0.9977426636568849,
    0.9958071278825996,
    0.9961051606621227,
    0.9969135802469136,
    0.9980119284294234
  ],
  "per_class_recall": [
    0.9989795918367347,
    1.0,
    0.9941860465116279,
    0.998019801980198,
    0.9979633401221996,
    0.9910313901345291,
    0.9916492693110647,
    0.995136186770428,
    0.9948665297741273,
    0.9950445986124876
  ],
  "train_time_seconds": 170.5880320072174,
  "run_id": 48,
  "seed": 2074,
  "model_type": "cnn",
  "dataset": "mnist"
}