{
  "accuracy": 0.9958,
  "precision_macro": 0.9957929576248036,
  "recall_macro": 0.9956969399888163,
  "f1_macro": 0.9957407702221006,
  "precision_weighted": 0.9958052724111359,
  "recall_weighted": 0.9958,
  "f1_weighted": 0.9957984372031691,
  "per_class_f1": [
    0.9974528782475802,
    0.9982409850483729,
    0.9970958373668926,
    0.9965363681345868,
    0.9954058192955589,
    0.9943883277216611,
    0.9921507064364207,
    0.9951219512195122,
    0.9974345818368394,
    0.9935802469135803
  ],
  "per_class_precision": [
    0.9959308240081384,
    0.9964881474978051,
    0.9961315280464217,
    0.9960435212660732,
    0.9979529170931423,
    0.9955056179775281,
    0.9947534102833159,
    0.9980430528375733,
    0.9969230769230769,
    0.9901574803149606
  ],
  "per_class_recall": [
    0.9989795918367347,
    1.0,
    0.998062015503876,
    0.997029702970297,
    0.9928716904276986,
    0.9932735426008968,
    0.9895615866388309,
    0.9922178988326849,
    0.997946611909651,
    0.9970267591674926
  ],
  "train_time_seconds": 161.06299686431885,
  "run_id": 39,
  "seed": 2065,
  "model_type": "cnn_gan",
  "dataset": "mnist"
}