{
  "accuracy": 0.9958,
  "precision_macro": 0.9958008342910052,
  "recall_macro": 0.9957470128128023,
  "f1_macro": 0.9957725035380038,
  "precision_weighted": 0.9958006680573294,
  "recall_weighted": 0.9958,
  "f1_weighted": 0.9957989547916141,
  "per_class_f1": [
    0.9974502804691484,
    0.9977983267283135,
    0.9961277831558567,
    0.9970355731225297,
    0.9943963321446765,
    0.9955056179775281,
    0.9953051643192489,
    0.9946419873356064,
    0.9964084145715751,
    0.9930555555555556
  ],
  "per_class_precision": [
    0.9969418960244648,
    0.9973591549295775,
    0.995164410058027,
    0.995069033530572,
    0.9949031600407747,
    0.9977477477477478,
    0.9947862356621481,
    0.9960975609756098,
    0.9958974358974358,
    0.9940417080436942
  ],
  "per_class_recall": [
    0.9979591836734694,
    0.9982378854625551,
    0.997093023255814,
    0.999009900990099,
    0.9938900203665988,
    0.9932735426008968,
    0.9958246346555324,
    0.9931906614785992,
    0.9969199178644764,
    0.9920713577799801
  ],
  "train_time_seconds": 175.44618773460388,
  "run_id": 95,
  "seed": 2121,
  "model_type": "cnn_gan",
  "dataset": "mnist"
}