{
  "accuracy": 0.9959,
  "precision_macro": 0.9959349304359095,
  "recall_macro": 0.9958202229684042,
  "f1_macro": 0.9958717739960564,
  "precision_weighted": 0.9959098616556293,
  "recall_weighted": 0.9959,
  "f1_weighted": 0.9958991959737674,
  "per_class_f1": [
    0.996938775510204,
    0.9964819700967458,
    0.9980638915779284,
    0.9950641658440277,
    0.9944190766108574,
    0.9955106621773289,
    0.994231777661248,
    0.9975669099756691,
    0.9964047252182845,
    0.9940357852882704
  ],
  "per_class_precision": [
    0.996938775510204,
    0.9947322212467077,
    0.9970986460348162,
    0.9921259842519685,
    0.9908998988877654,
    0.996629213483146,
    0.9989462592202318,
    0.9980525803310614,
    0.9969167523124358,
    0.9970089730807578
  ],
  "per_class_recall": [
    0.996938775510204,
    0.9982378854625551,
    0.999031007751938,
    0.998019801980198,
    0.9979633401221996,
    0.9943946188340808,
    0.9895615866388309,
    0.9970817120622568,
    0.9958932238193019,
    0.9910802775024777
  ],
  "train_time_seconds": 146.62209153175354,
  "run_id": 98,
  "seed": 2124,
  "model_type": "cnn",
  "dataset": "mnist"
}