{
  "accuracy": 0.9961,
  "precision_macro": 0.9960836086305512,
  "recall_macro": 0.9960294287758495,
  "f1_macro": 0.9960543857357436,
  "precision_weighted": 0.9961025118681329,
  "recall_weighted": 0.9961,
  "f1_weighted": 0.9960990969635106,
  "per_class_f1": [
    0.998470168281489,
    0.9973614775725593,
    0.997573993207181,
    0.9960474308300395,
    0.994908350305499,
    0.9938375350140056,
    0.9942438513867086,
    0.9961127308066083,
    0.997946611909651,
    0.9940417080436942
  ],
  "per_class_precision": [
    0.9979612640163099,
    0.9956101843722563,
    0.9990281827016521,
    0.9940828402366864,
    0.994908350305499,
    0.9932810750279956,
    0.9968520461699895,
    0.9951456310679612,
    0.997946611909651,
    0.9960199004975124
  ],
  "per_class_recall": [
    0.9989795918367347,
    0.9991189427312775,
    0.9961240310077519,
    0.998019801980198,
    0.994908350305499,
    0.9943946188340808,
    0.9916492693110647,
    0.9970817120622568,
    0.997946611909651,
    0.9920713577799801
  ],
  "train_time_seconds": 147.70585250854492,
  "run_id": 40,
  "seed": 2066,
  "model_type": "cnn",
  "dataset": "mnist"
}