{
  "accuracy": 0.9957,
  "precision_macro": 0.9957202006270778,
  "recall_macro": 0.9956502127867612,
  "f1_macro": 0.9956832376551441,
  "precision_weighted": 0.9957027244464971,
  "recall_weighted": 0.9957,
  "f1_weighted": 0.9956994096450037,
  "per_class_f1": [
    0.9959183673469387,
    0.9969176574196389,
    0.9956458635703919,
    0.9965432098765432,
    0.9949031600407747,
    0.99606962380685,
    0.9942498693152118,
    0.9951267056530214,
    0.9964084145715751,
    0.995049504950495
  ],
  "per_class_precision": [
    0.9959183673469387,
    0.9964788732394366,
    0.9942028985507246,
    0.994088669950739,
    0.9959183673469387,
    0.9977502812148481,
    0.9958115183246073,
    0.9970703125,
    0.9958974358974358,
    0.9940652818991098
  ],
  "per_class_recall": [
    0.9959183673469387,
    0.9973568281938326,
    0.997093023255814,
    0.999009900990099,
    0.9938900203665988,
    0.9943946188340808,
    0.9926931106471816,
    0.9931906614785992,
    0.9969199178644764,
    0.9960356788899901
  ],
  "train_time_seconds": 151.93735647201538,
  "run_id": 88,
  "seed": 2114,
  "model_type": "cnn_gan",
  "dataset": "mnist"
}