{
  "accuracy": 0.9949,
  "precision_macro": 0.9949023149023368,
  "recall_macro": 0.9948507035228304,
  "f1_macro": 0.9948733545914864,
  "precision_weighted": 0.9949039078999902,
  "recall_weighted": 0.9949,
  "f1_weighted": 0.9948988571634971,
  "per_class_f1": [
    0.9964340295466123,
    0.9964757709251101,
    0.9966167230546158,
    0.9945625308947108,
    0.9943963321446765,
    0.9949523275378576,
    0.9937106918238994,
    0.9946419873356064,
    0.9948717948717949,
    0.9920713577799801
  ],
  "per_class_precision": [
    0.9949135300101729,
    0.9964757709251101,
    0.9942140790742526,
    0.9930898321816387,
    0.9949031600407747,
    0.9955106621773289,
    0.9978947368421053,
    0.9960975609756098,
    0.9938524590163934,
    0.9920713577799801
  ],
  "per_class_recall": [
    0.9979591836734694,
    0.9964757709251101,
    0.999031007751938,
    0.996039603960396,
    0.9938900203665988,
    0.9943946188340808,
    0.9895615866388309,
    0.9931906614785992,
    0.9958932238193019,
    0.9920713577799801
  ],
  "train_time_seconds": 162.08381485939026,
  "run_id": 2,
  "seed": 2028,
  "model_type": "cnn_gan",
  "dataset": "mnist"
}