{
  "accuracy": 0.9953,
  "precision_macro": 0.995285047263452,
  "recall_macro": 0.9952612251106461,
  "f1_macro": 0.9952707487413811,
  "precision_weighted": 0.9953014852243245,
  "recall_weighted": 0.9953,
  "f1_weighted": 0.9952984295264927,
  "per_class_f1": [
    0.9964376590330789,
    0.9964757709251101,
    0.9966068831798351,
    0.9965363681345868,
    0.9959308240081384,
    0.9949523275378576,
    0.9921424829753798,
    0.9936801166747691,
    0.9958974358974358,
    0.9940476190476191
  ],
  "per_class_precision": [
    0.9939086294416244,
    0.9964757709251101,
    0.997090203685742,
    0.9960435212660732,
    0.9949186991869918,
    0.9955106621773289,
    0.9957939011566772,
    0.9931972789115646,
    0.9948770491803278,
    0.9950347567030785
  ],
  "per_class_recall": [
    0.9989795918367347,
    0.9964757709251101,
    0.9961240310077519,
    0.997029702970297,
    0.9969450101832994,
    0.9943946188340808,
    0.988517745302714,
    0.9941634241245136,
    0.9969199178644764,
    0.9930624380574826
  ],
  "train_time_seconds": 219.74224662780762,
  "run_id": 102,
  "seed": 2128,
  "model_type": "cnn_gan",
  "dataset": "mnist"
}