{
  "accuracy": 0.9957,
  "precision_macro": 0.9956906772867014,
  "recall_macro": 0.9956458710939469,
  "f1_macro": 0.9956673762553729,
  "precision_weighted": 0.9957010127399298,
  "recall_weighted": 0.9957,
  "f1_weighted": 0.9956995860064826,
  "per_class_f1": [
    0.996938775510204,
    0.9978002639683238,
    0.9961202715809894,
    0.9965397923875432,
    0.9944020356234097,
    0.9955156950672646,
    0.9942558746736292,
    0.9946524064171123,
    0.996401028277635,
    0.9940476190476191
  ],
  "per_class_precision": [
    0.996938775510204,
    0.9964850615114236,
    0.9970873786407767,
    0.9950641658440277,
    0.9938962360122076,
    0.9955156950672646,
    0.9947753396029259,
    0.9941690962099126,
    0.9979402677651905,
    0.9950347567030785
  ],
  "per_class_recall": [
    0.996938775510204,
    0.9991189427312775,
    0.9951550387596899,
    0.998019801980198,
    0.994908350305499,
    0.9955156950672646,
    0.9937369519832986,
    0.995136186770428,
    0.9948665297741273,
    0.9930624380574826
  ],
  "train_time_seconds": 169.29023361206055,
  "run_id": 24,
  "seed": 2050,
  "model_type": "cnn",
  "dataset": "mnist"
}