{
  "accuracy": 0.9953,
  "precision_macro": 0.9952966730687948,
  "recall_macro": 0.9952195099288697,
  "f1_macro": 0.9952549488584104,
  "precision_weighted": 0.9953049833223989,
  "recall_weighted": 0.9953,
  "f1_weighted": 0.9952993352991467,
  "per_class_f1": [
    0.9974528782475802,
    0.9973614775725593,
    0.996116504854369,
    0.9950641658440277,
    0.9939024390243902,
    0.9938236945536215,
    0.9952953476215368,
    0.9956161714564052,
    0.9948612538540597,
    0.9930555555555556
  ],
  "per_class_precision": [
    0.9959308240081384,
    0.9956101843722563,
    0.9980544747081712,
    0.9921259842519685,
    0.9918864097363083,
    0.9955005624296963,
    0.9968586387434555,
    0.9970731707317073,
    0.9958847736625515,
    0.9940417080436942
  ],
  "per_class_recall": [
    0.9989795918367347,
    0.9991189427312775,
    0.9941860465116279,
    0.998019801980198,
    0.9959266802443992,
    0.992152466367713,
    0.9937369519832986,
    0.9941634241245136,
    0.9938398357289527,
    0.9920713577799801
  ],
  "train_time_seconds": 151.7037274837494,
  "run_id": 77,
  "seed": 2103,
  "model_type": "cnn_gan",
  "dataset": "mnist"
}