{
  "accuracy": 0.995,
  "precision_macro": 0.994990400023935,
  "recall_macro": 0.9949207821996522,
  "f1_macro": 0.994953189206902,
  "precision_weighted": 0.9950020202645774,
  "recall_weighted": 0.995,
  "f1_weighted": 0.9949985936055673,
  "per_class_f1": [
    0.998470168281489,
    0.9978002639683238,
    0.9966101694915255,
    0.9965397923875432,
    0.9918367346938776,
    0.9938236945536215,
    0.9937369519832986,
    0.9931707317073171,
    0.9974345818368394,
    0.990108803165183
  ],
  "per_class_precision": [
    0.9979612640163099,
    0.9964850615114236,
    0.9961277831558567,
    0.9950641658440277,
    0.9938650306748467,
    0.9955005624296963,
    0.9937369519832986,
    0.9960861056751468,
    0.9969230769230769,
    0.9881539980256664
  ],
  "per_class_recall": [
    0.9989795918367347,
    0.9991189427312775,
    0.997093023255814,
    0.998019801980198,
    0.9898167006109979,
    0.992152466367713,
    0.9937369519832986,
    0.9902723735408561,
    0.997946611909651,
    0.9920713577799801
  ],
  "train_time_seconds": 194.8490228652954,
  "run_id": 103,
  "seed": 2129,
  "model_type": "cnn_gan",
  "dataset": "mnist"
}