{
  "accuracy": 0.9964,
  "precision_macro": 0.9964096230129276,
  "recall_macro": 0.9963378793988745,
  "f1_macro": 0.9963721434980768,
  "precision_weighted": 0.9964019812931034,
  "recall_weighted": 0.9964,
  "f1_weighted": 0.996399414319636,
  "per_class_f1": [
    0.9979612640163099,
    0.9973591549295775,
    0.9970958373668926,
    0.9965397923875432,
    0.9964340295466123,
    0.9949523275378576,
    0.9958115183246073,
    0.9956204379562044,
    0.9964047252182845,
    0.9955423476968797
  ],
  "per_class_precision": [
    0.9969450101832994,
    0.9964819700967458,
    0.9961315280464217,
    0.9950641658440277,
    0.9969418960244648,
    0.9955106621773289,
    0.9989495798319328,
    0.9961051606621227,
    0.9969167523124358,
    0.995049504950495
  ],
  "per_class_recall": [
    0.9989795918367347,
    0.9982378854625551,
    0.998062015503876,
    0.998019801980198,
    0.9959266802443992,
    0.9943946188340808,
    0.9926931106471816,
    0.995136186770428,
    0.9958932238193019,
    0.9960356788899901
  ],
  "train_time_seconds": 155.64542937278748,
  "run_id": 50,
  "seed": 2076,
  "model_type": "cnn",
  "dataset": "mnist"
}