{
  "accuracy": 0.9943,
  "precision_macro": 0.994237100079044,
  "recall_macro": 0.9942081804913275,
  "f1_macro": 0.9942203821813289,
  "precision_weighted": 0.9943025034384109,
  "recall_weighted": 0.9943,
  "f1_weighted": 0.9942989814301476,
  "per_class_f1": [
    0.9969418960244648,
    0.9969203695556533,
    0.995159728944821,
    0.9955555555555555,
    0.9943906170321265,
    0.9910414333706606,
    0.9911227154046998,
    0.9941520467836257,
    0.9948559670781894,
    0.9920634920634921
  ],
  "per_class_precision": [
    0.9959266802443992,
    0.9956063268892794,
    0.9941972920696325,
    0.993103448275862,
    0.9959141981613892,
    0.9899328859060402,
    0.9916405433646813,
    0.99609375,
    0.9969072164948454,
    0.9930486593843099
  ],
  "per_class_recall": [
    0.9979591836734694,
    0.9982378854625551,
    0.9961240310077519,
    0.998019801980198,
    0.9928716904276986,
    0.992152466367713,
    0.9906054279749478,
    0.9922178988326849,
    0.9928131416837782,
    0.9910802775024777
  ],
  "train_time_seconds": 154.77178502082825,
  "run_id": 67,
  "seed": 2093,
  "model_type": "cnn_gan",
  "dataset": "mnist"
}