{
  "accuracy": 0.9948,
  "precision_macro": 0.9947888902825852,
  "recall_macro": 0.9947156942015288,
  "f1_macro": 0.99475051396318,
  "precision_weighted": 0.9947998260151575,
  "recall_weighted": 0.9948,
  "f1_weighted": 0.9947981818217102,
  "per_class_f1": [
    0.9964340295466123,
    0.9955985915492958,
    0.9961277831558567,
    0.9955467590301831,
    0.9954151808456444,
    0.9921348314606742,
    0.9911134343962362,
    0.9941520467836257,
    0.9969230769230769,
    0.994059405940594
  ],
  "per_class_precision": [
    0.9949135300101729,
    0.9947229551451188,
    0.995164410058027,
    0.9950544015825915,
    0.9959225280326198,
    0.9943693693693694,
    0.9926701570680628,
    0.99609375,
    0.9959016393442623,
    0.9930761622156281
  ],
  "per_class_recall": [
    0.9979591836734694,
    0.9964757709251101,
    0.997093023255814,
    0.996039603960396,
    0.994908350305499,
    0.9899103139013453,
    0.9895615866388309,
    0.9922178988326849,
    0.997946611909651,
    0.9950445986124876
  ],
  "train_time_seconds": 170.27749633789062,
  "run_id": 4,
  "seed": 2030,
  "model_type": "cnn_gan",
  "dataset": "mnist"
}