{
  "accuracy": 0.9959,
  "precision_macro": 0.9959154819657092,
  "recall_macro": 0.9958292772191703,
  "f1_macro": 0.9958693715421638,
  "precision_weighted": 0.9959053398609572,
  "recall_weighted": 0.9959,
  "f1_weighted": 0.9958997259816899,
  "per_class_f1": [
    0.9979591836734694,
    0.9973568281938326,
    0.9970958373668926,
    0.995551161641127,
    0.9933571793561574,
    0.9943820224719101,
    0.9958246346555324,
    0.9956246961594555,
    0.9984591679506933,
    0.9930830039525692
  ],
  "per_class_precision": [
    0.9979591836734694,
    0.9973568281938326,
    0.9961315280464217,
    0.9940769990128332,
    0.9969230769230769,
    0.9966216216216216,
    0.9958246346555324,
    0.9951409135082604,
    0.998972250770812,
    0.9901477832512315
  ],
  "per_class_recall": [
    0.9979591836734694,
    0.9973568281938326,
    0.998062015503876,
    0.997029702970297,
    0.9898167006109979,
    0.992152466367713,
    0.9958246346555324,
    0.9961089494163424,
    0.997946611909651,
    0.9960356788899901
  ],
  "train_time_seconds": 153.3859462738037,
  "run_id": 92,
  "seed": 2118,
  "model_type": "cnn",
  "dataset": "mnist"
}