{
  "accuracy": 0.9947,
  "precision_macro": 0.9947131392843808,
  "recall_macro": 0.9946632517657387,
  "f1_macro": 0.9946834900364063,
  "precision_weighted": 0.9947121199308647,
  "recall_weighted": 0.9947,
  "f1_weighted": 0.9947013795820927,
  "per_class_f1": [
    0.9959266802443992,
    0.9973544973544973,
    0.9961277831558567,
    0.9955423476968797,
    0.9928425357873211,
    0.9966329966329966,
    0.9932114882506528,
    0.9931972789115646,
    0.9953727506426735,
    0.9906265416872225
  ],
  "per_class_precision": [
    0.9939024390243902,
    0.9982347749338041,
    0.995164410058027,
    0.9960356788899901,
    0.9969199178644764,
    0.9977528089887641,
    0.9937304075235109,
    0.9922330097087378,
    0.9969104016477858,
    0.9862475442043221
  ],
  "per_class_recall": [
    0.9979591836734694,
    0.9964757709251101,
    0.997093023255814,
    0.995049504950495,
    0.9887983706720977,
    0.9955156950672646,
    0.9926931106471816,
    0.9941634241245136,
    0.9938398357289527,
    0.9950445986124876
  ],
  "train_time_seconds": 160.8716104030609,
  "run_id": 93,
  "seed": 2119,
  "model_type": "cnn_gan",
  "dataset": "mnist"
}