{
  "accuracy": 0.9954,
  "precision_macro": 0.9954022646188914,
  "recall_macro": 0.995313582365539,
  "f1_macro": 0.9953547226361218,
  "precision_weighted": 0.9954026437354749,
  "recall_weighted": 0.9954,
  "f1_weighted": 0.9953981286479481,
  "per_class_f1": [
    0.9974502804691484,
    0.9969203695556533,
    0.9975786924939467,
    0.995551161641127,
    0.9954245043213015,
    0.9938236945536215,
    0.9937238493723849,
    0.9946576007770762,
    0.995382247306311,
    0.9930348258706467
  ],
  "per_class_precision": [
    0.9969418960244648,
    0.9956063268892794,
    0.9970958373668926,
    0.9940769990128332,
    0.9939086294416244,
    0.9955005624296963,
    0.9958071278825996,
    0.9932104752667313,
    0.9948717948717949,
    0.997002997002997
  ],
  "per_class_recall": [
    0.9979591836734694,
    0.9982378854625551,
    0.998062015503876,
    0.997029702970297,
    0.9969450101832994,
    0.992152466367713,
    0.9916492693110647,
    0.9961089494163424,
    0.9958932238193019,
    0.9890981169474727
  ],
  "train_time_seconds": 151.1167893409729,
  "run_id": 99,
  "seed": 2125,
  "model_type": "cnn",
  "dataset": "mnist"
}