{
  "accuracy": 0.3967,
  "precision_macro": 0.4057585177259796,
  "recall_macro": 0.3967,
  "f1_macro": 0.37985302533074644,
  "precision_weighted": 0.4057585177259796,
  "recall_weighted": 0.3967,
  "f1_weighted": 0.37985302533074644,
  "per_class_f1": [
    0.6285714285714286,
    0.6782608695652174,
    0.40310077519379844,
    0.23684210526315788,
    0.36220472440944884,
    0.1553398058252427,
    0.5373134328358209,
    0.20253164556962025,
    0.5333333333333333,
    0.358974358974359,
    0.18421052631578946,
    0.47368421052631576,
    0.5882352941176471,
    0.5531914893617021,
    0.5714285714285714,
    0.18666666666666668,
    0.11940298507462686,
    0.5,
    0.29213483146067415,
    0.5742574257425742,
    0.5344827586206896,
    0.6262626262626263,
    0.6464646464646465,
    0.6915887850467289,
    0.1917808219178082,
    0.5263157894736842,
    0.453781512605042,
    0.0,
    0.3925233644859813,
    0.10344827586206896,
    0.3764705882352941,
    0.45161290322580644,
    0.27586206896551724,
    0.15,
    0.39655172413793105,
    0.45901639344262296,
    0.6481481481481481,
    0.37777777777777777,
    0.4672897196261682,
    0.34951456310679613,
    0.17647058823529413,
    0.26804123711340205,
    0.27586206896551724,
    0.4583333333333333,
    0.7843137254901961,
    0.6788990825688074,
    0.4835164835164835,
    0.49504950495049505,
    0.19047619047619047,
    0.19718309859154928,
    0.4936708860759494,
    0.26,
    0.5238095238095238,
    0.31683168316831684,
    0.44155844155844154,
    0.44776119402985076,
    0.14,
    0.43137254901960786,
    0.6730769230769231,
    0.4050632911392405,
    0.4380952380952381,
    0.4888888888888889,
    0.16901408450704225,
    0.2891566265060241,
    0.26506024096385544,
    0.22900763358778625,
    0.49557522123893805,
    0.1917808219178082,
    0.3106796116504854,
    0.1487603305785124,
    0.36,
    0.6336633663366337,
    0.16,
    0.3783783783783784,
    0.36666666666666664,
    0.2682926829268293,
    0.32098765432098764,
    0.1643835616438356,
    0.6548672566371682,
    0.23333333333333334,
    0.07017543859649122,
    0.6909090909090909,
    0.40298507462686567,
    0.25,
    0.29310344827586204,
    0.3373493975903614,
    0.47058823529411764,
    0.32,
    0.03773584905660377,
    0.3364485981308411,
    0.37735849056603776,
    0.48120300751879697,
    0.27586206896551724,
    0.4642857142857143,
    0.43902439024390244,
    0.39603960396039606,
    0.3541666666666667,
    0.3103448275862069,
    0.3333333333333333,
    0.11428571428571428,
    0.03333333333333333,
    0.5647058823529412,
    0.3384615384615385,
    0.7708333333333334,
    0.32989690721649484,
    0.38596491228070173,
    0.1951219512195122,
    0.5853658536585366,
    0.6019417475728155,
    0.47619047619047616,
    0.29333333333333333,
    0.5483870967741935,
    0.32989690721649484,
    0.25882352941176473,
    0.4,
    0.7450980392156863,
    0.4222222222222222,
    0.45714285714285713,
    0.68,
    0.18181818181818182,
    0.2905982905982906,
    0.3669724770642202,
    0.09375,
    0.23931623931623933,
    0.6896551724137931,
    0.16822429906542055,
    0.5106382978723404,
    0.3132530120481928,
    0.4090909090909091,
    0.5681818181818182,
    0.125,
    0.0,
    0.12903225806451613,
    0.6595744680851063,
    0.36363636363636365,
    0.0,
    0.2782608695652174,
    0.2413793103448276,
    0.11650485436893204,
    0.0821917808219178,
    0.4,
    0.3611111111111111,
    0.5054945054945055,
    0.7835051546391752,
    0.24675324675324675,
    0.72,
    0.5773195876288659,
    0.15942028985507245,
    0.26548672566371684,
    0.47619047619047616,
    0.39285714285714285,
    0.24615384615384617,
    0.18181818181818182,
    0.4380952380952381,
    0.4842105263157895,
    0.3269230769230769,
    0.1935483870967742,
    0.3673469387755102,
    0.17777777777777778,
    0.07142857142857142,
    0.35443037974683544,
    0.21052631578947367,
    0.40707964601769914,
    0.42857142857142855,
    0.42857142857142855,
    0.7090909090909091,
    0.7818181818181819,
    0.43010752688172044,
    0.0,
    0.35,
    0.631578947368421,
    0.4,
    0.07142857142857142,
    0.6666666666666666,
    0.47058823529411764,
    0.038461538461538464,
    0.5918367346938775,
    0.3194444444444444,
    0.5611510791366906,
    0.19444444444444445,
    0.28846153846153844,
    0.32653061224489793,
    0.32323232323232326,
    0.44155844155844154,
    0.5321100917431193,
    0.5052631578947369,
    0.4297520661157025,
    0.5148514851485149,
    0.3916083916083916,
    0.5132743362831859,
    0.38181818181818183,
    0.5692307692307692,
    0.5486725663716814,
    0.7169811320754716,
    0.5,
    0.33663366336633666,
    0.5370370370370371,
    0.18604651162790697,
    0.3055555555555556,
    0.23529411764705882
  ],