{
  "accuracy": 0.4094,
  "precision_macro": 0.41740554830303256,
  "recall_macro": 0.4094,
  "f1_macro": 0.39253116622634615,
  "precision_weighted": 0.41740554830303245,
  "recall_weighted": 0.4094,
  "f1_weighted": 0.39253116622634615,
  "per_class_f1": [
    0.7128712871287128,
    0.6306306306306306,
    0.5,
    0.3333333333333333,
    0.4,
    0.11764705882352941,
    0.5196850393700787,
    0.3132530120481928,
    0.5932203389830508,
    0.28125,
    0.13114754098360656,
    0.4954128440366973,
    0.4583333333333333,
    0.6428571428571429,
    0.43243243243243246,
    0.29213483146067415,
    0.18181818181818182,
    0.5686274509803921,
    0.3302752293577982,
    0.5737704918032787,
    0.5945945945945946,
    0.6666666666666666,
    0.5833333333333334,
    0.6607142857142857,
    0.1038961038961039,
    0.4430379746835443,
    0.46153846153846156,
    0.07407407407407407,
    0.2913907284768212,
    0.06557377049180328,
    0.32098765432098764,
    0.4132231404958678,
    0.2912621359223301,
    0.1702127659574468,
    0.4838709677419355,
    0.4090909090909091,
    0.6610169491525424,
    0.3655913978494624,
    0.5365853658536586,
    0.2682926829268293,
    0.13157894736842105,
    0.22988505747126436,
    0.34615384615384615,
    0.46153846153846156,
    0.8865979381443299,
    0.6890756302521008,
    0.4,
    0.4946236559139785,
    0.13114754098360656,
    0.3076923076923077,
    0.5669291338582677,
    0.416,
    0.5825242718446602,
    0.4444444444444444,
    0.345679012345679,
    0.3024390243902439,
    0.20689655172413793,
    0.496,
    0.6363636363636364,
    0.3333333333333333,
    0.4,
    0.512396694214876,
    0.25263157894736843,
    0.28865979381443296,
    0.14084507042253522,
    0.18333333333333332,
    0.5370370370370371,
    0.19444444444444445,
    0.32116788321167883,
    0.29411764705882354,
    0.33766233766233766,
    0.6285714285714286,
    0.3614457831325301,
    0.3870967741935484,
    0.3779527559055118,
    0.26804123711340205,
    0.37037037037037035,
    0.13333333333333333,
    0.7872340425531915,
    0.18461538461538463,
    0.03225806451612903,
    0.6956521739130435,
    0.4122137404580153,
    0.3076923076923077,
    0.32075471698113206,
    0.38636363636363635,
    0.4772727272727273,
    0.3655913978494624,
    0.0,
    0.37362637362637363,
    0.46601941747572817,
    0.3968253968253968,
    0.29333333333333333,
    0.44,
    0.391304347826087,
    0.40404040404040403,
    0.375,
    0.34146341463414637,
    0.49572649572649574,
    0.11428571428571428,
    0.175,
    0.4954128440366973,
    0.13333333333333333,
    0.7291666666666666,
    0.42696629213483145,
    0.291970802919708,
    0.19607843137254902,
    0.5255474452554745,
    0.6326530612244898,
    0.43956043956043955,
    0.2619047619047619,
    0.4714285714285714,
    0.3088235294117647,
    0.34146341463414637,
    0.3333333333333333,
    0.75,
    0.35185185185185186,
    0.5166666666666667,
    0.624,
    0.22857142857142856,
    0.23076923076923078,
    0.4523809523809524,
    0.037037037037037035,
    0.17687074829931973,
    0.7272727272727273,
    0.1917808219178082,
    0.5148514851485149,
    0.3783783783783784,
    0.4090909090909091,
    0.5192307692307693,
    0.4,
    0.0,
    0.23076923076923078,
    0.6065573770491803,
    0.375,
    0.1643835616438356,
    0.1744186046511628,
    0.13513513513513514,
    0.14736842105263157,
    0.13333333333333333,
    0.4107142857142857,
    0.358974358974359,
    0.3711340206185567,
    0.5673758865248227,
    0.3368421052631579,
    0.7789473684210526,
    0.5849056603773585,
    0.3269230769230769,
    0.32075471698113206,
    0.3684210526315789,
    0.45544554455445546,
    0.2857142857142857,
    0.4186046511627907,
    0.5669291338582677,
    0.4523809523809524,
    0.41237113402061853,
    0.3291139240506329,
    0.35051546391752575,
    0.19444444444444445,
    0.037037037037037035,
    0.3368421052631579,
    0.33663366336633666,
    0.5376344086021505,
    0.45045045045045046,
    0.5813953488372093,
    0.7096774193548387,
    0.7288135593220338,
    0.4,
    0.06349206349206349,
    0.35185185185185186,
    0.6105263157894737,
    0.359375,
    0.12121212121212122,
    0.7010309278350515,
    0.4166666666666667,
    0.0392156862745098,
    0.4909090909090909,
    0.38620689655172413,
    0.6548672566371682,
    0.20689655172413793,
    0.21428571428571427,
    0.3956043956043956,
    0.3404255319148936,
    0.44036697247706424,
    0.6666666666666666,
    0.5432098765432098,
    0.49382716049382713,
    0.46601941747572817,
    0.3838383838383838,
    0.5378151260504201,
    0.40404040404040403,
    0.5892857142857143,
    0.5254237288135594,
    0.7766990291262136,
    0.4915254237288136,
    0.35,
    0.5106382978723404,
    0.2727272727272727,
    0.4117647058823529,
    0.20952380952380953
  ],