{
  "accuracy": 0.3459,
  "precision_macro": 0.39989600609068177,
  "recall_macro": 0.34590000000000004,
  "f1_macro": 0.3398157399743089,
  "precision_weighted": 0.39989600609068177,
  "recall_weighted": 0.3459,
  "f1_weighted": 0.3398157399743089,
  "per_class_f1": [
    0.5925925925925926,
    0.5950413223140496,
    0.3111111111111111,
    0.18666666666666668,
    0.2684563758389262,
    0.12371134020618557,
    0.4634146341463415,
    0.1,
    0.5378151260504201,
    0.2911392405063291,
    0.07142857142857142,
    0.3888888888888889,
    0.42962962962962964,
    0.42105263157894735,
    0.44,
    0.27848101265822783,
    0.28169014084507044,
    0.4731182795698925,
    0.136986301369863,
    0.45161290322580644,
    0.46296296296296297,
    0.5576923076923077,
    0.5740740740740741,
    0.556390977443609,
    0.2558139534883721,
    0.5321100917431193,
    0.43478260869565216,
    0.037037037037037035,
    0.41904761904761906,
    0.10526315789473684,
    0.43373493975903615,
    0.44660194174757284,
    0.16393442622950818,
    0.13793103448275862,
    0.5154639175257731,
    0.34545454545454546,
    0.6842105263157895,
    0.35714285714285715,
    0.45901639344262296,
    0.23376623376623376,
    0.17721518987341772,
    0.08571428571428572,
    0.28187919463087246,
    0.3956043956043956,
    0.7572815533980582,
    0.6307692307692307,
    0.21052631578947367,
    0.45454545454545453,
    0.14285714285714285,
    0.2222222222222222,
    0.5950413223140496,
    0.22784810126582278,
    0.6274509803921569,
    0.3116883116883117,
    0.4,
    0.2986425339366516,
    0.20155038759689922,
    0.45652173913043476,
    0.5797101449275363,
    0.24242424242424243,
    0.4251968503937008,
    0.5102040816326531,
    0.15151515151515152,
    0.21176470588235294,
    0.13793103448275862,
    0.1232876712328767,
    0.4854368932038835,
    0.14285714285714285,
    0.40298507462686567,
    0.1978021978021978,
    0.275,
    0.631578947368421,
    0.25287356321839083,
    0.34285714285714286,
    0.4778761061946903,
    0.208955223880597,
    0.23684210526315788,
    0.06153846153846154,
    0.6666666666666666,
    0.10526315789473684,
    0.06896551724137931,
    0.6728971962616822,
    0.1488833746898263,
    0.2894736842105263,
    0.19753086419753085,
    0.3076923076923077,
    0.39436619718309857,
    0.3287671232876712,
    0.0,
    0.21212121212121213,
    0.30851063829787234,
    0.23036649214659685,
    0.28205128205128205,
    0.4158415841584158,
    0.3764705882352941,
    0.3695652173913043,
    0.13793103448275862,
    0.256,
    0.4473684210526316,
    0.06451612903225806,
    0.03225806451612903,
    0.58,
    0.16129032258064516,
    0.7555555555555555,
    0.22580645161290322,
    0.2222222222222222,
    0.1282051282051282,
    0.625,
    0.5052631578947369,
    0.3448275862068966,
    0.24096385542168675,
    0.3888888888888889,
    0.21052631578947367,
    0.3013698630136986,
    0.3177570093457944,
    0.7333333333333333,
    0.36363636363636365,
    0.3853211009174312,
    0.5769230769230769,
    0.1388888888888889,
    0.23728813559322035,
    0.4578313253012048,
    0.06976744186046512,
    0.19298245614035087,
    0.7307692307692307,
    0.25,
    0.4375,
    0.2153846153846154,
    0.3776223776223776,
    0.45045045045045046,
    0.16,
    0.0,
    0.125,
    0.5945945945945946,
    0.40476190476190477,
    0.1016949152542373,
    0.2222222222222222,
    0.10714285714285714,
    0.10526315789473684,
    0.06896551724137931,
    0.2727272727272727,
    0.26666666666666666,
    0.37037037037037035,
    0.6902654867256637,
    0.2268041237113402,
    0.7368421052631579,
    0.6590909090909091,
    0.12195121951219512,
    0.1016949152542373,
    0.47058823529411764,
    0.5161290322580645,
    0.26229508196721313,
    0.17846153846153845,
    0.43609022556390975,
    0.3013698630136986,
    0.37254901960784315,
    0.3076923076923077,
    0.2682926829268293,
    0.21621621621621623,
    0.08955223880597014,
    0.208955223880597,
    0.38095238095238093,
    0.36619718309859156,
    0.2978723404255319,
    0.5042016806722689,
    0.6868686868686869,
    0.7884615384615384,
    0.34782608695652173,
    0.0,
    0.3010752688172043,
    0.6875,
    0.37333333333333335,
    0.07142857142857142,
    0.5544554455445545,
    0.4631578947368421,
    0.0,
    0.544,
    0.4,
    0.5370370370370371,
    0.19718309859154928,
    0.2222222222222222,
    0.35714285714285715,
    0.3448275862068966,
    0.45977011494252873,
    0.5,
    0.5333333333333333,
    0.27848101265822783,
    0.42857142857142855,
    0.28865979381443296,
    0.44036697247706424,
    0.3595505617977528,
    0.6016260162601627,
    0.5094339622641509,
    0.7115384615384616,
    0.29714285714285715,
    0.18666666666666668,
    0.5344827586206896,
    0.06451612903225806,
    0.0664451827242525,
    0.24242424242424243
  ],