{
  "accuracy": 0.4411,
  "precision_macro": 0.4472237141672636,
  "recall_macro": 0.4411,
  "f1_macro": 0.4264433913837762,
  "precision_weighted": 0.44722371416726364,
  "recall_weighted": 0.4411,
  "f1_weighted": 0.4264433913837762,
  "per_class_f1": [
    0.78,
    0.6923076923076923,
    0.45161290322580644,
    0.3225806451612903,
    0.4230769230769231,
    0.1702127659574468,
    0.5945945945945946,
    0.2571428571428571,
    0.6271186440677966,
    0.3684210526315789,
    0.14705882352941177,
    0.4444444444444444,
    0.5544554455445545,
    0.6938775510204082,
    0.5306122448979592,
    0.28,
    0.125,
    0.5333333333333333,
    0.41379310344827586,
    0.5233644859813084,
    0.625,
    0.6813186813186813,
    0.6446280991735537,
    0.7289719626168224,
    0.22727272727272727,
    0.6226415094339622,
    0.5245901639344263,
    0.15584415584415584,
    0.449438202247191,
    0.1951219512195122,
    0.4578313253012048,
    0.5384615384615384,
    0.3956043956043956,
    0.2553191489361702,
    0.3793103448275862,
    0.41333333333333333,
    0.7058823529411765,
    0.42105263157894735,
    0.5272727272727272,
    0.3950617283950617,
    0.25882352941176473,
    0.26548672566371684,
    0.3238095238095238,
    0.49382716049382713,
    0.8484848484848485,
    0.7636363636363637,
    0.45045045045045046,
    0.5384615384615384,
    0.15625,
    0.21951219512195122,
    0.6415094339622641,
    0.3218390804597701,
    0.6274509803921569,
    0.46296296296296297,
    0.44155844155844154,
    0.5042016806722689,
    0.2857142857142857,
    0.5619834710743802,
    0.6938775510204082,
    0.3380281690140845,
    0.4647887323943662,
    0.5254237288135594,
    0.3076923076923077,
    0.3838383838383838,
    0.11594202898550725,
    0.2706766917293233,
    0.5656565656565656,
    0.3146067415730337,
    0.38620689655172413,
    0.2916666666666667,
    0.30158730158730157,
    0.6176470588235294,
    0.3181818181818182,
    0.4583333333333333,
    0.48695652173913045,
    0.2736842105263158,
    0.4074074074074074,
    0.0,
    0.6666666666666666,
    0.3,
    0.15555555555555556,
    0.693069306930693,
    0.36220472440944884,
    0.3,
    0.26548672566371684,
    0.4044943820224719,
    0.40476190476190477,
    0.3546099290780142,
    0.037037037037037035,
    0.37168141592920356,
    0.4915254237288136,
    0.49572649572649574,
    0.37333333333333335,
    0.44642857142857145,
    0.3333333333333333,
    0.40384615384615385,
    0.3584905660377358,
    0.4406779661016949,
    0.509090909090909,
    0.1728395061728395,
    0.2,
    0.5490196078431373,
    0.367816091954023,
    0.7472527472527473,
    0.22950819672131148,
    0.3089430894308943,
    0.2736842105263158,
    0.5737704918032787,
    0.6666666666666666,
    0.475,
    0.432,
    0.5401459854014599,
    0.36220472440944884,
    0.4367816091954023,
    0.3925233644859813,
    0.7058823529411765,
    0.3898305084745763,
    0.47540983606557374,
    0.631578947368421,
    0.35051546391752575,
    0.2857142857142857,
    0.43410852713178294,
    0.07017543859649122,
    0.23140495867768596,
    0.7169811320754716,
    0.25,
    0.5535714285714286,
    0.375,
    0.4247787610619469,
    0.5263157894736842,
    0.2696629213483146,
    0.0,
    0.1111111111111111,
    0.7291666666666666,
    0.5161290322580645,
    0.17391304347826086,
    0.3184713375796178,
    0.2972972972972973,
    0.1553398058252427,
    0.18181818181818182,
    0.46956521739130436,
    0.3333333333333333,
    0.4470588235294118,
    0.6981132075471698,
    0.35514018691588783,
    0.7540983606557377,
    0.6021505376344086,
    0.2360248447204969,
    0.3148148148148148,
    0.4842105263157895,
    0.4444444444444444,
    0.2647058823529412,
    0.4691358024691358,
    0.4742268041237113,
    0.54,
    0.5,
    0.4675324675324675,
    0.5333333333333333,
    0.2716049382716049,
    0.06779661016949153,
    0.31932773109243695,
    0.4369747899159664,
    0.4675324675324675,
    0.4077669902912621,
    0.47706422018348627,
    0.7272727272727273,
    0.7652173913043478,
    0.5,
    0.10344827586206896,
    0.3333333333333333,
    0.7441860465116279,
    0.46258503401360546,
    0.19444444444444445,
    0.7446808510638298,
    0.4672897196261682,
    0.03773584905660377,
    0.6306306306306306,
    0.366412213740458,
    0.6481481481481481,
    0.3389830508474576,
    0.21686746987951808,
    0.36363636363636365,
    0.42592592592592593,
    0.5274725274725275,
    0.6896551724137931,
    0.5471698113207547,
    0.5833333333333334,
    0.5185185185185185,
    0.32653061224489793,
    0.5473684210526316,
    0.43137254901960786,
    0.5641025641025641,
    0.44755244755244755,
    0.6495726495726496,
    0.5087719298245614,
    0.38181818181818183,
    0.5423728813559322,
    0.2891566265060241,
    0.4195804195804196,
    0.37209302325581395
  ],