{
  "accuracy": 0.3247,
  "precision_macro": 0.37542335168953095,
  "recall_macro": 0.3247,
  "f1_macro": 0.3179894090911874,
  "precision_weighted": 0.375423351689531,
  "recall_weighted": 0.3247,
  "f1_weighted": 0.3179894090911874,
  "per_class_f1": [
    0.4264705882352941,
    0.5441176470588235,
    0.296875,
    0.2926829268292683,
    0.34146341463414637,
    0.09195402298850575,
    0.4358974358974359,
    0.028169014084507043,
    0.5945945945945946,
    0.2222222222222222,
    0.13559322033898305,
    0.32098765432098764,
    0.36,
    0.29411764705882354,
    0.34210526315789475,
    0.19444444444444445,
    0.15873015873015872,
    0.36363636363636365,
    0.2807017543859649,
    0.45652173913043476,
    0.379746835443038,
    0.6153846153846154,
    0.5740740740740741,
    0.4740740740740741,
    0.22641509433962265,
    0.4628099173553719,
    0.4067796610169492,
    0.07894736842105263,
    0.3958333333333333,
    0.0,
    0.4418604651162791,
    0.4423076923076923,
    0.14925373134328357,
    0.21333333333333335,
    0.4,
    0.4247787610619469,
    0.6666666666666666,
    0.43010752688172044,
    0.3684210526315789,
    0.24691358024691357,
    0.030303030303030304,
    0.3764705882352941,
    0.2727272727272727,
    0.4175824175824176,
    0.7428571428571429,
    0.6,
    0.16666666666666666,
    0.4375,
    0.07017543859649122,
    0.1095890410958904,
    0.6166666666666667,
    0.29411764705882354,
    0.6274509803921569,
    0.3116883116883117,
    0.23880597014925373,
    0.4105960264900662,
    0.21686746987951808,
    0.3945578231292517,
    0.5185185185185185,
    0.2153846153846154,
    0.323943661971831,
    0.5555555555555556,
    0.10344827586206896,
    0.3076923076923077,
    0.07142857142857142,
    0.0947867298578199,
    0.3409090909090909,
    0.2153846153846154,
    0.352112676056338,
    0.06857142857142857,
    0.36,
    0.49019607843137253,
    0.2571428571428571,
    0.367816091954023,
    0.4791666666666667,
    0.21875,
    0.13333333333333333,
    0.0273972602739726,
    0.6896551724137931,
    0.038461538461538464,
    0.0,
    0.6608695652173913,
    0.1619718309859155,
    0.2077922077922078,
    0.24390243902439024,
    0.3877551020408163,
    0.358974358974359,
    0.3058823529411765,
    0.0,
    0.3146067415730337,
    0.358974358974359,
    0.36904761904761907,
    0.15789473684210525,
    0.32989690721649484,
    0.2535211267605634,
    0.29357798165137616,
    0.2222222222222222,
    0.3333333333333333,
    0.3937007874015748,
    0.06451612903225806,
    0.03225806451612903,
    0.4722222222222222,
    0.16129032258064516,
    0.7789473684210526,
    0.20588235294117646,
    0.26666666666666666,
    0.19148936170212766,
    0.5581395348837209,
    0.5277777777777778,
    0.3516483516483517,
    0.3132530120481928,
    0.5084745762711864,
    0.3132530120481928,
    0.2222222222222222,
    0.24242424242424243,
    0.7191011235955056,
    0.31683168316831684,
    0.40816326530612246,
    0.5769230769230769,
    0.14285714285714285,
    0.2929936305732484,
    0.3877551020408163,
    0.05263157894736842,
    0.18181818181818182,
    0.5934065934065934,
    0.15053763440860216,
    0.449438202247191,
    0.23880597014925373,
    0.3829787234042553,
    0.46153846153846156,
    0.15873015873015872,
    0.0,
    0.07142857142857142,
    0.5641025641025641,
    0.3783783783783784,
    0.038461538461538464,
    0.12121212121212122,
    0.06666666666666667,
    0.09411764705882353,
    0.03508771929824561,
    0.39080459770114945,
    0.32098765432098764,
    0.3333333333333333,
    0.5833333333333334,
    0.1282051282051282,
    0.7476635514018691,
    0.5869565217391305,
    0.2962962962962963,
    0.0,
    0.375,
    0.3883495145631068,
    0.17543859649122806,
    0.06436233611442194,
    0.46846846846846846,
    0.2898550724637681,
    0.3,
    0.20512820512820512,
    0.17142857142857143,
    0.2153846153846154,
    0.0,
    0.16666666666666666,
    0.2564102564102564,
    0.5057471264367817,
    0.3584905660377358,
    0.45454545454545453,
    0.5909090909090909,
    0.8108108108108109,
    0.3695652173913043,
    0.0,
    0.2619047619047619,
    0.5128205128205128,
    0.28125,
    0.07547169811320754,
    0.5542168674698795,
    0.37209302325581395,
    0.0,
    0.4864864864864865,
    0.35294117647058826,
    0.49206349206349204,
    0.09090909090909091,
    0.21487603305785125,
    0.2564102564102564,
    0.24390243902439024,
    0.49382716049382713,
    0.5416666666666666,
    0.5102040816326531,
    0.24761904761904763,
    0.3541666666666667,
    0.2616822429906542,
    0.42990654205607476,
    0.41904761904761906,
    0.6,
    0.45925925925925926,
    0.576,
    0.2823529411764706,
    0.08284023668639054,
    0.42857142857142855,
    0.1111111111111111,
    0.19661016949152543,
    0.2619047619047619
  ],