{
  "accuracy": 0.4038,
  "precision_macro": 0.4133206096122015,
  "recall_macro": 0.40379999999999994,
  "f1_macro": 0.3880669521252228,
  "precision_weighted": 0.4133206096122015,
  "recall_weighted": 0.4038,
  "f1_weighted": 0.3880669521252228,
  "per_class_f1": [
    0.6724137931034483,
    0.6833333333333333,
    0.43333333333333335,
    0.3025210084033613,
    0.3937007874015748,
    0.11494252873563218,
    0.5436893203883495,
    0.1927710843373494,
    0.6804123711340206,
    0.3389830508474576,
    0.18421052631578946,
    0.4752475247524752,
    0.4827586206896552,
    0.6666666666666666,
    0.45714285714285713,
    0.32941176470588235,
    0.1643835616438356,
    0.5384615384615384,
    0.3181818181818182,
    0.5471698113207547,
    0.47244094488188976,
    0.6238532110091743,
    0.5242718446601942,
    0.7722772277227723,
    0.08,
    0.509090909090909,
    0.3779527559055118,
    0.13793103448275862,
    0.37735849056603776,
    0.03508771929824561,
    0.46153846153846156,
    0.36538461538461536,
    0.0967741935483871,
    0.22857142857142856,
    0.5111111111111111,
    0.422360248447205,
    0.6785714285714286,
    0.39603960396039606,
    0.5546218487394958,
    0.36363636363636365,
    0.10810810810810811,
    0.25287356321839083,
    0.2978723404255319,
    0.4523809523809524,
    0.8380952380952381,
    0.6548672566371682,
    0.37777777777777777,
    0.39285714285714285,
    0.09523809523809523,
    0.1917808219178082,
    0.562962962962963,
    0.3614457831325301,
    0.6862745098039216,
    0.3695652173913043,
    0.4358974358974359,
    0.4444444444444444,
    0.18823529411764706,
    0.5573770491803278,
    0.6031746031746031,
    0.4050632911392405,
    0.39751552795031053,
    0.5225225225225225,
    0.0821917808219178,
    0.3333333333333333,
    0.21153846153846154,
    0.19480519480519481,
    0.5116279069767442,
    0.2608695652173913,
    0.3790849673202614,
    0.26373626373626374,
    0.29906542056074764,
    0.6545454545454545,
    0.3595505617977528,
    0.48148148148148145,
    0.40601503759398494,
    0.28169014084507044,
    0.18666666666666668,
    0.13333333333333333,
    0.6868686868686869,
    0.1724137931034483,
    0.06666666666666667,
    0.6086956521739131,
    0.21739130434782608,
    0.2916666666666667,
    0.30303030303030304,
    0.4,
    0.3953488372093023,
    0.3137254901960784,
    0.037037037037037035,
    0.3963963963963964,
    0.4628099173553719,
    0.44036697247706424,
    0.1794871794871795,
    0.41904761904761906,
    0.4576271186440678,
    0.4166666666666667,
    0.4,
    0.2926829268292683,
    0.48148148148148145,
    0.09090909090909091,
    0.15625,
    0.6067415730337079,
    0.18947368421052632,
    0.74,
    0.3111111111111111,
    0.23300970873786409,
    0.18604651162790697,
    0.6,
    0.6736842105263158,
    0.4444444444444444,
    0.24444444444444444,
    0.5343511450381679,
    0.37735849056603776,
    0.3561643835616438,
    0.3170731707317073,
    0.7676767676767676,
    0.3870967741935484,
    0.5631067961165048,
    0.6538461538461539,
    0.2459016393442623,
    0.2706766917293233,
    0.45569620253164556,
    0.14492753623188406,
    0.18181818181818182,
    0.6355140186915887,
    0.16666666666666666,
    0.4,
    0.21686746987951808,
    0.4603174603174603,
    0.5348837209302325,
    0.2619047619047619,
    0.034482758620689655,
    0.15151515151515152,
    0.6724137931034483,
    0.4222222222222222,
    0.07017543859649122,
    0.2222222222222222,
    0.3076923076923077,
    0.17094017094017094,
    0.06557377049180328,
    0.2608695652173913,
    0.24615384615384617,
    0.34615384615384615,
    0.6896551724137931,
    0.27419354838709675,
    0.822429906542056,
    0.6444444444444445,
    0.22641509433962265,
    0.30434782608695654,
    0.43037974683544306,
    0.46808510638297873,
    0.16393442622950818,
    0.4444444444444444,
    0.4375,
    0.3728813559322034,
    0.4358974358974359,
    0.35294117647058826,
    0.38095238095238093,
    0.25882352941176473,
    0.0967741935483871,
    0.2982456140350877,
    0.34408602150537637,
    0.5,
    0.367816091954023,
    0.5656565656565656,
    0.7272727272727273,
    0.8118811881188119,
    0.4727272727272727,
    0.07142857142857142,
    0.3125,
    0.6021505376344086,
    0.46938775510204084,
    0.1388888888888889,
    0.6021505376344086,
    0.4,
    0.10526315789473684,
    0.6804123711340206,
    0.3902439024390244,
    0.6597938144329897,
    0.16326530612244897,
    0.24427480916030533,
    0.3148148148148148,
    0.27586206896551724,
    0.5411764705882353,
    0.5777777777777777,
    0.5052631578947369,
    0.49586776859504134,
    0.4470588235294118,
    0.304,
    0.5210084033613446,
    0.3247863247863248,
    0.5757575757575758,
    0.5038167938931297,
    0.6722689075630253,
    0.4380952380952381,
    0.3697478991596639,
    0.5196850393700787,
    0.21052631578947367,
    0.4397163120567376,
    0.2823529411764706
  ],