{
  "accuracy": 0.4114,
  "precision_macro": 0.4123998760910596,
  "recall_macro": 0.4114,
  "f1_macro": 0.39348761856372994,
  "precision_weighted": 0.41239987609105955,
  "recall_weighted": 0.4114,
  "f1_weighted": 0.39348761856373,
  "per_class_f1": [
    0.6896551724137931,
    0.6554621848739496,
    0.3945578231292517,
    0.17073170731707318,
    0.45098039215686275,
    0.12987012987012986,
    0.5617977528089888,
    0.27956989247311825,
    0.6666666666666666,
    0.40310077519379844,
    0.2222222222222222,
    0.3893805309734513,
    0.5344827586206896,
    0.7209302325581395,
    0.5454545454545454,
    0.21052631578947367,
    0.22857142857142856,
    0.509090909090909,
    0.2857142857142857,
    0.5357142857142857,
    0.5283018867924528,
    0.5904761904761905,
    0.5735294117647058,
    0.6122448979591837,
    0.1590909090909091,
    0.5210084033613446,
    0.4409448818897638,
    0.05970149253731343,
    0.3546099290780142,
    0.10526315789473684,
    0.3695652173913043,
    0.5,
    0.3146067415730337,
    0.2028985507246377,
    0.5833333333333334,
    0.4094488188976378,
    0.628099173553719,
    0.45161290322580644,
    0.4628099173553719,
    0.4144144144144144,
    0.19753086419753085,
    0.29473684210526313,
    0.297029702970297,
    0.45098039215686275,
    0.8113207547169812,
    0.5633802816901409,
    0.4,
    0.4631578947368421,
    0.16129032258064516,
    0.21333333333333335,
    0.5652173913043478,
    0.2988505747126437,
    0.6464646464646465,
    0.3191489361702128,
    0.42696629213483145,
    0.36220472440944884,
    0.3218390804597701,
    0.5591397849462365,
    0.6461538461538462,
    0.3037974683544304,
    0.4793388429752066,
    0.5,
    0.2988505747126437,
    0.29411764705882354,
    0.22580645161290322,
    0.23404255319148937,
    0.5263157894736842,
    0.3333333333333333,
    0.3425414364640884,
    0.2962962962962963,
    0.3076923076923077,
    0.624,
    0.3132530120481928,
    0.3684210526315789,
    0.37583892617449666,
    0.2988505747126437,
    0.2716049382716049,
    0.06896551724137931,
    0.7254901960784313,
    0.26229508196721313,
    0.12121212121212122,
    0.7387387387387387,
    0.4230769230769231,
    0.2926829268292683,
    0.3595505617977528,
    0.3218390804597701,
    0.4470588235294118,
    0.2558139534883721,
    0.038461538461538464,
    0.45454545454545453,
    0.4444444444444444,
    0.5,
    0.2608695652173913,
    0.4,
    0.13513513513513514,
    0.37623762376237624,
    0.29213483146067415,
    0.3697478991596639,
    0.47619047619047616,
    0.11267605633802817,
    0.175,
    0.6226415094339622,
    0.34285714285714286,
    0.7524752475247525,
    0.32558139534883723,
    0.34146341463414637,
    0.1875,
    0.5648854961832062,
    0.6956521739130435,
    0.3838383838383838,
    0.3333333333333333,
    0.4857142857142857,
    0.33557046979865773,
    0.3466666666666667,
    0.32,
    0.7169811320754716,
    0.4222222222222222,
    0.4036697247706422,
    0.68,
    0.27956989247311825,
    0.25742574257425743,
    0.45714285714285713,
    0.06557377049180328,
    0.18947368421052632,
    0.7272727272727273,
    0.12195121951219512,
    0.5434782608695652,
    0.32989690721649484,
    0.4369747899159664,
    0.6021505376344086,
    0.20952380952380953,
    0.06451612903225806,
    0.09375,
    0.6461538461538462,
    0.44660194174757284,
    0.09090909090909091,
    0.29577464788732394,
    0.23684210526315788,
    0.15730337078651685,
    0.10666666666666667,
    0.4186046511627907,
    0.2894736842105263,
    0.4444444444444444,
    0.64,
    0.3140495867768595,
    0.6666666666666666,
    0.62,
    0.2727272727272727,
    0.28735632183908044,
    0.45977011494252873,
    0.4444444444444444,
    0.2608695652173913,
    0.47058823529411764,
    0.3448275862068966,
    0.48936170212765956,
    0.3888888888888889,
    0.34146341463414637,
    0.38636363636363635,
    0.1728395061728395,
    0.1,
    0.30434782608695654,
    0.30434782608695654,
    0.4675324675324675,
    0.38596491228070173,
    0.4153846153846154,
    0.7472527472527473,
    0.7592592592592593,
    0.4470588235294118,
    0.06060606060606061,
    0.3125,
    0.6590909090909091,
    0.3956043956043956,
    0.18666666666666668,
    0.6464646464646465,
    0.34615384615384615,
    0.03773584905660377,
    0.6037735849056604,
    0.3230769230769231,
    0.49032258064516127,
    0.19047619047619047,
    0.2689075630252101,
    0.48484848484848486,
    0.2823529411764706,
    0.5,
    0.5882352941176471,
    0.5333333333333333,
    0.509090909090909,
    0.45652173913043476,
    0.3103448275862069,
    0.509090909090909,
    0.3170731707317073,
    0.5511811023622047,
    0.453125,
    0.6842105263157895,
    0.5242718446601942,
    0.3584905660377358,
    0.5081967213114754,
    0.27522935779816515,
    0.4793388429752066,
    0.27586206896551724
  ],