{
  "accuracy": 0.4299,
  "precision_macro": 0.43681911782957933,
  "recall_macro": 0.42989999999999995,
  "f1_macro": 0.4152364757835457,
  "precision_weighted": 0.43681911782957933,
  "recall_weighted": 0.4299,
  "f1_weighted": 0.41523647578354567,
  "per_class_f1": [
    0.6666666666666666,
    0.6440677966101694,
    0.5238095238095238,
    0.39215686274509803,
    0.45871559633027525,
    0.16842105263157894,
    0.673469387755102,
    0.2891566265060241,
    0.6371681415929203,
    0.3853211009174312,
    0.2318840579710145,
    0.48484848484848486,
    0.49612403100775193,
    0.6436781609195402,
    0.5319148936170213,
    0.3488372093023256,
    0.23684210526315788,
    0.4948453608247423,
    0.25263157894736843,
    0.5957446808510638,
    0.5967741935483871,
    0.6590909090909091,
    0.5853658536585366,
    0.6614173228346457,
    0.15384615384615385,
    0.4576271186440678,
    0.484375,
    0.06896551724137931,
    0.33766233766233766,
    0.14814814814814814,
    0.21428571428571427,
    0.47058823529411764,
    0.272,
    0.2153846153846154,
    0.47619047619047616,
    0.44755244755244755,
    0.6341463414634146,
    0.42696629213483145,
    0.544,
    0.35185185185185186,
    0.2962962962962963,
    0.34782608695652173,
    0.3917525773195876,
    0.5050505050505051,
    0.8367346938775511,
    0.7222222222222222,
    0.4146341463414634,
    0.42592592592592593,
    0.15,
    0.2597402597402597,
    0.6666666666666666,
    0.375,
    0.6605504587155964,
    0.3711340206185567,
    0.5111111111111111,
    0.41975308641975306,
    0.23529411764705882,
    0.5263157894736842,
    0.6386554621848739,
    0.47368421052631576,
    0.4696969696969697,
    0.5,
    0.2894736842105263,
    0.3770491803278688,
    0.13333333333333333,
    0.23809523809523808,
    0.5773195876288659,
    0.28125,
    0.36363636363636365,
    0.2857142857142857,
    0.17647058823529413,
    0.6551724137931034,
    0.34615384615384615,
    0.4318181818181818,
    0.46017699115044247,
    0.3023255813953488,
    0.4266666666666667,
    0.0,
    0.7184466019417476,
    0.36619718309859156,
    0.09375,
    0.7017543859649122,
    0.41509433962264153,
    0.26666666666666666,
    0.2898550724637681,
    0.4146341463414634,
    0.4536082474226804,
    0.4,
    0.10714285714285714,
    0.37362637362637363,
    0.48,
    0.5154639175257731,
    0.3132530120481928,
    0.4117647058823529,
    0.47706422018348627,
    0.3541666666666667,
    0.3058823529411765,
    0.3050847457627119,
    0.46956521739130436,
    0.12987012987012986,
    0.1686746987951807,
    0.6597938144329897,
    0.325,
    0.7254901960784313,
    0.2716049382716049,
    0.2765957446808511,
    0.1956521739130435,
    0.5671641791044776,
    0.6521739130434783,
    0.5,
    0.3300970873786408,
    0.543859649122807,
    0.32075471698113206,
    0.367816091954023,
    0.41237113402061853,
    0.7169811320754716,
    0.44680851063829785,
    0.4954128440366973,
    0.6170212765957447,
    0.32558139534883723,
    0.328125,
    0.5,
    0.028985507246376812,
    0.19090909090909092,
    0.6564885496183206,
    0.13725490196078433,
    0.5961538461538461,
    0.42105263157894735,
    0.45901639344262296,
    0.5833333333333334,
    0.2926829268292683,
    0.03636363636363636,
    0.11764705882352941,
    0.6226415094339622,
    0.45652173913043476,
    0.08823529411764706,
    0.2684563758389262,
    0.22988505747126436,
    0.18181818181818182,
    0.19444444444444445,
    0.41818181818181815,
    0.3142857142857143,
    0.3877551020408163,
    0.7079646017699115,
    0.3917525773195876,
    0.7540983606557377,
    0.7157894736842105,
    0.3076923076923077,
    0.39215686274509803,
    0.3917525773195876,
    0.45652173913043476,
    0.3611111111111111,
    0.4675324675324675,
    0.5517241379310345,
    0.4782608695652174,
    0.4883720930232558,
    0.11940298507462686,
    0.3,
    0.3218390804597701,
    0.1,
    0.297029702970297,
    0.3829787234042553,
    0.5882352941176471,
    0.45544554455445546,
    0.4842105263157895,
    0.7326732673267327,
    0.8,
    0.46601941747572817,
    0.03278688524590164,
    0.35294117647058826,
    0.5961538461538461,
    0.4406779661016949,
    0.1694915254237288,
    0.7191011235955056,
    0.35514018691588783,
    0.10526315789473684,
    0.5961538461538461,
    0.36893203883495146,
    0.6324786324786325,
    0.21052631578947367,
    0.22580645161290322,
    0.4107142857142857,
    0.23880597014925373,
    0.5434782608695652,
    0.6548672566371682,
    0.6804123711340206,
    0.5116279069767442,
    0.5384615384615384,
    0.35714285714285715,
    0.4838709677419355,
    0.41379310344827586,
    0.5671641791044776,
    0.5081967213114754,
    0.6611570247933884,
    0.5084745762711864,
    0.40350877192982454,
    0.49557522123893805,
    0.2894736842105263,
    0.44274809160305345,
    0.3225806451612903
  ],