{
  "accuracy": 0.4203,
  "precision_macro": 0.4216609755906316,
  "recall_macro": 0.4203,
  "f1_macro": 0.40284263065421394,
  "precision_weighted": 0.42166097559063154,
  "recall_weighted": 0.4203,
  "f1_weighted": 0.40284263065421394,
  "per_class_f1": [
    0.6554621848739496,
    0.6557377049180327,
    0.43103448275862066,
    0.32098765432098764,
    0.4,
    0.05405405405405406,
    0.5225225225225225,
    0.275,
    0.660377358490566,
    0.3150684931506849,
    0.14925373134328357,
    0.5454545454545454,
    0.464,
    0.62,
    0.4752475247524752,
    0.32098765432098764,
    0.2608695652173913,
    0.5042016806722689,
    0.3619047619047619,
    0.4778761061946903,
    0.4233576642335766,
    0.6666666666666666,
    0.6464646464646465,
    0.7339449541284404,
    0.21428571428571427,
    0.496,
    0.44642857142857145,
    0.08823529411764706,
    0.3333333333333333,
    0.12903225806451613,
    0.3684210526315789,
    0.5106382978723404,
    0.25882352941176473,
    0.19753086419753085,
    0.4339622641509434,
    0.43478260869565216,
    0.673469387755102,
    0.3225806451612903,
    0.4696969696969697,
    0.273972602739726,
    0.2894736842105263,
    0.34782608695652173,
    0.35789473684210527,
    0.4369747899159664,
    0.8333333333333334,
    0.6779661016949152,
    0.43956043956043955,
    0.45161290322580644,
    0.06666666666666667,
    0.29850746268656714,
    0.594059405940594,
    0.2916666666666667,
    0.6111111111111112,
    0.3564356435643564,
    0.4578313253012048,
    0.47619047619047616,
    0.18181818181818182,
    0.5245901639344263,
    0.6333333333333333,
    0.3013698630136986,
    0.4383561643835616,
    0.528,
    0.2535211267605634,
    0.34782608695652173,
    0.2077922077922078,
    0.20512820512820512,
    0.5979381443298969,
    0.14925373134328357,
    0.3825136612021858,
    0.29213483146067415,
    0.2247191011235955,
    0.6495726495726496,
    0.3333333333333333,
    0.4819277108433735,
    0.45528455284552843,
    0.35714285714285715,
    0.25806451612903225,
    0.09803921568627451,
    0.8085106382978723,
    0.3380281690140845,
    0.1038961038961039,
    0.7326732673267327,
    0.35668789808917195,
    0.26666666666666666,
    0.24175824175824176,
    0.35294117647058826,
    0.46808510638297873,
    0.30927835051546393,
    0.13333333333333333,
    0.3877551020408163,
    0.43283582089552236,
    0.5048543689320388,
    0.3333333333333333,
    0.4107142857142857,
    0.46551724137931033,
    0.40404040404040403,
    0.35,
    0.35384615384615387,
    0.4580152671755725,
    0.1,
    0.12121212121212122,
    0.58,
    0.2631578947368421,
    0.7184466019417476,
    0.3902439024390244,
    0.24561403508771928,
    0.24528301886792453,
    0.6015037593984962,
    0.6534653465346535,
    0.3870967741935484,
    0.28888888888888886,
    0.5289256198347108,
    0.3076923076923077,
    0.38,
    0.35294117647058826,
    0.75,
    0.4943820224719101,
    0.4752475247524752,
    0.5669291338582677,
    0.26262626262626265,
    0.2962962962962963,
    0.4842105263157895,
    0.18421052631578946,
    0.13186813186813187,
    0.6890756302521008,
    0.24242424242424243,
    0.46511627906976744,
    0.39473684210526316,
    0.4264705882352941,
    0.5294117647058824,
    0.29545454545454547,
    0.0,
    0.11594202898550725,
    0.6422018348623854,
    0.4230769230769231,
    0.2222222222222222,
    0.273972602739726,
    0.2608695652173913,
    0.2222222222222222,
    0.20588235294117646,
    0.4742268041237113,
    0.27692307692307694,
    0.43478260869565216,
    0.6201550387596899,
    0.32,
    0.7619047619047619,
    0.6105263157894737,
    0.24561403508771928,
    0.36220472440944884,
    0.4536082474226804,
    0.4631578947368421,
    0.29333333333333333,
    0.4318181818181818,
    0.45569620253164556,
    0.5263157894736842,
    0.40384615384615385,
    0.3116883116883117,
    0.4,
    0.22784810126582278,
    0.12121212121212122,
    0.31746031746031744,
    0.35185185185185186,
    0.4819277108433735,
    0.352,
    0.4536082474226804,
    0.7474747474747475,
    0.7524752475247525,
    0.42424242424242425,
    0.0625,
    0.3076923076923077,
    0.717391304347826,
    0.42201834862385323,
    0.1095890410958904,
    0.6336633663366337,
    0.4,
    0.07547169811320754,
    0.6296296296296297,
    0.32075471698113206,
    0.5693430656934306,
    0.29545454545454547,
    0.21739130434782608,
    0.41304347826086957,
    0.28,
    0.43636363636363634,
    0.6597938144329897,
    0.5,
    0.5306122448979592,
    0.49572649572649574,
    0.36363636363636365,
    0.5982905982905983,
    0.4375,
    0.562962962962963,
    0.4915254237288136,
    0.6902654867256637,
    0.5309734513274337,
    0.33613445378151263,
    0.4788732394366197,
    0.2465753424657534,
    0.48120300751879697,
    0.2857142857142857
  ],