{
  "accuracy": 0.3424,
  "precision_macro": 0.40357777154209623,
  "recall_macro": 0.3423999999999999,
  "f1_macro": 0.3424482944096865,
  "precision_weighted": 0.4035777715420962,
  "recall_weighted": 0.3424,
  "f1_weighted": 0.34244829440968655,
  "per_class_f1": [
    0.6067415730337079,
    0.6727272727272727,
    0.2857142857142857,
    0.0967741935483871,
    0.18823529411764706,
    0.075,
    0.5098039215686274,
    0.09230769230769231,
    0.5528455284552846,
    0.3673469387755102,
    0.06666666666666667,
    0.3611111111111111,
    0.4144144144144144,
    0.3880597014925373,
    0.40540540540540543,
    0.21212121212121213,
    0.15873015873015872,
    0.42748091603053434,
    0.3111111111111111,
    0.4421052631578947,
    0.42105263157894735,
    0.6170212765957447,
    0.5128205128205128,
    0.4180790960451977,
    0.22448979591836735,
    0.5370370370370371,
    0.46153846153846156,
    0.14084507042253522,
    0.3883495145631068,
    0.03389830508474576,
    0.4,
    0.4367816091954023,
    0.12307692307692308,
    0.10666666666666667,
    0.42201834862385323,
    0.43859649122807015,
    0.6666666666666666,
    0.15873015873015872,
    0.4672897196261682,
    0.17391304347826086,
    0.0625,
    0.18461538461538463,
    0.26,
    0.4235294117647059,
    0.8260869565217391,
    0.6095238095238096,
    0.20588235294117646,
    0.5242718446601942,
    0.03508771929824561,
    0.21428571428571427,
    0.5773195876288659,
    0.19753086419753085,
    0.6046511627906976,
    0.2828282828282828,
    0.4,
    0.32142857142857145,
    0.08629441624365482,
    0.4915254237288136,
    0.66,
    0.22580645161290322,
    0.4155844155844156,
    0.5,
    0.21212121212121213,
    0.28865979381443296,
    0.03333333333333333,
    0.1694915254237288,
    0.4727272727272727,
    0.07547169811320754,
    0.4266666666666667,
    0.1951219512195122,
    0.32608695652173914,
    0.559322033898305,
    0.2153846153846154,
    0.40404040404040403,
    0.4954128440366973,
    0.2647058823529412,
    0.21875,
    0.0784313725490196,
    0.68,
    0.14285714285714285,
    0.0,
    0.6776859504132231,
    0.3105590062111801,
    0.27906976744186046,
    0.21568627450980393,
    0.3925233644859813,
    0.41818181818181815,
    0.24324324324324326,
    0.0,
    0.22535211267605634,
    0.47706422018348627,
    0.2978723404255319,
    0.2777777777777778,
    0.42990654205607476,
    0.5,
    0.28865979381443296,
    0.0989010989010989,
    0.35294117647058826,
    0.40425531914893614,
    0.0967741935483871,
    0.034482758620689655,
    0.49019607843137253,
    0.2,
    0.8045977011494253,
    0.29213483146067415,
    0.24175824175824176,
    0.09375,
    0.5454545454545454,
    0.5957446808510638,
    0.358974358974359,
    0.2647058823529412,
    0.5436893203883495,
    0.4406779661016949,
    0.2857142857142857,
    0.29213483146067415,
    0.6987951807228916,
    0.4155844155844156,
    0.5242718446601942,
    0.6185567010309279,
    0.20454545454545456,
    0.24242424242424243,
    0.5742574257425742,
    0.0,
    0.20618556701030927,
    0.6140350877192983,
    0.1951219512195122,
    0.4727272727272727,
    0.2857142857142857,
    0.36363636363636365,
    0.5376344086021505,
    0.2028985507246377,
    0.0,
    0.03773584905660377,
    0.6476190476190476,
    0.3888888888888889,
    0.03571428571428571,
    0.15789473684210525,
    0.16666666666666666,
    0.1935483870967742,
    0.07272727272727272,
    0.2898550724637681,
    0.3116883116883117,
    0.39473684210526316,
    0.7272727272727273,
    0.2222222222222222,
    0.7747747747747747,
    0.5686274509803921,
    0.288135593220339,
    0.1,
    0.36363636363636365,
    0.45045045045045046,
    0.2891566265060241,
    0.13445378151260504,
    0.4,
    0.5591397849462365,
    0.40476190476190477,
    0.16666666666666666,
    0.3,
    0.0,
    0.0,
    0.25,
    0.3037974683544304,
    0.42105263157894735,
    0.47706422018348627,
    0.5050505050505051,
    0.6666666666666666,
    0.7333333333333333,
    0.3368421052631579,
    0.037037037037037035,
    0.3492063492063492,
    0.6666666666666666,
    0.4,
    0.13559322033898305,
    0.6326530612244898,
    0.44155844155844154,
    0.0,
    0.5413533834586466,
    0.3619047619047619,
    0.5652173913043478,
    0.136986301369863,
    0.2318840579710145,
    0.2898550724637681,
    0.2912621359223301,
    0.4931506849315068,
    0.631578947368421,
    0.5098039215686274,
    0.5060240963855421,
    0.4358974358974359,
    0.30927835051546393,
    0.5208333333333334,
    0.24,
    0.6181818181818182,
    0.43283582089552236,
    0.5789473684210527,
    0.2727272727272727,
    0.16981132075471697,
    0.46808510638297873,
    0.1016949152542373,
    0.058823529411764705,
    0.14285714285714285
  ],