{
  "accuracy": 0.3871,
  "precision_macro": 0.40776409947970466,
  "recall_macro": 0.3871,
  "f1_macro": 0.3745404738594044,
  "precision_weighted": 0.4077640994797046,
  "recall_weighted": 0.3871,
  "f1_weighted": 0.37454047385940437,
  "per_class_f1": [
    0.711864406779661,
    0.6788990825688074,
    0.40404040404040403,
    0.3125,
    0.4329896907216495,
    0.07894736842105263,
    0.5161290322580645,
    0.1836734693877551,
    0.6262626262626263,
    0.2972972972972973,
    0.16091954022988506,
    0.4523809523809524,
    0.5289256198347108,
    0.5925925925925926,
    0.4931506849315068,
    0.24390243902439024,
    0.208955223880597,
    0.45098039215686275,
    0.288,
    0.5517241379310345,
    0.46938775510204084,
    0.6206896551724138,
    0.6122448979591837,
    0.5631067961165048,
    0.20408163265306123,
    0.4672897196261682,
    0.4444444444444444,
    0.05714285714285714,
    0.3779527559055118,
    0.1016949152542373,
    0.3218390804597701,
    0.4489795918367347,
    0.17391304347826086,
    0.0625,
    0.4496124031007752,
    0.44155844155844154,
    0.693069306930693,
    0.24390243902439024,
    0.4732824427480916,
    0.3448275862068966,
    0.17391304347826086,
    0.19469026548672566,
    0.28,
    0.3917525773195876,
    0.8118811881188119,
    0.5874125874125874,
    0.42,
    0.40816326530612246,
    0.1,
    0.27586206896551724,
    0.532258064516129,
    0.24,
    0.591304347826087,
    0.3283582089552239,
    0.48,
    0.40336134453781514,
    0.125,
    0.5423728813559322,
    0.6371681415929203,
    0.4533333333333333,
    0.44594594594594594,
    0.45517241379310347,
    0.2153846153846154,
    0.29906542056074764,
    0.10666666666666667,
    0.17647058823529413,
    0.5849056603773585,
    0.2028985507246377,
    0.32038834951456313,
    0.1728395061728395,
    0.03571428571428571,
    0.6666666666666666,
    0.25882352941176473,
    0.45544554455445546,
    0.4426229508196721,
    0.22535211267605634,
    0.3076923076923077,
    0.07792207792207792,
    0.7252747252747253,
    0.19047619047619047,
    0.06666666666666667,
    0.72,
    0.4444444444444444,
    0.2191780821917808,
    0.32432432432432434,
    0.33766233766233766,
    0.40476190476190477,
    0.2988505747126437,
    0.03571428571428571,
    0.425531914893617,
    0.352,
    0.46956521739130436,
    0.23076923076923078,
    0.411214953271028,
    0.48214285714285715,
    0.42857142857142855,
    0.34146341463414637,
    0.3225806451612903,
    0.42718446601941745,
    0.05128205128205128,
    0.2153846153846154,
    0.5517241379310345,
    0.23376623376623376,
    0.7446808510638298,
    0.3076923076923077,
    0.32608695652173914,
    0.22018348623853212,
    0.6796116504854369,
    0.6506024096385542,
    0.3132530120481928,
    0.2916666666666667,
    0.5344827586206896,
    0.3448275862068966,
    0.3333333333333333,
    0.2716049382716049,
    0.7522935779816514,
    0.46511627906976744,
    0.44680851063829785,
    0.5669291338582677,
    0.32967032967032966,
    0.2807017543859649,
    0.48,
    0.09142857142857143,
    0.1694915254237288,
    0.7058823529411765,
    0.1388888888888889,
    0.4424778761061947,
    0.29850746268656714,
    0.43795620437956206,
    0.5263157894736842,
    0.24242424242424243,
    0.03571428571428571,
    0.14925373134328357,
    0.5773195876288659,
    0.40384615384615385,
    0.12698412698412698,
    0.23943661971830985,
    0.18461538461538463,
    0.13903743315508021,
    0.1016949152542373,
    0.35789473684210527,
    0.26666666666666666,
    0.3855421686746988,
    0.5882352941176471,
    0.2912621359223301,
    0.7317073170731707,
    0.625,
    0.2,
    0.22535211267605634,
    0.4222222222222222,
    0.44036697247706424,
    0.2727272727272727,
    0.32967032967032966,
    0.6140350877192983,
    0.48717948717948717,
    0.4421052631578947,
    0.358974358974359,
    0.2891566265060241,
    0.20253164556962025,
    0.03571428571428571,
    0.3023255813953488,
    0.34951456310679613,
    0.5510204081632653,
    0.4380952380952381,
    0.45871559633027525,
    0.6981132075471698,
    0.8,
    0.3146067415730337,
    0.037037037037037035,
    0.3157894736842105,
    0.6024096385542169,
    0.352,
    0.07017543859649122,
    0.6046511627906976,
    0.325,
    0.10526315789473684,
    0.5492957746478874,
    0.4,
    0.5607476635514018,
    0.15789473684210525,
    0.22429906542056074,
    0.32989690721649484,
    0.4,
    0.45977011494252873,
    0.5934065934065934,
    0.5714285714285714,
    0.5102040816326531,
    0.4827586206896552,
    0.26804123711340205,
    0.5535714285714286,
    0.3516483516483517,
    0.5858585858585859,
    0.33513513513513515,
    0.6608695652173913,
    0.39285714285714285,
    0.3023255813953488,
    0.5225225225225225,
    0.14285714285714285,
    0.14782608695652175,
    0.24
  ],