{
  "accuracy": 0.325,
  "precision_macro": 0.3937256906449186,
  "recall_macro": 0.325,
  "f1_macro": 0.3272102023807324,
  "precision_weighted": 0.3937256906449185,
  "recall_weighted": 0.325,
  "f1_weighted": 0.32721020238073234,
  "per_class_f1": [
    0.5411764705882353,
    0.6964285714285714,
    0.32989690721649484,
    0.19444444444444445,
    0.27184466019417475,
    0.0963855421686747,
    0.36585365853658536,
    0.11594202898550725,
    0.6078431372549019,
    0.3119266055045872,
    0.14035087719298245,
    0.3132530120481928,
    0.46153846153846156,
    0.5679012345679012,
    0.4691358024691358,
    0.21621621621621623,
    0.16393442622950818,
    0.16,
    0.3448275862068966,
    0.4489795918367347,
    0.3157894736842105,
    0.5490196078431373,
    0.4358974358974359,
    0.3055555555555556,
    0.136986301369863,
    0.42016806722689076,
    0.3963963963963964,
    0.0,
    0.4166666666666667,
    0.034482758620689655,
    0.3181818181818182,
    0.4444444444444444,
    0.0,
    0.0,
    0.45045045045045046,
    0.35714285714285715,
    0.6597938144329897,
    0.2978723404255319,
    0.48148148148148145,
    0.26666666666666666,
    0.13333333333333333,
    0.13114754098360656,
    0.20270270270270271,
    0.3132530120481928,
    0.8282828282828283,
    0.5606060606060606,
    0.09090909090909091,
    0.4752475247524752,
    0.15151515151515152,
    0.17391304347826086,
    0.49635036496350365,
    0.175,
    0.5625,
    0.37037037037037035,
    0.34285714285714286,
    0.27979274611398963,
    0.1834862385321101,
    0.40860215053763443,
    0.6055045871559633,
    0.29850746268656714,
    0.42105263157894735,
    0.44680851063829785,
    0.15151515151515152,
    0.2571428571428571,
    0.06451612903225806,
    0.030467899891186073,
    0.4883720930232558,
    0.07407407407407407,
    0.4,
    0.1553398058252427,
    0.31007751937984496,
    0.5348837209302325,
    0.20930232558139536,
    0.32608695652173914,
    0.3486238532110092,
    0.3055555555555556,
    0.125,
    0.0,
    0.6904761904761905,
    0.10909090909090909,
    0.0,
    0.7676767676767676,
    0.1829652996845426,
    0.275,
    0.2765957446808511,
    0.3076923076923077,
    0.37777777777777777,
    0.3448275862068966,
    0.038461538461538464,
    0.15384615384615385,
    0.3795620437956204,
    0.4566929133858268,
    0.25,
    0.32967032967032966,
    0.23076923076923078,
    0.3516483516483517,
    0.18181818181818182,
    0.36363636363636365,
    0.4631578947368421,
    0.03225806451612903,
    0.10344827586206896,
    0.5057471264367817,
    0.15625,
    0.7777777777777778,
    0.3055555555555556,
    0.18181818181818182,
    0.11764705882352941,
    0.5373134328358209,
    0.4117647058823529,
    0.4186046511627907,
    0.11594202898550725,
    0.62,
    0.25396825396825395,
    0.208955223880597,
    0.23255813953488372,
    0.7111111111111111,
    0.41975308641975306,
    0.48598130841121495,
    0.6451612903225806,
    0.10666666666666667,
    0.32653061224489793,
    0.5106382978723404,
    0.0,
    0.12280701754385964,
    0.7254901960784313,
    0.1728395061728395,
    0.3829787234042553,
    0.25806451612903225,
    0.39215686274509803,
    0.40860215053763443,
    0.125,
    0.0,
    0.038461538461538464,
    0.6875,
    0.4444444444444444,
    0.07142857142857142,
    0.24427480916030533,
    0.17647058823529413,
    0.16470588235294117,
    0.03636363636363636,
    0.31683168316831684,
    0.3611111111111111,
    0.3783783783783784,
    0.6896551724137931,
    0.14736842105263157,
    0.8333333333333334,
    0.5882352941176471,
    0.17857142857142858,
    0.31683168316831684,
    0.3269230769230769,
    0.46153846153846156,
    0.10909090909090909,
    0.10566037735849057,
    0.5,
    0.38461538461538464,
    0.43037974683544306,
    0.3055555555555556,
    0.24691358024691357,
    0.16666666666666666,
    0.0759493670886076,
    0.12121212121212122,
    0.32558139534883723,
    0.4,
    0.3559322033898305,
    0.5494505494505495,
    0.7391304347826086,
    0.7962962962962963,
    0.35294117647058826,
    0.07142857142857142,
    0.22641509433962265,
    0.7073170731707317,
    0.3711340206185567,
    0.03773584905660377,
    0.6222222222222222,
    0.3132530120481928,
    0.0,
    0.5607476635514018,
    0.2878787878787879,
    0.4246575342465753,
    0.1568627450980392,
    0.22413793103448276,
    0.379746835443038,
    0.3125,
    0.4318181818181818,
    0.575,
    0.4235294117647059,
    0.41304347826086957,
    0.41818181818181815,
    0.20512820512820512,
    0.5473684210526316,
    0.3111111111111111,
    0.5352112676056338,
    0.4247787610619469,
    0.660377358490566,
    0.34965034965034963,
    0.225,
    0.5306122448979592,
    0.1111111111111111,
    0.15810276679841898,
    0.15584415584415584
  ],