{
  "accuracy": 0.36,
  "precision_macro": 0.3687148787471946,
  "recall_macro": 0.36,
  "f1_macro": 0.3395606065278558,
  "precision_weighted": 0.3687148787471946,
  "recall_weighted": 0.36,
  "f1_weighted": 0.3395606065278558,
  "per_class_f1": [
    0.6966292134831461,
    0.68,
    0.423728813559322,
    0.3225806451612903,
    0.33043478260869563,
    0.0425531914893617,
    0.4954128440366973,
    0.2268041237113402,
    0.62,
    0.25125628140703515,
    0.23809523809523808,
    0.3614457831325301,
    0.4647887323943662,
    0.611764705882353,
    0.5121951219512195,
    0.2318840579710145,
    0.19047619047619047,
    0.5252525252525253,
    0.35772357723577236,
    0.4409448818897638,
    0.4339622641509434,
    0.6206896551724138,
    0.39436619718309857,
    0.6909090909090909,
    0.1414141414141414,
    0.37606837606837606,
    0.4148148148148148,
    0.0,
    0.3333333333333333,
    0.0,
    0.2803738317757009,
    0.46153846153846156,
    0.18823529411764706,
    0.08108108108108109,
    0.3741935483870968,
    0.43661971830985913,
    0.6222222222222222,
    0.30927835051546393,
    0.3177570093457944,
    0.2803738317757009,
    0.08333333333333333,
    0.43137254901960786,
    0.35051546391752575,
    0.35789473684210527,
    0.7735849056603774,
    0.5985401459854015,
    0.2857142857142857,
    0.45652173913043476,
    0.03333333333333333,
    0.1686746987951807,
    0.509090909090909,
    0.22916666666666666,
    0.48484848484848486,
    0.3185840707964602,
    0.3013698630136986,
    0.4105960264900662,
    0.20168067226890757,
    0.4025974025974026,
    0.6185567010309279,
    0.3466666666666667,
    0.40384615384615385,
    0.49295774647887325,
    0.22857142857142856,
    0.3617021276595745,
    0.14705882352941177,
    0.16352201257861634,
    0.4782608695652174,
    0.2033898305084746,
    0.3192488262910798,
    0.2222222222222222,
    0.20689655172413793,
    0.6391752577319587,
    0.26666666666666666,
    0.42857142857142855,
    0.3875968992248062,
    0.21052631578947367,
    0.1927710843373494,
    0.047619047619047616,
    0.7,
    0.2,
    0.03278688524590164,
    0.6504065040650406,
    0.34210526315789475,
    0.22535211267605634,
    0.2708333333333333,
    0.3564356435643564,
    0.4235294117647059,
    0.2956521739130435,
    0.0,
    0.32967032967032966,
    0.3522012578616352,
    0.40559440559440557,
    0.16901408450704225,
    0.42990654205607476,
    0.4,
    0.33043478260869563,
    0.3132530120481928,
    0.2878787878787879,
    0.38636363636363635,
    0.1095890410958904,
    0.057971014492753624,
    0.5301204819277109,
    0.08333333333333333,
    0.6851851851851852,
    0.2608695652173913,
    0.3089430894308943,
    0.17777777777777778,
    0.5303030303030303,
    0.5346534653465347,
    0.26373626373626374,
    0.2222222222222222,
    0.42528735632183906,
    0.35658914728682173,
    0.2716049382716049,
    0.2777777777777778,
    0.7659574468085106,
    0.3111111111111111,
    0.3434343434343434,
    0.5147058823529411,
    0.27906976744186046,
    0.22727272727272727,
    0.42201834862385323,
    0.0967741935483871,
    0.1702127659574468,
    0.6601941747572816,
    0.2465753424657534,
    0.42,
    0.19672131147540983,
    0.4065040650406504,
    0.5137614678899083,
    0.06666666666666667,
    0.0,
    0.07407407407407407,
    0.5046728971962616,
    0.42857142857142855,
    0.07407407407407407,
    0.10714285714285714,
    0.19672131147540983,
    0.07692307692307693,
    0.07407407407407407,
    0.41304347826086957,
    0.13333333333333333,
    0.27722772277227725,
    0.6846846846846847,
    0.2647058823529412,
    0.7307692307692307,
    0.6526315789473685,
    0.07207207207207207,
    0.2318840579710145,
    0.3902439024390244,
    0.37398373983739835,
    0.28125,
    0.33962264150943394,
    0.3877551020408163,
    0.43956043956043955,
    0.32941176470588235,
    0.17142857142857143,
    0.1951219512195122,
    0.15584415584415584,
    0.03571428571428571,
    0.15384615384615385,
    0.21333333333333335,
    0.38461538461538464,
    0.37209302325581395,
    0.336283185840708,
    0.5985401459854015,
    0.7407407407407407,
    0.3711340206185567,
    0.0,
    0.3018867924528302,
    0.5321100917431193,
    0.2702702702702703,
    0.12121212121212122,
    0.5918367346938775,
    0.28888888888888886,
    0.0,
    0.52,
    0.3619047619047619,
    0.528,
    0.17391304347826086,
    0.234375,
    0.32608695652173914,
    0.3146067415730337,
    0.47058823529411764,
    0.38848920863309355,
    0.5510204081632653,
    0.5274725274725275,
    0.3037974683544304,
    0.28865979381443296,
    0.5042016806722689,
    0.3614457831325301,
    0.6333333333333333,
    0.4,
    0.6386554621848739,
    0.3655913978494624,
    0.3958333333333333,
    0.484375,
    0.18461538461538463,
    0.30526315789473685,
    0.09375
  ],