{
  "accuracy": 0.4294,
  "precision_macro": 0.4384336748426792,
  "recall_macro": 0.4294,
  "f1_macro": 0.41347710653933833,
  "precision_weighted": 0.4384336748426792,
  "recall_weighted": 0.4294,
  "f1_weighted": 0.4134771065393383,
  "per_class_f1": [
    0.7321428571428571,
    0.6909090909090909,
    0.40764331210191085,
    0.3023255813953488,
    0.38,
    0.15053763440860216,
    0.5470085470085471,
    0.21978021978021978,
    0.6666666666666666,
    0.3448275862068966,
    0.2972972972972973,
    0.5591397849462365,
    0.6138613861386139,
    0.6956521739130435,
    0.5555555555555556,
    0.2926829268292683,
    0.14925373134328357,
    0.49056603773584906,
    0.3380281690140845,
    0.5740740740740741,
    0.5360824742268041,
    0.7111111111111111,
    0.6785714285714286,
    0.7079646017699115,
    0.18604651162790697,
    0.5648854961832062,
    0.460431654676259,
    0.08571428571428572,
    0.4247787610619469,
    0.12307692307692308,
    0.4144144144144144,
    0.4793388429752066,
    0.20512820512820512,
    0.175,
    0.4,
    0.42696629213483145,
    0.6666666666666666,
    0.44,
    0.5555555555555556,
    0.3617021276595745,
    0.22916666666666666,
    0.32142857142857145,
    0.3434343434343434,
    0.42696629213483145,
    0.8351648351648352,
    0.6608695652173913,
    0.4897959183673469,
    0.47058823529411764,
    0.20588235294117646,
    0.3132530120481928,
    0.6542056074766355,
    0.34782608695652173,
    0.6,
    0.42857142857142855,
    0.5106382978723404,
    0.49612403100775193,
    0.2857142857142857,
    0.5384615384615384,
    0.7339449541284404,
    0.4166666666666667,
    0.5233644859813084,
    0.48226950354609927,
    0.1791044776119403,
    0.32,
    0.2153846153846154,
    0.22058823529411764,
    0.5656565656565656,
    0.23376623376623376,
    0.4918032786885246,
    0.22033898305084745,
    0.2828282828282828,
    0.6611570247933884,
    0.37383177570093457,
    0.41975308641975306,
    0.46017699115044247,
    0.273972602739726,
    0.4,
    0.05555555555555555,
    0.7027027027027027,
    0.2033898305084746,
    0.14285714285714285,
    0.7647058823529411,
    0.3880597014925373,
    0.24742268041237114,
    0.29213483146067415,
    0.34210526315789475,
    0.4,
    0.3130434782608696,
    0.03773584905660377,
    0.3870967741935484,
    0.40601503759398494,
    0.4778761061946903,
    0.35135135135135137,
    0.43333333333333335,
    0.3655913978494624,
    0.449438202247191,
    0.26666666666666666,
    0.36477987421383645,
    0.5046728971962616,
    0.12658227848101267,
    0.1388888888888889,
    0.6373626373626373,
    0.24,
    0.7608695652173914,
    0.2564102564102564,
    0.3089430894308943,
    0.1518987341772152,
    0.603448275862069,
    0.673469387755102,
    0.4772727272727273,
    0.3584905660377358,
    0.6153846153846154,
    0.3883495145631068,
    0.32432432432432434,
    0.39080459770114945,
    0.6721311475409836,
    0.4854368932038835,
    0.46464646464646464,
    0.68,
    0.24096385542168675,
    0.36036036036036034,
    0.5217391304347826,
    0.125,
    0.1797752808988764,
    0.6724137931034483,
    0.208955223880597,
    0.45652173913043476,
    0.4,
    0.45,
    0.5617977528089888,
    0.2682926829268293,
    0.0,
    0.15873015873015872,
    0.6324786324786325,
    0.45454545454545453,
    0.06666666666666667,
    0.24705882352941178,
    0.16129032258064516,
    0.12173913043478261,
    0.17647058823529413,
    0.38333333333333336,
    0.38095238095238093,
    0.4470588235294118,
    0.7843137254901961,
    0.336283185840708,
    0.7692307692307693,
    0.6796116504854369,
    0.2112676056338028,
    0.4,
    0.40425531914893614,
    0.5679012345679012,
    0.3055555555555556,
    0.46153846153846156,
    0.4791666666666667,
    0.4675324675324675,
    0.4772727272727273,
    0.273972602739726,
    0.5,
    0.2988505747126437,
    0.10526315789473684,
    0.3252032520325203,
    0.3793103448275862,
    0.5274725274725275,
    0.5365853658536586,
    0.48739495798319327,
    0.7115384615384616,
    0.7647058823529411,
    0.4090909090909091,
    0.07017543859649122,
    0.3770491803278688,
    0.627906976744186,
    0.45528455284552843,
    0.2,
    0.6875,
    0.3516483516483517,
    0.07407407407407407,
    0.5765765765765766,
    0.31724137931034485,
    0.5511811023622047,
    0.21359223300970873,
    0.17647058823529413,
    0.4421052631578947,
    0.384,
    0.4523809523809524,
    0.5576923076923077,
    0.5957446808510638,
    0.5614035087719298,
    0.5376344086021505,
    0.37894736842105264,
    0.5370370370370371,
    0.3595505617977528,
    0.5223880597014925,
    0.45528455284552843,
    0.6259541984732825,
    0.46875,
    0.358974358974359,
    0.5753424657534246,
    0.21052631578947367,
    0.45588235294117646,
    0.3023255813953488
  ],