{
  "accuracy": 0.4032,
  "precision_macro": 0.4032099990132922,
  "recall_macro": 0.4032,
  "f1_macro": 0.38248352836840155,
  "precision_weighted": 0.40320999901329213,
  "recall_weighted": 0.4032,
  "f1_weighted": 0.3824835283684016,
  "per_class_f1": [
    0.7368421052631579,
    0.5693430656934306,
    0.4,
    0.2882882882882883,
    0.4251968503937008,
    0.08888888888888889,
    0.4430379746835443,
    0.20454545454545456,
    0.6140350877192983,
    0.2913907284768212,
    0.2222222222222222,
    0.4943820224719101,
    0.448,
    0.5470085470085471,
    0.5476190476190477,
    0.15584415584415584,
    0.2318840579710145,
    0.5360824742268041,
    0.29333333333333333,
    0.45098039215686275,
    0.5405405405405406,
    0.6904761904761905,
    0.6407766990291263,
    0.7289719626168224,
    0.23404255319148937,
    0.47706422018348627,
    0.46153846153846156,
    0.0,
    0.3300970873786408,
    0.1,
    0.31683168316831684,
    0.4915254237288136,
    0.24778761061946902,
    0.18604651162790697,
    0.44,
    0.36496350364963503,
    0.6236559139784946,
    0.3655913978494624,
    0.49206349206349204,
    0.40816326530612246,
    0.25882352941176473,
    0.2857142857142857,
    0.4,
    0.44680851063829785,
    0.82,
    0.6612903225806451,
    0.32653061224489793,
    0.5060240963855421,
    0.11764705882352941,
    0.11267605633802817,
    0.55,
    0.32,
    0.5961538461538461,
    0.3333333333333333,
    0.3058823529411765,
    0.46540880503144655,
    0.2608695652173913,
    0.46511627906976744,
    0.6818181818181818,
    0.358974358974359,
    0.4146341463414634,
    0.5151515151515151,
    0.32,
    0.32323232323232326,
    0.17391304347826086,
    0.2155688622754491,
    0.5333333333333333,
    0.17391304347826086,
    0.37209302325581395,
    0.32608695652173914,
    0.2962962962962963,
    0.6324786324786325,
    0.32989690721649484,
    0.45871559633027525,
    0.42105263157894735,
    0.208955223880597,
    0.21333333333333335,
    0.08450704225352113,
    0.6792452830188679,
    0.14285714285714285,
    0.10526315789473684,
    0.688,
    0.3561643835616438,
    0.23529411764705882,
    0.23076923076923078,
    0.41304347826086957,
    0.45161290322580644,
    0.3146067415730337,
    0.0,
    0.4090909090909091,
    0.42857142857142855,
    0.46616541353383456,
    0.3191489361702128,
    0.34951456310679613,
    0.43243243243243246,
    0.336283185840708,
    0.3191489361702128,
    0.38666666666666666,
    0.49557522123893805,
    0.10752688172043011,
    0.14084507042253522,
    0.5979381443298969,
    0.1917808219178082,
    0.6956521739130435,
    0.3013698630136986,
    0.33587786259541985,
    0.2037037037037037,
    0.6324786324786325,
    0.6727272727272727,
    0.4406779661016949,
    0.3125,
    0.48120300751879697,
    0.4,
    0.3368421052631579,
    0.3218390804597701,
    0.7722772277227723,
    0.40425531914893614,
    0.46846846846846846,
    0.6078431372549019,
    0.2830188679245283,
    0.3448275862068966,
    0.43478260869565216,
    0.034482758620689655,
    0.20168067226890757,
    0.6511627906976745,
    0.2828282828282828,
    0.42718446601941745,
    0.367816091954023,
    0.35,
    0.5365853658536586,
    0.23255813953488372,
    0.0,
    0.06451612903225806,
    0.6386554621848739,
    0.4,
    0.03571428571428571,
    0.2111801242236025,
    0.16666666666666666,
    0.10989010989010989,
    0.03571428571428571,
    0.4,
    0.2597402597402597,
    0.3132530120481928,
    0.6504065040650406,
    0.3883495145631068,
    0.7850467289719626,
    0.6017699115044248,
    0.2589928057553957,
    0.37037037037037035,
    0.4578313253012048,
    0.40476190476190477,
    0.2777777777777778,
    0.43478260869565216,
    0.4166666666666667,
    0.5,
    0.5106382978723404,
    0.15151515151515152,
    0.3333333333333333,
    0.2028985507246377,
    0.06779661016949153,
    0.2558139534883721,
    0.24444444444444444,
    0.45977011494252873,
    0.40860215053763443,
    0.4423076923076923,
    0.6060606060606061,
    0.8,
    0.4,
    0.07272727272727272,
    0.34285714285714286,
    0.5849056603773585,
    0.3902439024390244,
    0.03636363636363636,
    0.6363636363636364,
    0.5168539325842697,
    0.038461538461538464,
    0.5925925925925926,
    0.3684210526315789,
    0.5522388059701493,
    0.1839080459770115,
    0.2727272727272727,
    0.4578313253012048,
    0.297029702970297,
    0.5154639175257731,
    0.5504587155963303,
    0.5287356321839081,
    0.3764705882352941,
    0.3333333333333333,
    0.36036036036036034,
    0.47619047619047616,
    0.3669724770642202,
    0.6111111111111112,
    0.5,
    0.5737704918032787,
    0.5098039215686274,
    0.3865546218487395,
    0.5757575757575758,
    0.1891891891891892,
    0.46153846153846156,
    0.2247191011235955
  ],