{
  "accuracy": 0.4127,
  "precision_macro": 0.410743363795802,
  "recall_macro": 0.4127,
  "f1_macro": 0.3968682737635787,
  "precision_weighted": 0.410743363795802,
  "recall_weighted": 0.4127,
  "f1_weighted": 0.39686827376357864,
  "per_class_f1": [
    0.6796116504854369,
    0.7378640776699029,
    0.42201834862385323,
    0.2558139534883721,
    0.4132231404958678,
    0.14432989690721648,
    0.6078431372549019,
    0.23157894736842105,
    0.59375,
    0.32,
    0.14925373134328357,
    0.4074074074074074,
    0.5254237288135594,
    0.6481481481481481,
    0.4523809523809524,
    0.25263157894736843,
    0.24324324324324326,
    0.4854368932038835,
    0.2992125984251969,
    0.574468085106383,
    0.5739130434782609,
    0.6530612244897959,
    0.5185185185185185,
    0.6964285714285714,
    0.20408163265306123,
    0.43103448275862066,
    0.46551724137931033,
    0.12121212121212122,
    0.3148148148148148,
    0.03225806451612903,
    0.2823529411764706,
    0.49557522123893805,
    0.34234234234234234,
    0.25,
    0.4628099173553719,
    0.48333333333333334,
    0.6610169491525424,
    0.3595505617977528,
    0.4946236559139785,
    0.37209302325581395,
    0.11428571428571428,
    0.27586206896551724,
    0.31683168316831684,
    0.45714285714285713,
    0.822429906542056,
    0.6495726495726496,
    0.37894736842105264,
    0.4745762711864407,
    0.18823529411764706,
    0.22535211267605634,
    0.6382978723404256,
    0.34408602150537637,
    0.6138613861386139,
    0.42857142857142855,
    0.3058823529411765,
    0.45588235294117646,
    0.15789473684210525,
    0.47761194029850745,
    0.673469387755102,
    0.345679012345679,
    0.47540983606557374,
    0.5652173913043478,
    0.3157894736842105,
    0.3448275862068966,
    0.13186813186813187,
    0.2537313432835821,
    0.5060240963855421,
    0.2153846153846154,
    0.3522012578616352,
    0.2708333333333333,
    0.33707865168539325,
    0.7115384615384616,
    0.3404255319148936,
    0.3673469387755102,
    0.42592592592592593,
    0.2682926829268293,
    0.2682926829268293,
    0.08695652173913043,
    0.7956989247311828,
    0.3125,
    0.17721518987341772,
    0.6972477064220184,
    0.34328358208955223,
    0.19047619047619047,
    0.3368421052631579,
    0.38095238095238093,
    0.47191011235955055,
    0.3883495145631068,
    0.03508771929824561,
    0.3838383838383838,
    0.4925373134328358,
    0.5203252032520326,
    0.27586206896551724,
    0.40384615384615385,
    0.40860215053763443,
    0.3669724770642202,
    0.29213483146067415,
    0.36923076923076925,
    0.4745762711864407,
    0.13513513513513514,
    0.1388888888888889,
    0.6296296296296297,
    0.21621621621621623,
    0.8,
    0.3058823529411765,
    0.27906976744186046,
    0.2608695652173913,
    0.6101694915254238,
    0.6428571428571429,
    0.3469387755102041,
    0.32989690721649484,
    0.5441176470588235,
    0.3137254901960784,
    0.3058823529411765,
    0.3711340206185567,
    0.7920792079207921,
    0.38,
    0.49504950495049505,
    0.6346153846153846,
    0.36893203883495146,
    0.26865671641791045,
    0.5060240963855421,
    0.029850746268656716,
    0.18181818181818182,
    0.6896551724137931,
    0.21153846153846154,
    0.4672897196261682,
    0.3146067415730337,
    0.3816793893129771,
    0.4864864864864865,
    0.2988505747126437,
    0.0,
    0.15873015873015872,
    0.6486486486486487,
    0.37209302325581395,
    0.031746031746031744,
    0.20425531914893616,
    0.2823529411764706,
    0.20618556701030927,
    0.14492753623188406,
    0.44642857142857145,
    0.35,
    0.38,
    0.7272727272727273,
    0.3548387096774194,
    0.7272727272727273,
    0.6373626373626373,
    0.18556701030927836,
    0.30612244897959184,
    0.40816326530612246,
    0.47706422018348627,
    0.29411764705882354,
    0.4842105263157895,
    0.5132743362831859,
    0.45652173913043476,
    0.4716981132075472,
    0.2972972972972973,
    0.36363636363636365,
    0.1927710843373494,
    0.07142857142857142,
    0.3090909090909091,
    0.34782608695652173,
    0.4421052631578947,
    0.45454545454545453,
    0.5523809523809524,
    0.6851851851851852,
    0.8301886792452831,
    0.41025641025641024,
    0.09836065573770492,
    0.4,
    0.6046511627906976,
    0.42592592592592593,
    0.12345679012345678,
    0.6666666666666666,
    0.3902439024390244,
    0.07407407407407407,
    0.6336633663366337,
    0.2894736842105263,
    0.6306306306306306,
    0.27522935779816515,
    0.23529411764705882,
    0.2653061224489796,
    0.3684210526315789,
    0.5168539325842697,
    0.5981308411214953,
    0.5252525252525253,
    0.4485981308411215,
    0.425531914893617,
    0.38095238095238093,
    0.4576271186440678,
    0.3584905660377358,
    0.5757575757575758,
    0.4647887323943662,
    0.6129032258064516,
    0.453125,
    0.39622641509433965,
    0.4931506849315068,
    0.21621621621621623,
    0.3841059602649007,
    0.2641509433962264
  ],