{
  "accuracy": 0.4079,
  "precision_macro": 0.40865441554923393,
  "recall_macro": 0.4079,
  "f1_macro": 0.39156046738356814,
  "precision_weighted": 0.40865441554923393,
  "recall_weighted": 0.4079,
  "f1_weighted": 0.3915604673835682,
  "per_class_f1": [
    0.64,
    0.6290322580645161,
    0.41025641025641024,
    0.26,
    0.37254901960784315,
    0.12371134020618557,
    0.6306306306306306,
    0.1864406779661017,
    0.6306306306306306,
    0.34285714285714286,
    0.22727272727272727,
    0.4,
    0.544,
    0.6521739130434783,
    0.5161290322580645,
    0.28169014084507044,
    0.24,
    0.54,
    0.3137254901960784,
    0.5072463768115942,
    0.4854368932038835,
    0.6391752577319587,
    0.5233644859813084,
    0.6732673267326733,
    0.1978021978021978,
    0.46017699115044247,
    0.43902439024390244,
    0.06451612903225806,
    0.44,
    0.14492753623188406,
    0.3541666666666667,
    0.5111111111111111,
    0.225,
    0.14814814814814814,
    0.49612403100775193,
    0.5081967213114754,
    0.7216494845360825,
    0.3157894736842105,
    0.43243243243243246,
    0.33663366336633666,
    0.17073170731707318,
    0.23076923076923078,
    0.35185185185185186,
    0.45977011494252873,
    0.8823529411764706,
    0.6551724137931034,
    0.45714285714285713,
    0.46846846846846846,
    0.19672131147540983,
    0.2,
    0.6037735849056604,
    0.3300970873786408,
    0.6017699115044248,
    0.43564356435643564,
    0.3466666666666667,
    0.45517241379310347,
    0.30158730158730157,
    0.515625,
    0.7391304347826086,
    0.4050632911392405,
    0.34554973821989526,
    0.49230769230769234,
    0.2222222222222222,
    0.33663366336633666,
    0.09375,
    0.22764227642276422,
    0.5869565217391305,
    0.2318840579710145,
    0.42962962962962964,
    0.30985915492957744,
    0.3333333333333333,
    0.6837606837606838,
    0.2736842105263158,
    0.42105263157894735,
    0.4132231404958678,
    0.3333333333333333,
    0.37037037037037035,
    0.06976744186046512,
    0.6607142857142857,
    0.2153846153846154,
    0.136986301369863,
    0.711864406779661,
    0.3252032520325203,
    0.2857142857142857,
    0.32142857142857145,
    0.3434343434343434,
    0.43243243243243246,
    0.3275862068965517,
    0.0,
    0.3883495145631068,
    0.4742268041237113,
    0.45161290322580644,
    0.29213483146067415,
    0.40601503759398494,
    0.3877551020408163,
    0.47706422018348627,
    0.391304347826087,
    0.3448275862068966,
    0.48695652173913045,
    0.1348314606741573,
    0.11267605633802817,
    0.651685393258427,
    0.2571428571428571,
    0.6990291262135923,
    0.3181818181818182,
    0.2803738317757009,
    0.18556701030927836,
    0.6491228070175439,
    0.5892857142857143,
    0.3584905660377358,
    0.23684210526315788,
    0.53125,
    0.3404255319148936,
    0.2857142857142857,
    0.3010752688172043,
    0.7735849056603774,
    0.4339622641509434,
    0.32323232323232326,
    0.62,
    0.24299065420560748,
    0.272,
    0.46,
    0.05970149253731343,
    0.17218543046357615,
    0.6446280991735537,
    0.2391304347826087,
    0.5148514851485149,
    0.3235294117647059,
    0.4426229508196721,
    0.5853658536585366,
    0.2028985507246377,
    0.0,
    0.13559322033898305,
    0.6153846153846154,
    0.45714285714285713,
    0.13333333333333333,
    0.26285714285714284,
    0.16129032258064516,
    0.192,
    0.13513513513513514,
    0.359375,
    0.29333333333333333,
    0.4117647058823529,
    0.6956521739130435,
    0.34545454545454546,
    0.7547169811320755,
    0.6915887850467289,
    0.17475728155339806,
    0.28,
    0.44680851063829785,
    0.39285714285714285,
    0.2898550724637681,
    0.3541666666666667,
    0.42,
    0.4782608695652174,
    0.37398373983739835,
    0.2898550724637681,
    0.3157894736842105,
    0.125,
    0.10344827586206896,
    0.3018867924528302,
    0.32941176470588235,
    0.5,
    0.41379310344827586,
    0.5346534653465347,
    0.7102803738317757,
    0.7592592592592593,
    0.36036036036036034,
    0.03773584905660377,
    0.38461538461538464,
    0.6526315789473685,
    0.30434782608695654,
    0.10526315789473684,
    0.7126436781609196,
    0.4819277108433735,
    0.03508771929824561,
    0.6551724137931034,
    0.3486238532110092,
    0.6379310344827587,
    0.17857142857142858,
    0.16666666666666666,
    0.38636363636363635,
    0.32,
    0.5208333333333334,
    0.6274509803921569,
    0.5494505494505495,
    0.25149700598802394,
    0.48739495798319327,
    0.225,
    0.5494505494505495,
    0.32967032967032966,
    0.6071428571428571,
    0.5042016806722689,
    0.6290322580645161,
    0.5045045045045045,
    0.43564356435643564,
    0.48333333333333334,
    0.21951219512195122,
    0.5128205128205128,
    0.21739130434782608
  ],