{
  "accuracy": 0.4245,
  "precision_macro": 0.425591942335572,
  "recall_macro": 0.42450000000000004,
  "f1_macro": 0.40581007091019217,
  "precision_weighted": 0.4255919423355719,
  "recall_weighted": 0.4245,
  "f1_weighted": 0.40581007091019217,
  "per_class_f1": [
    0.6607142857142857,
    0.6612903225806451,
    0.4580152671755725,
    0.28846153846153844,
    0.432,
    0.16279069767441862,
    0.5211267605633803,
    0.25,
    0.6601941747572816,
    0.3387096774193548,
    0.26506024096385544,
    0.45652173913043476,
    0.5785123966942148,
    0.6407766990291263,
    0.5473684210526316,
    0.336283185840708,
    0.11428571428571428,
    0.5348837209302325,
    0.36363636363636365,
    0.5777777777777777,
    0.616822429906542,
    0.6185567010309279,
    0.5714285714285714,
    0.7130434782608696,
    0.18421052631578946,
    0.5343511450381679,
    0.4881889763779528,
    0.0,
    0.42201834862385323,
    0.09523809523809523,
    0.36538461538461536,
    0.49019607843137253,
    0.26373626373626374,
    0.1917808219178082,
    0.5901639344262295,
    0.5040650406504065,
    0.625,
    0.36,
    0.4727272727272727,
    0.35514018691588783,
    0.21686746987951808,
    0.26153846153846155,
    0.31683168316831684,
    0.44660194174757284,
    0.822429906542056,
    0.6991869918699187,
    0.4421052631578947,
    0.5102040816326531,
    0.16129032258064516,
    0.30985915492957744,
    0.5954198473282443,
    0.25,
    0.6129032258064516,
    0.34408602150537637,
    0.40476190476190477,
    0.4931506849315068,
    0.23655913978494625,
    0.5365853658536586,
    0.6610169491525424,
    0.3561643835616438,
    0.421875,
    0.5504587155963303,
    0.1728395061728395,
    0.3584905660377358,
    0.16129032258064516,
    0.25,
    0.6086956521739131,
    0.2857142857142857,
    0.3372093023255814,
    0.21782178217821782,
    0.15053763440860216,
    0.6782608695652174,
    0.36363636363636365,
    0.38095238095238093,
    0.47058823529411764,
    0.25,
    0.3835616438356164,
    0.15873015873015872,
    0.7142857142857143,
    0.18461538461538463,
    0.14925373134328357,
    0.7592592592592593,
    0.3902439024390244,
    0.2535211267605634,
    0.27350427350427353,
    0.3392857142857143,
    0.43478260869565216,
    0.3125,
    0.038461538461538464,
    0.42105263157894735,
    0.4583333333333333,
    0.5128205128205128,
    0.37681159420289856,
    0.3968253968253968,
    0.42105263157894735,
    0.48148148148148145,
    0.4,
    0.3333333333333333,
    0.5050505050505051,
    0.21052631578947367,
    0.11764705882352941,
    0.5531914893617021,
    0.3283582089552239,
    0.7254901960784313,
    0.3023255813953488,
    0.21359223300970873,
    0.2524271844660194,
    0.5826771653543307,
    0.6741573033707865,
    0.42857142857142855,
    0.38202247191011235,
    0.6071428571428571,
    0.2807017543859649,
    0.43902439024390244,
    0.3238095238095238,
    0.7254901960784313,
    0.345679012345679,
    0.4603174603174603,
    0.6595744680851063,
    0.30434782608695654,
    0.3076923076923077,
    0.42857142857142855,
    0.08955223880597014,
    0.147239263803681,
    0.7522935779816514,
    0.1839080459770115,
    0.4854368932038835,
    0.35135135135135137,
    0.4647887323943662,
    0.5777777777777777,
    0.225,
    0.0,
    0.12987012987012986,
    0.628099173553719,
    0.4074074074074074,
    0.2222222222222222,
    0.2833333333333333,
    0.3125,
    0.16326530612244897,
    0.09230769230769231,
    0.43137254901960786,
    0.2564102564102564,
    0.4329896907216495,
    0.6896551724137931,
    0.33093525179856115,
    0.7652173913043478,
    0.6888888888888889,
    0.22,
    0.4339622641509434,
    0.4631578947368421,
    0.5142857142857142,
    0.2898550724637681,
    0.5714285714285714,
    0.4909090909090909,
    0.47191011235955055,
    0.3877551020408163,
    0.21212121212121213,
    0.4158415841584158,
    0.2535211267605634,
    0.13114754098360656,
    0.32967032967032966,
    0.36363636363636365,
    0.4772727272727273,
    0.3619047619047619,
    0.46938775510204084,
    0.7755102040816326,
    0.7964601769911505,
    0.3917525773195876,
    0.13114754098360656,
    0.3516483516483517,
    0.6436781609195402,
    0.38181818181818183,
    0.13333333333333333,
    0.6808510638297872,
    0.40816326530612246,
    0.06451612903225806,
    0.5904761904761905,
    0.3006535947712418,
    0.6260869565217392,
    0.09876543209876543,
    0.2376237623762376,
    0.36363636363636365,
    0.41237113402061853,
    0.5106382978723404,
    0.6736842105263158,
    0.6382978723404256,
    0.3968253968253968,
    0.4752475247524752,
    0.39215686274509803,
    0.48598130841121495,
    0.26666666666666666,
    0.5490196078431373,
    0.40559440559440557,
    0.6666666666666666,
    0.49645390070921985,
    0.37168141592920356,
    0.591304347826087,
    0.1891891891891892,
    0.45528455284552843,
    0.24074074074074073
  ],