{
  "accuracy": 0.4045,
  "precision_macro": 0.4092362729884955,
  "recall_macro": 0.4045,
  "f1_macro": 0.3887087083129024,
  "precision_weighted": 0.40923627298849546,
  "recall_weighted": 0.4045,
  "f1_weighted": 0.3887087083129024,
  "per_class_f1": [
    0.6607142857142857,
    0.6829268292682927,
    0.41935483870967744,
    0.29213483146067415,
    0.41379310344827586,
    0.028169014084507043,
    0.5357142857142857,
    0.20224719101123595,
    0.5882352941176471,
    0.2903225806451613,
    0.19444444444444445,
    0.42424242424242425,
    0.5116279069767442,
    0.6896551724137931,
    0.5316455696202531,
    0.22988505747126436,
    0.21621621621621623,
    0.5217391304347826,
    0.4065040650406504,
    0.5531914893617021,
    0.6041666666666666,
    0.62,
    0.6,
    0.7339449541284404,
    0.17777777777777778,
    0.5048543689320388,
    0.46258503401360546,
    0.18181818181818182,
    0.3652173913043478,
    0.12987012987012986,
    0.5121951219512195,
    0.4424778761061947,
    0.2391304347826087,
    0.15584415584415584,
    0.43410852713178294,
    0.49206349206349204,
    0.6605504587155964,
    0.379746835443038,
    0.4583333333333333,
    0.2558139534883721,
    0.23684210526315788,
    0.3076923076923077,
    0.38,
    0.46511627906976744,
    0.8155339805825242,
    0.7128712871287128,
    0.38333333333333336,
    0.42,
    0.13333333333333333,
    0.11940298507462686,
    0.5714285714285714,
    0.4144144144144144,
    0.6226415094339622,
    0.2823529411764706,
    0.3333333333333333,
    0.417910447761194,
    0.24390243902439024,
    0.47619047619047616,
    0.6285714285714286,
    0.39473684210526316,
    0.5454545454545454,
    0.5663716814159292,
    0.29473684210526313,
    0.3137254901960784,
    0.2465753424657534,
    0.09811320754716982,
    0.5111111111111111,
    0.1951219512195122,
    0.3333333333333333,
    0.3225806451612903,
    0.3177570093457944,
    0.7,
    0.35051546391752575,
    0.43010752688172044,
    0.4057971014492754,
    0.1794871794871795,
    0.23529411764705882,
    0.0784313725490196,
    0.6851851851851852,
    0.22950819672131148,
    0.08571428571428572,
    0.7413793103448276,
    0.3968253968253968,
    0.16216216216216217,
    0.3619047619047619,
    0.425,
    0.4144144144144144,
    0.35398230088495575,
    0.0,
    0.3855421686746988,
    0.4580152671755725,
    0.48214285714285715,
    0.3218390804597701,
    0.4166666666666667,
    0.3404255319148936,
    0.3695652173913043,
    0.30952380952380953,
    0.34108527131782945,
    0.4838709677419355,
    0.11764705882352941,
    0.17142857142857143,
    0.5434782608695652,
    0.32098765432098764,
    0.7311827956989247,
    0.28205128205128205,
    0.3252032520325203,
    0.14634146341463414,
    0.5606060606060606,
    0.5849056603773585,
    0.3488372093023256,
    0.19230769230769232,
    0.5,
    0.36363636363636365,
    0.37037037037037035,
    0.2564102564102564,
    0.7872340425531915,
    0.40860215053763443,
    0.4230769230769231,
    0.6732673267326733,
    0.2222222222222222,
    0.3063063063063063,
    0.5046728971962616,
    0.1111111111111111,
    0.17518248175182483,
    0.6785714285714286,
    0.2608695652173913,
    0.4583333333333333,
    0.3076923076923077,
    0.384,
    0.6222222222222222,
    0.27848101265822783,
    0.0,
    0.13114754098360656,
    0.6326530612244898,
    0.3953488372093023,
    0.16666666666666666,
    0.23404255319148937,
    0.17647058823529413,
    0.11538461538461539,
    0.09375,
    0.37735849056603776,
    0.25396825396825395,
    0.42857142857142855,
    0.6776859504132231,
    0.2835820895522388,
    0.7857142857142857,
    0.625,
    0.2549019607843137,
    0.24299065420560748,
    0.45652173913043476,
    0.46511627906976744,
    0.29850746268656714,
    0.43037974683544306,
    0.5289256198347108,
    0.4578313253012048,
    0.3956043956043956,
    0.21686746987951808,
    0.3023255813953488,
    0.20618556701030927,
    0.037037037037037035,
    0.3291139240506329,
    0.3508771929824561,
    0.5581395348837209,
    0.3368421052631579,
    0.5,
    0.7551020408163265,
    0.8073394495412844,
    0.3595505617977528,
    0.03571428571428571,
    0.27586206896551724,
    0.6966292134831461,
    0.38016528925619836,
    0.16901408450704225,
    0.6041666666666666,
    0.3076923076923077,
    0.037037037037037035,
    0.591304347826087,
    0.3969465648854962,
    0.5401459854014599,
    0.25,
    0.24347826086956523,
    0.3119266055045872,
    0.37362637362637363,
    0.4424778761061947,
    0.5426356589147286,
    0.5555555555555556,
    0.5192307692307693,
    0.4897959183673469,
    0.3364485981308411,
    0.5319148936170213,
    0.2597402597402597,
    0.5873015873015873,
    0.39759036144578314,
    0.5891472868217055,
    0.38181818181818183,
    0.37623762376237624,
    0.5045045045045045,
    0.19718309859154928,
    0.4,
    0.27956989247311825
  ],