{
  "accuracy": 0.4399,
  "precision_macro": 0.439138673483881,
  "recall_macro": 0.4399,
  "f1_macro": 0.421275827447314,
  "precision_weighted": 0.439138673483881,
  "recall_weighted": 0.4399,
  "f1_weighted": 0.4212758274473139,
  "per_class_f1": [
    0.7339449541284404,
    0.6106870229007634,
    0.45901639344262296,
    0.35789473684210527,
    0.42424242424242425,
    0.11363636363636363,
    0.5573770491803278,
    0.20588235294117646,
    0.6804123711340206,
    0.4074074074074074,
    0.14285714285714285,
    0.40350877192982454,
    0.5179856115107914,
    0.6727272727272727,
    0.5060240963855421,
    0.35714285714285715,
    0.34285714285714286,
    0.6138613861386139,
    0.36666666666666664,
    0.5686274509803921,
    0.5357142857142857,
    0.6966292134831461,
    0.52,
    0.7068965517241379,
    0.26804123711340205,
    0.6,
    0.46938775510204084,
    0.225,
    0.449438202247191,
    0.10714285714285714,
    0.4536082474226804,
    0.5365853658536586,
    0.3,
    0.30303030303030304,
    0.54,
    0.3821656050955414,
    0.6981132075471698,
    0.4791666666666667,
    0.46601941747572817,
    0.35789473684210527,
    0.2631578947368421,
    0.34,
    0.41739130434782606,
    0.4470588235294118,
    0.7889908256880734,
    0.6857142857142857,
    0.41237113402061853,
    0.5102040816326531,
    0.16666666666666666,
    0.21621621621621623,
    0.6229508196721312,
    0.33707865168539325,
    0.6153846153846154,
    0.38202247191011235,
    0.5641025641025641,
    0.549618320610687,
    0.2828282828282828,
    0.592,
    0.6727272727272727,
    0.34146341463414637,
    0.5042016806722689,
    0.5,
    0.23809523809523808,
    0.38,
    0.16666666666666666,
    0.21374045801526717,
    0.5178571428571429,
    0.2222222222222222,
    0.42962962962962964,
    0.3238095238095238,
    0.27586206896551724,
    0.6721311475409836,
    0.37209302325581395,
    0.47863247863247865,
    0.45544554455445546,
    0.3956043956043956,
    0.3076923076923077,
    0.10126582278481013,
    0.7450980392156863,
    0.23728813559322035,
    0.16216216216216217,
    0.7543859649122807,
    0.336283185840708,
    0.30434782608695654,
    0.3177570093457944,
    0.22535211267605634,
    0.46464646464646464,
    0.3888888888888889,
    0.0,
    0.48484848484848486,
    0.4444444444444444,
    0.5378151260504201,
    0.3188405797101449,
    0.366412213740458,
    0.4583333333333333,
    0.42718446601941745,
    0.425531914893617,
    0.3698630136986301,
    0.4948453608247423,
    0.14925373134328357,
    0.1643835616438356,
    0.6407766990291263,
    0.32432432432432434,
    0.7954545454545454,
    0.29333333333333333,
    0.2988505747126437,
    0.3218390804597701,
    0.5714285714285714,
    0.693069306930693,
    0.5869565217391305,
    0.35514018691588783,
    0.5904761904761905,
    0.36923076923076925,
    0.43956043956043955,
    0.30434782608695654,
    0.7719298245614035,
    0.5052631578947369,
    0.5116279069767442,
    0.6727272727272727,
    0.29310344827586204,
    0.3300970873786408,
    0.5360824742268041,
    0.12121212121212122,
    0.24242424242424243,
    0.7226890756302521,
    0.23529411764705882,
    0.49382716049382713,
    0.37623762376237624,
    0.35036496350364965,
    0.5365853658536586,
    0.3137254901960784,
    0.0,
    0.09836065573770492,
    0.6324786324786325,
    0.46,
    0.0547945205479452,
    0.29457364341085274,
    0.19718309859154928,
    0.16666666666666666,
    0.057971014492753624,
    0.4,
    0.36363636363636365,
    0.4946236559139785,
    0.7090909090909091,
    0.3392857142857143,
    0.7777777777777778,
    0.6915887850467289,
    0.2826086956521739,
    0.37254901960784315,
    0.4772727272727273,
    0.5263157894736842,
    0.26666666666666666,
    0.47191011235955055,
    0.45652173913043476,
    0.45652173913043476,
    0.42990654205607476,
    0.275,
    0.40384615384615385,
    0.20512820512820512,
    0.13333333333333333,
    0.37735849056603776,
    0.3816793893129771,
    0.5581395348837209,
    0.43243243243243246,
    0.47368421052631576,
    0.6612903225806451,
    0.831858407079646,
    0.42696629213483145,
    0.12307692307692308,
    0.3269230769230769,
    0.6741573033707865,
    0.425531914893617,
    0.11428571428571428,
    0.66,
    0.42,
    0.07547169811320754,
    0.6078431372549019,
    0.3076923076923077,
    0.6129032258064516,
    0.13043478260869565,
    0.26548672566371684,
    0.5052631578947369,
    0.3023255813953488,
    0.45977011494252873,
    0.631578947368421,
    0.5416666666666666,
    0.5576923076923077,
    0.45098039215686275,
    0.37209302325581395,
    0.5904761904761905,
    0.2830188679245283,
    0.6,
    0.49612403100775193,
    0.6268656716417911,
    0.46153846153846156,
    0.352,
    0.5483870967741935,
    0.25882352941176473,
    0.4861111111111111,
    0.2711864406779661
  ],