{
  "accuracy": 0.4234,
  "precision_macro": 0.4272242153224616,
  "recall_macro": 0.42340000000000005,
  "f1_macro": 0.4062625297526013,
  "precision_weighted": 0.42722421532246163,
  "recall_weighted": 0.4234,
  "f1_weighted": 0.4062625297526013,
  "per_class_f1": [
    0.6964285714285714,
    0.7304347826086957,
    0.4429530201342282,
    0.30952380952380953,
    0.42,
    0.15384615384615385,
    0.5576923076923077,
    0.23157894736842105,
    0.6391752577319587,
    0.28169014084507044,
    0.1388888888888889,
    0.5208333333333334,
    0.5172413793103449,
    0.7474747474747475,
    0.5656565656565656,
    0.29545454545454547,
    0.18181818181818182,
    0.45045045045045046,
    0.34545454545454546,
    0.4742268041237113,
    0.5576923076923077,
    0.6804123711340206,
    0.5511811023622047,
    0.7102803738317757,
    0.21428571428571427,
    0.4793388429752066,
    0.4307692307692308,
    0.16216216216216217,
    0.3619047619047619,
    0.09836065573770492,
    0.40404040404040403,
    0.48120300751879697,
    0.24175824175824176,
    0.18181818181818182,
    0.4,
    0.47540983606557374,
    0.7428571428571429,
    0.40476190476190477,
    0.5849056603773585,
    0.37209302325581395,
    0.26373626373626374,
    0.2982456140350877,
    0.4175824175824176,
    0.43010752688172044,
    0.8163265306122449,
    0.6837606837606838,
    0.4528301886792453,
    0.453781512605042,
    0.23529411764705882,
    0.16901408450704225,
    0.5942028985507246,
    0.3225806451612903,
    0.5663716814159292,
    0.4423076923076923,
    0.3855421686746988,
    0.4838709677419355,
    0.25,
    0.5098039215686274,
    0.616822429906542,
    0.35443037974683544,
    0.4166666666666667,
    0.5178571428571429,
    0.25396825396825395,
    0.3333333333333333,
    0.14925373134328357,
    0.21568627450980393,
    0.5420560747663551,
    0.22950819672131148,
    0.3559322033898305,
    0.26,
    0.20689655172413793,
    0.6511627906976745,
    0.35789473684210527,
    0.432,
    0.41818181818181815,
    0.26804123711340205,
    0.45454545454545453,
    0.05063291139240506,
    0.7450980392156863,
    0.2857142857142857,
    0.11267605633802817,
    0.7115384615384616,
    0.38095238095238093,
    0.26666666666666666,
    0.3,
    0.391304347826087,
    0.4318181818181818,
    0.34782608695652173,
    0.0,
    0.40404040404040403,
    0.546875,
    0.49586776859504134,
    0.35555555555555557,
    0.42696629213483145,
    0.39080459770114945,
    0.3826086956521739,
    0.25882352941176473,
    0.36363636363636365,
    0.45217391304347826,
    0.13513513513513514,
    0.21686746987951808,
    0.6813186813186813,
    0.25,
    0.7676767676767676,
    0.2777777777777778,
    0.34615384615384615,
    0.1732283464566929,
    0.6115702479338843,
    0.6666666666666666,
    0.4791666666666667,
    0.336283185840708,
    0.5289256198347108,
    0.31683168316831684,
    0.37037037037037035,
    0.3269230769230769,
    0.7333333333333333,
    0.4842105263157895,
    0.4444444444444444,
    0.6666666666666666,
    0.30434782608695654,
    0.3053435114503817,
    0.449438202247191,
    0.11428571428571428,
    0.24793388429752067,
    0.7192982456140351,
    0.15789473684210525,
    0.46601941747572817,
    0.3218390804597701,
    0.4247787610619469,
    0.5647058823529412,
    0.28888888888888886,
    0.0,
    0.14035087719298245,
    0.6666666666666666,
    0.42857142857142855,
    0.07272727272727272,
    0.25609756097560976,
    0.208955223880597,
    0.1,
    0.14492753623188406,
    0.4339622641509434,
    0.208955223880597,
    0.3614457831325301,
    0.7339449541284404,
    0.3157894736842105,
    0.8108108108108109,
    0.6037735849056604,
    0.3063063063063063,
    0.3855421686746988,
    0.42857142857142855,
    0.4791666666666667,
    0.25,
    0.525,
    0.5,
    0.4329896907216495,
    0.44,
    0.25396825396825395,
    0.3448275862068966,
    0.2803738317757009,
    0.10526315789473684,
    0.2909090909090909,
    0.3434343434343434,
    0.5194805194805194,
    0.4421052631578947,
    0.43548387096774194,
    0.74,
    0.7894736842105263,
    0.30303030303030304,
    0.10344827586206896,
    0.3541666666666667,
    0.6373626373626373,
    0.45045045045045046,
    0.17391304347826086,
    0.7422680412371134,
    0.4791666666666667,
    0.1016949152542373,
    0.6086956521739131,
    0.3595505617977528,
    0.5641025641025641,
    0.24528301886792453,
    0.23255813953488372,
    0.4444444444444444,
    0.3008849557522124,
    0.3917525773195876,
    0.66,
    0.5853658536585366,
    0.52,
    0.5319148936170213,
    0.3697478991596639,
    0.5825242718446602,
    0.3655913978494624,
    0.5673758865248227,
    0.46511627906976744,
    0.6554621848739496,
    0.4406779661016949,
    0.34710743801652894,
    0.5785123966942148,
    0.24175824175824176,
    0.46357615894039733,
    0.27956989247311825
  ],