{
  "accuracy": 0.3762,
  "precision_macro": 0.39474242931033,
  "recall_macro": 0.37620000000000003,
  "f1_macro": 0.3594947116633763,
  "precision_weighted": 0.39474242931032993,
  "recall_weighted": 0.3762,
  "f1_weighted": 0.3594947116633763,
  "per_class_f1": [
    0.6666666666666666,
    0.5899280575539568,
    0.3111111111111111,
    0.23529411764705882,
    0.3937007874015748,
    0.047058823529411764,
    0.46846846846846846,
    0.2222222222222222,
    0.5853658536585366,
    0.28346456692913385,
    0.2619047619047619,
    0.411214953271028,
    0.47058823529411764,
    0.62,
    0.5,
    0.19718309859154928,
    0.2222222222222222,
    0.4536082474226804,
    0.30357142857142855,
    0.54,
    0.5039370078740157,
    0.6138613861386139,
    0.576271186440678,
    0.6407766990291263,
    0.16666666666666666,
    0.4878048780487805,
    0.41739130434782606,
    0.11494252873563218,
    0.32894736842105265,
    0.03278688524590164,
    0.3146067415730337,
    0.4077669902912621,
    0.15384615384615385,
    0.09836065573770492,
    0.48695652173913045,
    0.48739495798319327,
    0.6736842105263158,
    0.37383177570093457,
    0.4444444444444444,
    0.38,
    0.16129032258064516,
    0.19753086419753085,
    0.3488372093023256,
    0.4367816091954023,
    0.8043478260869565,
    0.6363636363636364,
    0.2765957446808511,
    0.44036697247706424,
    0.13114754098360656,
    0.1702127659574468,
    0.5223880597014925,
    0.2978723404255319,
    0.5785123966942148,
    0.24691358024691357,
    0.29333333333333333,
    0.2577777777777778,
    0.1,
    0.46296296296296297,
    0.673469387755102,
    0.2608695652173913,
    0.43870967741935485,
    0.5585585585585585,
    0.14084507042253522,
    0.27956989247311825,
    0.15873015873015872,
    0.19117647058823528,
    0.5510204081632653,
    0.14035087719298245,
    0.33136094674556216,
    0.19298245614035087,
    0.2956521739130435,
    0.5801526717557252,
    0.273972602739726,
    0.37777777777777777,
    0.34545454545454546,
    0.2962962962962963,
    0.208955223880597,
    0.08080808080808081,
    0.7391304347826086,
    0.20689655172413793,
    0.13114754098360656,
    0.6521739130434783,
    0.3310344827586207,
    0.1891891891891892,
    0.19858156028368795,
    0.3333333333333333,
    0.45569620253164556,
    0.345679012345679,
    0.03636363636363636,
    0.34408602150537637,
    0.3146067415730337,
    0.391304347826087,
    0.2318840579710145,
    0.3877551020408163,
    0.38961038961038963,
    0.36220472440944884,
    0.2702702702702703,
    0.3375,
    0.29333333333333333,
    0.08450704225352113,
    0.08955223880597014,
    0.5490196078431373,
    0.1951219512195122,
    0.6608695652173913,
    0.2571428571428571,
    0.2,
    0.16393442622950818,
    0.528,
    0.6262626262626263,
    0.43037974683544306,
    0.24,
    0.5172413793103449,
    0.2553191489361702,
    0.3614457831325301,
    0.27848101265822783,
    0.7184466019417476,
    0.3956043956043956,
    0.45614035087719296,
    0.6238532110091743,
    0.24175824175824176,
    0.37735849056603776,
    0.40298507462686567,
    0.0449438202247191,
    0.1728395061728395,
    0.6666666666666666,
    0.18181818181818182,
    0.5567010309278351,
    0.32098765432098764,
    0.3652173913043478,
    0.36363636363636365,
    0.1791044776119403,
    0.0,
    0.17391304347826086,
    0.5950413223140496,
    0.47191011235955055,
    0.06451612903225806,
    0.19631901840490798,
    0.09836065573770492,
    0.1839080459770115,
    0.15384615384615385,
    0.38095238095238093,
    0.22580645161290322,
    0.4423076923076923,
    0.6456692913385826,
    0.2644628099173554,
    0.7735849056603774,
    0.5740740740740741,
    0.203125,
    0.39344262295081966,
    0.42424242424242425,
    0.49019607843137253,
    0.2318840579710145,
    0.36220472440944884,
    0.448,
    0.4090909090909091,
    0.375,
    0.3235294117647059,
    0.24,
    0.1951219512195122,
    0.09375,
    0.24742268041237114,
    0.3037974683544304,
    0.4666666666666667,
    0.3917525773195876,
    0.3893805309734513,
    0.7142857142857143,
    0.75,
    0.40476190476190477,
    0.0,
    0.2535211267605634,
    0.5825242718446602,
    0.4375,
    0.09836065573770492,
    0.6138613861386139,
    0.44680851063829785,
    0.0392156862745098,
    0.5614035087719298,
    0.32116788321167883,
    0.5546218487394958,
    0.05063291139240506,
    0.2698412698412698,
    0.3076923076923077,
    0.2765957446808511,
    0.43137254901960786,
    0.6236559139784946,
    0.4943820224719101,
    0.44660194174757284,
    0.35789473684210527,
    0.37623762376237624,
    0.5617977528089888,
    0.35789473684210527,
    0.5619834710743802,
    0.49612403100775193,
    0.6218487394957983,
    0.4426229508196721,
    0.3025210084033613,
    0.4198895027624309,
    0.2318840579710145,
    0.30851063829787234,
    0.2727272727272727
  ],