{
  "accuracy": 0.3834,
  "precision_macro": 0.39102593611462416,
  "recall_macro": 0.3834,
  "f1_macro": 0.3674876529796344,
  "precision_weighted": 0.39102593611462416,
  "recall_weighted": 0.3834,
  "f1_weighted": 0.3674876529796345,
  "per_class_f1": [
    0.6285714285714286,
    0.65,
    0.40425531914893614,
    0.32989690721649484,
    0.275,
    0.09195402298850575,
    0.6181818181818182,
    0.16216216216216217,
    0.576271186440678,
    0.416,
    0.14084507042253522,
    0.47191011235955055,
    0.4520547945205479,
    0.6071428571428571,
    0.5048543689320388,
    0.3291139240506329,
    0.18461538461538463,
    0.4666666666666667,
    0.3516483516483517,
    0.5357142857142857,
    0.46601941747572817,
    0.6373626373626373,
    0.5274725274725275,
    0.6597938144329897,
    0.17204301075268819,
    0.4807692307692308,
    0.4264705882352941,
    0.15384615384615385,
    0.34408602150537637,
    0.0,
    0.19718309859154928,
    0.4195804195804196,
    0.2828282828282828,
    0.23255813953488372,
    0.39669421487603307,
    0.3697478991596639,
    0.7294117647058823,
    0.3561643835616438,
    0.4580152671755725,
    0.275,
    0.20512820512820512,
    0.3076923076923077,
    0.2619047619047619,
    0.45161290322580644,
    0.8148148148148148,
    0.6949152542372882,
    0.4222222222222222,
    0.3697478991596639,
    0.11267605633802817,
    0.12658227848101267,
    0.5165562913907285,
    0.2597402597402597,
    0.5384615384615384,
    0.33613445378151263,
    0.4050632911392405,
    0.38571428571428573,
    0.13043478260869565,
    0.44755244755244755,
    0.5625,
    0.27692307692307694,
    0.3902439024390244,
    0.5,
    0.12698412698412698,
    0.36585365853658536,
    0.13333333333333333,
    0.13836477987421383,
    0.5,
    0.28169014084507044,
    0.3790849673202614,
    0.18333333333333332,
    0.3252032520325203,
    0.6666666666666666,
    0.25287356321839083,
    0.4,
    0.42105263157894735,
    0.3,
    0.20454545454545456,
    0.11594202898550725,
    0.7555555555555555,
    0.22950819672131148,
    0.17142857142857143,
    0.7272727272727273,
    0.3443708609271523,
    0.22988505747126436,
    0.2916666666666667,
    0.33962264150943394,
    0.391304347826087,
    0.3,
    0.0,
    0.379746835443038,
    0.44036697247706424,
    0.47540983606557374,
    0.24691358024691357,
    0.39603960396039606,
    0.35443037974683544,
    0.391304347826087,
    0.21487603305785125,
    0.390625,
    0.4262295081967213,
    0.13953488372093023,
    0.07142857142857142,
    0.49019607843137253,
    0.32989690721649484,
    0.74,
    0.19718309859154928,
    0.2616822429906542,
    0.2077922077922078,
    0.6538461538461539,
    0.631578947368421,
    0.4444444444444444,
    0.25287356321839083,
    0.5904761904761905,
    0.2909090909090909,
    0.2558139534883721,
    0.22988505747126436,
    0.7789473684210526,
    0.37209302325581395,
    0.5098039215686274,
    0.6551724137931034,
    0.1956521739130435,
    0.29906542056074764,
    0.4782608695652174,
    0.0,
    0.18633540372670807,
    0.639344262295082,
    0.1978021978021978,
    0.49557522123893805,
    0.425,
    0.4626865671641791,
    0.45528455284552843,
    0.22784810126582278,
    0.0,
    0.16216216216216217,
    0.5567010309278351,
    0.3404255319148936,
    0.14492753623188406,
    0.2733812949640288,
    0.13559322033898305,
    0.07692307692307693,
    0.10909090909090909,
    0.4318181818181818,
    0.2597402597402597,
    0.3368421052631579,
    0.7358490566037735,
    0.27450980392156865,
    0.7619047619047619,
    0.6341463414634146,
    0.24489795918367346,
    0.28888888888888886,
    0.36893203883495146,
    0.423728813559322,
    0.25806451612903225,
    0.29577464788732394,
    0.4329896907216495,
    0.4,
    0.43373493975903615,
    0.22784810126582278,
    0.2988505747126437,
    0.15789473684210525,
    0.0,
    0.19801980198019803,
    0.2696629213483146,
    0.4946236559139785,
    0.4489795918367347,
    0.4,
    0.6194690265486725,
    0.8269230769230769,
    0.3877551020408163,
    0.0,
    0.34615384615384615,
    0.5918367346938775,
    0.4489795918367347,
    0.10344827586206896,
    0.5945945945945946,
    0.36538461538461536,
    0.0,
    0.5238095238095238,
    0.288,
    0.5794392523364486,
    0.17721518987341772,
    0.23655913978494625,
    0.33613445378151263,
    0.33070866141732286,
    0.4424778761061947,
    0.6185567010309279,
    0.4576271186440678,
    0.52,
    0.475,
    0.2926829268292683,
    0.4666666666666667,
    0.35789473684210527,
    0.5967741935483871,
    0.48214285714285715,
    0.5611510791366906,
    0.44660194174757284,
    0.3492063492063492,
    0.4927536231884058,
    0.2318840579710145,
    0.13215859030837004,
    0.18421052631578946
  ],