{
  "accuracy": 0.3472,
  "precision_macro": 0.393438806151074,
  "recall_macro": 0.3472,
  "f1_macro": 0.34413360147167993,
  "precision_weighted": 0.39343880615107407,
  "recall_weighted": 0.3472,
  "f1_weighted": 0.34413360147167993,
  "per_class_f1": [
    0.5306122448979592,
    0.509090909090909,
    0.3064516129032258,
    0.1388888888888889,
    0.13157894736842105,
    0.05333333333333334,
    0.4883720930232558,
    0.06349206349206349,
    0.5544554455445545,
    0.3103448275862069,
    0.03508771929824561,
    0.3764705882352941,
    0.46938775510204084,
    0.5473684210526316,
    0.4375,
    0.17204301075268819,
    0.2028985507246377,
    0.5098039215686274,
    0.27586206896551724,
    0.45569620253164556,
    0.39215686274509803,
    0.6222222222222222,
    0.5,
    0.3961352657004831,
    0.22448979591836735,
    0.5112781954887218,
    0.449438202247191,
    0.15789473684210525,
    0.3023255813953488,
    0.0967741935483871,
    0.34146341463414637,
    0.40404040404040403,
    0.20689655172413793,
    0.1509433962264151,
    0.3953488372093023,
    0.42735042735042733,
    0.6534653465346535,
    0.3111111111111111,
    0.5370370370370371,
    0.25316455696202533,
    0.14925373134328357,
    0.17142857142857143,
    0.2535211267605634,
    0.35,
    0.7777777777777778,
    0.6909090909090909,
    0.16129032258064516,
    0.5,
    0.03508771929824561,
    0.08695652173913043,
    0.535031847133758,
    0.16393442622950818,
    0.5063291139240507,
    0.379746835443038,
    0.2823529411764706,
    0.2764976958525346,
    0.08121827411167512,
    0.5185185185185185,
    0.7128712871287128,
    0.28169014084507044,
    0.45528455284552843,
    0.5132743362831859,
    0.0625,
    0.3013698630136986,
    0.13333333333333333,
    0.11965811965811966,
    0.39215686274509803,
    0.1694915254237288,
    0.37593984962406013,
    0.07692307692307693,
    0.2682926829268293,
    0.52,
    0.25263157894736843,
    0.40404040404040403,
    0.46153846153846156,
    0.19753086419753085,
    0.2077922077922078,
    0.06451612903225806,
    0.6818181818181818,
    0.14545454545454545,
    0.0,
    0.7102803738317757,
    0.35294117647058826,
    0.2318840579710145,
    0.2391304347826087,
    0.3902439024390244,
    0.30612244897959184,
    0.21428571428571427,
    0.0,
    0.2727272727272727,
    0.3870967741935484,
    0.31007751937984496,
    0.2857142857142857,
    0.3333333333333333,
    0.34782608695652173,
    0.4,
    0.12173913043478261,
    0.288,
    0.4158415841584158,
    0.13953488372093023,
    0.14084507042253522,
    0.5194805194805194,
    0.26666666666666666,
    0.72,
    0.28169014084507044,
    0.1935483870967742,
    0.22535211267605634,
    0.5492957746478874,
    0.5238095238095238,
    0.2823529411764706,
    0.26,
    0.5087719298245614,
    0.3541666666666667,
    0.273972602739726,
    0.3010752688172043,
    0.7450980392156863,
    0.3008849557522124,
    0.44680851063829785,
    0.6,
    0.22641509433962265,
    0.2644628099173554,
    0.45569620253164556,
    0.029411764705882353,
    0.19672131147540983,
    0.6415094339622641,
    0.21686746987951808,
    0.45045045045045046,
    0.3516483516483517,
    0.41379310344827586,
    0.5384615384615384,
    0.225,
    0.0,
    0.14925373134328357,
    0.6050420168067226,
    0.375,
    0.15151515151515152,
    0.2345679012345679,
    0.06666666666666667,
    0.12345679012345678,
    0.06896551724137931,
    0.3472222222222222,
    0.2894736842105263,
    0.3373493975903614,
    0.6446280991735537,
    0.24719101123595505,
    0.7884615384615384,
    0.6238532110091743,
    0.28888888888888886,
    0.19444444444444445,
    0.45161290322580644,
    0.4444444444444444,
    0.2,
    0.2782608695652174,
    0.5528455284552846,
    0.42857142857142855,
    0.3883495145631068,
    0.28205128205128205,
    0.23684210526315788,
    0.26506024096385544,
    0.0,
    0.3188405797101449,
    0.32941176470588235,
    0.47191011235955055,
    0.4444444444444444,
    0.5098039215686274,
    0.627906976744186,
    0.822429906542056,
    0.3291139240506329,
    0.06896551724137931,
    0.35135135135135137,
    0.6233766233766234,
    0.4918032786885246,
    0.07407407407407407,
    0.5747126436781609,
    0.46511627906976744,
    0.0,
    0.5918367346938775,
    0.3486238532110092,
    0.6846846846846847,
    0.18823529411764706,
    0.2222222222222222,
    0.3225806451612903,
    0.33766233766233766,
    0.4473684210526316,
    0.5740740740740741,
    0.5176470588235295,
    0.4,
    0.4235294117647059,
    0.3140495867768595,
    0.46601941747572817,
    0.3409090909090909,
    0.5031446540880503,
    0.5490196078431373,
    0.5538461538461539,
    0.3090909090909091,
    0.25,
    0.55,
    0.12698412698412698,
    0.08092485549132948,
    0.2857142857142857
  ],