{
  "accuracy": 0.4052,
  "precision_macro": 0.4135653623661297,
  "recall_macro": 0.40519999999999995,
  "f1_macro": 0.38725361835928546,
  "precision_weighted": 0.4135653623661297,
  "recall_weighted": 0.4052,
  "f1_weighted": 0.3872536183592854,
  "per_class_f1": [
    0.7047619047619048,
    0.6981132075471698,
    0.4195804195804196,
    0.20512820512820512,
    0.39316239316239315,
    0.19753086419753085,
    0.543859649122807,
    0.1038961038961039,
    0.6017699115044248,
    0.32167832167832167,
    0.16216216216216217,
    0.45544554455445546,
    0.4444444444444444,
    0.6590909090909091,
    0.5679012345679012,
    0.2894736842105263,
    0.208955223880597,
    0.49411764705882355,
    0.33707865168539325,
    0.5504587155963303,
    0.4946236559139785,
    0.6823529411764706,
    0.6153846153846154,
    0.6857142857142857,
    0.27906976744186046,
    0.5137614678899083,
    0.46956521739130436,
    0.208955223880597,
    0.3333333333333333,
    0.08571428571428572,
    0.39215686274509803,
    0.47619047619047616,
    0.09523809523809523,
    0.15730337078651685,
    0.3673469387755102,
    0.37735849056603776,
    0.7010309278350515,
    0.39215686274509803,
    0.44,
    0.3142857142857143,
    0.20689655172413793,
    0.1411764705882353,
    0.3218390804597701,
    0.44,
    0.845360824742268,
    0.7289719626168224,
    0.3564356435643564,
    0.46153846153846156,
    0.08823529411764706,
    0.22727272727272727,
    0.592,
    0.30927835051546393,
    0.5934065934065934,
    0.2857142857142857,
    0.3287671232876712,
    0.45454545454545453,
    0.1016949152542373,
    0.4563758389261745,
    0.6966292134831461,
    0.3582089552238806,
    0.39080459770114945,
    0.4605263157894737,
    0.1891891891891892,
    0.32,
    0.15873015873015872,
    0.17272727272727273,
    0.5252525252525253,
    0.2564102564102564,
    0.43548387096774194,
    0.2803738317757009,
    0.3620689655172414,
    0.6379310344827587,
    0.3023255813953488,
    0.3963963963963964,
    0.38016528925619836,
    0.37142857142857144,
    0.2962962962962963,
    0.0,
    0.7047619047619048,
    0.25806451612903225,
    0.03225806451612903,
    0.6935483870967742,
    0.3728813559322034,
    0.2535211267605634,
    0.24561403508771928,
    0.41304347826086957,
    0.45652173913043476,
    0.37777777777777777,
    0.0,
    0.3300970873786408,
    0.43283582089552236,
    0.36065573770491804,
    0.24691358024691357,
    0.43859649122807015,
    0.3142857142857143,
    0.4146341463414634,
    0.34408602150537637,
    0.39215686274509803,
    0.44755244755244755,
    0.11940298507462686,
    0.2222222222222222,
    0.5434782608695652,
    0.2597402597402597,
    0.7368421052631579,
    0.21686746987951808,
    0.17647058823529413,
    0.2,
    0.6440677966101694,
    0.594059405940594,
    0.5,
    0.27906976744186046,
    0.5245901639344263,
    0.3275862068965517,
    0.3466666666666667,
    0.32098765432098764,
    0.75,
    0.4489795918367347,
    0.5137614678899083,
    0.5891472868217055,
    0.1834862385321101,
    0.2608695652173913,
    0.49523809523809526,
    0.12903225806451613,
    0.23622047244094488,
    0.6363636363636364,
    0.23076923076923078,
    0.5393258426966292,
    0.35714285714285715,
    0.39490445859872614,
    0.5283018867924528,
    0.2978723404255319,
    0.0,
    0.19047619047619047,
    0.6238532110091743,
    0.38095238095238093,
    0.15,
    0.24096385542168675,
    0.10526315789473684,
    0.10638297872340426,
    0.07142857142857142,
    0.36764705882352944,
    0.3037974683544304,
    0.4175824175824176,
    0.7843137254901961,
    0.3106796116504854,
    0.7678571428571429,
    0.68,
    0.2748091603053435,
    0.37735849056603776,
    0.46808510638297873,
    0.43010752688172044,
    0.3466666666666667,
    0.4044943820224719,
    0.5535714285714286,
    0.42105263157894735,
    0.425531914893617,
    0.1791044776119403,
    0.3191489361702128,
    0.21505376344086022,
    0.125,
    0.3008849557522124,
    0.32,
    0.5185185185185185,
    0.4418604651162791,
    0.5309734513274337,
    0.6363636363636364,
    0.7419354838709677,
    0.4074074074074074,
    0.06779661016949153,
    0.3063063063063063,
    0.6526315789473685,
    0.3779527559055118,
    0.16129032258064516,
    0.6666666666666666,
    0.42592592592592593,
    0.10714285714285714,
    0.5769230769230769,
    0.37398373983739835,
    0.5811965811965812,
    0.0898876404494382,
    0.21311475409836064,
    0.225,
    0.3170731707317073,
    0.4897959183673469,
    0.7083333333333334,
    0.4854368932038835,
    0.5084745762711864,
    0.46511627906976744,
    0.42,
    0.6326530612244898,
    0.40707964601769914,
    0.5401459854014599,
    0.4032258064516129,
    0.6115702479338843,
    0.4166666666666667,
    0.2900763358778626,
    0.5578231292517006,
    0.18181818181818182,
    0.432,
    0.3146067415730337
  ],