{
  "accuracy": 0.4183,
  "precision_macro": 0.41245508450356705,
  "recall_macro": 0.4183,
  "f1_macro": 0.3994144888907219,
  "precision_weighted": 0.412455084503567,
  "recall_weighted": 0.4183,
  "f1_weighted": 0.3994144888907219,
  "per_class_f1": [
    0.7079646017699115,
    0.7058823529411765,
    0.425,
    0.22,
    0.3888888888888889,
    0.1836734693877551,
    0.5979381443298969,
    0.14705882352941177,
    0.6605504587155964,
    0.39097744360902253,
    0.2631578947368421,
    0.5050505050505051,
    0.46956521739130436,
    0.64,
    0.4888888888888889,
    0.3561643835616438,
    0.21875,
    0.5614035087719298,
    0.3875968992248062,
    0.42105263157894735,
    0.6285714285714286,
    0.6595744680851063,
    0.5873015873015873,
    0.6851851851851852,
    0.2222222222222222,
    0.47540983606557374,
    0.3893805309734513,
    0.03508771929824561,
    0.38333333333333336,
    0.06451612903225806,
    0.559322033898305,
    0.5048543689320388,
    0.12345679012345678,
    0.23214285714285715,
    0.42424242424242425,
    0.3950617283950617,
    0.6727272727272727,
    0.41237113402061853,
    0.42857142857142855,
    0.3728813559322034,
    0.21686746987951808,
    0.39080459770114945,
    0.39603960396039606,
    0.39080459770114945,
    0.8222222222222222,
    0.6956521739130435,
    0.42857142857142855,
    0.5098039215686274,
    0.23529411764705882,
    0.1590909090909091,
    0.5611510791366906,
    0.2692307692307692,
    0.543859649122807,
    0.42,
    0.4044943820224719,
    0.4025974025974026,
    0.21238938053097345,
    0.5102040816326531,
    0.6554621848739496,
    0.32432432432432434,
    0.4297520661157025,
    0.5283018867924528,
    0.29333333333333333,
    0.35714285714285715,
    0.028985507246376812,
    0.26277372262773724,
    0.5272727272727272,
    0.15625,
    0.39097744360902253,
    0.28888888888888886,
    0.3392857142857143,
    0.6491228070175439,
    0.3333333333333333,
    0.4262295081967213,
    0.496,
    0.25,
    0.3956043956043956,
    0.11428571428571428,
    0.7676767676767676,
    0.3384615384615385,
    0.09230769230769231,
    0.7058823529411765,
    0.375,
    0.2222222222222222,
    0.2803738317757009,
    0.28205128205128205,
    0.4523809523809524,
    0.32967032967032966,
    0.0,
    0.4318181818181818,
    0.4918032786885246,
    0.48695652173913045,
    0.3142857142857143,
    0.37623762376237624,
    0.3469387755102041,
    0.38016528925619836,
    0.2619047619047619,
    0.3333333333333333,
    0.40625,
    0.125,
    0.13513513513513514,
    0.5486725663716814,
    0.25,
    0.7450980392156863,
    0.32432432432432434,
    0.22033898305084745,
    0.17647058823529413,
    0.5546218487394958,
    0.5981308411214953,
    0.4444444444444444,
    0.37168141592920356,
    0.6086956521739131,
    0.2803738317757009,
    0.3764705882352941,
    0.35,
    0.76,
    0.35714285714285715,
    0.45871559633027525,
    0.6363636363636364,
    0.2777777777777778,
    0.28346456692913385,
    0.45544554455445546,
    0.14705882352941177,
    0.1951219512195122,
    0.672,
    0.2826086956521739,
    0.5098039215686274,
    0.35135135135135137,
    0.448,
    0.5652173913043478,
    0.23655913978494625,
    0.0,
    0.18461538461538463,
    0.6371681415929203,
    0.4943820224719101,
    0.0,
    0.25,
    0.273972602739726,
    0.04819277108433735,
    0.09375,
    0.45652173913043476,
    0.2857142857142857,
    0.4158415841584158,
    0.7272727272727273,
    0.37398373983739835,
    0.7226890756302521,
    0.5869565217391305,
    0.24193548387096775,
    0.4,
    0.4117647058823529,
    0.5494505494505495,
    0.2857142857142857,
    0.4578313253012048,
    0.4742268041237113,
    0.4666666666666667,
    0.46601941747572817,
    0.23684210526315788,
    0.42718446601941745,
    0.15384615384615385,
    0.03571428571428571,
    0.2608695652173913,
    0.4175824175824176,
    0.5116279069767442,
    0.42857142857142855,
    0.44776119402985076,
    0.7578947368421053,
    0.7962962962962963,
    0.4166666666666667,
    0.06779661016949153,
    0.3225806451612903,
    0.6538461538461539,
    0.43956043956043955,
    0.21212121212121213,
    0.7070707070707071,
    0.47619047619047616,
    0.0,
    0.6304347826086957,
    0.3442622950819672,
    0.5263157894736842,
    0.1038961038961039,
    0.22727272727272727,
    0.4166666666666667,
    0.31932773109243695,
    0.5098039215686274,
    0.6153846153846154,
    0.5833333333333334,
    0.5656565656565656,
    0.4909090909090909,
    0.39215686274509803,
    0.4878048780487805,
    0.30952380952380953,
    0.628099173553719,
    0.4745762711864407,
    0.6166666666666667,
    0.42962962962962964,
    0.33070866141732286,
    0.56,
    0.2619047619047619,
    0.44755244755244755,
    0.3023255813953488
  ],