{
  "accuracy": 0.4072,
  "precision_macro": 0.4084005732466771,
  "recall_macro": 0.4072,
  "f1_macro": 0.3886066273990349,
  "precision_weighted": 0.40840057324667717,
  "recall_weighted": 0.4072,
  "f1_weighted": 0.38860662739903495,
  "per_class_f1": [
    0.6557377049180327,
    0.6,
    0.416,
    0.2748091603053435,
    0.34615384615384615,
    0.09302325581395349,
    0.625,
    0.19753086419753085,
    0.6,
    0.27972027972027974,
    0.13333333333333333,
    0.5405405405405406,
    0.4755244755244755,
    0.7010309278350515,
    0.47368421052631576,
    0.2247191011235955,
    0.29850746268656714,
    0.5555555555555556,
    0.2727272727272727,
    0.48739495798319327,
    0.5161290322580645,
    0.6666666666666666,
    0.6060606060606061,
    0.7115384615384616,
    0.18181818181818182,
    0.509090909090909,
    0.41935483870967744,
    0.06451612903225806,
    0.36065573770491804,
    0.09090909090909091,
    0.3434343434343434,
    0.5052631578947369,
    0.2831858407079646,
    0.1686746987951807,
    0.4838709677419355,
    0.421875,
    0.6153846153846154,
    0.3404255319148936,
    0.4409448818897638,
    0.36666666666666664,
    0.18421052631578946,
    0.30952380952380953,
    0.2765957446808511,
    0.46,
    0.8125,
    0.6511627906976745,
    0.36893203883495146,
    0.47058823529411764,
    0.03333333333333333,
    0.21621621621621623,
    0.6326530612244898,
    0.3333333333333333,
    0.6464646464646465,
    0.41379310344827586,
    0.3488372093023256,
    0.4583333333333333,
    0.14953271028037382,
    0.5,
    0.6785714285714286,
    0.4050632911392405,
    0.4305555555555556,
    0.5486725663716814,
    0.2247191011235955,
    0.32608695652173914,
    0.08450704225352113,
    0.1935483870967742,
    0.5274725274725275,
    0.26666666666666666,
    0.417910447761194,
    0.28846153846153844,
    0.2727272727272727,
    0.6371681415929203,
    0.32558139534883723,
    0.42857142857142855,
    0.421875,
    0.3380281690140845,
    0.275,
    0.0,
    0.7128712871287128,
    0.2222222222222222,
    0.14814814814814814,
    0.6991869918699187,
    0.3283582089552239,
    0.24096385542168675,
    0.29411764705882354,
    0.30434782608695654,
    0.48484848484848486,
    0.31932773109243695,
    0.03636363636363636,
    0.42201834862385323,
    0.45045045045045046,
    0.47706422018348627,
    0.24096385542168675,
    0.411214953271028,
    0.43636363636363634,
    0.36,
    0.47191011235955055,
    0.3246753246753247,
    0.5346534653465347,
    0.13333333333333333,
    0.11940298507462686,
    0.58,
    0.3333333333333333,
    0.6851851851851852,
    0.16393442622950818,
    0.3838383838383838,
    0.21428571428571427,
    0.5333333333333333,
    0.6041666666666666,
    0.45544554455445546,
    0.3617021276595745,
    0.5692307692307692,
    0.30303030303030304,
    0.3561643835616438,
    0.3018867924528302,
    0.7378640776699029,
    0.42105263157894735,
    0.34615384615384615,
    0.628099173553719,
    0.3007518796992481,
    0.2962962962962963,
    0.5,
    0.13157894736842105,
    0.18032786885245902,
    0.717948717948718,
    0.23076923076923078,
    0.40425531914893614,
    0.3055555555555556,
    0.4642857142857143,
    0.5714285714285714,
    0.1917808219178082,
    0.0,
    0.08955223880597014,
    0.6915887850467289,
    0.4036697247706422,
    0.18181818181818182,
    0.2517482517482518,
    0.15625,
    0.18947368421052632,
    0.14925373134328357,
    0.42,
    0.2608695652173913,
    0.4523809523809524,
    0.6782608695652174,
    0.336283185840708,
    0.7090909090909091,
    0.6391752577319587,
    0.2222222222222222,
    0.39215686274509803,
    0.4948453608247423,
    0.47619047619047616,
    0.23880597014925373,
    0.4631578947368421,
    0.375,
    0.4835164835164835,
    0.38461538461538464,
    0.21428571428571427,
    0.32142857142857145,
    0.18421052631578946,
    0.03571428571428571,
    0.32075471698113206,
    0.3404255319148936,
    0.47058823529411764,
    0.41379310344827586,
    0.46551724137931033,
    0.7735849056603774,
    0.7692307692307693,
    0.42696629213483145,
    0.0967741935483871,
    0.24444444444444444,
    0.6444444444444445,
    0.3709677419354839,
    0.18181818181818182,
    0.6526315789473685,
    0.32323232323232326,
    0.0392156862745098,
    0.6666666666666666,
    0.2900763358778626,
    0.5950413223140496,
    0.09836065573770492,
    0.2553191489361702,
    0.30952380952380953,
    0.3023255813953488,
    0.5217391304347826,
    0.5210084033613446,
    0.5747126436781609,
    0.5176470588235295,
    0.47368421052631576,
    0.32075471698113206,
    0.5137614678899083,
    0.30434782608695654,
    0.576,
    0.4258064516129032,
    0.6724137931034483,
    0.4375,
    0.3458646616541353,
    0.5343511450381679,
    0.1917808219178082,
    0.4028776978417266,
    0.28865979381443296
  ],