{
  "accuracy": 0.4027,
  "precision_macro": 0.4089552121011411,
  "recall_macro": 0.40269999999999995,
  "f1_macro": 0.38375761340574427,
  "precision_weighted": 0.4089552121011411,
  "recall_weighted": 0.4027,
  "f1_weighted": 0.38375761340574427,
  "per_class_f1": [
    0.7068965517241379,
    0.6785714285714286,
    0.3302752293577982,
    0.3064516129032258,
    0.35772357723577236,
    0.075,
    0.5473684210526316,
    0.136986301369863,
    0.651685393258427,
    0.3118279569892473,
    0.12307692307692308,
    0.5048543689320388,
    0.45925925925925926,
    0.6601941747572816,
    0.5494505494505495,
    0.3,
    0.2191780821917808,
    0.48333333333333334,
    0.31932773109243695,
    0.5148514851485149,
    0.5494505494505495,
    0.627906976744186,
    0.6206896551724138,
    0.7663551401869159,
    0.11428571428571428,
    0.4093567251461988,
    0.40298507462686567,
    0.03076923076923077,
    0.34285714285714286,
    0.08955223880597014,
    0.40384615384615385,
    0.4576271186440678,
    0.06349206349206349,
    0.1791044776119403,
    0.3669724770642202,
    0.4,
    0.6071428571428571,
    0.3300970873786408,
    0.40789473684210525,
    0.30612244897959184,
    0.18823529411764706,
    0.3130434782608696,
    0.3392857142857143,
    0.4423076923076923,
    0.82,
    0.6551724137931034,
    0.3728813559322034,
    0.36496350364963503,
    0.08695652173913043,
    0.1518987341772152,
    0.5901639344262295,
    0.2803738317757009,
    0.6262626262626263,
    0.39622641509433965,
    0.4266666666666667,
    0.4307692307692308,
    0.21978021978021978,
    0.5420560747663551,
    0.72,
    0.2564102564102564,
    0.4881889763779528,
    0.46153846153846156,
    0.11594202898550725,
    0.30303030303030304,
    0.08571428571428572,
    0.16,
    0.47058823529411764,
    0.32432432432432434,
    0.41739130434782606,
    0.17475728155339806,
    0.3064516129032258,
    0.5891472868217055,
    0.26804123711340205,
    0.3883495145631068,
    0.45871559633027525,
    0.23880597014925373,
    0.20512820512820512,
    0.0967741935483871,
    0.7142857142857143,
    0.23880597014925373,
    0.09230769230769231,
    0.7350427350427351,
    0.38571428571428573,
    0.15730337078651685,
    0.3076923076923077,
    0.34,
    0.5057471264367817,
    0.32941176470588235,
    0.038461538461538464,
    0.3877551020408163,
    0.4230769230769231,
    0.42424242424242425,
    0.3380281690140845,
    0.3287671232876712,
    0.3333333333333333,
    0.3619047619047619,
    0.3925233644859813,
    0.37398373983739835,
    0.4460431654676259,
    0.16901408450704225,
    0.11594202898550725,
    0.574468085106383,
    0.3058823529411765,
    0.75,
    0.2972972972972973,
    0.2465753424657534,
    0.16666666666666666,
    0.5454545454545454,
    0.631578947368421,
    0.38095238095238093,
    0.28169014084507044,
    0.5925925925925926,
    0.3119266055045872,
    0.37209302325581395,
    0.2894736842105263,
    0.717948717948718,
    0.3684210526315789,
    0.4791666666666667,
    0.6451612903225806,
    0.225,
    0.3130434782608696,
    0.5054945054945055,
    0.10526315789473684,
    0.15286624203821655,
    0.6666666666666666,
    0.17073170731707318,
    0.43243243243243246,
    0.4,
    0.46551724137931033,
    0.464,
    0.208955223880597,
    0.0,
    0.06896551724137931,
    0.616822429906542,
    0.38961038961038963,
    0.09523809523809523,
    0.32075471698113206,
    0.15873015873015872,
    0.12244897959183673,
    0.15151515151515152,
    0.4782608695652174,
    0.35443037974683544,
    0.38095238095238093,
    0.74,
    0.37735849056603776,
    0.7719298245614035,
    0.6391752577319587,
    0.2275449101796407,
    0.37777777777777777,
    0.3855421686746988,
    0.5046728971962616,
    0.22580645161290322,
    0.3218390804597701,
    0.4369747899159664,
    0.4827586206896552,
    0.4175824175824176,
    0.2222222222222222,
    0.40476190476190477,
    0.3157894736842105,
    0.1875,
    0.25742574257425743,
    0.3469387755102041,
    0.4943820224719101,
    0.42857142857142855,
    0.5084745762711864,
    0.672566371681416,
    0.7722772277227723,
    0.42718446601941745,
    0.0,
    0.34,
    0.6326530612244898,
    0.5217391304347826,
    0.08955223880597014,
    0.6170212765957447,
    0.45977011494252873,
    0.07547169811320754,
    0.5476190476190477,
    0.3918918918918919,
    0.6260869565217392,
    0.16216216216216217,
    0.2,
    0.425531914893617,
    0.32075471698113206,
    0.4772727272727273,
    0.584070796460177,
    0.5054945054945055,
    0.5,
    0.48936170212765956,
    0.44036697247706424,
    0.5217391304347826,
    0.3888888888888889,
    0.5314685314685315,
    0.5272727272727272,
    0.6842105263157895,
    0.4057971014492754,
    0.36,
    0.5068493150684932,
    0.15873015873015872,
    0.40540540540540543,
    0.2736842105263158
  ],