{
  "accuracy": 0.4229,
  "precision_macro": 0.42777420097094276,
  "recall_macro": 0.4229,
  "f1_macro": 0.40700311194379524,
  "precision_weighted": 0.4277742009709428,
  "recall_weighted": 0.4229,
  "f1_weighted": 0.4070031119437953,
  "per_class_f1": [
    0.6324786324786325,
    0.7578947368421053,
    0.4424778761061947,
    0.2857142857142857,
    0.4380952380952381,
    0.12987012987012986,
    0.6274509803921569,
    0.175,
    0.5925925925925926,
    0.2923076923076923,
    0.25,
    0.5274725274725275,
    0.5263157894736842,
    0.6521739130434783,
    0.5523809523809524,
    0.2857142857142857,
    0.18181818181818182,
    0.5436893203883495,
    0.33663366336633666,
    0.5471698113207547,
    0.45652173913043476,
    0.6262626262626263,
    0.5901639344262295,
    0.7304347826086957,
    0.23008849557522124,
    0.5151515151515151,
    0.410958904109589,
    0.09090909090909091,
    0.37398373983739835,
    0.09090909090909091,
    0.3958333333333333,
    0.42857142857142855,
    0.24691358024691357,
    0.15053763440860216,
    0.49572649572649574,
    0.40993788819875776,
    0.6415094339622641,
    0.43564356435643564,
    0.46153846153846156,
    0.14285714285714285,
    0.136986301369863,
    0.36538461538461536,
    0.4077669902912621,
    0.43478260869565216,
    0.8484848484848485,
    0.6481481481481481,
    0.39705882352941174,
    0.3793103448275862,
    0.12903225806451613,
    0.20512820512820512,
    0.576271186440678,
    0.21428571428571427,
    0.5833333333333334,
    0.4339622641509434,
    0.5098039215686274,
    0.4566929133858268,
    0.2037037037037037,
    0.5818181818181818,
    0.6260869565217392,
    0.3561643835616438,
    0.5045045045045045,
    0.4782608695652174,
    0.27848101265822783,
    0.32608695652173914,
    0.1791044776119403,
    0.23668639053254437,
    0.5794392523364486,
    0.28205128205128205,
    0.36363636363636365,
    0.2653061224489796,
    0.4,
    0.6379310344827587,
    0.26506024096385544,
    0.425531914893617,
    0.4077669902912621,
    0.3076923076923077,
    0.3076923076923077,
    0.0975609756097561,
    0.6608695652173913,
    0.34375,
    0.15384615384615385,
    0.75,
    0.3724137931034483,
    0.3125,
    0.32989690721649484,
    0.35,
    0.48936170212765956,
    0.32,
    0.07272727272727272,
    0.4230769230769231,
    0.42857142857142855,
    0.40559440559440557,
    0.2608695652173913,
    0.4172661870503597,
    0.367816091954023,
    0.42718446601941745,
    0.38,
    0.3380281690140845,
    0.47863247863247865,
    0.13513513513513514,
    0.2,
    0.6138613861386139,
    0.32098765432098764,
    0.7083333333333334,
    0.2727272727272727,
    0.3103448275862069,
    0.2,
    0.5901639344262295,
    0.6476190476190476,
    0.4578313253012048,
    0.35714285714285715,
    0.484375,
    0.29906542056074764,
    0.3835616438356164,
    0.3333333333333333,
    0.7766990291262136,
    0.4470588235294118,
    0.5217391304347826,
    0.6545454545454545,
    0.3684210526315789,
    0.37383177570093457,
    0.47619047619047616,
    0.12121212121212122,
    0.1391304347826087,
    0.6956521739130435,
    0.20253164556962025,
    0.43564356435643564,
    0.37037037037037035,
    0.40875912408759124,
    0.6,
    0.23809523809523808,
    0.0,
    0.14705882352941177,
    0.6972477064220184,
    0.39215686274509803,
    0.136986301369863,
    0.2702702702702703,
    0.24242424242424243,
    0.13559322033898305,
    0.11940298507462686,
    0.44680851063829785,
    0.3333333333333333,
    0.5263157894736842,
    0.7307692307692307,
    0.3838383838383838,
    0.7920792079207921,
    0.6415094339622641,
    0.2803738317757009,
    0.38181818181818183,
    0.45045045045045046,
    0.48,
    0.4117647058823529,
    0.5176470588235295,
    0.5319148936170213,
    0.5393258426966292,
    0.38461538461538464,
    0.1875,
    0.46,
    0.25,
    0.06557377049180328,
    0.4,
    0.3893805309734513,
    0.5060240963855421,
    0.4,
    0.4628099173553719,
    0.7169811320754716,
    0.7288135593220338,
    0.45454545454545453,
    0.03076923076923077,
    0.31683168316831684,
    0.7058823529411765,
    0.4489795918367347,
    0.10344827586206896,
    0.7252747252747253,
    0.45714285714285713,
    0.10526315789473684,
    0.5416666666666666,
    0.33783783783783783,
    0.5862068965517241,
    0.22784810126582278,
    0.2318840579710145,
    0.4235294117647059,
    0.17721518987341772,
    0.48936170212765956,
    0.5217391304347826,
    0.5822784810126582,
    0.5494505494505495,
    0.5192307692307693,
    0.34782608695652173,
    0.5688073394495413,
    0.3880597014925373,
    0.6153846153846154,
    0.4142857142857143,
    0.6792452830188679,
    0.5087719298245614,
    0.4132231404958678,
    0.5103448275862069,
    0.2857142857142857,
    0.5263157894736842,
    0.3
  ],