{
  "accuracy": 0.3633,
  "precision_macro": 0.3793133709547065,
  "recall_macro": 0.36329999999999996,
  "f1_macro": 0.34425476574971936,
  "precision_weighted": 0.37931337095470646,
  "recall_weighted": 0.3633,
  "f1_weighted": 0.34425476574971936,
  "per_class_f1": [
    0.6037735849056604,
    0.7289719626168224,
    0.4074074074074074,
    0.32653061224489793,
    0.3076923076923077,
    0.13333333333333333,
    0.4909090909090909,
    0.1891891891891892,
    0.58,
    0.3087248322147651,
    0.1016949152542373,
    0.3958333333333333,
    0.42953020134228187,
    0.4262295081967213,
    0.38202247191011235,
    0.22580645161290322,
    0.1016949152542373,
    0.44036697247706424,
    0.22784810126582278,
    0.4909090909090909,
    0.45161290322580644,
    0.5567010309278351,
    0.5420560747663551,
    0.6111111111111112,
    0.05660377358490566,
    0.4028776978417266,
    0.4172661870503597,
    0.075,
    0.2822085889570552,
    0.03278688524590164,
    0.42016806722689076,
    0.40963855421686746,
    0.11428571428571428,
    0.13513513513513514,
    0.43243243243243246,
    0.4460431654676259,
    0.6593406593406593,
    0.2682926829268293,
    0.41025641025641024,
    0.21212121212121213,
    0.14084507042253522,
    0.3013698630136986,
    0.3010752688172043,
    0.36363636363636365,
    0.7777777777777778,
    0.5882352941176471,
    0.38202247191011235,
    0.46,
    0.14925373134328357,
    0.1568627450980392,
    0.5087719298245614,
    0.2553191489361702,
    0.5,
    0.31932773109243695,
    0.20689655172413793,
    0.3684210526315789,
    0.14906832298136646,
    0.41830065359477125,
    0.7647058823529411,
    0.16129032258064516,
    0.4125,
    0.4657534246575342,
    0.18461538461538463,
    0.3132530120481928,
    0.19718309859154928,
    0.2028985507246377,
    0.5294117647058824,
    0.1694915254237288,
    0.33557046979865773,
    0.19469026548672566,
    0.12307692307692308,
    0.62,
    0.20512820512820512,
    0.4421052631578947,
    0.36893203883495146,
    0.3023255813953488,
    0.37623762376237624,
    0.11235955056179775,
    0.7474747474747475,
    0.14285714285714285,
    0.1,
    0.6229508196721312,
    0.3597122302158273,
    0.20253164556962025,
    0.18947368421052632,
    0.32967032967032966,
    0.4090909090909091,
    0.34408602150537637,
    0.0,
    0.32967032967032966,
    0.3783783783783784,
    0.1396508728179551,
    0.23684210526315788,
    0.41935483870967744,
    0.43137254901960786,
    0.3119266055045872,
    0.19718309859154928,
    0.41904761904761906,
    0.4482758620689655,
    0.0967741935483871,
    0.06349206349206349,
    0.5168539325842697,
    0.2222222222222222,
    0.7472527472527473,
    0.2535211267605634,
    0.2647058823529412,
    0.14457831325301204,
    0.5289256198347108,
    0.6481481481481481,
    0.38636363636363635,
    0.23684210526315788,
    0.4927536231884058,
    0.2903225806451613,
    0.2716049382716049,
    0.2716049382716049,
    0.7391304347826086,
    0.3,
    0.3508771929824561,
    0.5757575757575758,
    0.2,
    0.2695035460992908,
    0.5217391304347826,
    0.058823529411764705,
    0.17475728155339806,
    0.5567010309278351,
    0.0821917808219178,
    0.4716981132075472,
    0.36363636363636365,
    0.3855421686746988,
    0.5087719298245614,
    0.2222222222222222,
    0.0,
    0.07017543859649122,
    0.5409836065573771,
    0.3434343434343434,
    0.06779661016949153,
    0.22818791946308725,
    0.03225806451612903,
    0.15384615384615385,
    0.06896551724137931,
    0.3937007874015748,
    0.3050847457627119,
    0.3333333333333333,
    0.6909090909090909,
    0.24719101123595505,
    0.8118811881188119,
    0.6595744680851063,
    0.2826086956521739,
    0.22727272727272727,
    0.5217391304347826,
    0.4339622641509434,
    0.2153846153846154,
    0.4536082474226804,
    0.24242424242424243,
    0.4166666666666667,
    0.3013698630136986,
    0.16129032258064516,
    0.29213483146067415,
    0.16666666666666666,
    0.037037037037037035,
    0.29213483146067415,
    0.3111111111111111,
    0.449438202247191,
    0.2857142857142857,
    0.40384615384615385,
    0.6666666666666666,
    0.822429906542056,
    0.4716981132075472,
    0.03508771929824561,
    0.3010752688172043,
    0.6382978723404256,
    0.34408602150537637,
    0.12121212121212122,
    0.5853658536585366,
    0.38202247191011235,
    0.0,
    0.6346153846153846,
    0.2882882882882883,
    0.6296296296296297,
    0.13157894736842105,
    0.21568627450980393,
    0.2972972972972973,
    0.32,
    0.4842105263157895,
    0.5818181818181818,
    0.4631578947368421,
    0.45454545454545453,
    0.43956043956043955,
    0.23076923076923078,
    0.42276422764227645,
    0.2736842105263158,
    0.5571428571428572,
    0.3851851851851852,
    0.6285714285714286,
    0.3063063063063063,
    0.25806451612903225,
    0.49101796407185627,
    0.10810810810810811,
    0.19310344827586207,
    0.20618556701030927
  ],