{
  "accuracy": 0.4311,
  "precision_macro": 0.4404742326460776,
  "recall_macro": 0.4311,
  "f1_macro": 0.41442509397907396,
  "precision_weighted": 0.4404742326460775,
  "recall_weighted": 0.4311,
  "f1_weighted": 0.41442509397907396,
  "per_class_f1": [
    0.6862745098039216,
    0.7254901960784313,
    0.4393939393939394,
    0.28,
    0.43037974683544306,
    0.15217391304347827,
    0.5142857142857142,
    0.27586206896551724,
    0.6595744680851063,
    0.2972972972972973,
    0.23529411764705882,
    0.5656565656565656,
    0.6526315789473685,
    0.7083333333333334,
    0.5581395348837209,
    0.3488372093023256,
    0.2153846153846154,
    0.5494505494505495,
    0.33766233766233766,
    0.5376344086021505,
    0.5,
    0.6804123711340206,
    0.6434782608695652,
    0.7522935779816514,
    0.13861386138613863,
    0.46616541353383456,
    0.4444444444444444,
    0.13793103448275862,
    0.36893203883495146,
    0.15151515151515152,
    0.3783783783783784,
    0.46875,
    0.136986301369863,
    0.1978021978021978,
    0.49079754601226994,
    0.4657534246575342,
    0.6391752577319587,
    0.34146341463414637,
    0.45528455284552843,
    0.42,
    0.15584415584415584,
    0.3247863247863248,
    0.35443037974683544,
    0.574468085106383,
    0.8775510204081632,
    0.7079646017699115,
    0.4444444444444444,
    0.39316239316239315,
    0.15151515151515152,
    0.2553191489361702,
    0.6290322580645161,
    0.3058823529411765,
    0.591304347826087,
    0.3392857142857143,
    0.29411764705882354,
    0.48148148148148145,
    0.2692307692307692,
    0.5454545454545454,
    0.6875,
    0.3888888888888889,
    0.4748201438848921,
    0.5245901639344263,
    0.2857142857142857,
    0.37623762376237624,
    0.2465753424657534,
    0.304,
    0.5225225225225225,
    0.18181818181818182,
    0.37735849056603776,
    0.3333333333333333,
    0.35,
    0.624,
    0.28888888888888886,
    0.37681159420289856,
    0.5043478260869565,
    0.2857142857142857,
    0.28888888888888886,
    0.03333333333333333,
    0.7238095238095238,
    0.25396825396825395,
    0.19444444444444445,
    0.7339449541284404,
    0.4094488188976378,
    0.3170731707317073,
    0.29310344827586204,
    0.2777777777777778,
    0.47058823529411764,
    0.3333333333333333,
    0.1016949152542373,
    0.45161290322580644,
    0.4122137404580153,
    0.45,
    0.30985915492957744,
    0.38333333333333336,
    0.3132530120481928,
    0.32075471698113206,
    0.4132231404958678,
    0.3404255319148936,
    0.5254237288135594,
    0.19444444444444445,
    0.20454545454545456,
    0.631578947368421,
    0.3,
    0.7037037037037037,
    0.24615384615384617,
    0.336283185840708,
    0.17721518987341772,
    0.6379310344827587,
    0.673469387755102,
    0.4634146341463415,
    0.297029702970297,
    0.5378151260504201,
    0.33070866141732286,
    0.43478260869565216,
    0.2962962962962963,
    0.7722772277227723,
    0.4864864864864865,
    0.5,
    0.6851851851851852,
    0.3333333333333333,
    0.35714285714285715,
    0.5607476635514018,
    0.1388888888888889,
    0.1927710843373494,
    0.6875,
    0.2716049382716049,
    0.5,
    0.3950617283950617,
    0.40540540540540543,
    0.5686274509803921,
    0.24691358024691357,
    0.0,
    0.16666666666666666,
    0.7021276595744681,
    0.46153846153846156,
    0.07017543859649122,
    0.23036649214659685,
    0.2727272727272727,
    0.16470588235294117,
    0.09375,
    0.42016806722689076,
    0.3835616438356164,
    0.4418604651162791,
    0.6722689075630253,
    0.3695652173913043,
    0.7350427350427351,
    0.68,
    0.27941176470588236,
    0.3950617283950617,
    0.4,
    0.5555555555555556,
    0.25,
    0.4782608695652174,
    0.48484848484848486,
    0.4897959183673469,
    0.4946236559139785,
    0.2857142857142857,
    0.367816091954023,
    0.25,
    0.1016949152542373,
    0.3902439024390244,
    0.30952380952380953,
    0.4722222222222222,
    0.4146341463414634,
    0.46601941747572817,
    0.7169811320754716,
    0.8737864077669902,
    0.44660194174757284,
    0.16666666666666666,
    0.4158415841584158,
    0.6391752577319587,
    0.39436619718309857,
    0.09090909090909091,
    0.6595744680851063,
    0.39669421487603307,
    0.03636363636363636,
    0.6407766990291263,
    0.3287671232876712,
    0.6875,
    0.13043478260869565,
    0.21359223300970873,
    0.4222222222222222,
    0.38636363636363635,
    0.5531914893617021,
    0.6391752577319587,
    0.5,
    0.5050505050505051,
    0.5333333333333333,
    0.4,
    0.5858585858585859,
    0.325,
    0.5714285714285714,
    0.5185185185185185,
    0.6964285714285714,
    0.5,
    0.375,
    0.5294117647058824,
    0.30612244897959184,
    0.5210084033613446,
    0.23376623376623376
  ],