{
  "accuracy": 0.3854,
  "precision_macro": 0.3978536142904297,
  "recall_macro": 0.38539999999999996,
  "f1_macro": 0.3678397579846206,
  "precision_weighted": 0.39785361429042976,
  "recall_weighted": 0.3854,
  "f1_weighted": 0.3678397579846206,
  "per_class_f1": [
    0.6981132075471698,
    0.6732673267326733,
    0.336283185840708,
    0.19047619047619047,
    0.3584905660377358,
    0.08108108108108109,
    0.5981308411214953,
    0.16666666666666666,
    0.5523809523809524,
    0.267515923566879,
    0.11764705882352941,
    0.5116279069767442,
    0.4563758389261745,
    0.6019417475728155,
    0.5,
    0.09836065573770492,
    0.15625,
    0.432,
    0.3076923076923077,
    0.41739130434782606,
    0.453781512605042,
    0.6236559139784946,
    0.5822784810126582,
    0.6595744680851063,
    0.11904761904761904,
    0.4370860927152318,
    0.49504950495049505,
    0.08571428571428572,
    0.2875816993464052,
    0.05970149253731343,
    0.4036697247706422,
    0.4634146341463415,
    0.16901408450704225,
    0.2077922077922078,
    0.4158415841584158,
    0.4142857142857143,
    0.6078431372549019,
    0.25316455696202533,
    0.44274809160305345,
    0.3409090909090909,
    0.16129032258064516,
    0.1643835616438356,
    0.3364485981308411,
    0.4827586206896552,
    0.7916666666666666,
    0.5850340136054422,
    0.35789473684210527,
    0.4583333333333333,
    0.07142857142857142,
    0.18181818181818182,
    0.49696969696969695,
    0.26506024096385544,
    0.56,
    0.29411764705882354,
    0.375,
    0.26373626373626374,
    0.17582417582417584,
    0.4628099173553719,
    0.6808510638297872,
    0.34408602150537637,
    0.4406779661016949,
    0.43859649122807015,
    0.23636363636363636,
    0.32,
    0.17647058823529413,
    0.1935483870967742,
    0.5384615384615384,
    0.20588235294117646,
    0.3586206896551724,
    0.21978021978021978,
    0.3047619047619048,
    0.6440677966101694,
    0.16091954022988506,
    0.38202247191011235,
    0.4672897196261682,
    0.15625,
    0.24175824175824176,
    0.05970149253731343,
    0.7346938775510204,
    0.16666666666666666,
    0.08450704225352113,
    0.7722772277227723,
    0.36231884057971014,
    0.11940298507462686,
    0.1728395061728395,
    0.3418803418803419,
    0.4691358024691358,
    0.35,
    0.0,
    0.4,
    0.38596491228070173,
    0.460431654676259,
    0.3888888888888889,
    0.42857142857142855,
    0.3013698630136986,
    0.3157894736842105,
    0.34146341463414637,
    0.36538461538461536,
    0.4628099173553719,
    0.16393442622950818,
    0.12903225806451613,
    0.5066666666666667,
    0.19718309859154928,
    0.7766990291262136,
    0.2898550724637681,
    0.234375,
    0.2268041237113402,
    0.5423728813559322,
    0.6326530612244898,
    0.4444444444444444,
    0.16901408450704225,
    0.46715328467153283,
    0.2838709677419355,
    0.39473684210526316,
    0.3177570093457944,
    0.8,
    0.4375,
    0.41025641025641024,
    0.5405405405405406,
    0.2696629213483146,
    0.2616822429906542,
    0.4367816091954023,
    0.056338028169014086,
    0.1896551724137931,
    0.6486486486486487,
    0.1839080459770115,
    0.39097744360902253,
    0.3902439024390244,
    0.3945578231292517,
    0.5178571428571429,
    0.19753086419753085,
    0.0,
    0.15584415584415584,
    0.6181818181818182,
    0.3617021276595745,
    0.17391304347826086,
    0.21138211382113822,
    0.2033898305084746,
    0.12903225806451613,
    0.06779661016949153,
    0.49019607843137253,
    0.30303030303030304,
    0.38016528925619836,
    0.6074074074074074,
    0.2222222222222222,
    0.7735849056603774,
    0.6597938144329897,
    0.20202020202020202,
    0.2988505747126437,
    0.4329896907216495,
    0.5208333333333334,
    0.3142857142857143,
    0.23129251700680273,
    0.6055045871559633,
    0.4594594594594595,
    0.45161290322580644,
    0.2,
    0.36363636363636365,
    0.2988505747126437,
    0.0,
    0.2,
    0.37894736842105264,
    0.49572649572649574,
    0.34285714285714286,
    0.4727272727272727,
    0.74,
    0.7777777777777778,
    0.42857142857142855,
    0.0392156862745098,
    0.2616822429906542,
    0.5660377358490566,
    0.49504950495049505,
    0.037037037037037035,
    0.6947368421052632,
    0.379746835443038,
    0.0,
    0.574468085106383,
    0.35555555555555557,
    0.5205479452054794,
    0.2222222222222222,
    0.22448979591836735,
    0.4158415841584158,
    0.40404040404040403,
    0.48,
    0.6138613861386139,
    0.5148514851485149,
    0.46464646464646464,
    0.4791666666666667,
    0.3058823529411765,
    0.5217391304347826,
    0.42857142857142855,
    0.5594405594405595,
    0.5904761904761905,
    0.6782608695652174,
    0.3218390804597701,
    0.34545454545454546,
    0.5692307692307692,
    0.18518518518518517,
    0.15476190476190477,
    0.16470588235294117
  ],