{
  "accuracy": 0.4278,
  "precision_macro": 0.4265648017800613,
  "recall_macro": 0.4278,
  "f1_macro": 0.4091578909857154,
  "precision_weighted": 0.42656480178006134,
  "recall_weighted": 0.4278,
  "f1_weighted": 0.4091578909857154,
  "per_class_f1": [
    0.6776859504132231,
    0.6610169491525424,
    0.43564356435643564,
    0.3225806451612903,
    0.43859649122807015,
    0.08571428571428572,
    0.5614035087719298,
    0.23255813953488372,
    0.5925925925925926,
    0.33112582781456956,
    0.19444444444444445,
    0.4772727272727273,
    0.5471698113207547,
    0.6666666666666666,
    0.5185185185185185,
    0.36585365853658536,
    0.14925373134328357,
    0.5904761904761905,
    0.3111111111111111,
    0.544,
    0.5714285714285714,
    0.6526315789473685,
    0.6407766990291263,
    0.6915887850467289,
    0.2616822429906542,
    0.5234899328859061,
    0.528,
    0.03076923076923077,
    0.375,
    0.08108108108108109,
    0.26373626373626374,
    0.4583333333333333,
    0.25,
    0.046511627906976744,
    0.4583333333333333,
    0.43243243243243246,
    0.6857142857142857,
    0.43564356435643564,
    0.4666666666666667,
    0.411214953271028,
    0.18461538461538463,
    0.2857142857142857,
    0.2727272727272727,
    0.4576271186440678,
    0.8910891089108911,
    0.6504065040650406,
    0.3764705882352941,
    0.5555555555555556,
    0.12121212121212122,
    0.20930232558139536,
    0.5454545454545454,
    0.3380281690140845,
    0.5904761904761905,
    0.32608695652173914,
    0.45977011494252873,
    0.49624060150375937,
    0.25,
    0.5423728813559322,
    0.7083333333333334,
    0.410958904109589,
    0.4626865671641791,
    0.5178571428571429,
    0.24242424242424243,
    0.3333333333333333,
    0.15151515151515152,
    0.22857142857142856,
    0.5647058823529412,
    0.34782608695652173,
    0.33962264150943394,
    0.2988505747126437,
    0.32142857142857145,
    0.6386554621848739,
    0.3373493975903614,
    0.46938775510204084,
    0.5242718446601942,
    0.2631578947368421,
    0.2891566265060241,
    0.08,
    0.7027027027027027,
    0.3013698630136986,
    0.06060606060606061,
    0.7407407407407407,
    0.358974358974359,
    0.2653061224489796,
    0.26,
    0.36,
    0.39473684210526316,
    0.44680851063829785,
    0.07142857142857142,
    0.39215686274509803,
    0.432,
    0.4462809917355372,
    0.34146341463414637,
    0.4067796610169492,
    0.2318840579710145,
    0.37735849056603776,
    0.3673469387755102,
    0.4297520661157025,
    0.4603174603174603,
    0.12307692307692308,
    0.12903225806451613,
    0.5274725274725275,
    0.3333333333333333,
    0.6724137931034483,
    0.42105263157894735,
    0.2953020134228188,
    0.17073170731707318,
    0.5648854961832062,
    0.6607142857142857,
    0.46938775510204084,
    0.32989690721649484,
    0.5263157894736842,
    0.336,
    0.4146341463414634,
    0.32967032967032966,
    0.7474747474747475,
    0.3855421686746988,
    0.5132743362831859,
    0.608,
    0.2653061224489796,
    0.35658914728682173,
    0.47058823529411764,
    0.0967741935483871,
    0.1864406779661017,
    0.6890756302521008,
    0.24299065420560748,
    0.4807692307692308,
    0.43037974683544306,
    0.4715447154471545,
    0.6,
    0.3157894736842105,
    0.0,
    0.2077922077922078,
    0.5901639344262295,
    0.45652173913043476,
    0.12121212121212122,
    0.27586206896551724,
    0.2571428571428571,
    0.13559322033898305,
    0.18181818181818182,
    0.39603960396039606,
    0.36619718309859156,
    0.43137254901960786,
    0.7843137254901961,
    0.36363636363636365,
    0.7916666666666666,
    0.6728971962616822,
    0.2857142857142857,
    0.37254901960784315,
    0.4166666666666667,
    0.45098039215686275,
    0.37681159420289856,
    0.4578313253012048,
    0.5166666666666667,
    0.5316455696202531,
    0.48,
    0.21875,
    0.3364485981308411,
    0.3291139240506329,
    0.17391304347826086,
    0.3368421052631579,
    0.3620689655172414,
    0.41304347826086957,
    0.41904761904761906,
    0.44285714285714284,
    0.6875,
    0.8163265306122449,
    0.41237113402061853,
    0.034482758620689655,
    0.3684210526315789,
    0.673469387755102,
    0.44036697247706424,
    0.14705882352941177,
    0.66,
    0.47619047619047616,
    0.12307692307692308,
    0.5473684210526316,
    0.3484848484848485,
    0.6213592233009708,
    0.2,
    0.2644628099173554,
    0.38461538461538464,
    0.35051546391752575,
    0.4835164835164835,
    0.6153846153846154,
    0.5688073394495413,
    0.5,
    0.5178571428571429,
    0.40476190476190477,
    0.5405405405405406,
    0.3584905660377358,
    0.5925925925925926,
    0.4580152671755725,
    0.7155963302752294,
    0.5142857142857142,
    0.44,
    0.5217391304347826,
    0.24719101123595505,
    0.45588235294117646,
    0.32323232323232326
  ],