{
  "accuracy": 0.4003,
  "precision_macro": 0.39639357052191515,
  "recall_macro": 0.4003,
  "f1_macro": 0.3800531921204023,
  "precision_weighted": 0.39639357052191515,
  "recall_weighted": 0.4003,
  "f1_weighted": 0.38005319212040223,
  "per_class_f1": [
    0.6407766990291263,
    0.6915887850467289,
    0.5,
    0.3584905660377358,
    0.4793388429752066,
    0.07894736842105263,
    0.49572649572649574,
    0.125,
    0.6111111111111112,
    0.30303030303030304,
    0.15384615384615385,
    0.44,
    0.528,
    0.66,
    0.5287356321839081,
    0.3076923076923077,
    0.125,
    0.5555555555555556,
    0.30303030303030304,
    0.58,
    0.5166666666666667,
    0.6593406593406593,
    0.6458333333333334,
    0.6915887850467289,
    0.1927710843373494,
    0.4413793103448276,
    0.3875968992248062,
    0.06557377049180328,
    0.3006535947712418,
    0.13333333333333333,
    0.3793103448275862,
    0.4380952380952381,
    0.2,
    0.10666666666666667,
    0.423841059602649,
    0.47692307692307695,
    0.6915887850467289,
    0.425531914893617,
    0.5192307692307693,
    0.2956521739130435,
    0.1728395061728395,
    0.2682926829268293,
    0.2972972972972973,
    0.4943820224719101,
    0.8602150537634409,
    0.7647058823529411,
    0.42105263157894735,
    0.4406779661016949,
    0.06896551724137931,
    0.11940298507462686,
    0.5303030303030303,
    0.2318840579710145,
    0.6476190476190476,
    0.32989690721649484,
    0.3950617283950617,
    0.38857142857142857,
    0.23943661971830985,
    0.4740740740740741,
    0.68,
    0.5,
    0.40559440559440557,
    0.4716981132075472,
    0.23376623376623376,
    0.3111111111111111,
    0.08823529411764706,
    0.1984732824427481,
    0.5148514851485149,
    0.23076923076923078,
    0.375,
    0.2553191489361702,
    0.14925373134328357,
    0.6548672566371682,
    0.25263157894736843,
    0.3902439024390244,
    0.5102040816326531,
    0.2988505747126437,
    0.3132530120481928,
    0.10666666666666667,
    0.7346938775510204,
    0.14035087719298245,
    0.03225806451612903,
    0.7358490566037735,
    0.4262295081967213,
    0.2696629213483146,
    0.2018348623853211,
    0.3917525773195876,
    0.5116279069767442,
    0.3584905660377358,
    0.0,
    0.3469387755102041,
    0.38596491228070173,
    0.3829787234042553,
    0.2608695652173913,
    0.42,
    0.3870967741935484,
    0.2823529411764706,
    0.2826086956521739,
    0.3442622950819672,
    0.5039370078740157,
    0.09375,
    0.16666666666666666,
    0.5934065934065934,
    0.2222222222222222,
    0.7291666666666666,
    0.345679012345679,
    0.3448275862068966,
    0.25,
    0.6,
    0.7126436781609196,
    0.36036036036036034,
    0.3058823529411765,
    0.5161290322580645,
    0.2905982905982906,
    0.3170731707317073,
    0.2597402597402597,
    0.7572815533980582,
    0.3373493975903614,
    0.4461538461538462,
    0.7047619047619048,
    0.21978021978021978,
    0.3076923076923077,
    0.39080459770114945,
    0.057971014492753624,
    0.2251655629139073,
    0.7027027027027027,
    0.13861386138613863,
    0.46956521739130436,
    0.3373493975903614,
    0.37593984962406013,
    0.5217391304347826,
    0.14457831325301204,
    0.0,
    0.14285714285714285,
    0.5862068965517241,
    0.37777777777777777,
    0.0,
    0.21301775147928995,
    0.24615384615384617,
    0.14414414414414414,
    0.06779661016949153,
    0.3669724770642202,
    0.2898550724637681,
    0.379746835443038,
    0.5531914893617021,
    0.2978723404255319,
    0.7547169811320755,
    0.6470588235294118,
    0.20754716981132076,
    0.391304347826087,
    0.449438202247191,
    0.4946236559139785,
    0.2727272727272727,
    0.3619047619047619,
    0.583941605839416,
    0.38202247191011235,
    0.4536082474226804,
    0.275,
    0.3191489361702128,
    0.24096385542168675,
    0.07017543859649122,
    0.32608695652173914,
    0.3181818181818182,
    0.5185185185185185,
    0.3125,
    0.5,
    0.6727272727272727,
    0.7572815533980582,
    0.4,
    0.0,
    0.29906542056074764,
    0.5740740740740741,
    0.4077669902912621,
    0.1518987341772152,
    0.7,
    0.40963855421686746,
    0.0,
    0.5504587155963303,
    0.35384615384615387,
    0.53125,
    0.1927710843373494,
    0.2,
    0.40476190476190477,
    0.27722772277227725,
    0.4666666666666667,
    0.5785123966942148,
    0.48936170212765956,
    0.46296296296296297,
    0.43478260869565216,
    0.3058823529411765,
    0.4,
    0.37037037037037035,
    0.5671641791044776,
    0.4406779661016949,
    0.5925925925925926,
    0.43548387096774194,
    0.36220472440944884,
    0.496551724137931,
    0.18604651162790697,
    0.496,
    0.30927835051546393
  ],