{
  "accuracy": 0.3998,
  "precision_macro": 0.41316829878689143,
  "recall_macro": 0.39980000000000004,
  "f1_macro": 0.3851112565484551,
  "precision_weighted": 0.4131682987868915,
  "recall_weighted": 0.3998,
  "f1_weighted": 0.3851112565484552,
  "per_class_f1": [
    0.672566371681416,
    0.6666666666666666,
    0.36879432624113473,
    0.1797752808988764,
    0.3157894736842105,
    0.07692307692307693,
    0.55,
    0.16,
    0.66,
    0.29931972789115646,
    0.14925373134328357,
    0.3695652173913043,
    0.4696969696969697,
    0.5423728813559322,
    0.4266666666666667,
    0.24175824175824176,
    0.18461538461538463,
    0.5882352941176471,
    0.35185185185185186,
    0.5344827586206896,
    0.5490196078431373,
    0.6741573033707865,
    0.4691358024691358,
    0.6666666666666666,
    0.1896551724137931,
    0.5546218487394958,
    0.4827586206896552,
    0.08571428571428572,
    0.3795620437956204,
    0.037037037037037035,
    0.2696629213483146,
    0.42857142857142855,
    0.2222222222222222,
    0.2191780821917808,
    0.4642857142857143,
    0.49230769230769234,
    0.74,
    0.34146341463414637,
    0.42758620689655175,
    0.33766233766233766,
    0.16,
    0.29333333333333333,
    0.4230769230769231,
    0.43373493975903615,
    0.8163265306122449,
    0.5864661654135338,
    0.3614457831325301,
    0.4247787610619469,
    0.08823529411764706,
    0.22727272727272727,
    0.4968944099378882,
    0.2972972972972973,
    0.5523809523809524,
    0.40404040404040403,
    0.4358974358974359,
    0.39080459770114945,
    0.22727272727272727,
    0.5454545454545454,
    0.6434782608695652,
    0.4,
    0.42962962962962964,
    0.5040650406504065,
    0.20689655172413793,
    0.32142857142857145,
    0.208955223880597,
    0.11320754716981132,
    0.5172413793103449,
    0.1791044776119403,
    0.3950617283950617,
    0.2765957446808511,
    0.30303030303030304,
    0.6101694915254238,
    0.25925925925925924,
    0.4716981132075472,
    0.5045045045045045,
    0.3037974683544304,
    0.3764705882352941,
    0.11627906976744186,
    0.6813186813186813,
    0.21052631578947367,
    0.07792207792207792,
    0.6610169491525424,
    0.32748538011695905,
    0.3157894736842105,
    0.24193548387096775,
    0.38095238095238093,
    0.4186046511627907,
    0.3103448275862069,
    0.0,
    0.3185840707964602,
    0.45161290322580644,
    0.3795620437956204,
    0.3142857142857143,
    0.4,
    0.48148148148148145,
    0.3409090909090909,
    0.32967032967032966,
    0.40601503759398494,
    0.45112781954887216,
    0.09090909090909091,
    0.0967741935483871,
    0.4742268041237113,
    0.273972602739726,
    0.7555555555555555,
    0.3037974683544304,
    0.27586206896551724,
    0.21686746987951808,
    0.5142857142857142,
    0.6530612244897959,
    0.5087719298245614,
    0.4186046511627907,
    0.5161290322580645,
    0.30434782608695654,
    0.3380281690140845,
    0.2803738317757009,
    0.6548672566371682,
    0.3829787234042553,
    0.5233644859813084,
    0.6792452830188679,
    0.25316455696202533,
    0.2912621359223301,
    0.4583333333333333,
    0.03636363636363636,
    0.17857142857142858,
    0.6868686868686869,
    0.18421052631578946,
    0.42105263157894735,
    0.30952380952380953,
    0.348993288590604,
    0.5168539325842697,
    0.24390243902439024,
    0.0,
    0.22535211267605634,
    0.6259541984732825,
    0.42857142857142855,
    0.19753086419753085,
    0.25477707006369427,
    0.18181818181818182,
    0.15555555555555556,
    0.15384615384615385,
    0.42857142857142855,
    0.35443037974683544,
    0.3673469387755102,
    0.6846846846846847,
    0.3119266055045872,
    0.7096774193548387,
    0.6464646464646465,
    0.2689075630252101,
    0.36363636363636365,
    0.45,
    0.453781512605042,
    0.3888888888888889,
    0.3055555555555556,
    0.46938775510204084,
    0.5,
    0.46511627906976744,
    0.367816091954023,
    0.34210526315789475,
    0.2465753424657534,
    0.06779661016949153,
    0.3076923076923077,
    0.3853211009174312,
    0.5679012345679012,
    0.4727272727272727,
    0.421875,
    0.75,
    0.8,
    0.38961038961038963,
    0.1016949152542373,
    0.4,
    0.6666666666666666,
    0.375,
    0.14285714285714285,
    0.5813953488372093,
    0.4424778761061947,
    0.037037037037037035,
    0.6153846153846154,
    0.32653061224489793,
    0.53125,
    0.18181818181818182,
    0.2826086956521739,
    0.3695652173913043,
    0.2857142857142857,
    0.41025641025641024,
    0.5714285714285714,
    0.5048543689320388,
    0.45454545454545453,
    0.49504950495049505,
    0.40404040404040403,
    0.5054945054945055,
    0.2926829268292683,
    0.5862068965517241,
    0.5178571428571429,
    0.609375,
    0.32608695652173914,
    0.29411764705882354,
    0.49230769230769234,
    0.1794871794871795,
    0.3657142857142857,
    0.32608695652173914
  ],