{
  "accuracy": 0.4244,
  "precision_macro": 0.42118326995056166,
  "recall_macro": 0.4244,
  "f1_macro": 0.40538599750632776,
  "precision_weighted": 0.42118326995056166,
  "recall_weighted": 0.4244,
  "f1_weighted": 0.4053859975063278,
  "per_class_f1": [
    0.7,
    0.5064935064935064,
    0.3865546218487395,
    0.21951219512195122,
    0.4507042253521127,
    0.0967741935483871,
    0.5869565217391305,
    0.23529411764705882,
    0.6016260162601627,
    0.3238095238095238,
    0.21951219512195122,
    0.45,
    0.5641025641025641,
    0.6521739130434783,
    0.5747126436781609,
    0.2727272727272727,
    0.18181818181818182,
    0.44680851063829785,
    0.3424657534246575,
    0.5045045045045045,
    0.47435897435897434,
    0.6666666666666666,
    0.5614035087719298,
    0.7478260869565218,
    0.3,
    0.5161290322580645,
    0.4117647058823529,
    0.1797752808988764,
    0.4166666666666667,
    0.1095890410958904,
    0.4222222222222222,
    0.421875,
    0.2696629213483146,
    0.15789473684210525,
    0.5106382978723404,
    0.4473684210526316,
    0.6341463414634146,
    0.3486238532110092,
    0.3968253968253968,
    0.3333333333333333,
    0.25806451612903225,
    0.2975206611570248,
    0.4036697247706422,
    0.4806201550387597,
    0.7962962962962963,
    0.5755395683453237,
    0.33766233766233766,
    0.40350877192982454,
    0.1282051282051282,
    0.24390243902439024,
    0.603448275862069,
    0.41304347826086957,
    0.66,
    0.3673469387755102,
    0.42857142857142855,
    0.4484848484848485,
    0.2564102564102564,
    0.5254237288135594,
    0.7,
    0.4383561643835616,
    0.4375,
    0.47368421052631576,
    0.18181818181818182,
    0.37894736842105264,
    0.16666666666666666,
    0.23529411764705882,
    0.5436893203883495,
    0.3116883116883117,
    0.375,
    0.32608695652173914,
    0.23809523809523808,
    0.5826771653543307,
    0.3373493975903614,
    0.416,
    0.509090909090909,
    0.37209302325581395,
    0.30158730158730157,
    0.05714285714285714,
    0.7551020408163265,
    0.3384615384615385,
    0.037037037037037035,
    0.7663551401869159,
    0.43103448275862066,
    0.25316455696202533,
    0.29906542056074764,
    0.4090909090909091,
    0.42105263157894735,
    0.28,
    0.0,
    0.4772727272727273,
    0.42016806722689076,
    0.5740740740740741,
    0.2894736842105263,
    0.4536082474226804,
    0.5,
    0.3728813559322034,
    0.2926829268292683,
    0.40336134453781514,
    0.5454545454545454,
    0.12987012987012986,
    0.13157894736842105,
    0.6060606060606061,
    0.3333333333333333,
    0.6972477064220184,
    0.22535211267605634,
    0.29545454545454547,
    0.22448979591836735,
    0.5588235294117647,
    0.616822429906542,
    0.41304347826086957,
    0.25882352941176473,
    0.5255474452554745,
    0.34782608695652173,
    0.3684210526315789,
    0.3333333333333333,
    0.7889908256880734,
    0.43373493975903615,
    0.4716981132075472,
    0.6153846153846154,
    0.3238095238095238,
    0.2831858407079646,
    0.4842105263157895,
    0.14285714285714285,
    0.2831858407079646,
    0.6776859504132231,
    0.14893617021276595,
    0.4716981132075472,
    0.3170731707317073,
    0.4715447154471545,
    0.574468085106383,
    0.2191780821917808,
    0.0,
    0.16216216216216217,
    0.6363636363636364,
    0.5263157894736842,
    0.08333333333333333,
    0.2608695652173913,
    0.2153846153846154,
    0.16981132075471697,
    0.08695652173913043,
    0.47191011235955055,
    0.37333333333333335,
    0.43564356435643564,
    0.6779661016949152,
    0.4074074074074074,
    0.84,
    0.5806451612903226,
    0.2926829268292683,
    0.4,
    0.45161290322580644,
    0.4782608695652174,
    0.35135135135135137,
    0.4566929133858268,
    0.5470085470085471,
    0.4367816091954023,
    0.42201834862385323,
    0.32432432432432434,
    0.37209302325581395,
    0.27848101265822783,
    0.057971014492753624,
    0.3252032520325203,
    0.3404255319148936,
    0.5168539325842697,
    0.32989690721649484,
    0.39655172413793105,
    0.7878787878787878,
    0.7580645161290323,
    0.4418604651162791,
    0.0625,
    0.37362637362637363,
    0.651685393258427,
    0.46601941747572817,
    0.208955223880597,
    0.6415094339622641,
    0.4672897196261682,
    0.03773584905660377,
    0.6476190476190476,
    0.3558282208588957,
    0.5454545454545454,
    0.2,
    0.2222222222222222,
    0.4222222222222222,
    0.29333333333333333,
    0.4731182795698925,
    0.58,
    0.6326530612244898,
    0.5142857142857142,
    0.5102040816326531,
    0.40816326530612246,
    0.6185567010309279,
    0.3,
    0.6140350877192983,
    0.4778761061946903,
    0.656,
    0.4,
    0.35514018691588783,
    0.5571428571428572,
    0.20512820512820512,
    0.46153846153846156,
    0.2764227642276423
  ],