{
  "accuracy": 0.4232,
  "precision_macro": 0.4282165086089262,
  "recall_macro": 0.4231999999999999,
  "f1_macro": 0.40585822330068566,
  "precision_weighted": 0.42821650860892624,
  "recall_weighted": 0.4232,
  "f1_weighted": 0.40585822330068566,
  "per_class_f1": [
    0.7652173913043478,
    0.6610169491525424,
    0.45112781954887216,
    0.3076923076923077,
    0.39669421487603307,
    0.07058823529411765,
    0.6140350877192983,
    0.14084507042253522,
    0.6601941747572816,
    0.328125,
    0.3170731707317073,
    0.5,
    0.5147058823529411,
    0.62,
    0.5555555555555556,
    0.2564102564102564,
    0.16129032258064516,
    0.4842105263157895,
    0.366412213740458,
    0.5360824742268041,
    0.5396825396825397,
    0.6597938144329897,
    0.62,
    0.6833333333333333,
    0.14084507042253522,
    0.5679012345679012,
    0.411214953271028,
    0.15,
    0.46808510638297873,
    0.12121212121212122,
    0.4,
    0.5046728971962616,
    0.17647058823529413,
    0.1978021978021978,
    0.45098039215686275,
    0.4852941176470588,
    0.65,
    0.4,
    0.4423076923076923,
    0.43564356435643564,
    0.17073170731707318,
    0.2909090909090909,
    0.3559322033898305,
    0.40476190476190477,
    0.803921568627451,
    0.609375,
    0.45714285714285713,
    0.4742268041237113,
    0.15384615384615385,
    0.24,
    0.5571428571428572,
    0.34210526315789475,
    0.6481481481481481,
    0.41379310344827586,
    0.45569620253164556,
    0.44171779141104295,
    0.3063063063063063,
    0.5932203389830508,
    0.6065573770491803,
    0.37681159420289856,
    0.48120300751879697,
    0.5087719298245614,
    0.2857142857142857,
    0.4,
    0.13513513513513514,
    0.21296296296296297,
    0.5544554455445545,
    0.21333333333333335,
    0.4117647058823529,
    0.2916666666666667,
    0.375,
    0.631578947368421,
    0.3148148148148148,
    0.48,
    0.45528455284552843,
    0.3409090909090909,
    0.23376623376623376,
    0.1111111111111111,
    0.7647058823529411,
    0.3225806451612903,
    0.08823529411764706,
    0.7,
    0.35,
    0.18181818181818182,
    0.38095238095238093,
    0.2564102564102564,
    0.4835164835164835,
    0.40404040404040403,
    0.07272727272727272,
    0.36363636363636365,
    0.4576271186440678,
    0.6138613861386139,
    0.28205128205128205,
    0.42990654205607476,
    0.3076923076923077,
    0.4409448818897638,
    0.36666666666666664,
    0.37037037037037035,
    0.5151515151515151,
    0.16216216216216217,
    0.14285714285714285,
    0.6213592233009708,
    0.23880597014925373,
    0.7272727272727273,
    0.32,
    0.2222222222222222,
    0.1935483870967742,
    0.5806451612903226,
    0.6037735849056604,
    0.48,
    0.34146341463414637,
    0.49557522123893805,
    0.33962264150943394,
    0.4444444444444444,
    0.2912621359223301,
    0.7543859649122807,
    0.42696629213483145,
    0.4576271186440678,
    0.6593406593406593,
    0.2903225806451613,
    0.2549019607843137,
    0.5370370370370371,
    0.19672131147540983,
    0.15841584158415842,
    0.7378640776699029,
    0.22784810126582278,
    0.4222222222222222,
    0.3956043956043956,
    0.43410852713178294,
    0.5384615384615384,
    0.3373493975903614,
    0.0,
    0.1875,
    0.6545454545454545,
    0.4186046511627907,
    0.07017543859649122,
    0.2878787878787879,
    0.2535211267605634,
    0.21768707482993196,
    0.11594202898550725,
    0.4421052631578947,
    0.3611111111111111,
    0.4050632911392405,
    0.6724137931034483,
    0.24096385542168675,
    0.8043478260869565,
    0.6808510638297872,
    0.25,
    0.3220338983050847,
    0.4827586206896552,
    0.4444444444444444,
    0.21875,
    0.5,
    0.3870967741935484,
    0.391304347826087,
    0.3404255319148936,
    0.35294117647058826,
    0.40476190476190477,
    0.1095890410958904,
    0.06779661016949153,
    0.3008849557522124,
    0.375,
    0.4883720930232558,
    0.3559322033898305,
    0.4838709677419355,
    0.7920792079207921,
    0.8288288288288288,
    0.3728813559322034,
    0.06666666666666667,
    0.31683168316831684,
    0.6966292134831461,
    0.40816326530612246,
    0.1951219512195122,
    0.6526315789473685,
    0.45454545454545453,
    0.03773584905660377,
    0.6206896551724138,
    0.3225806451612903,
    0.6538461538461539,
    0.12195121951219512,
    0.2222222222222222,
    0.40540540540540543,
    0.3185840707964602,
    0.5148514851485149,
    0.5740740740740741,
    0.5376344086021505,
    0.4948453608247423,
    0.46464646464646464,
    0.3373493975903614,
    0.5645161290322581,
    0.37410071942446044,
    0.6181818181818182,
    0.5333333333333333,
    0.7017543859649122,
    0.5112781954887218,
    0.36538461538461536,
    0.5633802816901409,
    0.26666666666666666,
    0.4217687074829932,
    0.21238938053097345
  ],