{
  "accuracy": 0.4305,
  "precision_macro": 0.4406570217915343,
  "recall_macro": 0.4305,
  "f1_macro": 0.4186683912351136,
  "precision_weighted": 0.4406570217915343,
  "recall_weighted": 0.4305,
  "f1_weighted": 0.4186683912351136,
  "per_class_f1": [
    0.672566371681416,
    0.7766990291262136,
    0.43636363636363634,
    0.2926829268292683,
    0.42105263157894735,
    0.17204301075268819,
    0.7021276595744681,
    0.23809523809523808,
    0.6728971962616822,
    0.3356643356643357,
    0.25,
    0.44680851063829785,
    0.594059405940594,
    0.64,
    0.5346534653465347,
    0.3191489361702128,
    0.2222222222222222,
    0.4888888888888889,
    0.33783783783783783,
    0.5254237288135594,
    0.6538461538461539,
    0.6956521739130435,
    0.6041666666666666,
    0.7659574468085106,
    0.28865979381443296,
    0.5483870967741935,
    0.45544554455445546,
    0.1686746987951807,
    0.44642857142857145,
    0.10810810810810811,
    0.4854368932038835,
    0.47058823529411764,
    0.2028985507246377,
    0.3333333333333333,
    0.5294117647058824,
    0.41509433962264153,
    0.7628865979381443,
    0.3617021276595745,
    0.5084745762711864,
    0.3142857142857143,
    0.2631578947368421,
    0.3333333333333333,
    0.4583333333333333,
    0.5510204081632653,
    0.8431372549019608,
    0.7008547008547008,
    0.4421052631578947,
    0.6021505376344086,
    0.03571428571428571,
    0.21428571428571427,
    0.5660377358490566,
    0.2831858407079646,
    0.6476190476190476,
    0.4,
    0.5116279069767442,
    0.4927536231884058,
    0.23076923076923078,
    0.5486725663716814,
    0.6923076923076923,
    0.40540540540540543,
    0.43356643356643354,
    0.5370370370370371,
    0.2558139534883721,
    0.3269230769230769,
    0.24324324324324326,
    0.26993865030674846,
    0.5454545454545454,
    0.2777777777777778,
    0.47058823529411764,
    0.2727272727272727,
    0.20454545454545456,
    0.6324786324786325,
    0.3157894736842105,
    0.42696629213483145,
    0.43410852713178294,
    0.2857142857142857,
    0.3953488372093023,
    0.1111111111111111,
    0.7254901960784313,
    0.30985915492957744,
    0.20253164556962025,
    0.8113207547169812,
    0.38095238095238093,
    0.27956989247311825,
    0.3157894736842105,
    0.4077669902912621,
    0.3917525773195876,
    0.35714285714285715,
    0.038461538461538464,
    0.40816326530612246,
    0.49056603773584906,
    0.5161290322580645,
    0.48,
    0.4126984126984127,
    0.3333333333333333,
    0.42857142857142855,
    0.2692307692307692,
    0.33653846153846156,
    0.4251968503937008,
    0.125,
    0.14925373134328357,
    0.5773195876288659,
    0.3055555555555556,
    0.7522935779816514,
    0.16129032258064516,
    0.3333333333333333,
    0.24175824175824176,
    0.6909090909090909,
    0.6736842105263158,
    0.4536082474226804,
    0.42718446601941745,
    0.5467625899280576,
    0.39603960396039606,
    0.29473684210526313,
    0.4230769230769231,
    0.7619047619047619,
    0.45652173913043476,
    0.5052631578947369,
    0.6607142857142857,
    0.18,
    0.33962264150943394,
    0.49523809523809526,
    0.10810810810810811,
    0.16296296296296298,
    0.6129032258064516,
    0.20754716981132076,
    0.43859649122807015,
    0.3333333333333333,
    0.43795620437956206,
    0.5569620253164557,
    0.2558139534883721,
    0.03773584905660377,
    0.13333333333333333,
    0.6046511627906976,
    0.41975308641975306,
    0.16666666666666666,
    0.3,
    0.136986301369863,
    0.21311475409836064,
    0.15789473684210525,
    0.38,
    0.3582089552238806,
    0.34408602150537637,
    0.7722772277227723,
    0.34146341463414637,
    0.7619047619047619,
    0.6736842105263158,
    0.23333333333333334,
    0.3368421052631579,
    0.4444444444444444,
    0.5106382978723404,
    0.3235294117647059,
    0.37333333333333335,
    0.41509433962264153,
    0.4791666666666667,
    0.5591397849462365,
    0.28205128205128205,
    0.36363636363636365,
    0.24761904761904763,
    0.09375,
    0.42276422764227645,
    0.3829787234042553,
    0.5434782608695652,
    0.4144144144144144,
    0.47540983606557374,
    0.7304347826086957,
    0.7884615384615384,
    0.3516483516483517,
    0.08823529411764706,
    0.3963963963963964,
    0.6818181818181818,
    0.47619047619047616,
    0.2222222222222222,
    0.6086956521739131,
    0.46017699115044247,
    0.06896551724137931,
    0.6170212765957447,
    0.40601503759398494,
    0.6534653465346535,
    0.20930232558139536,
    0.2459016393442623,
    0.4827586206896552,
    0.37037037037037035,
    0.5652173913043478,
    0.6407766990291263,
    0.5148514851485149,
    0.46464646464646464,
    0.5576923076923077,
    0.42735042735042733,
    0.5773195876288659,
    0.3917525773195876,
    0.5531914893617021,
    0.5360824742268041,
    0.6074074074074074,
    0.5161290322580645,
    0.328125,
    0.5217391304347826,
    0.26666666666666666,
    0.22137404580152673,
    0.23529411764705882
  ],