{
  "accuracy": 0.42,
  "precision_macro": 0.4249458876881448,
  "recall_macro": 0.42,
  "f1_macro": 0.40455439493649625,
  "precision_weighted": 0.42494588768814484,
  "recall_weighted": 0.42,
  "f1_weighted": 0.4045543949364963,
  "per_class_f1": [
    0.7647058823529411,
    0.72,
    0.421875,
    0.21978021978021978,
    0.3697478991596639,
    0.17391304347826086,
    0.5833333333333334,
    0.22727272727272727,
    0.584070796460177,
    0.3057324840764331,
    0.19444444444444445,
    0.49411764705882355,
    0.528,
    0.7021276595744681,
    0.5647058823529412,
    0.2597402597402597,
    0.2222222222222222,
    0.4418604651162791,
    0.37735849056603776,
    0.43283582089552236,
    0.5,
    0.6666666666666666,
    0.6548672566371682,
    0.6666666666666666,
    0.2708333333333333,
    0.52,
    0.4883720930232558,
    0.15873015873015872,
    0.40384615384615385,
    0.06153846153846154,
    0.36363636363636365,
    0.5208333333333334,
    0.175,
    0.13793103448275862,
    0.45544554455445546,
    0.4915254237288136,
    0.6593406593406593,
    0.39285714285714285,
    0.42718446601941745,
    0.3655913978494624,
    0.25316455696202533,
    0.25316455696202533,
    0.37037037037037035,
    0.5102040816326531,
    0.8041237113402062,
    0.582089552238806,
    0.4339622641509434,
    0.5111111111111111,
    0.15625,
    0.33766233766233766,
    0.5932203389830508,
    0.35514018691588783,
    0.6548672566371682,
    0.32,
    0.3684210526315789,
    0.4657534246575342,
    0.2682926829268293,
    0.5303030303030303,
    0.6896551724137931,
    0.35135135135135137,
    0.5,
    0.5102040816326531,
    0.2465753424657534,
    0.35051546391752575,
    0.18181818181818182,
    0.24615384615384617,
    0.5544554455445545,
    0.3611111111111111,
    0.33587786259541985,
    0.2736842105263158,
    0.3770491803278688,
    0.6605504587155964,
    0.3333333333333333,
    0.4716981132075472,
    0.48484848484848486,
    0.3466666666666667,
    0.3191489361702128,
    0.05714285714285714,
    0.7184466019417476,
    0.3188405797101449,
    0.11594202898550725,
    0.7154471544715447,
    0.375,
    0.275,
    0.2733812949640288,
    0.3838383838383838,
    0.48598130841121495,
    0.36538461538461536,
    0.03773584905660377,
    0.42857142857142855,
    0.3673469387755102,
    0.47244094488188976,
    0.3116883116883117,
    0.41739130434782606,
    0.37362637362637363,
    0.3709677419354839,
    0.3191489361702128,
    0.32727272727272727,
    0.4166666666666667,
    0.15584415584415584,
    0.2028985507246377,
    0.5684210526315789,
    0.3055555555555556,
    0.7578947368421053,
    0.2894736842105263,
    0.2184873949579832,
    0.14736842105263157,
    0.6666666666666666,
    0.616822429906542,
    0.449438202247191,
    0.25225225225225223,
    0.4605263157894737,
    0.37168141592920356,
    0.3855421686746988,
    0.37735849056603776,
    0.8421052631578947,
    0.42857142857142855,
    0.41935483870967744,
    0.6031746031746031,
    0.26356589147286824,
    0.31654676258992803,
    0.4842105263157895,
    0.15151515151515152,
    0.1793103448275862,
    0.7387387387387387,
    0.22784810126582278,
    0.5,
    0.4036697247706422,
    0.4246575342465753,
    0.5833333333333334,
    0.2682926829268293,
    0.0,
    0.17391304347826086,
    0.6495726495726496,
    0.45098039215686275,
    0.06896551724137931,
    0.23448275862068965,
    0.3116883116883117,
    0.18867924528301888,
    0.14925373134328357,
    0.41379310344827586,
    0.32989690721649484,
    0.35714285714285715,
    0.6722689075630253,
    0.2882882882882883,
    0.7047619047619048,
    0.6464646464646465,
    0.2857142857142857,
    0.3486238532110092,
    0.41509433962264153,
    0.46938775510204084,
    0.30985915492957744,
    0.45652173913043476,
    0.375,
    0.46511627906976744,
    0.47191011235955055,
    0.16129032258064516,
    0.41509433962264153,
    0.06666666666666667,
    0.03389830508474576,
    0.3409090909090909,
    0.3368421052631579,
    0.5393258426966292,
    0.41904761904761906,
    0.5409836065573771,
    0.803921568627451,
    0.7959183673469388,
    0.3484848484848485,
    0.06153846153846154,
    0.33663366336633666,
    0.6746987951807228,
    0.4444444444444444,
    0.17647058823529413,
    0.66,
    0.4318181818181818,
    0.1,
    0.6407766990291263,
    0.35185185185185186,
    0.5405405405405406,
    0.13793103448275862,
    0.24444444444444444,
    0.3838383838383838,
    0.3434343434343434,
    0.45,
    0.6285714285714286,
    0.5319148936170213,
    0.49122807017543857,
    0.43956043956043955,
    0.4375,
    0.6037735849056604,
    0.3333333333333333,
    0.6440677966101694,
    0.4423076923076923,
    0.6166666666666667,
    0.49624060150375937,
    0.3779527559055118,
    0.5663716814159292,
    0.25316455696202533,
    0.4492753623188406,
    0.2608695652173913
  ],