{
  "accuracy": 0.4233,
  "precision_macro": 0.425794128362529,
  "recall_macro": 0.4233,
  "f1_macro": 0.40681122170397416,
  "precision_weighted": 0.42579412836252895,
  "recall_weighted": 0.4233,
  "f1_weighted": 0.4068112217039741,
  "per_class_f1": [
    0.6666666666666666,
    0.672566371681416,
    0.45528455284552843,
    0.4230769230769231,
    0.45925925925925926,
    0.06976744186046512,
    0.5567010309278351,
    0.10256410256410256,
    0.5806451612903226,
    0.3484848484848485,
    0.20224719101123595,
    0.5161290322580645,
    0.512396694214876,
    0.6788990825688074,
    0.48,
    0.2857142857142857,
    0.22857142857142856,
    0.5625,
    0.3047619047619048,
    0.5289256198347108,
    0.4782608695652174,
    0.6739130434782609,
    0.6981132075471698,
    0.6981132075471698,
    0.20869565217391303,
    0.5714285714285714,
    0.4854368932038835,
    0.06896551724137931,
    0.3559322033898305,
    0.0,
    0.39215686274509803,
    0.5172413793103449,
    0.2716049382716049,
    0.23684210526315788,
    0.5046728971962616,
    0.4925373134328358,
    0.6226415094339622,
    0.42990654205607476,
    0.5128205128205128,
    0.4,
    0.2247191011235955,
    0.23529411764705882,
    0.37168141592920356,
    0.52,
    0.8080808080808081,
    0.6727272727272727,
    0.4528301886792453,
    0.46956521739130436,
    0.07692307692307693,
    0.16216216216216217,
    0.6166666666666667,
    0.35789473684210527,
    0.6464646464646465,
    0.45161290322580644,
    0.4578313253012048,
    0.46715328467153283,
    0.26666666666666666,
    0.5714285714285714,
    0.6981132075471698,
    0.3170731707317073,
    0.448,
    0.5576923076923077,
    0.2465753424657534,
    0.31683168316831684,
    0.12121212121212122,
    0.23728813559322035,
    0.5625,
    0.1935483870967742,
    0.3492063492063492,
    0.25,
    0.2,
    0.6730769230769231,
    0.2988505747126437,
    0.4117647058823529,
    0.43037974683544306,
    0.2692307692307692,
    0.24,
    0.12195121951219512,
    0.7128712871287128,
    0.22950819672131148,
    0.12307692307692308,
    0.7708333333333334,
    0.4380952380952381,
    0.22857142857142856,
    0.2809917355371901,
    0.36,
    0.42696629213483145,
    0.4117647058823529,
    0.0,
    0.38461538461538464,
    0.42424242424242425,
    0.5233644859813084,
    0.38961038961038963,
    0.48484848484848486,
    0.3673469387755102,
    0.4742268041237113,
    0.4666666666666667,
    0.4186046511627907,
    0.5263157894736842,
    0.18604651162790697,
    0.1728395061728395,
    0.5454545454545454,
    0.28169014084507044,
    0.7640449438202247,
    0.2647058823529412,
    0.2962962962962963,
    0.26,
    0.6274509803921569,
    0.6078431372549019,
    0.41739130434782606,
    0.32142857142857145,
    0.5636363636363636,
    0.2912621359223301,
    0.3516483516483517,
    0.38596491228070173,
    0.7843137254901961,
    0.4307692307692308,
    0.5,
    0.6868686868686869,
    0.2857142857142857,
    0.2564102564102564,
    0.5306122448979592,
    0.0967741935483871,
    0.1774193548387097,
    0.7289719626168224,
    0.205607476635514,
    0.4186046511627907,
    0.38636363636363635,
    0.4122137404580153,
    0.5813953488372093,
    0.27722772277227725,
    0.07272727272727272,
    0.06451612903225806,
    0.5656565656565656,
    0.48936170212765956,
    0.03636363636363636,
    0.30656934306569344,
    0.1875,
    0.17475728155339806,
    0.09090909090909091,
    0.4146341463414634,
    0.36585365853658536,
    0.4528301886792453,
    0.7079646017699115,
    0.37209302325581395,
    0.7304347826086957,
    0.6222222222222222,
    0.304,
    0.4158415841584158,
    0.4946236559139785,
    0.4909090909090909,
    0.3466666666666667,
    0.45,
    0.5208333333333334,
    0.4666666666666667,
    0.46511627906976744,
    0.2644628099173554,
    0.32,
    0.16666666666666666,
    0.14285714285714285,
    0.3181818181818182,
    0.37735849056603776,
    0.5238095238095238,
    0.40384615384615385,
    0.43548387096774194,
    0.7543859649122807,
    0.7843137254901961,
    0.41304347826086957,
    0.136986301369863,
    0.3111111111111111,
    0.6521739130434783,
    0.43243243243243246,
    0.18,
    0.6,
    0.3614457831325301,
    0.03571428571428571,
    0.6346153846153846,
    0.32592592592592595,
    0.5882352941176471,
    0.23076923076923078,
    0.22413793103448276,
    0.2962962962962963,
    0.35384615384615387,
    0.42105263157894735,
    0.625,
    0.5777777777777777,
    0.5274725274725275,
    0.5111111111111111,
    0.30158730158730157,
    0.49523809523809526,
    0.3448275862068966,
    0.5673758865248227,
    0.5172413793103449,
    0.639344262295082,
    0.4827586206896552,
    0.3333333333333333,
    0.5826771653543307,
    0.25882352941176473,
    0.4316546762589928,
    0.3008849557522124
  ],