{
  "accuracy": 0.429,
  "precision_macro": 0.4250225604366761,
  "recall_macro": 0.429,
  "f1_macro": 0.4101643904201623,
  "precision_weighted": 0.42502256043667613,
  "recall_weighted": 0.429,
  "f1_weighted": 0.41016439042016234,
  "per_class_f1": [
    0.7,
    0.6451612903225806,
    0.4444444444444444,
    0.3508771929824561,
    0.5185185185185185,
    0.08955223880597014,
    0.5636363636363636,
    0.26506024096385544,
    0.591304347826087,
    0.432,
    0.19718309859154928,
    0.5294117647058824,
    0.5289256198347108,
    0.6346153846153846,
    0.5652173913043478,
    0.32967032967032966,
    0.2028985507246377,
    0.5048543689320388,
    0.35514018691588783,
    0.5636363636363636,
    0.6037735849056604,
    0.6739130434782609,
    0.5739130434782609,
    0.6990291262135923,
    0.19148936170212766,
    0.5043478260869565,
    0.509090909090909,
    0.125,
    0.3883495145631068,
    0.0,
    0.27848101265822783,
    0.5517241379310345,
    0.28205128205128205,
    0.11627906976744186,
    0.5573770491803278,
    0.4121212121212121,
    0.6458333333333334,
    0.4,
    0.52,
    0.4044943820224719,
    0.25316455696202533,
    0.3008849557522124,
    0.38095238095238093,
    0.4672897196261682,
    0.8518518518518519,
    0.7692307692307693,
    0.47191011235955055,
    0.45714285714285713,
    0.0967741935483871,
    0.2191780821917808,
    0.624,
    0.36,
    0.5555555555555556,
    0.42735042735042733,
    0.425,
    0.5074626865671642,
    0.18,
    0.5693430656934306,
    0.7,
    0.4266666666666667,
    0.416,
    0.45714285714285713,
    0.28205128205128205,
    0.3838383838383838,
    0.17647058823529413,
    0.2764227642276423,
    0.5833333333333334,
    0.2962962962962963,
    0.39473684210526316,
    0.25862068965517243,
    0.15151515151515152,
    0.6915887850467289,
    0.3877551020408163,
    0.41739130434782606,
    0.48739495798319327,
    0.2,
    0.42424242424242425,
    0.034482758620689655,
    0.6551724137931034,
    0.2898550724637681,
    0.15384615384615385,
    0.7321428571428571,
    0.375,
    0.3181818181818182,
    0.2765957446808511,
    0.33663366336633666,
    0.4444444444444444,
    0.3917525773195876,
    0.07142857142857142,
    0.4,
    0.4369747899159664,
    0.4881889763779528,
    0.3561643835616438,
    0.41379310344827586,
    0.4842105263157895,
    0.4329896907216495,
    0.3146067415730337,
    0.3787878787878788,
    0.4954128440366973,
    0.13157894736842105,
    0.16,
    0.6041666666666666,
    0.3333333333333333,
    0.7216494845360825,
    0.2727272727272727,
    0.2702702702702703,
    0.2,
    0.5555555555555556,
    0.6095238095238096,
    0.4175824175824176,
    0.3404255319148936,
    0.6238532110091743,
    0.34782608695652173,
    0.375,
    0.3541666666666667,
    0.7572815533980582,
    0.48598130841121495,
    0.4915254237288136,
    0.6481481481481481,
    0.28346456692913385,
    0.27522935779816515,
    0.5238095238095238,
    0.14084507042253522,
    0.19607843137254902,
    0.7169811320754716,
    0.18181818181818182,
    0.4482758620689655,
    0.4383561643835616,
    0.4090909090909091,
    0.5102040816326531,
    0.21176470588235294,
    0.0,
    0.11594202898550725,
    0.5869565217391305,
    0.39622641509433965,
    0.0625,
    0.24347826086956523,
    0.2647058823529412,
    0.13675213675213677,
    0.12121212121212122,
    0.3787878787878788,
    0.2777777777777778,
    0.4444444444444444,
    0.7289719626168224,
    0.4158415841584158,
    0.743801652892562,
    0.6363636363636364,
    0.26548672566371684,
    0.40404040404040403,
    0.42857142857142855,
    0.46153846153846156,
    0.273972602739726,
    0.4375,
    0.5161290322580645,
    0.4835164835164835,
    0.5208333333333334,
    0.2608695652173913,
    0.4444444444444444,
    0.33707865168539325,
    0.09375,
    0.2992125984251969,
    0.2988505747126437,
    0.5,
    0.48,
    0.5565217391304348,
    0.7628865979381443,
    0.8,
    0.4716981132075472,
    0.03389830508474576,
    0.31683168316831684,
    0.6666666666666666,
    0.42857142857142855,
    0.1791044776119403,
    0.660377358490566,
    0.4144144144144144,
    0.06896551724137931,
    0.5625,
    0.3968253968253968,
    0.6129032258064516,
    0.22784810126582278,
    0.19480519480519481,
    0.4144144144144144,
    0.32608695652173914,
    0.3870967741935484,
    0.5416666666666666,
    0.5471698113207547,
    0.45614035087719296,
    0.52,
    0.40404040404040403,
    0.4642857142857143,
    0.3364485981308411,
    0.6346153846153846,
    0.45517241379310347,
    0.6554621848739496,
    0.42592592592592593,
    0.4262295081967213,
    0.5211267605633803,
    0.24719101123595505,
    0.4603174603174603,
    0.3
  ],