{
  "accuracy": 0.4086,
  "precision_macro": 0.422020820691003,
  "recall_macro": 0.4086,
  "f1_macro": 0.39179120772018083,
  "precision_weighted": 0.4220208206910029,
  "recall_weighted": 0.4086,
  "f1_weighted": 0.3917912077201809,
  "per_class_f1": [
    0.6538461538461539,
    0.7307692307692307,
    0.39080459770114945,
    0.27848101265822783,
    0.3937007874015748,
    0.10666666666666667,
    0.5961538461538461,
    0.20253164556962025,
    0.5619834710743802,
    0.28125,
    0.2222222222222222,
    0.5252525252525253,
    0.5245901639344263,
    0.6813186813186813,
    0.5365853658536586,
    0.21686746987951808,
    0.20689655172413793,
    0.5904761904761905,
    0.40425531914893614,
    0.5263157894736842,
    0.5196850393700787,
    0.64,
    0.7128712871287128,
    0.7090909090909091,
    0.19469026548672566,
    0.4715447154471545,
    0.4406779661016949,
    0.05970149253731343,
    0.3333333333333333,
    0.034482758620689655,
    0.2727272727272727,
    0.5309734513274337,
    0.29411764705882354,
    0.24390243902439024,
    0.45871559633027525,
    0.43103448275862066,
    0.7222222222222222,
    0.425531914893617,
    0.5538461538461539,
    0.28888888888888886,
    0.21686746987951808,
    0.3063063063063063,
    0.38181818181818183,
    0.3945578231292517,
    0.8076923076923077,
    0.535031847133758,
    0.4358974358974359,
    0.5116279069767442,
    0.13114754098360656,
    0.22641509433962265,
    0.5233644859813084,
    0.3,
    0.5528455284552846,
    0.4,
    0.3888888888888889,
    0.38461538461538464,
    0.2909090909090909,
    0.5137614678899083,
    0.6262626262626263,
    0.3888888888888889,
    0.47540983606557374,
    0.496,
    0.30952380952380953,
    0.3018867924528302,
    0.17142857142857143,
    0.2112676056338028,
    0.48484848484848486,
    0.18461538461538463,
    0.27710843373493976,
    0.3132530120481928,
    0.2857142857142857,
    0.6788990825688074,
    0.26373626373626374,
    0.37398373983739835,
    0.3877551020408163,
    0.2647058823529412,
    0.21428571428571427,
    0.09302325581395349,
    0.7238095238095238,
    0.24561403508771928,
    0.06896551724137931,
    0.7256637168141593,
    0.391304347826087,
    0.23809523809523808,
    0.28187919463087246,
    0.3595505617977528,
    0.3956043956043956,
    0.3089430894308943,
    0.0,
    0.41379310344827586,
    0.5252525252525253,
    0.48598130841121495,
    0.21951219512195122,
    0.4954128440366973,
    0.40384615384615385,
    0.36893203883495146,
    0.3783783783783784,
    0.3401360544217687,
    0.4672897196261682,
    0.1791044776119403,
    0.17142857142857143,
    0.6170212765957447,
    0.3333333333333333,
    0.6792452830188679,
    0.358974358974359,
    0.23809523809523808,
    0.24444444444444444,
    0.5648854961832062,
    0.5869565217391305,
    0.4329896907216495,
    0.27586206896551724,
    0.48,
    0.2833333333333333,
    0.35051546391752575,
    0.297029702970297,
    0.6724137931034483,
    0.3877551020408163,
    0.42592592592592593,
    0.5098039215686274,
    0.31666666666666665,
    0.2524271844660194,
    0.5,
    0.18461538461538463,
    0.21875,
    0.640625,
    0.2545454545454545,
    0.425531914893617,
    0.3880597014925373,
    0.38235294117647056,
    0.5046728971962616,
    0.2318840579710145,
    0.0,
    0.13513513513513514,
    0.594059405940594,
    0.35555555555555557,
    0.03773584905660377,
    0.24285714285714285,
    0.22535211267605634,
    0.19117647058823528,
    0.03225806451612903,
    0.4297520661157025,
    0.2857142857142857,
    0.410958904109589,
    0.5063291139240507,
    0.37037037037037035,
    0.75,
    0.6292134831460674,
    0.21768707482993196,
    0.34782608695652173,
    0.4533333333333333,
    0.5384615384615384,
    0.3037974683544304,
    0.5208333333333334,
    0.41379310344827586,
    0.4878048780487805,
    0.4523809523809524,
    0.30303030303030304,
    0.3783783783783784,
    0.1917808219178082,
    0.13114754098360656,
    0.3146067415730337,
    0.30985915492957744,
    0.49411764705882355,
    0.3697478991596639,
    0.4954128440366973,
    0.7358490566037735,
    0.8,
    0.42718446601941745,
    0.07142857142857142,
    0.27906976744186046,
    0.5934065934065934,
    0.3252032520325203,
    0.0625,
    0.6262626262626263,
    0.4731182795698925,
    0.07142857142857142,
    0.5825242718446602,
    0.37037037037037035,
    0.546875,
    0.20689655172413793,
    0.21782178217821782,
    0.3333333333333333,
    0.29411764705882354,
    0.4318181818181818,
    0.6382978723404256,
    0.5208333333333334,
    0.5238095238095238,
    0.4835164835164835,
    0.4067796610169492,
    0.5242718446601942,
    0.4230769230769231,
    0.6434782608695652,
    0.5454545454545454,
    0.7238095238095238,
    0.47244094488188976,
    0.3010752688172043,
    0.6016260162601627,
    0.21153846153846154,
    0.45112781954887216,
    0.21686746987951808
  ],