{
  "accuracy": 0.395,
  "precision_macro": 0.3980034568530562,
  "recall_macro": 0.395,
  "f1_macro": 0.3761271898887376,
  "precision_weighted": 0.3980034568530562,
  "recall_weighted": 0.395,
  "f1_weighted": 0.3761271898887376,
  "per_class_f1": [
    0.7207207207207207,
    0.5967741935483871,
    0.4,
    0.297029702970297,
    0.3937007874015748,
    0.11904761904761904,
    0.54,
    0.11267605633802817,
    0.6548672566371682,
    0.3220338983050847,
    0.0967741935483871,
    0.43859649122807015,
    0.46511627906976744,
    0.6373626373626373,
    0.46511627906976744,
    0.24096385542168675,
    0.1791044776119403,
    0.4489795918367347,
    0.25862068965517243,
    0.46464646464646464,
    0.44660194174757284,
    0.6206896551724138,
    0.5833333333333334,
    0.7272727272727273,
    0.15584415584415584,
    0.4745762711864407,
    0.4393939393939394,
    0.09090909090909091,
    0.3584905660377358,
    0.08108108108108109,
    0.4842105263157895,
    0.48936170212765956,
    0.2465753424657534,
    0.09523809523809523,
    0.4225352112676056,
    0.35772357723577236,
    0.7142857142857143,
    0.4,
    0.5094339622641509,
    0.3111111111111111,
    0.20588235294117646,
    0.21568627450980393,
    0.2916666666666667,
    0.40816326530612246,
    0.851063829787234,
    0.6451612903225806,
    0.42592592592592593,
    0.39655172413793105,
    0.14492753623188406,
    0.17391304347826086,
    0.5228758169934641,
    0.3132530120481928,
    0.6341463414634146,
    0.2857142857142857,
    0.38961038961038963,
    0.4722222222222222,
    0.11940298507462686,
    0.5076923076923077,
    0.7142857142857143,
    0.22950819672131148,
    0.40268456375838924,
    0.4927536231884058,
    0.3191489361702128,
    0.3010752688172043,
    0.2,
    0.19130434782608696,
    0.4946236559139785,
    0.18461538461538463,
    0.33,
    0.19047619047619047,
    0.29310344827586204,
    0.5967741935483871,
    0.22988505747126436,
    0.37894736842105264,
    0.4067796610169492,
    0.24324324324324326,
    0.40476190476190477,
    0.20408163265306123,
    0.693069306930693,
    0.22950819672131148,
    0.03389830508474576,
    0.6612903225806451,
    0.3088235294117647,
    0.24,
    0.3564356435643564,
    0.22857142857142856,
    0.41237113402061853,
    0.3220338983050847,
    0.0,
    0.375,
    0.46017699115044247,
    0.4375,
    0.24691358024691357,
    0.4482758620689655,
    0.35,
    0.4,
    0.27906976744186046,
    0.35714285714285715,
    0.47706422018348627,
    0.16666666666666666,
    0.08791208791208792,
    0.5977011494252874,
    0.26865671641791045,
    0.7378640776699029,
    0.2777777777777778,
    0.3695652173913043,
    0.16,
    0.5693430656934306,
    0.5858585858585859,
    0.4878048780487805,
    0.26666666666666666,
    0.5688073394495413,
    0.33962264150943394,
    0.35443037974683544,
    0.25,
    0.7079646017699115,
    0.39473684210526316,
    0.48214285714285715,
    0.584070796460177,
    0.2571428571428571,
    0.3793103448275862,
    0.5,
    0.09523809523809523,
    0.23214285714285715,
    0.6821705426356589,
    0.1702127659574468,
    0.40350877192982454,
    0.3023255813953488,
    0.3835616438356164,
    0.5168539325842697,
    0.19718309859154928,
    0.03389830508474576,
    0.08695652173913043,
    0.6666666666666666,
    0.40963855421686746,
    0.11594202898550725,
    0.21468926553672316,
    0.2222222222222222,
    0.12903225806451613,
    0.12698412698412698,
    0.3853211009174312,
    0.3333333333333333,
    0.3838383838383838,
    0.6722689075630253,
    0.20512820512820512,
    0.7719298245614035,
    0.5794392523364486,
    0.24489795918367346,
    0.34951456310679613,
    0.45161290322580644,
    0.43636363636363634,
    0.16129032258064516,
    0.3584905660377358,
    0.47058823529411764,
    0.345679012345679,
    0.3829787234042553,
    0.23529411764705882,
    0.2916666666666667,
    0.21052631578947367,
    0.06666666666666667,
    0.3063063063063063,
    0.3,
    0.4842105263157895,
    0.38095238095238093,
    0.5405405405405406,
    0.7289719626168224,
    0.82,
    0.4897959183673469,
    0.06557377049180328,
    0.35714285714285715,
    0.5981308411214953,
    0.38333333333333336,
    0.14492753623188406,
    0.6382978723404256,
    0.41025641025641024,
    0.10344827586206896,
    0.5607476635514018,
    0.35714285714285715,
    0.5087719298245614,
    0.21052631578947367,
    0.23529411764705882,
    0.3103448275862069,
    0.32075471698113206,
    0.5161290322580645,
    0.5405405405405406,
    0.54,
    0.42990654205607476,
    0.48936170212765956,
    0.28,
    0.42857142857142855,
    0.3106796116504854,
    0.5153374233128835,
    0.4715447154471545,
    0.5967741935483871,
    0.4,
    0.3302752293577982,
    0.5426356589147286,
    0.2696629213483146,
    0.3924050632911392,
    0.20618556701030927
  ],