{
  "accuracy": 0.4009,
  "precision_macro": 0.4032434572324993,
  "recall_macro": 0.40090000000000003,
  "f1_macro": 0.3840796932216653,
  "precision_weighted": 0.4032434572324993,
  "recall_weighted": 0.4009,
  "f1_weighted": 0.3840796932216653,
  "per_class_f1": [
    0.7,
    0.7102803738317757,
    0.4148148148148148,
    0.32323232323232326,
    0.38461538461538464,
    0.10638297872340426,
    0.5666666666666667,
    0.05970149253731343,
    0.6346153846153846,
    0.2764227642276423,
    0.1643835616438356,
    0.48936170212765956,
    0.43243243243243246,
    0.723404255319149,
    0.49382716049382713,
    0.2597402597402597,
    0.2,
    0.5294117647058824,
    0.2692307692307692,
    0.5052631578947369,
    0.5686274509803921,
    0.6875,
    0.5833333333333334,
    0.7017543859649122,
    0.18181818181818182,
    0.43902439024390244,
    0.4566929133858268,
    0.057971014492753624,
    0.25157232704402516,
    0.17721518987341772,
    0.3880597014925373,
    0.4672897196261682,
    0.26804123711340205,
    0.24175824175824176,
    0.4027777777777778,
    0.3673469387755102,
    0.7254901960784313,
    0.42857142857142855,
    0.56,
    0.3137254901960784,
    0.20689655172413793,
    0.27906976744186046,
    0.40425531914893614,
    0.43478260869565216,
    0.851063829787234,
    0.7572815533980582,
    0.43956043956043955,
    0.38095238095238093,
    0.1643835616438356,
    0.15789473684210525,
    0.5901639344262295,
    0.3125,
    0.5037037037037037,
    0.38095238095238093,
    0.375,
    0.45901639344262296,
    0.2268041237113402,
    0.4888888888888889,
    0.6428571428571429,
    0.38461538461538464,
    0.4383561643835616,
    0.5343511450381679,
    0.1875,
    0.3146067415730337,
    0.14893617021276595,
    0.23376623376623376,
    0.5111111111111111,
    0.24,
    0.3971631205673759,
    0.25688073394495414,
    0.1095890410958904,
    0.6470588235294118,
    0.2,
    0.3870967741935484,
    0.40336134453781514,
    0.29850746268656714,
    0.23529411764705882,
    0.09090909090909091,
    0.7916666666666666,
    0.037037037037037035,
    0.12121212121212122,
    0.6909090909090909,
    0.37735849056603776,
    0.21333333333333335,
    0.2823529411764706,
    0.3917525773195876,
    0.4375,
    0.40404040404040403,
    0.038461538461538464,
    0.40860215053763443,
    0.4444444444444444,
    0.4696969696969697,
    0.2682926829268293,
    0.4807692307692308,
    0.40404040404040403,
    0.4,
    0.29473684210526313,
    0.390625,
    0.46846846846846846,
    0.08823529411764706,
    0.06451612903225806,
    0.5822784810126582,
    0.2898550724637681,
    0.7184466019417476,
    0.2716049382716049,
    0.25862068965517243,
    0.18823529411764706,
    0.6206896551724138,
    0.6947368421052632,
    0.4186046511627907,
    0.4036697247706422,
    0.512,
    0.3130434782608696,
    0.3783783783783784,
    0.28205128205128205,
    0.7722772277227723,
    0.3950617283950617,
    0.375,
    0.625,
    0.21782178217821782,
    0.3140495867768595,
    0.4318181818181818,
    0.09836065573770492,
    0.17687074829931973,
    0.6417910447761194,
    0.13636363636363635,
    0.5,
    0.26865671641791045,
    0.3776223776223776,
    0.6046511627906976,
    0.2597402597402597,
    0.0,
    0.12658227848101267,
    0.6115702479338843,
    0.3291139240506329,
    0.11267605633802817,
    0.1951219512195122,
    0.2972972972972973,
    0.1728395061728395,
    0.13114754098360656,
    0.4107142857142857,
    0.33766233766233766,
    0.4090909090909091,
    0.7047619047619048,
    0.2916666666666667,
    0.8041237113402062,
    0.6804123711340206,
    0.2975206611570248,
    0.38202247191011235,
    0.45652173913043476,
    0.4772727272727273,
    0.25,
    0.3584905660377358,
    0.40384615384615385,
    0.44680851063829785,
    0.5192307692307693,
    0.23404255319148937,
    0.358974358974359,
    0.2736842105263158,
    0.0,
    0.24175824175824176,
    0.28888888888888886,
    0.46153846153846156,
    0.4144144144144144,
    0.5384615384615384,
    0.7368421052631579,
    0.8073394495412844,
    0.3711340206185567,
    0.0,
    0.2597402597402597,
    0.5945945945945946,
    0.46,
    0.1643835616438356,
    0.6545454545454545,
    0.2894736842105263,
    0.03773584905660377,
    0.5934065934065934,
    0.3916083916083916,
    0.5370370370370371,
    0.1927710843373494,
    0.22727272727272727,
    0.3090909090909091,
    0.42105263157894735,
    0.5333333333333333,
    0.46017699115044247,
    0.52,
    0.18018018018018017,
    0.38,
    0.25925925925925924,
    0.5396825396825397,
    0.35555555555555557,
    0.5625,
    0.49624060150375937,
    0.5891472868217055,
    0.4230769230769231,
    0.45454545454545453,
    0.5098039215686274,
    0.11940298507462686,
    0.43103448275862066,
    0.25287356321839083
  ],