{
  "accuracy": 0.4385,
  "precision_macro": 0.4447554120258157,
  "recall_macro": 0.4385,
  "f1_macro": 0.4239956611080158,
  "precision_weighted": 0.4447554120258157,
  "recall_weighted": 0.4385,
  "f1_weighted": 0.4239956611080158,
  "per_class_f1": [
    0.6608695652173913,
    0.6666666666666666,
    0.4094488188976378,
    0.36893203883495146,
    0.411214953271028,
    0.17721518987341772,
    0.5504587155963303,
    0.22916666666666666,
    0.6111111111111112,
    0.3055555555555556,
    0.21052631578947367,
    0.4444444444444444,
    0.4861111111111111,
    0.673469387755102,
    0.5370370370370371,
    0.3037974683544304,
    0.29411764705882354,
    0.5932203389830508,
    0.4318181818181818,
    0.5531914893617021,
    0.5263157894736842,
    0.6067415730337079,
    0.64,
    0.6785714285714286,
    0.2376237623762376,
    0.5100671140939598,
    0.44036697247706424,
    0.06451612903225806,
    0.37398373983739835,
    0.1927710843373494,
    0.273972602739726,
    0.375,
    0.2736842105263158,
    0.16666666666666666,
    0.4411764705882353,
    0.37575757575757573,
    0.6115702479338843,
    0.4,
    0.44755244755244755,
    0.33707865168539325,
    0.13513513513513514,
    0.2978723404255319,
    0.4172661870503597,
    0.4583333333333333,
    0.8478260869565217,
    0.6456692913385826,
    0.4536082474226804,
    0.42857142857142855,
    0.13114754098360656,
    0.2716049382716049,
    0.5510204081632653,
    0.2696629213483146,
    0.6542056074766355,
    0.3838383838383838,
    0.475,
    0.4713375796178344,
    0.26356589147286824,
    0.6262626262626263,
    0.693069306930693,
    0.4523809523809524,
    0.4444444444444444,
    0.512396694214876,
    0.3013698630136986,
    0.37037037037037035,
    0.2191780821917808,
    0.26153846153846155,
    0.6170212765957447,
    0.208955223880597,
    0.4094488188976378,
    0.3125,
    0.273972602739726,
    0.6727272727272727,
    0.36893203883495146,
    0.4731182795698925,
    0.45714285714285713,
    0.2777777777777778,
    0.4631578947368421,
    0.15384615384615385,
    0.7368421052631579,
    0.34285714285714286,
    0.20588235294117646,
    0.7636363636363637,
    0.4339622641509434,
    0.36363636363636365,
    0.3114754098360656,
    0.37777777777777777,
    0.4473684210526316,
    0.3516483516483517,
    0.03636363636363636,
    0.40816326530612246,
    0.484375,
    0.5357142857142857,
    0.32432432432432434,
    0.47058823529411764,
    0.48695652173913045,
    0.4247787610619469,
    0.45528455284552843,
    0.453125,
    0.5048543689320388,
    0.13793103448275862,
    0.15384615384615385,
    0.5785123966942148,
    0.3466666666666667,
    0.7047619047619048,
    0.3291139240506329,
    0.2857142857142857,
    0.2549019607843137,
    0.5714285714285714,
    0.6170212765957447,
    0.48,
    0.41379310344827586,
    0.625,
    0.3333333333333333,
    0.48,
    0.33707865168539325,
    0.803921568627451,
    0.4897959183673469,
    0.5128205128205128,
    0.6542056074766355,
    0.2831858407079646,
    0.3333333333333333,
    0.40816326530612246,
    0.16666666666666666,
    0.15384615384615385,
    0.6842105263157895,
    0.27722772277227725,
    0.5,
    0.4473684210526316,
    0.45,
    0.5894736842105263,
    0.3,
    0.028169014084507043,
    0.14285714285714285,
    0.6296296296296297,
    0.4044943820224719,
    0.12121212121212122,
    0.288135593220339,
    0.23076923076923078,
    0.2033898305084746,
    0.0967741935483871,
    0.4380952380952381,
    0.32432432432432434,
    0.4888888888888889,
    0.7008547008547008,
    0.37168141592920356,
    0.7586206896551724,
    0.6741573033707865,
    0.2753623188405797,
    0.37254901960784315,
    0.5102040816326531,
    0.5454545454545454,
    0.410958904109589,
    0.4222222222222222,
    0.48214285714285715,
    0.525,
    0.4523809523809524,
    0.39436619718309857,
    0.4158415841584158,
    0.29333333333333333,
    0.09523809523809523,
    0.3684210526315789,
    0.3865546218487395,
    0.49586776859504134,
    0.4307692307692308,
    0.45161290322580644,
    0.7254901960784313,
    0.7884615384615384,
    0.44036697247706424,
    0.09230769230769231,
    0.3883495145631068,
    0.6136363636363636,
    0.4380952380952381,
    0.2222222222222222,
    0.7096774193548387,
    0.39080459770114945,
    0.03773584905660377,
    0.6597938144329897,
    0.36363636363636365,
    0.5982905982905983,
    0.23636363636363636,
    0.22429906542056074,
    0.4418604651162791,
    0.2923076923076923,
    0.4666666666666667,
    0.6415094339622641,
    0.6666666666666666,
    0.574468085106383,
    0.5,
    0.36538461538461536,
    0.5882352941176471,
    0.42424242424242425,
    0.6666666666666666,
    0.5486725663716814,
    0.6956521739130435,
    0.5132743362831859,
    0.35294117647058826,
    0.6285714285714286,
    0.23809523809523808,
    0.4782608695652174,
    0.3157894736842105
  ],