{
  "accuracy": 0.3358,
  "precision_macro": 0.3984493270928729,
  "recall_macro": 0.3358,
  "f1_macro": 0.33208183619777953,
  "precision_weighted": 0.39844932709287284,
  "recall_weighted": 0.3358,
  "f1_weighted": 0.3320818361977796,
  "per_class_f1": [
    0.42857142857142855,
    0.6605504587155964,
    0.359375,
    0.1794871794871795,
    0.3448275862068966,
    0.09090909090909091,
    0.4329896907216495,
    0.14705882352941177,
    0.5818181818181818,
    0.27586206896551724,
    0.21875,
    0.43478260869565216,
    0.47368421052631576,
    0.5882352941176471,
    0.37333333333333335,
    0.17142857142857143,
    0.14545454545454545,
    0.5301204819277109,
    0.28888888888888886,
    0.5111111111111111,
    0.3883495145631068,
    0.5681818181818182,
    0.5227272727272727,
    0.39461883408071746,
    0.17391304347826086,
    0.46551724137931033,
    0.40384615384615385,
    0.06896551724137931,
    0.34285714285714286,
    0.03389830508474576,
    0.42105263157894735,
    0.41818181818181815,
    0.038461538461538464,
    0.08571428571428572,
    0.4722222222222222,
    0.41237113402061853,
    0.6666666666666666,
    0.3188405797101449,
    0.45098039215686275,
    0.2696629213483146,
    0.0967741935483871,
    0.19718309859154928,
    0.28169014084507044,
    0.425531914893617,
    0.7961165048543689,
    0.65,
    0.14285714285714285,
    0.4318181818181818,
    0.1935483870967742,
    0.09090909090909091,
    0.5693430656934306,
    0.15873015873015872,
    0.5777777777777777,
    0.45,
    0.4,
    0.2542372881355932,
    0.04275092936802974,
    0.5346534653465347,
    0.5666666666666667,
    0.2727272727272727,
    0.41739130434782606,
    0.45528455284552843,
    0.15873015873015872,
    0.25,
    0.07142857142857142,
    0.1262135922330097,
    0.5376344086021505,
    0.10909090909090909,
    0.2727272727272727,
    0.13186813186813187,
    0.291970802919708,
    0.5591397849462365,
    0.21782178217821782,
    0.35,
    0.45217391304347826,
    0.25806451612903225,
    0.11428571428571428,
    0.08888888888888889,
    0.6464646464646465,
    0.11320754716981132,
    0.03225806451612903,
    0.672566371681416,
    0.22,
    0.2777777777777778,
    0.20408163265306123,
    0.410958904109589,
    0.475,
    0.28169014084507044,
    0.0,
    0.225,
    0.40707964601769914,
    0.4107142857142857,
    0.28205128205128205,
    0.43902439024390244,
    0.06896551724137931,
    0.3902439024390244,
    0.09523809523809523,
    0.32,
    0.42857142857142855,
    0.08333333333333333,
    0.034482758620689655,
    0.4772727272727273,
    0.1076923076923077,
    0.7169811320754716,
    0.1875,
    0.24778761061946902,
    0.1111111111111111,
    0.549618320610687,
    0.5641025641025641,
    0.2988505747126437,
    0.23529411764705882,
    0.5441176470588235,
    0.3063063063063063,
    0.3684210526315789,
    0.3037974683544304,
    0.7526881720430108,
    0.3673469387755102,
    0.4142857142857143,
    0.6382978723404256,
    0.125,
    0.22784810126582278,
    0.4827586206896552,
    0.05333333333333334,
    0.14545454545454545,
    0.6666666666666666,
    0.1518987341772152,
    0.4406779661016949,
    0.2318840579710145,
    0.3971631205673759,
    0.3902439024390244,
    0.12698412698412698,
    0.03773584905660377,
    0.12307692307692308,
    0.5849056603773585,
    0.3855421686746988,
    0.14925373134328357,
    0.15286624203821655,
    0.11904761904761904,
    0.056338028169014086,
    0.06896551724137931,
    0.2857142857142857,
    0.34782608695652173,
    0.2318840579710145,
    0.7068965517241379,
    0.2597402597402597,
    0.7961165048543689,
    0.6222222222222222,
    0.17266187050359713,
    0.16666666666666666,
    0.42105263157894735,
    0.3956043956043956,
    0.14285714285714285,
    0.16346153846153846,
    0.4482758620689655,
    0.3448275862068966,
    0.26666666666666666,
    0.22857142857142856,
    0.26262626262626265,
    0.14814814814814814,
    0.038461538461538464,
    0.24691358024691357,
    0.2972972972972973,
    0.4675324675324675,
    0.4230769230769231,
    0.4782608695652174,
    0.6521739130434783,
    0.8113207547169812,
    0.3333333333333333,
    0.0,
    0.2727272727272727,
    0.5277777777777778,
    0.4485981308411215,
    0.03571428571428571,
    0.5617977528089888,
    0.4339622641509434,
    0.0,
    0.49504950495049505,
    0.3620689655172414,
    0.5370370370370371,
    0.21951219512195122,
    0.2537313432835821,
    0.37333333333333335,
    0.3333333333333333,
    0.5581395348837209,
    0.46511627906976744,
    0.475,
    0.42735042735042733,
    0.35294117647058826,
    0.22727272727272727,
    0.4027777777777778,
    0.36893203883495146,
    0.5196850393700787,
    0.4444444444444444,
    0.5892857142857143,
    0.2265625,
    0.25,
    0.44036697247706424,
    0.09836065573770492,
    0.3418803418803419,
    0.23529411764705882
  ],