{
  "accuracy": 0.3745,
  "precision_macro": 0.39925817292303234,
  "recall_macro": 0.37450000000000006,
  "f1_macro": 0.36171288161987625,
  "precision_weighted": 0.39925817292303234,
  "recall_weighted": 0.3745,
  "f1_weighted": 0.36171288161987625,
  "per_class_f1": [
    0.5238095238095238,
    0.6271186440677966,
    0.3851851851851852,
    0.2077922077922078,
    0.3728813559322034,
    0.027777777777777776,
    0.48936170212765956,
    0.19753086419753085,
    0.6111111111111112,
    0.30057803468208094,
    0.08823529411764706,
    0.4854368932038835,
    0.4025157232704403,
    0.5769230769230769,
    0.4878048780487805,
    0.24,
    0.2033898305084746,
    0.4444444444444444,
    0.32432432432432434,
    0.4,
    0.4854368932038835,
    0.6428571428571429,
    0.6470588235294118,
    0.5547445255474452,
    0.07894736842105263,
    0.5,
    0.37398373983739835,
    0.136986301369863,
    0.368,
    0.0625,
    0.2891566265060241,
    0.41904761904761906,
    0.2222222222222222,
    0.11428571428571428,
    0.4247787610619469,
    0.39490445859872614,
    0.6862745098039216,
    0.34285714285714286,
    0.4806201550387597,
    0.28205128205128205,
    0.23529411764705882,
    0.22916666666666666,
    0.3695652173913043,
    0.4329896907216495,
    0.8367346938775511,
    0.6923076923076923,
    0.3181818181818182,
    0.5454545454545454,
    0.0967741935483871,
    0.15555555555555556,
    0.45348837209302323,
    0.22988505747126436,
    0.5631067961165048,
    0.35714285714285715,
    0.3220338983050847,
    0.3424657534246575,
    0.2127659574468085,
    0.43564356435643564,
    0.5263157894736842,
    0.32432432432432434,
    0.44776119402985076,
    0.5585585585585585,
    0.21212121212121213,
    0.3023255813953488,
    0.14705882352941177,
    0.08635578583765112,
    0.5591397849462365,
    0.13793103448275862,
    0.36363636363636365,
    0.1797752808988764,
    0.3230769230769231,
    0.6486486486486487,
    0.20689655172413793,
    0.37894736842105264,
    0.4158415841584158,
    0.2631578947368421,
    0.15,
    0.03636363636363636,
    0.6666666666666666,
    0.16393442622950818,
    0.08450704225352113,
    0.6796116504854369,
    0.417910447761194,
    0.28169014084507044,
    0.32323232323232326,
    0.3191489361702128,
    0.41025641025641024,
    0.3177570093457944,
    0.0,
    0.2571428571428571,
    0.4462809917355372,
    0.45161290322580644,
    0.2631578947368421,
    0.40350877192982454,
    0.208955223880597,
    0.3137254901960784,
    0.3409090909090909,
    0.3140495867768595,
    0.4,
    0.14084507042253522,
    0.06896551724137931,
    0.5688073394495413,
    0.3013698630136986,
    0.7586206896551724,
    0.2857142857142857,
    0.23076923076923078,
    0.16666666666666666,
    0.5396825396825397,
    0.6391752577319587,
    0.379746835443038,
    0.26373626373626374,
    0.43537414965986393,
    0.29357798165137616,
    0.2972972972972973,
    0.26506024096385544,
    0.7663551401869159,
    0.43037974683544306,
    0.45045045045045046,
    0.5882352941176471,
    0.3125,
    0.273972602739726,
    0.46938775510204084,
    0.10714285714285714,
    0.19642857142857142,
    0.6846846846846847,
    0.15384615384615385,
    0.4897959183673469,
    0.28169014084507044,
    0.4369747899159664,
    0.5625,
    0.24691358024691357,
    0.0,
    0.06896551724137931,
    0.6213592233009708,
    0.3883495145631068,
    0.13114754098360656,
    0.189873417721519,
    0.13333333333333333,
    0.1794871794871795,
    0.10714285714285714,
    0.3958333333333333,
    0.34146341463414637,
    0.36585365853658536,
    0.640625,
    0.2835820895522388,
    0.7166666666666667,
    0.6947368421052632,
    0.18691588785046728,
    0.32432432432432434,
    0.4444444444444444,
    0.5434782608695652,
    0.3225806451612903,
    0.1721311475409836,
    0.411214953271028,
    0.37362637362637363,
    0.4742268041237113,
    0.24,
    0.2894736842105263,
    0.2682926829268293,
    0.06779661016949153,
    0.275,
    0.3013698630136986,
    0.5684210526315789,
    0.2857142857142857,
    0.4369747899159664,
    0.7272727272727273,
    0.6717557251908397,
    0.345679012345679,
    0.03225806451612903,
    0.35,
    0.6046511627906976,
    0.43010752688172044,
    0.07017543859649122,
    0.6736842105263158,
    0.35789473684210527,
    0.0,
    0.509090909090909,
    0.3157894736842105,
    0.5203252032520326,
    0.15584415584415584,
    0.24,
    0.20512820512820512,
    0.367816091954023,
    0.4318181818181818,
    0.5945945945945946,
    0.5111111111111111,
    0.5454545454545454,
    0.43956043956043955,
    0.30357142857142855,
    0.6037735849056604,
    0.2891566265060241,
    0.6,
    0.46153846153846156,
    0.7102803738317757,
    0.4528301886792453,
    0.2764227642276423,
    0.4875,
    0.1322314049586777,
    0.25380710659898476,
    0.2765957446808511
  ],