{
  "accuracy": 0.4117,
  "precision_macro": 0.4105657486187916,
  "recall_macro": 0.4117,
  "f1_macro": 0.39139505415393894,
  "precision_weighted": 0.4105657486187915,
  "recall_weighted": 0.4117,
  "f1_weighted": 0.39139505415393894,
  "per_class_f1": [
    0.6595744680851063,
    0.6796116504854369,
    0.4854368932038835,
    0.36666666666666664,
    0.3779527559055118,
    0.030303030303030304,
    0.5892857142857143,
    0.25,
    0.6065573770491803,
    0.3711340206185567,
    0.15384615384615385,
    0.4528301886792453,
    0.5742574257425742,
    0.6796116504854369,
    0.5473684210526316,
    0.273972602739726,
    0.2465753424657534,
    0.49411764705882355,
    0.27722772277227725,
    0.5102040816326531,
    0.4409448818897638,
    0.6373626373626373,
    0.5263157894736842,
    0.639344262295082,
    0.0970873786407767,
    0.5925925925925926,
    0.45112781954887216,
    0.03333333333333333,
    0.30120481927710846,
    0.18823529411764706,
    0.3218390804597701,
    0.42857142857142855,
    0.3090909090909091,
    0.0,
    0.42962962962962964,
    0.4406779661016949,
    0.6796116504854369,
    0.37383177570093457,
    0.43103448275862066,
    0.2807017543859649,
    0.24742268041237114,
    0.23529411764705882,
    0.35555555555555557,
    0.4423076923076923,
    0.8316831683168316,
    0.6370370370370371,
    0.3826086956521739,
    0.43137254901960786,
    0.09090909090909091,
    0.2894736842105263,
    0.6666666666666666,
    0.2857142857142857,
    0.5109489051094891,
    0.4,
    0.5,
    0.5172413793103449,
    0.2545454545454545,
    0.5161290322580645,
    0.6666666666666666,
    0.410958904109589,
    0.43548387096774194,
    0.5,
    0.25,
    0.39603960396039606,
    0.21052631578947367,
    0.2616822429906542,
    0.6326530612244898,
    0.208955223880597,
    0.3493975903614458,
    0.27906976744186046,
    0.2765957446808511,
    0.6046511627906976,
    0.27956989247311825,
    0.3870967741935484,
    0.43243243243243246,
    0.25,
    0.3333333333333333,
    0.09523809523809523,
    0.6956521739130435,
    0.23333333333333334,
    0.18181818181818182,
    0.6935483870967742,
    0.36538461538461536,
    0.2727272727272727,
    0.33613445378151263,
    0.2682926829268293,
    0.46,
    0.34615384615384615,
    0.0392156862745098,
    0.40707964601769914,
    0.36923076923076925,
    0.5333333333333333,
    0.3333333333333333,
    0.41935483870967744,
    0.47368421052631576,
    0.4,
    0.37623762376237624,
    0.33557046979865773,
    0.42857142857142855,
    0.15151515151515152,
    0.12698412698412698,
    0.5957446808510638,
    0.3055555555555556,
    0.7755102040816326,
    0.36363636363636365,
    0.17721518987341772,
    0.18181818181818182,
    0.5714285714285714,
    0.6666666666666666,
    0.5048543689320388,
    0.2765957446808511,
    0.562962962962963,
    0.3103448275862069,
    0.35051546391752575,
    0.2597402597402597,
    0.7816091954022989,
    0.4146341463414634,
    0.49557522123893805,
    0.6491228070175439,
    0.36,
    0.30158730158730157,
    0.4772727272727273,
    0.06557377049180328,
    0.11627906976744186,
    0.6564885496183206,
    0.23809523809523808,
    0.45977011494252873,
    0.3611111111111111,
    0.36764705882352944,
    0.5773195876288659,
    0.2553191489361702,
    0.0,
    0.08333333333333333,
    0.6363636363636364,
    0.4666666666666667,
    0.17073170731707318,
    0.3013698630136986,
    0.14925373134328357,
    0.0784313725490196,
    0.03333333333333333,
    0.36666666666666664,
    0.3055555555555556,
    0.4835164835164835,
    0.6456692913385826,
    0.3597122302158273,
    0.7567567567567568,
    0.6666666666666666,
    0.23809523809523808,
    0.36036036036036034,
    0.4631578947368421,
    0.4528301886792453,
    0.22580645161290322,
    0.43902439024390244,
    0.42857142857142855,
    0.4536082474226804,
    0.4444444444444444,
    0.32432432432432434,
    0.3076923076923077,
    0.28888888888888886,
    0.0,
    0.3076923076923077,
    0.29545454545454547,
    0.4383561643835616,
    0.37254901960784315,
    0.4318181818181818,
    0.7454545454545455,
    0.7419354838709677,
    0.45544554455445546,
    0.0,
    0.2857142857142857,
    0.6736842105263158,
    0.38596491228070173,
    0.12698412698412698,
    0.6607142857142857,
    0.42696629213483145,
    0.07142857142857142,
    0.5740740740740741,
    0.3225806451612903,
    0.5736434108527132,
    0.25882352941176473,
    0.2595419847328244,
    0.27848101265822783,
    0.35398230088495575,
    0.47191011235955055,
    0.48484848484848486,
    0.48214285714285715,
    0.4878048780487805,
    0.4727272727272727,
    0.3434343434343434,
    0.42718446601941745,
    0.4318181818181818,
    0.6355140186915887,
    0.44285714285714284,
    0.6015037593984962,
    0.4,
    0.3404255319148936,
    0.543859649122807,
    0.18461538461538463,
    0.43548387096774194,
    0.30927835051546393
  ],