{
  "accuracy": 0.3347,
  "precision_macro": 0.4027240880821386,
  "recall_macro": 0.33470000000000005,
  "f1_macro": 0.3297481529544165,
  "precision_weighted": 0.40272408808213855,
  "recall_weighted": 0.3347,
  "f1_weighted": 0.3297481529544165,
  "per_class_f1": [
    0.4954128440366973,
    0.5263157894736842,
    0.34,
    0.1643835616438356,
    0.2962962962962963,
    0.0625,
    0.4057971014492754,
    0.07272727272727272,
    0.5037037037037037,
    0.2874251497005988,
    0.1791044776119403,
    0.41975308641975306,
    0.4444444444444444,
    0.4383561643835616,
    0.4057971014492754,
    0.2222222222222222,
    0.208955223880597,
    0.5227272727272727,
    0.34615384615384615,
    0.5,
    0.44642857142857145,
    0.6304347826086957,
    0.4266666666666667,
    0.242914979757085,
    0.25287356321839083,
    0.375,
    0.4383561643835616,
    0.19444444444444445,
    0.3392857142857143,
    0.037037037037037035,
    0.26865671641791045,
    0.4,
    0.0967741935483871,
    0.09836065573770492,
    0.4186046511627907,
    0.4142857142857143,
    0.608,
    0.2894736842105263,
    0.5081967213114754,
    0.12698412698412698,
    0.13114754098360656,
    0.24761904761904763,
    0.2558139534883721,
    0.43902439024390244,
    0.7857142857142857,
    0.6857142857142857,
    0.24242424242424243,
    0.5454545454545454,
    0.07272727272727272,
    0.13513513513513514,
    0.5675675675675675,
    0.21621621621621623,
    0.5777777777777777,
    0.3893805309734513,
    0.36363636363636365,
    0.23220973782771537,
    0.10810810810810811,
    0.4827586206896552,
    0.6732673267326733,
    0.30303030303030304,
    0.43333333333333335,
    0.5263157894736842,
    0.19047619047619047,
    0.18421052631578946,
    0.12048192771084337,
    0.14634146341463414,
    0.496,
    0.07407407407407407,
    0.3068181818181818,
    0.08856088560885608,
    0.3443708609271523,
    0.6386554621848739,
    0.23529411764705882,
    0.38,
    0.4307692307692308,
    0.23684210526315788,
    0.18666666666666668,
    0.06153846153846154,
    0.7252747252747253,
    0.07407407407407407,
    0.07142857142857142,
    0.7128712871287128,
    0.37254901960784315,
    0.21333333333333335,
    0.275,
    0.3614457831325301,
    0.2631578947368421,
    0.25862068965517243,
    0.0,
    0.11428571428571428,
    0.3488372093023256,
    0.4444444444444444,
    0.2571428571428571,
    0.37777777777777777,
    0.21875,
    0.3111111111111111,
    0.06779661016949153,
    0.37383177570093457,
    0.34782608695652173,
    0.0967741935483871,
    0.10344827586206896,
    0.54,
    0.2318840579710145,
    0.8045977011494253,
    0.208955223880597,
    0.2601626016260163,
    0.08108108108108109,
    0.5283018867924528,
    0.5555555555555556,
    0.2,
    0.23529411764705882,
    0.46774193548387094,
    0.3870967741935484,
    0.2597402597402597,
    0.3275862068965517,
    0.6796116504854369,
    0.3614457831325301,
    0.4642857142857143,
    0.5319148936170213,
    0.15789473684210525,
    0.21428571428571427,
    0.4827586206896552,
    0.0,
    0.16455696202531644,
    0.6732673267326733,
    0.06896551724137931,
    0.5102040816326531,
    0.3235294117647059,
    0.3669724770642202,
    0.5,
    0.16216216216216217,
    0.0392156862745098,
    0.16393442622950818,
    0.52,
    0.4634146341463415,
    0.037037037037037035,
    0.15853658536585366,
    0.1111111111111111,
    0.13636363636363635,
    0.10344827586206896,
    0.35555555555555557,
    0.2033898305084746,
    0.2727272727272727,
    0.7027027027027027,
    0.22429906542056074,
    0.7079646017699115,
    0.5957446808510638,
    0.15384615384615385,
    0.2702702702702703,
    0.39436619718309857,
    0.4782608695652174,
    0.208955223880597,
    0.304,
    0.4424778761061947,
    0.5066666666666667,
    0.5,
    0.2564102564102564,
    0.20253164556962025,
    0.15,
    0.07272727272727272,
    0.20588235294117646,
    0.3037974683544304,
    0.4444444444444444,
    0.3050847457627119,
    0.4235294117647059,
    0.5977011494252874,
    0.6785714285714286,
    0.30985915492957744,
    0.0,
    0.3333333333333333,
    0.5454545454545454,
    0.39603960396039606,
    0.03571428571428571,
    0.5535714285714286,
    0.3684210526315789,
    0.0,
    0.6078431372549019,
    0.30927835051546393,
    0.5094339622641509,
    0.16091954022988506,
    0.22641509433962265,
    0.29473684210526313,
    0.3302752293577982,
    0.37894736842105264,
    0.46511627906976744,
    0.5301204819277109,
    0.37037037037037035,
    0.3711340206185567,
    0.30434782608695654,
    0.42424242424242425,
    0.22727272727272727,
    0.4393063583815029,
    0.417910447761194,
    0.6470588235294118,
    0.4144144144144144,
    0.1643835616438356,
    0.5,
    0.14035087719298245,
    0.06271186440677966,
    0.2857142857142857
  ],