{
  "accuracy": 0.4231,
  "precision_macro": 0.4236409780544268,
  "recall_macro": 0.42310000000000003,
  "f1_macro": 0.40394987521915304,
  "precision_weighted": 0.4236409780544268,
  "recall_weighted": 0.4231,
  "f1_weighted": 0.403949875219153,
  "per_class_f1": [
    0.7450980392156863,
    0.6415094339622641,
    0.4461538461538462,
    0.36363636363636365,
    0.45714285714285713,
    0.136986301369863,
    0.5882352941176471,
    0.1917808219178082,
    0.6666666666666666,
    0.3050847457627119,
    0.28205128205128205,
    0.4782608695652174,
    0.512,
    0.6813186813186813,
    0.5376344086021505,
    0.36538461538461536,
    0.17721518987341772,
    0.48598130841121495,
    0.3333333333333333,
    0.5858585858585859,
    0.543859649122807,
    0.5892857142857143,
    0.6050420168067226,
    0.6956521739130435,
    0.1839080459770115,
    0.5423728813559322,
    0.47368421052631576,
    0.17142857142857143,
    0.4,
    0.06666666666666667,
    0.46846846846846846,
    0.4791666666666667,
    0.15384615384615385,
    0.17721518987341772,
    0.40384615384615385,
    0.39766081871345027,
    0.7079646017699115,
    0.275,
    0.528,
    0.34782608695652173,
    0.18181818181818182,
    0.35294117647058826,
    0.4528301886792453,
    0.45,
    0.86,
    0.6197183098591549,
    0.44680851063829785,
    0.4421052631578947,
    0.07017543859649122,
    0.26865671641791045,
    0.6285714285714286,
    0.25688073394495414,
    0.6818181818181818,
    0.39622641509433965,
    0.3188405797101449,
    0.4161073825503356,
    0.24806201550387597,
    0.5314685314685315,
    0.6666666666666666,
    0.3076923076923077,
    0.4177215189873418,
    0.5663716814159292,
    0.14492753623188406,
    0.3177570093457944,
    0.1791044776119403,
    0.272,
    0.5747126436781609,
    0.23684210526315788,
    0.36363636363636365,
    0.2826086956521739,
    0.30434782608695654,
    0.6785714285714286,
    0.3711340206185567,
    0.39622641509433965,
    0.46296296296296297,
    0.27586206896551724,
    0.24096385542168675,
    0.0759493670886076,
    0.7474747474747475,
    0.21875,
    0.11267605633802817,
    0.7592592592592593,
    0.43356643356643354,
    0.3037974683544304,
    0.23357664233576642,
    0.3368421052631579,
    0.3853211009174312,
    0.36585365853658536,
    0.037037037037037035,
    0.38202247191011235,
    0.47692307692307695,
    0.5,
    0.42105263157894735,
    0.367816091954023,
    0.4421052631578947,
    0.43956043956043955,
    0.3333333333333333,
    0.3898305084745763,
    0.4742268041237113,
    0.17647058823529413,
    0.125,
    0.5981308411214953,
    0.3561643835616438,
    0.7422680412371134,
    0.33707865168539325,
    0.234375,
    0.16470588235294117,
    0.46153846153846156,
    0.5982905982905983,
    0.5106382978723404,
    0.3333333333333333,
    0.5174825174825175,
    0.24806201550387597,
    0.41025641025641024,
    0.36,
    0.7755102040816326,
    0.41304347826086957,
    0.5161290322580645,
    0.6666666666666666,
    0.25925925925925924,
    0.35514018691588783,
    0.5227272727272727,
    0.11940298507462686,
    0.144,
    0.75,
    0.23809523809523808,
    0.54,
    0.35772357723577236,
    0.3707865168539326,
    0.5161290322580645,
    0.30927835051546393,
    0.0,
    0.17142857142857143,
    0.5945945945945946,
    0.367816091954023,
    0.1791044776119403,
    0.297029702970297,
    0.2153846153846154,
    0.11864406779661017,
    0.1791044776119403,
    0.3888888888888889,
    0.19047619047619047,
    0.3617021276595745,
    0.6356589147286822,
    0.33663366336633666,
    0.7884615384615384,
    0.5858585858585859,
    0.3018867924528302,
    0.3620689655172414,
    0.4827586206896552,
    0.45871559633027525,
    0.21875,
    0.5176470588235295,
    0.5454545454545454,
    0.46153846153846156,
    0.4528301886792453,
    0.3283582089552239,
    0.375,
    0.2535211267605634,
    0.03125,
    0.375,
    0.34782608695652173,
    0.5470085470085471,
    0.3902439024390244,
    0.5684210526315789,
    0.7027027027027027,
    0.7547169811320755,
    0.41509433962264153,
    0.0,
    0.2962962962962963,
    0.6464646464646465,
    0.4528301886792453,
    0.08955223880597014,
    0.6346153846153846,
    0.4074074074074074,
    0.07407407407407407,
    0.5871559633027523,
    0.37410071942446044,
    0.5179856115107914,
    0.23809523809523808,
    0.2608695652173913,
    0.49382716049382713,
    0.2777777777777778,
    0.4806201550387597,
    0.6296296296296297,
    0.5132743362831859,
    0.5161290322580645,
    0.47619047619047616,
    0.375,
    0.5454545454545454,
    0.35294117647058826,
    0.5945945945945946,
    0.47619047619047616,
    0.6956521739130435,
    0.5178571428571429,
    0.4,
    0.5740740740740741,
    0.136986301369863,
    0.4186046511627907,
    0.29411764705882354
  ],