{
  "accuracy": 0.3565,
  "precision_macro": 0.39250388885258686,
  "recall_macro": 0.3565,
  "f1_macro": 0.34511113571448954,
  "precision_weighted": 0.39250388885258686,
  "recall_weighted": 0.3565,
  "f1_weighted": 0.3451111357144895,
  "per_class_f1": [
    0.6078431372549019,
    0.6194690265486725,
    0.40425531914893614,
    0.25,
    0.28888888888888886,
    0.12844036697247707,
    0.5161290322580645,
    0.06153846153846154,
    0.5818181818181818,
    0.2916666666666667,
    0.13793103448275862,
    0.4318181818181818,
    0.43795620437956206,
    0.6086956521739131,
    0.5192307692307693,
    0.26666666666666666,
    0.13793103448275862,
    0.5128205128205128,
    0.34146341463414637,
    0.41304347826086957,
    0.42962962962962964,
    0.5132743362831859,
    0.5301204819277109,
    0.46987951807228917,
    0.1978021978021978,
    0.42990654205607476,
    0.4158415841584158,
    0.1643835616438356,
    0.3076923076923077,
    0.03225806451612903,
    0.47706422018348627,
    0.38095238095238093,
    0.2222222222222222,
    0.15,
    0.3333333333333333,
    0.4,
    0.7083333333333334,
    0.32432432432432434,
    0.4264705882352941,
    0.19718309859154928,
    0.1282051282051282,
    0.18181818181818182,
    0.28846153846153844,
    0.4819277108433735,
    0.845360824742268,
    0.6495726495726496,
    0.15151515151515152,
    0.5454545454545454,
    0.16666666666666666,
    0.21621621621621623,
    0.5390070921985816,
    0.25263157894736843,
    0.5050505050505051,
    0.2988505747126437,
    0.34285714285714286,
    0.375,
    0.10256410256410256,
    0.4485981308411215,
    0.5925925925925926,
    0.19672131147540983,
    0.3815028901734104,
    0.5689655172413793,
    0.22535211267605634,
    0.35294117647058826,
    0.13793103448275862,
    0.14096916299559473,
    0.5233644859813084,
    0.21212121212121213,
    0.3764705882352941,
    0.19753086419753085,
    0.2891566265060241,
    0.5909090909090909,
    0.1978021978021978,
    0.4077669902912621,
    0.38095238095238093,
    0.2222222222222222,
    0.18823529411764706,
    0.08823529411764706,
    0.7111111111111111,
    0.23333333333333334,
    0.09836065573770492,
    0.803921568627451,
    0.2600896860986547,
    0.2222222222222222,
    0.2553191489361702,
    0.2571428571428571,
    0.416,
    0.29411764705882354,
    0.0,
    0.2823529411764706,
    0.4117647058823529,
    0.3561643835616438,
    0.3235294117647059,
    0.35555555555555557,
    0.46601941747572817,
    0.3137254901960784,
    0.1794871794871795,
    0.30158730158730157,
    0.40384615384615385,
    0.1111111111111111,
    0.1111111111111111,
    0.5783132530120482,
    0.25,
    0.7912087912087912,
    0.10714285714285714,
    0.24242424242424243,
    0.18181818181818182,
    0.4473684210526316,
    0.574468085106383,
    0.35,
    0.1791044776119403,
    0.5555555555555556,
    0.30303030303030304,
    0.3170731707317073,
    0.3076923076923077,
    0.723404255319149,
    0.35443037974683544,
    0.5185185185185185,
    0.5666666666666667,
    0.07407407407407407,
    0.23333333333333334,
    0.4166666666666667,
    0.1,
    0.1320754716981132,
    0.6842105263157895,
    0.18947368421052632,
    0.5842696629213483,
    0.25316455696202533,
    0.4057971014492754,
    0.46846846846846846,
    0.0967741935483871,
    0.0,
    0.11764705882352941,
    0.5892857142857143,
    0.4672897196261682,
    0.13793103448275862,
    0.16,
    0.037037037037037035,
    0.13846153846153847,
    0.06153846153846154,
    0.2814814814814815,
    0.2857142857142857,
    0.26506024096385544,
    0.640625,
    0.23008849557522124,
    0.8113207547169812,
    0.6851851851851852,
    0.21739130434782608,
    0.24,
    0.46511627906976744,
    0.4375,
    0.15384615384615385,
    0.29714285714285715,
    0.4883720930232558,
    0.4533333333333333,
    0.48,
    0.1791044776119403,
    0.29333333333333333,
    0.18181818181818182,
    0.0,
    0.225,
    0.2222222222222222,
    0.39473684210526316,
    0.288,
    0.42424242424242425,
    0.660377358490566,
    0.7619047619047619,
    0.3373493975903614,
    0.03636363636363636,
    0.32727272727272727,
    0.5625,
    0.3157894736842105,
    0.11764705882352941,
    0.6363636363636364,
    0.40404040404040403,
    0.0,
    0.4444444444444444,
    0.3380281690140845,
    0.5982905982905983,
    0.20512820512820512,
    0.2191780821917808,
    0.2857142857142857,
    0.2702702702702703,
    0.4418604651162791,
    0.5894736842105263,
    0.5121951219512195,
    0.43137254901960786,
    0.4807692307692308,
    0.3191489361702128,
    0.4235294117647059,
    0.30434782608695654,
    0.5223880597014925,
    0.44285714285714284,
    0.6324786324786325,
    0.26666666666666666,
    0.2696629213483146,
    0.4444444444444444,
    0.06557377049180328,
    0.1354723707664884,
    0.2553191489361702
  ],