{
  "accuracy": 0.3955,
  "precision_macro": 0.3994998468899108,
  "recall_macro": 0.3955,
  "f1_macro": 0.37648805871719654,
  "precision_weighted": 0.3994998468899108,
  "recall_weighted": 0.3955,
  "f1_weighted": 0.3764880587171965,
  "per_class_f1": [
    0.6666666666666666,
    0.6610169491525424,
    0.42424242424242425,
    0.3,
    0.391304347826087,
    0.13333333333333333,
    0.5625,
    0.21739130434782608,
    0.6238532110091743,
    0.359375,
    0.16666666666666666,
    0.48936170212765956,
    0.48695652173913045,
    0.6588235294117647,
    0.5168539325842697,
    0.2631578947368421,
    0.27692307692307694,
    0.4473684210526316,
    0.30656934306569344,
    0.5409836065573771,
    0.4835164835164835,
    0.6666666666666666,
    0.6019417475728155,
    0.7192982456140351,
    0.13636363636363635,
    0.42857142857142855,
    0.4406779661016949,
    0.08450704225352113,
    0.30434782608695654,
    0.09090909090909091,
    0.40816326530612246,
    0.52,
    0.2597402597402597,
    0.16666666666666666,
    0.4426229508196721,
    0.448,
    0.6238532110091743,
    0.2553191489361702,
    0.46017699115044247,
    0.35051546391752575,
    0.24719101123595505,
    0.27586206896551724,
    0.3855421686746988,
    0.4883720930232558,
    0.8301886792452831,
    0.6923076923076923,
    0.3950617283950617,
    0.5217391304347826,
    0.037037037037037035,
    0.1414141414141414,
    0.5161290322580645,
    0.1956521739130435,
    0.616822429906542,
    0.3893805309734513,
    0.4,
    0.3698630136986301,
    0.17777777777777778,
    0.5294117647058824,
    0.6557377049180327,
    0.3835616438356164,
    0.36904761904761907,
    0.46808510638297873,
    0.136986301369863,
    0.28865979381443296,
    0.0967741935483871,
    0.17054263565891473,
    0.4782608695652174,
    0.25,
    0.35294117647058826,
    0.23157894736842105,
    0.32098765432098764,
    0.5950413223140496,
    0.3287671232876712,
    0.42735042735042733,
    0.49557522123893805,
    0.125,
    0.23376623376623376,
    0.13793103448275862,
    0.7115384615384616,
    0.11267605633802817,
    0.11940298507462686,
    0.672566371681416,
    0.3609022556390977,
    0.25,
    0.24793388429752067,
    0.4523809523809524,
    0.4791666666666667,
    0.375,
    0.03773584905660377,
    0.32653061224489793,
    0.46551724137931033,
    0.4715447154471545,
    0.3188405797101449,
    0.3898305084745763,
    0.46715328467153283,
    0.3783783783783784,
    0.36363636363636365,
    0.304635761589404,
    0.3916083916083916,
    0.1891891891891892,
    0.16,
    0.5319148936170213,
    0.3076923076923077,
    0.7157894736842105,
    0.30952380952380953,
    0.25688073394495414,
    0.1411764705882353,
    0.5528455284552846,
    0.6111111111111112,
    0.375,
    0.2597402597402597,
    0.47761194029850745,
    0.3188405797101449,
    0.2823529411764706,
    0.23157894736842105,
    0.6608695652173913,
    0.41818181818181815,
    0.45454545454545453,
    0.6,
    0.3387096774193548,
    0.25316455696202533,
    0.45161290322580644,
    0.06557377049180328,
    0.20202020202020202,
    0.6324786324786325,
    0.20930232558139536,
    0.41379310344827586,
    0.33707865168539325,
    0.34444444444444444,
    0.4782608695652174,
    0.17391304347826086,
    0.0,
    0.125,
    0.6,
    0.4166666666666667,
    0.14084507042253522,
    0.2235294117647059,
    0.15151515151515152,
    0.16,
    0.05263157894736842,
    0.3333333333333333,
    0.3561643835616438,
    0.3508771929824561,
    0.7272727272727273,
    0.3389830508474576,
    0.7241379310344828,
    0.5794392523364486,
    0.17857142857142858,
    0.37735849056603776,
    0.3561643835616438,
    0.4444444444444444,
    0.1791044776119403,
    0.410958904109589,
    0.3116883116883117,
    0.4470588235294118,
    0.46464646464646464,
    0.16,
    0.3218390804597701,
    0.26804123711340205,
    0.038461538461538464,
    0.19753086419753085,
    0.2962962962962963,
    0.4444444444444444,
    0.35294117647058826,
    0.4444444444444444,
    0.7339449541284404,
    0.782608695652174,
    0.38461538461538464,
    0.0,
    0.3877551020408163,
    0.5979381443298969,
    0.49557522123893805,
    0.1016949152542373,
    0.5894736842105263,
    0.21875,
    0.1,
    0.5436893203883495,
    0.3708609271523179,
    0.5346534653465347,
    0.14492753623188406,
    0.23853211009174313,
    0.37735849056603776,
    0.34285714285714286,
    0.47058823529411764,
    0.5871559633027523,
    0.5098039215686274,
    0.5346534653465347,
    0.42424242424242425,
    0.3392857142857143,
    0.5,
    0.35789473684210527,
    0.5693430656934306,
    0.464,
    0.6486486486486487,
    0.4628099173553719,
    0.3958333333333333,
    0.5660377358490566,
    0.32608695652173914,
    0.3389830508474576,
    0.28888888888888886
  ],