{
  "accuracy": 0.3681,
  "precision_macro": 0.3877564701435188,
  "recall_macro": 0.36810000000000004,
  "f1_macro": 0.35423159299541807,
  "precision_weighted": 0.3877564701435189,
  "recall_weighted": 0.3681,
  "f1_weighted": 0.354231592995418,
  "per_class_f1": [
    0.6415094339622641,
    0.65,
    0.28846153846153844,
    0.3595505617977528,
    0.3466666666666667,
    0.028169014084507043,
    0.6095238095238096,
    0.08333333333333333,
    0.5669291338582677,
    0.2037037037037037,
    0.17391304347826086,
    0.3409090909090909,
    0.48120300751879697,
    0.5777777777777777,
    0.45454545454545453,
    0.05714285714285714,
    0.06451612903225806,
    0.33557046979865773,
    0.2765957446808511,
    0.37714285714285717,
    0.45217391304347826,
    0.6666666666666666,
    0.5714285714285714,
    0.6065573770491803,
    0.23529411764705882,
    0.425531914893617,
    0.4793388429752066,
    0.07407407407407407,
    0.2882882882882883,
    0.11267605633802817,
    0.32,
    0.47191011235955055,
    0.24390243902439024,
    0.22535211267605634,
    0.5106382978723404,
    0.42748091603053434,
    0.6666666666666666,
    0.27956989247311825,
    0.3389830508474576,
    0.29213483146067415,
    0.16901408450704225,
    0.16666666666666666,
    0.16129032258064516,
    0.40816326530612246,
    0.8,
    0.6,
    0.28865979381443296,
    0.41379310344827586,
    0.12121212121212122,
    0.22727272727272727,
    0.5606060606060606,
    0.33613445378151263,
    0.5301204819277109,
    0.32098765432098764,
    0.4418604651162791,
    0.39759036144578314,
    0.17647058823529413,
    0.4444444444444444,
    0.7169811320754716,
    0.2222222222222222,
    0.3712574850299401,
    0.5833333333333334,
    0.2465753424657534,
    0.2857142857142857,
    0.06060606060606061,
    0.16101694915254236,
    0.5581395348837209,
    0.24,
    0.26993865030674846,
    0.13953488372093023,
    0.25263157894736843,
    0.6407766990291263,
    0.16129032258064516,
    0.345679012345679,
    0.3883495145631068,
    0.25882352941176473,
    0.23880597014925373,
    0.0759493670886076,
    0.7358490566037735,
    0.10526315789473684,
    0.0821917808219178,
    0.7222222222222222,
    0.375,
    0.24175824175824176,
    0.21176470588235294,
    0.36036036036036034,
    0.4523809523809524,
    0.379746835443038,
    0.06666666666666667,
    0.3870967741935484,
    0.3697478991596639,
    0.3898305084745763,
    0.175,
    0.29473684210526313,
    0.45871559633027525,
    0.37623762376237624,
    0.35294117647058826,
    0.3,
    0.3888888888888889,
    0.06451612903225806,
    0.07142857142857142,
    0.5176470588235295,
    0.2823529411764706,
    0.7272727272727273,
    0.11594202898550725,
    0.3047619047619048,
    0.20689655172413793,
    0.5892857142857143,
    0.6194690265486725,
    0.3333333333333333,
    0.2191780821917808,
    0.43636363636363634,
    0.265625,
    0.2535211267605634,
    0.3619047619047619,
    0.7047619047619048,
    0.3783783783783784,
    0.43478260869565216,
    0.5205479452054794,
    0.27450980392156865,
    0.26506024096385544,
    0.4050632911392405,
    0.08955223880597014,
    0.14432989690721648,
    0.6548672566371682,
    0.07228915662650602,
    0.4716981132075472,
    0.32432432432432434,
    0.42857142857142855,
    0.5681818181818182,
    0.1388888888888889,
    0.03076923076923077,
    0.10344827586206896,
    0.6115702479338843,
    0.42857142857142855,
    0.03508771929824561,
    0.24427480916030533,
    0.13793103448275862,
    0.20512820512820512,
    0.07272727272727272,
    0.34408602150537637,
    0.3291139240506329,
    0.35135135135135137,
    0.6141732283464567,
    0.2641509433962264,
    0.7479674796747967,
    0.6530612244897959,
    0.21897810218978103,
    0.28865979381443296,
    0.43478260869565216,
    0.4489795918367347,
    0.26865671641791045,
    0.22058823529411764,
    0.4421052631578947,
    0.4842105263157895,
    0.4,
    0.3380281690140845,
    0.3076923076923077,
    0.16901408450704225,
    0.03225806451612903,
    0.25,
    0.25,
    0.5411764705882353,
    0.4485981308411215,
    0.5,
    0.6542056074766355,
    0.7924528301886793,
    0.41379310344827586,
    0.03636363636363636,
    0.345679012345679,
    0.6601941747572816,
    0.3,
    0.0967741935483871,
    0.6888888888888889,
    0.49019607843137253,
    0.0,
    0.5567010309278351,
    0.3140495867768595,
    0.6744186046511628,
    0.1,
    0.2912621359223301,
    0.35555555555555557,
    0.3595505617977528,
    0.5681818181818182,
    0.5858585858585859,
    0.48484848484848486,
    0.24358974358974358,
    0.375,
    0.07505518763796909,
    0.54,
    0.367816091954023,
    0.5486725663716814,
    0.45161290322580644,
    0.6115702479338843,
    0.2962962962962963,
    0.2857142857142857,
    0.3438914027149321,
    0.13793103448275862,
    0.48598130841121495,
    0.2376237623762376
  ],