{
  "accuracy": 0.418,
  "precision_macro": 0.42482536888865835,
  "recall_macro": 0.418,
  "f1_macro": 0.4007117444688093,
  "precision_weighted": 0.42482536888865824,
  "recall_weighted": 0.418,
  "f1_weighted": 0.40071174446880925,
  "per_class_f1": [
    0.6857142857142857,
    0.6268656716417911,
    0.36764705882352944,
    0.32323232323232326,
    0.4460431654676259,
    0.13592233009708737,
    0.5769230769230769,
    0.20408163265306123,
    0.5606060606060606,
    0.32432432432432434,
    0.2597402597402597,
    0.4247787610619469,
    0.4915254237288136,
    0.6346153846153846,
    0.4578313253012048,
    0.2391304347826087,
    0.1935483870967742,
    0.5894736842105263,
    0.32967032967032966,
    0.5050505050505051,
    0.4793388429752066,
    0.6078431372549019,
    0.5901639344262295,
    0.6923076923076923,
    0.3023255813953488,
    0.5319148936170213,
    0.4318181818181818,
    0.17391304347826086,
    0.37398373983739835,
    0.21333333333333335,
    0.24719101123595505,
    0.4027777777777778,
    0.27941176470588236,
    0.24444444444444444,
    0.5128205128205128,
    0.4172661870503597,
    0.6355140186915887,
    0.40625,
    0.5882352941176471,
    0.3684210526315789,
    0.1643835616438356,
    0.21782178217821782,
    0.37623762376237624,
    0.4489795918367347,
    0.8627450980392157,
    0.5899280575539568,
    0.273972602739726,
    0.41739130434782606,
    0.17647058823529413,
    0.2894736842105263,
    0.5531914893617021,
    0.32653061224489793,
    0.6296296296296297,
    0.38636363636363635,
    0.3333333333333333,
    0.4430379746835443,
    0.1956521739130435,
    0.5436893203883495,
    0.6605504587155964,
    0.4,
    0.375,
    0.5862068965517241,
    0.21052631578947367,
    0.3434343434343434,
    0.12307692307692308,
    0.25862068965517243,
    0.5283018867924528,
    0.23880597014925373,
    0.3888888888888889,
    0.37777777777777777,
    0.30158730158730157,
    0.6290322580645161,
    0.3137254901960784,
    0.35789473684210527,
    0.5203252032520326,
    0.3287671232876712,
    0.2571428571428571,
    0.031746031746031744,
    0.7115384615384616,
    0.2153846153846154,
    0.1388888888888889,
    0.7692307692307693,
    0.43410852713178294,
    0.21951219512195122,
    0.3300970873786408,
    0.23684210526315788,
    0.43243243243243246,
    0.3684210526315789,
    0.07547169811320754,
    0.37777777777777777,
    0.44,
    0.49557522123893805,
    0.3956043956043956,
    0.42,
    0.20588235294117646,
    0.42718446601941745,
    0.32558139534883723,
    0.375,
    0.4642857142857143,
    0.175,
    0.1891891891891892,
    0.651685393258427,
    0.2631578947368421,
    0.7291666666666666,
    0.32098765432098764,
    0.2857142857142857,
    0.18018018018018017,
    0.5241379310344828,
    0.6923076923076923,
    0.4186046511627907,
    0.3076923076923077,
    0.5873015873015873,
    0.2711864406779661,
    0.3111111111111111,
    0.3469387755102041,
    0.74,
    0.41818181818181815,
    0.48854961832061067,
    0.6218487394957983,
    0.32653061224489793,
    0.25742574257425743,
    0.4318181818181818,
    0.06896551724137931,
    0.19402985074626866,
    0.6356589147286822,
    0.2777777777777778,
    0.46153846153846156,
    0.375,
    0.40336134453781514,
    0.6,
    0.23404255319148937,
    0.03636363636363636,
    0.0967741935483871,
    0.6440677966101694,
    0.43956043956043955,
    0.0975609756097561,
    0.323943661971831,
    0.23333333333333334,
    0.17391304347826086,
    0.09523809523809523,
    0.37168141592920356,
    0.30952380952380953,
    0.40476190476190477,
    0.6548672566371682,
    0.48214285714285715,
    0.782608695652174,
    0.6666666666666666,
    0.30434782608695654,
    0.4235294117647059,
    0.4470588235294118,
    0.45871559633027525,
    0.2857142857142857,
    0.5333333333333333,
    0.45161290322580644,
    0.41304347826086957,
    0.46153846153846156,
    0.3058823529411765,
    0.4,
    0.16129032258064516,
    0.11428571428571428,
    0.35772357723577236,
    0.3218390804597701,
    0.42105263157894735,
    0.37894736842105264,
    0.5283018867924528,
    0.7191011235955056,
    0.7889908256880734,
    0.4583333333333333,
    0.06666666666666667,
    0.2828282828282828,
    0.6823529411764706,
    0.44642857142857145,
    0.16901408450704225,
    0.6875,
    0.5531914893617021,
    0.07272727272727272,
    0.6238532110091743,
    0.3466666666666667,
    0.5945945945945946,
    0.17073170731707318,
    0.23214285714285715,
    0.4578313253012048,
    0.3333333333333333,
    0.4854368932038835,
    0.5918367346938775,
    0.5208333333333334,
    0.4854368932038835,
    0.4752475247524752,
    0.28205128205128205,
    0.4262295081967213,
    0.39215686274509803,
    0.584070796460177,
    0.6060606060606061,
    0.6722689075630253,
    0.512,
    0.3619047619047619,
    0.6071428571428571,
    0.18461538461538463,
    0.43312101910828027,
    0.2702702702702703
  ],