{
  "accuracy": 0.4291,
  "precision_macro": 0.42931276778992666,
  "recall_macro": 0.42910000000000004,
  "f1_macro": 0.41217242168364593,
  "precision_weighted": 0.4293127677899267,
  "recall_weighted": 0.4291,
  "f1_weighted": 0.41217242168364593,
  "per_class_f1": [
    0.6666666666666666,
    0.6504065040650406,
    0.411214953271028,
    0.3146067415730337,
    0.432,
    0.08,
    0.6296296296296297,
    0.25,
    0.576271186440678,
    0.323943661971831,
    0.10526315789473684,
    0.45454545454545453,
    0.5151515151515151,
    0.673469387755102,
    0.5,
    0.26506024096385544,
    0.25806451612903225,
    0.5208333333333334,
    0.3106796116504854,
    0.5614035087719298,
    0.49206349206349204,
    0.6236559139784946,
    0.5390070921985816,
    0.7304347826086957,
    0.2222222222222222,
    0.40404040404040403,
    0.41379310344827586,
    0.03389830508474576,
    0.34782608695652173,
    0.0967741935483871,
    0.4166666666666667,
    0.5360824742268041,
    0.20454545454545456,
    0.25,
    0.5094339622641509,
    0.4084507042253521,
    0.7010309278350515,
    0.4044943820224719,
    0.47863247863247865,
    0.32323232323232326,
    0.3191489361702128,
    0.3111111111111111,
    0.4,
    0.43478260869565216,
    0.8316831683168316,
    0.7619047619047619,
    0.4375,
    0.4631578947368421,
    0.13513513513513514,
    0.18181818181818182,
    0.592,
    0.3728813559322034,
    0.5925925925925926,
    0.40860215053763443,
    0.39436619718309857,
    0.4260355029585799,
    0.14736842105263157,
    0.5964912280701754,
    0.6538461538461539,
    0.36363636363636365,
    0.4217687074829932,
    0.46551724137931033,
    0.22535211267605634,
    0.391304347826087,
    0.2077922077922078,
    0.2446043165467626,
    0.5473684210526316,
    0.37333333333333335,
    0.43243243243243246,
    0.34951456310679613,
    0.3146067415730337,
    0.6785714285714286,
    0.3620689655172414,
    0.4421052631578947,
    0.41509433962264153,
    0.4155844155844156,
    0.27848101265822783,
    0.09375,
    0.7428571428571429,
    0.34375,
    0.11940298507462686,
    0.822429906542056,
    0.3916083916083916,
    0.2736842105263158,
    0.29310344827586204,
    0.3870967741935484,
    0.34782608695652173,
    0.35398230088495575,
    0.03636363636363636,
    0.40404040404040403,
    0.4642857142857143,
    0.5454545454545454,
    0.4044943820224719,
    0.4144144144144144,
    0.44680851063829785,
    0.40860215053763443,
    0.47619047619047616,
    0.3333333333333333,
    0.4864864864864865,
    0.13513513513513514,
    0.08955223880597014,
    0.6236559139784946,
    0.20512820512820512,
    0.7474747474747475,
    0.3013698630136986,
    0.26666666666666666,
    0.27184466019417475,
    0.6846846846846847,
    0.6923076923076923,
    0.3968253968253968,
    0.32989690721649484,
    0.5333333333333333,
    0.3333333333333333,
    0.3611111111111111,
    0.3853211009174312,
    0.78,
    0.44680851063829785,
    0.4752475247524752,
    0.6306306306306306,
    0.3157894736842105,
    0.3252032520325203,
    0.5168539325842697,
    0.16216216216216217,
    0.2014388489208633,
    0.6666666666666666,
    0.23529411764705882,
    0.45098039215686275,
    0.34146341463414637,
    0.42105263157894735,
    0.5576923076923077,
    0.2926829268292683,
    0.0,
    0.12307692307692308,
    0.6379310344827587,
    0.4158415841584158,
    0.24,
    0.29213483146067415,
    0.2857142857142857,
    0.15841584158415842,
    0.2318840579710145,
    0.47706422018348627,
    0.35135135135135137,
    0.4144144144144144,
    0.6842105263157895,
    0.3448275862068966,
    0.7787610619469026,
    0.6666666666666666,
    0.21505376344086022,
    0.3582089552238806,
    0.4158415841584158,
    0.5161290322580645,
    0.3283582089552239,
    0.4731182795698925,
    0.543859649122807,
    0.4943820224719101,
    0.43956043956043955,
    0.28205128205128205,
    0.32989690721649484,
    0.28888888888888886,
    0.06779661016949153,
    0.3305785123966942,
    0.46511627906976744,
    0.5348837209302325,
    0.3888888888888889,
    0.5084745762711864,
    0.7291666666666666,
    0.7213114754098361,
    0.4421052631578947,
    0.06557377049180328,
    0.4,
    0.5979381443298969,
    0.5042016806722689,
    0.18181818181818182,
    0.7346938775510204,
    0.46938775510204084,
    0.03773584905660377,
    0.594059405940594,
    0.4107142857142857,
    0.672566371681416,
    0.10126582278481013,
    0.21428571428571427,
    0.3448275862068966,
    0.3047619047619048,
    0.5111111111111111,
    0.5517241379310345,
    0.5681818181818182,
    0.52,
    0.45454545454545453,
    0.4,
    0.5087719298245614,
    0.4158415841584158,
    0.5507246376811594,
    0.4857142857142857,
    0.6666666666666666,
    0.4827586206896552,
    0.3564356435643564,
    0.5103448275862069,
    0.27184466019417475,
    0.4409448818897638,
    0.3364485981308411
  ],