{
  "accuracy": 0.4248,
  "precision_macro": 0.4344240000690452,
  "recall_macro": 0.42479999999999996,
  "f1_macro": 0.409096228666011,
  "precision_weighted": 0.43442400006904536,
  "recall_weighted": 0.4248,
  "f1_weighted": 0.4090962286660109,
  "per_class_f1": [
    0.6776859504132231,
    0.6727272727272727,
    0.4217687074829932,
    0.22784810126582278,
    0.3963963963963964,
    0.08108108108108109,
    0.5656565656565656,
    0.16,
    0.6055045871559633,
    0.3442622950819672,
    0.2727272727272727,
    0.5242718446601942,
    0.4074074074074074,
    0.673469387755102,
    0.5647058823529412,
    0.25,
    0.25396825396825395,
    0.4413793103448276,
    0.36065573770491804,
    0.5161290322580645,
    0.5084745762711864,
    0.6593406593406593,
    0.6601941747572816,
    0.7647058823529411,
    0.25,
    0.5794392523364486,
    0.45255474452554745,
    0.18461538461538463,
    0.3816793893129771,
    0.06451612903225806,
    0.44,
    0.5045045045045045,
    0.26373626373626374,
    0.21359223300970873,
    0.46715328467153283,
    0.33695652173913043,
    0.7291666666666666,
    0.43902439024390244,
    0.47540983606557374,
    0.3448275862068966,
    0.11940298507462686,
    0.18181818181818182,
    0.3620689655172414,
    0.3953488372093023,
    0.8484848484848485,
    0.6981132075471698,
    0.4,
    0.47191011235955055,
    0.15384615384615385,
    0.0967741935483871,
    0.5306122448979592,
    0.2912621359223301,
    0.6274509803921569,
    0.3137254901960784,
    0.45544554455445546,
    0.41379310344827586,
    0.24242424242424243,
    0.5,
    0.5538461538461539,
    0.39473684210526316,
    0.5272727272727272,
    0.5116279069767442,
    0.30985915492957744,
    0.41304347826086957,
    0.16666666666666666,
    0.16766467065868262,
    0.5517241379310345,
    0.24691358024691357,
    0.3953488372093023,
    0.35294117647058826,
    0.15151515151515152,
    0.6732673267326733,
    0.26804123711340205,
    0.4444444444444444,
    0.35,
    0.3188405797101449,
    0.34782608695652173,
    0.1111111111111111,
    0.8085106382978723,
    0.2903225806451613,
    0.06557377049180328,
    0.76,
    0.3902439024390244,
    0.20454545454545456,
    0.29545454545454547,
    0.3617021276595745,
    0.46464646464646464,
    0.30303030303030304,
    0.03636363636363636,
    0.3963963963963964,
    0.46956521739130436,
    0.4339622641509434,
    0.3291139240506329,
    0.4,
    0.425531914893617,
    0.4423076923076923,
    0.367816091954023,
    0.375,
    0.4329896907216495,
    0.16,
    0.16,
    0.6222222222222222,
    0.29545454545454547,
    0.7169811320754716,
    0.15873015873015872,
    0.2975206611570248,
    0.21951219512195122,
    0.5967741935483871,
    0.6458333333333334,
    0.49523809523809526,
    0.391304347826087,
    0.49635036496350365,
    0.3076923076923077,
    0.358974358974359,
    0.43564356435643564,
    0.8282828282828283,
    0.43478260869565216,
    0.44680851063829785,
    0.6846846846846847,
    0.2127659574468085,
    0.3106796116504854,
    0.4752475247524752,
    0.16901408450704225,
    0.22764227642276422,
    0.7068965517241379,
    0.3116883116883117,
    0.5,
    0.4470588235294118,
    0.4186046511627907,
    0.5357142857142857,
    0.34951456310679613,
    0.0,
    0.07142857142857142,
    0.6290322580645161,
    0.4339622641509434,
    0.1643835616438356,
    0.23958333333333334,
    0.22535211267605634,
    0.18,
    0.11594202898550725,
    0.45098039215686275,
    0.37037037037037035,
    0.4146341463414634,
    0.7454545454545455,
    0.4158415841584158,
    0.7256637168141593,
    0.5636363636363636,
    0.2653061224489796,
    0.35514018691588783,
    0.4186046511627907,
    0.5227272727272727,
    0.26666666666666666,
    0.4533333333333333,
    0.5271317829457365,
    0.48717948717948717,
    0.5048543689320388,
    0.36363636363636365,
    0.3333333333333333,
    0.32075471698113206,
    0.15384615384615385,
    0.3870967741935484,
    0.30612244897959184,
    0.4810126582278481,
    0.34782608695652173,
    0.4716981132075472,
    0.7592592592592593,
    0.803921568627451,
    0.40816326530612246,
    0.07142857142857142,
    0.43010752688172044,
    0.6382978723404256,
    0.43103448275862066,
    0.17721518987341772,
    0.7291666666666666,
    0.46,
    0.06896551724137931,
    0.5742574257425742,
    0.2857142857142857,
    0.6095238095238096,
    0.17777777777777778,
    0.20155038759689922,
    0.45544554455445546,
    0.33070866141732286,
    0.5116279069767442,
    0.6306306306306306,
    0.5918367346938775,
    0.5567010309278351,
    0.5825242718446602,
    0.4842105263157895,
    0.6666666666666666,
    0.3917525773195876,
    0.6065573770491803,
    0.5470085470085471,
    0.6495726495726496,
    0.4807692307692308,
    0.36363636363636365,
    0.4606741573033708,
    0.2727272727272727,
    0.45161290322580644,
    0.2782608695652174
  ],