{
  "accuracy": 0.3666,
  "precision_macro": 0.3988908480617965,
  "recall_macro": 0.3666,
  "f1_macro": 0.3595688782209349,
  "precision_weighted": 0.39889084806179653,
  "recall_weighted": 0.3666,
  "f1_weighted": 0.3595688782209349,
  "per_class_f1": [
    0.6521739130434783,
    0.543046357615894,
    0.3448275862068966,
    0.2823529411764706,
    0.30357142857142855,
    0.0625,
    0.5057471264367817,
    0.15217391304347827,
    0.6476190476190476,
    0.23931623931623933,
    0.17721518987341772,
    0.5,
    0.5576923076923077,
    0.4222222222222222,
    0.5517241379310345,
    0.2153846153846154,
    0.12903225806451613,
    0.475,
    0.30357142857142855,
    0.40336134453781514,
    0.4,
    0.5894736842105263,
    0.5894736842105263,
    0.5434782608695652,
    0.0963855421686747,
    0.5,
    0.5148514851485149,
    0.030303030303030304,
    0.3559322033898305,
    0.06060606060606061,
    0.2962962962962963,
    0.3611111111111111,
    0.125,
    0.12345679012345678,
    0.36220472440944884,
    0.43103448275862066,
    0.6956521739130435,
    0.3883495145631068,
    0.5409836065573771,
    0.25882352941176473,
    0.12698412698412698,
    0.33962264150943394,
    0.23448275862068965,
    0.4444444444444444,
    0.8113207547169812,
    0.7291666666666666,
    0.3218390804597701,
    0.5054945054945055,
    0.2,
    0.24691358024691357,
    0.5481481481481482,
    0.3,
    0.5961538461538461,
    0.3058823529411765,
    0.379746835443038,
    0.3870967741935484,
    0.2926829268292683,
    0.44274809160305345,
    0.7070707070707071,
    0.2597402597402597,
    0.36904761904761907,
    0.5565217391304348,
    0.23076923076923078,
    0.3148148148148148,
    0.11267605633802817,
    0.18421052631578946,
    0.5319148936170213,
    0.1016949152542373,
    0.3373493975903614,
    0.14285714285714285,
    0.26,
    0.7083333333333334,
    0.09523809523809523,
    0.4631578947368421,
    0.34782608695652173,
    0.25316455696202533,
    0.25,
    0.13333333333333333,
    0.7021276595744681,
    0.07142857142857142,
    0.06557377049180328,
    0.7068965517241379,
    0.4247787610619469,
    0.28205128205128205,
    0.234375,
    0.2191780821917808,
    0.4444444444444444,
    0.35789473684210527,
    0.03508771929824561,
    0.36065573770491804,
    0.4421052631578947,
    0.5794392523364486,
    0.21875,
    0.4,
    0.27848101265822783,
    0.3875968992248062,
    0.25287356321839083,
    0.3472222222222222,
    0.42857142857142855,
    0.05714285714285714,
    0.06451612903225806,
    0.5617977528089888,
    0.29508196721311475,
    0.7216494845360825,
    0.3047619047619048,
    0.2564102564102564,
    0.17475728155339806,
    0.6542056074766355,
    0.5555555555555556,
    0.449438202247191,
    0.32098765432098764,
    0.4666666666666667,
    0.23728813559322035,
    0.2777777777777778,
    0.32558139534883723,
    0.7647058823529411,
    0.45977011494252873,
    0.4158415841584158,
    0.5932203389830508,
    0.20869565217391303,
    0.2463768115942029,
    0.4175824175824176,
    0.07692307692307693,
    0.14285714285714285,
    0.6554621848739496,
    0.15384615384615385,
    0.4946236559139785,
    0.2535211267605634,
    0.4144144144144144,
    0.5742574257425742,
    0.22950819672131148,
    0.0,
    0.0,
    0.576,
    0.4175824175824176,
    0.0,
    0.3140495867768595,
    0.03571428571428571,
    0.1941747572815534,
    0.08571428571428572,
    0.37623762376237624,
    0.2898550724637681,
    0.41025641025641024,
    0.6461538461538462,
    0.24060150375939848,
    0.773109243697479,
    0.6122448979591837,
    0.2,
    0.22857142857142856,
    0.4,
    0.41904761904761906,
    0.22950819672131148,
    0.391304347826087,
    0.4827586206896552,
    0.46153846153846156,
    0.4222222222222222,
    0.29411764705882354,
    0.2926829268292683,
    0.21333333333333335,
    0.0851063829787234,
    0.24390243902439024,
    0.325,
    0.5494505494505495,
    0.3333333333333333,
    0.5045045045045045,
    0.6923076923076923,
    0.8118811881188119,
    0.3673469387755102,
    0.03508771929824561,
    0.4222222222222222,
    0.5365853658536586,
    0.35658914728682173,
    0.07017543859649122,
    0.6881720430107527,
    0.3132530120481928,
    0.0,
    0.49206349206349204,
    0.40336134453781514,
    0.5185185185185185,
    0.16470588235294117,
    0.21176470588235294,
    0.38461538461538464,
    0.2597402597402597,
    0.42424242424242425,
    0.5853658536585366,
    0.5411764705882353,
    0.3779527559055118,
    0.449438202247191,
    0.3333333333333333,
    0.5393258426966292,
    0.23711340206185566,
    0.5492957746478874,
    0.42424242424242425,
    0.6823529411764706,
    0.3853211009174312,
    0.2247191011235955,
    0.5254237288135594,
    0.10526315789473684,
    0.08126410835214447,
    0.3023255813953488
  ],