{
  "accuracy": 0.3975,
  "precision_macro": 0.39898361669964666,
  "recall_macro": 0.3975,
  "f1_macro": 0.3790706749577121,
  "precision_weighted": 0.3989836166996466,
  "recall_weighted": 0.3975,
  "f1_weighted": 0.3790706749577121,
  "per_class_f1": [
    0.6666666666666666,
    0.6440677966101694,
    0.39097744360902253,
    0.3130434782608696,
    0.3958333333333333,
    0.10204081632653061,
    0.5806451612903226,
    0.2608695652173913,
    0.5964912280701754,
    0.3076923076923077,
    0.2222222222222222,
    0.5617977528089888,
    0.5166666666666667,
    0.4878048780487805,
    0.4946236559139785,
    0.23809523809523808,
    0.2972972972972973,
    0.49504950495049505,
    0.2857142857142857,
    0.512396694214876,
    0.4727272727272727,
    0.6,
    0.6732673267326733,
    0.7307692307692307,
    0.2727272727272727,
    0.6067415730337079,
    0.4462809917355372,
    0.13513513513513514,
    0.3333333333333333,
    0.07017543859649122,
    0.3958333333333333,
    0.4107142857142857,
    0.13559322033898305,
    0.1038961038961039,
    0.4605263157894737,
    0.4647887323943662,
    0.6464646464646465,
    0.3516483516483517,
    0.5384615384615384,
    0.44660194174757284,
    0.24719101123595505,
    0.29213483146067415,
    0.3218390804597701,
    0.43956043956043955,
    0.8155339805825242,
    0.6511627906976745,
    0.4230769230769231,
    0.5348837209302325,
    0.13559322033898305,
    0.20512820512820512,
    0.6304347826086957,
    0.25,
    0.5483870967741935,
    0.3063063063063063,
    0.4444444444444444,
    0.5263157894736842,
    0.23655913978494625,
    0.48484848484848486,
    0.6238532110091743,
    0.34782608695652173,
    0.4566929133858268,
    0.46511627906976744,
    0.3157894736842105,
    0.34782608695652173,
    0.21333333333333335,
    0.16541353383458646,
    0.48484848484848486,
    0.15384615384615385,
    0.3431372549019608,
    0.2727272727272727,
    0.3130434782608696,
    0.6782608695652174,
    0.3076923076923077,
    0.33962264150943394,
    0.3502824858757062,
    0.32,
    0.2564102564102564,
    0.027777777777777776,
    0.76,
    0.26229508196721313,
    0.0967741935483871,
    0.6857142857142857,
    0.35772357723577236,
    0.275,
    0.24096385542168675,
    0.3614457831325301,
    0.4,
    0.3,
    0.0,
    0.3617021276595745,
    0.4666666666666667,
    0.4915254237288136,
    0.3132530120481928,
    0.3939393939393939,
    0.17142857142857143,
    0.5208333333333334,
    0.3333333333333333,
    0.2601626016260163,
    0.4740740740740741,
    0.15584415584415584,
    0.12121212121212122,
    0.5057471264367817,
    0.13793103448275862,
    0.6909090909090909,
    0.23255813953488372,
    0.2807017543859649,
    0.075,
    0.5573770491803278,
    0.6304347826086957,
    0.3434343434343434,
    0.2727272727272727,
    0.4605263157894737,
    0.3235294117647059,
    0.3333333333333333,
    0.27848101265822783,
    0.7155963302752294,
    0.40350877192982454,
    0.43103448275862066,
    0.5901639344262295,
    0.22784810126582278,
    0.3103448275862069,
    0.43478260869565216,
    0.028985507246376812,
    0.20952380952380953,
    0.7155963302752294,
    0.13333333333333333,
    0.46296296296296297,
    0.358974358974359,
    0.3803680981595092,
    0.5,
    0.2558139534883721,
    0.034482758620689655,
    0.21621621621621623,
    0.6213592233009708,
    0.4523809523809524,
    0.06779661016949153,
    0.2235294117647059,
    0.3333333333333333,
    0.16279069767441862,
    0.09375,
    0.38016528925619836,
    0.27848101265822783,
    0.36363636363636365,
    0.7090909090909091,
    0.2727272727272727,
    0.7377049180327869,
    0.673469387755102,
    0.25196850393700787,
    0.3364485981308411,
    0.38461538461538464,
    0.42276422764227645,
    0.25,
    0.3404255319148936,
    0.4807692307692308,
    0.4044943820224719,
    0.28205128205128205,
    0.24489795918367346,
    0.3956043956043956,
    0.18421052631578946,
    0.030303030303030304,
    0.3404255319148936,
    0.32323232323232326,
    0.4835164835164835,
    0.4,
    0.5420560747663551,
    0.6666666666666666,
    0.65625,
    0.35555555555555557,
    0.0,
    0.3220338983050847,
    0.5714285714285714,
    0.41818181818181815,
    0.03773584905660377,
    0.5660377358490566,
    0.24242424242424243,
    0.0,
    0.56,
    0.36065573770491804,
    0.5981308411214953,
    0.14893617021276595,
    0.2077922077922078,
    0.3053435114503817,
    0.22727272727272727,
    0.5116279069767442,
    0.5581395348837209,
    0.5934065934065934,
    0.45098039215686275,
    0.5319148936170213,
    0.38461538461538464,
    0.4807692307692308,
    0.3925233644859813,
    0.6031746031746031,
    0.42038216560509556,
    0.6307692307692307,
    0.4247787610619469,
    0.43243243243243246,
    0.5663716814159292,
    0.2702702702702703,
    0.3,
    0.2708333333333333
  ],