{
  "accuracy": 0.4394,
  "precision_macro": 0.4392327432455504,
  "recall_macro": 0.43940000000000007,
  "f1_macro": 0.4237940799434824,
  "precision_weighted": 0.4392327432455504,
  "recall_weighted": 0.4394,
  "f1_weighted": 0.4237940799434824,
  "per_class_f1": [
    0.7115384615384616,
    0.6722689075630253,
    0.416,
    0.2962962962962963,
    0.4580152671755725,
    0.1,
    0.6122448979591837,
    0.35714285714285715,
    0.6407766990291263,
    0.35398230088495575,
    0.13513513513513514,
    0.5607476635514018,
    0.5765765765765766,
    0.68,
    0.5681818181818182,
    0.39080459770114945,
    0.1794871794871795,
    0.5555555555555556,
    0.3047619047619048,
    0.5319148936170213,
    0.5254237288135594,
    0.6741573033707865,
    0.5714285714285714,
    0.7454545454545455,
    0.22448979591836735,
    0.5692307692307692,
    0.5333333333333333,
    0.17391304347826086,
    0.43137254901960786,
    0.057971014492753624,
    0.42857142857142855,
    0.5376344086021505,
    0.3655913978494624,
    0.27586206896551724,
    0.4807692307692308,
    0.43478260869565216,
    0.6846846846846847,
    0.4329896907216495,
    0.509090909090909,
    0.38636363636363635,
    0.3076923076923077,
    0.2857142857142857,
    0.4077669902912621,
    0.48936170212765956,
    0.8235294117647058,
    0.7755102040816326,
    0.42857142857142855,
    0.43859649122807015,
    0.12903225806451613,
    0.3132530120481928,
    0.6271186440677966,
    0.38202247191011235,
    0.6458333333333334,
    0.3893805309734513,
    0.5063291139240507,
    0.4662576687116564,
    0.3333333333333333,
    0.6037735849056604,
    0.6862745098039216,
    0.3888888888888889,
    0.44285714285714284,
    0.5641025641025641,
    0.24390243902439024,
    0.4,
    0.2894736842105263,
    0.23931623931623933,
    0.5416666666666666,
    0.2,
    0.42105263157894735,
    0.3541666666666667,
    0.29310344827586204,
    0.6727272727272727,
    0.32,
    0.3404255319148936,
    0.453125,
    0.367816091954023,
    0.3170731707317073,
    0.11267605633802817,
    0.7472527472527473,
    0.25396825396825395,
    0.1839080459770115,
    0.7339449541284404,
    0.43609022556390975,
    0.24,
    0.34782608695652173,
    0.45977011494252873,
    0.5333333333333333,
    0.32608695652173914,
    0.037037037037037035,
    0.4158415841584158,
    0.5303030303030303,
    0.4807692307692308,
    0.35294117647058826,
    0.3582089552238806,
    0.48936170212765956,
    0.41025641025641024,
    0.39622641509433965,
    0.37623762376237624,
    0.532258064516129,
    0.2191780821917808,
    0.15151515151515152,
    0.6019417475728155,
    0.3448275862068966,
    0.7291666666666666,
    0.12121212121212122,
    0.3008849557522124,
    0.234375,
    0.5673758865248227,
    0.6666666666666666,
    0.5045045045045045,
    0.3181818181818182,
    0.5826771653543307,
    0.3230769230769231,
    0.43010752688172044,
    0.35789473684210527,
    0.7567567567567568,
    0.3,
    0.48598130841121495,
    0.5689655172413793,
    0.31666666666666665,
    0.2564102564102564,
    0.48717948717948717,
    0.09523809523809523,
    0.1834862385321101,
    0.7586206896551724,
    0.24242424242424243,
    0.525,
    0.3191489361702128,
    0.43548387096774194,
    0.5432098765432098,
    0.29906542056074764,
    0.0,
    0.11764705882352941,
    0.6407766990291263,
    0.4578313253012048,
    0.18823529411764706,
    0.38333333333333336,
    0.30303030303030304,
    0.17307692307692307,
    0.11594202898550725,
    0.5319148936170213,
    0.3684210526315789,
    0.3829787234042553,
    0.6902654867256637,
    0.36363636363636365,
    0.7627118644067796,
    0.6138613861386139,
    0.37168141592920356,
    0.45871559633027525,
    0.4943820224719101,
    0.3969465648854962,
    0.3880597014925373,
    0.46938775510204084,
    0.5142857142857142,
    0.48,
    0.5098039215686274,
    0.32727272727272727,
    0.3137254901960784,
    0.21428571428571427,
    0.06349206349206349,
    0.3368421052631579,
    0.3888888888888889,
    0.44660194174757284,
    0.42990654205607476,
    0.5423728813559322,
    0.7450980392156863,
    0.7155963302752294,
    0.4536082474226804,
    0.08823529411764706,
    0.3764705882352941,
    0.6741573033707865,
    0.4842105263157895,
    0.12698412698412698,
    0.6736842105263158,
    0.4536082474226804,
    0.07272727272727272,
    0.5688073394495413,
    0.2882882882882883,
    0.68,
    0.24615384615384617,
    0.23529411764705882,
    0.42276422764227645,
    0.3486238532110092,
    0.5287356321839081,
    0.5576923076923077,
    0.5420560747663551,
    0.46601941747572817,
    0.4672897196261682,
    0.3409090909090909,
    0.5607476635514018,
    0.37209302325581395,
    0.64,
    0.527027027027027,
    0.5925925925925926,
    0.484375,
    0.30434782608695654,
    0.6307692307692307,
    0.3111111111111111,
    0.42857142857142855,
    0.29473684210526313
  ],