{
  "accuracy": 0.3822,
  "precision_macro": 0.3946933836311854,
  "recall_macro": 0.38220000000000004,
  "f1_macro": 0.3661130160619335,
  "precision_weighted": 0.3946933836311854,
  "recall_weighted": 0.3822,
  "f1_weighted": 0.3661130160619335,
  "per_class_f1": [
    0.6785714285714286,
    0.593103448275862,
    0.38620689655172413,
    0.25316455696202533,
    0.32116788321167883,
    0.08928571428571429,
    0.5309734513274337,
    0.19753086419753085,
    0.625,
    0.31932773109243695,
    0.0821917808219178,
    0.42201834862385323,
    0.5087719298245614,
    0.509090909090909,
    0.45977011494252873,
    0.21686746987951808,
    0.19718309859154928,
    0.6,
    0.29473684210526313,
    0.43859649122807015,
    0.5050505050505051,
    0.5555555555555556,
    0.6262626262626263,
    0.5555555555555556,
    0.21568627450980393,
    0.47619047619047616,
    0.46464646464646464,
    0.16666666666666666,
    0.4166666666666667,
    0.14084507042253522,
    0.3958333333333333,
    0.5471698113207547,
    0.05714285714285714,
    0.06153846153846154,
    0.4444444444444444,
    0.4423076923076923,
    0.72,
    0.4358974358974359,
    0.5523809523809524,
    0.38202247191011235,
    0.1,
    0.273972602739726,
    0.32786885245901637,
    0.3958333333333333,
    0.8775510204081632,
    0.6341463414634146,
    0.3373493975903614,
    0.5050505050505051,
    0.136986301369863,
    0.2222222222222222,
    0.4925373134328358,
    0.35294117647058826,
    0.5982905982905983,
    0.45098039215686275,
    0.38961038961038963,
    0.3173076923076923,
    0.2692307692307692,
    0.5576923076923077,
    0.6923076923076923,
    0.208955223880597,
    0.38509316770186336,
    0.5299145299145299,
    0.13114754098360656,
    0.2608695652173913,
    0.1643835616438356,
    0.13333333333333333,
    0.5094339622641509,
    0.1016949152542373,
    0.32038834951456313,
    0.2,
    0.3333333333333333,
    0.6126126126126126,
    0.225,
    0.3620689655172414,
    0.4424778761061947,
    0.21052631578947367,
    0.225,
    0.0,
    0.717391304347826,
    0.1935483870967742,
    0.03389830508474576,
    0.6896551724137931,
    0.43902439024390244,
    0.21428571428571427,
    0.2482758620689655,
    0.3829787234042553,
    0.379746835443038,
    0.3409090909090909,
    0.10714285714285714,
    0.3448275862068966,
    0.46938775510204084,
    0.5344827586206896,
    0.35,
    0.40860215053763443,
    0.18461538461538463,
    0.3669724770642202,
    0.37362637362637363,
    0.2876712328767123,
    0.4067796610169492,
    0.0449438202247191,
    0.06779661016949153,
    0.5287356321839081,
    0.24324324324324326,
    0.7047619047619048,
    0.29333333333333333,
    0.17142857142857143,
    0.2465753424657534,
    0.5072463768115942,
    0.6804123711340206,
    0.42,
    0.3595505617977528,
    0.4533333333333333,
    0.3238095238095238,
    0.3466666666666667,
    0.3137254901960784,
    0.723404255319149,
    0.3711340206185567,
    0.43137254901960786,
    0.6140350877192983,
    0.2074074074074074,
    0.1889763779527559,
    0.4489795918367347,
    0.07142857142857142,
    0.1414141414141414,
    0.6779661016949152,
    0.2247191011235955,
    0.4835164835164835,
    0.3157894736842105,
    0.40384615384615385,
    0.5714285714285714,
    0.16129032258064516,
    0.03125,
    0.09836065573770492,
    0.5576923076923077,
    0.4,
    0.0,
    0.26229508196721313,
    0.13333333333333333,
    0.08080808080808081,
    0.05714285714285714,
    0.4146341463414634,
    0.3283582089552239,
    0.40476190476190477,
    0.64,
    0.2689075630252101,
    0.7258064516129032,
    0.6666666666666666,
    0.22018348623853212,
    0.26804123711340205,
    0.4,
    0.4897959183673469,
    0.3076923076923077,
    0.10989010989010989,
    0.4642857142857143,
    0.41509433962264153,
    0.47058823529411764,
    0.16216216216216217,
    0.3333333333333333,
    0.15151515151515152,
    0.06666666666666667,
    0.23853211009174313,
    0.2962962962962963,
    0.4367816091954023,
    0.2982456140350877,
    0.4745762711864407,
    0.6730769230769231,
    0.7722772277227723,
    0.46296296296296297,
    0.07017543859649122,
    0.28865979381443296,
    0.5606060606060606,
    0.35294117647058826,
    0.10344827586206896,
    0.6153846153846154,
    0.3595505617977528,
    0.0,
    0.6666666666666666,
    0.31343283582089554,
    0.46153846153846156,
    0.19047619047619047,
    0.1978021978021978,
    0.2696629213483146,
    0.34408602150537637,
    0.45,
    0.6326530612244898,
    0.5473684210526316,
    0.49411764705882355,
    0.4444444444444444,
    0.35,
    0.5714285714285714,
    0.36363636363636365,
    0.5801526717557252,
    0.411214953271028,
    0.6106870229007634,
    0.4297520661157025,
    0.38181818181818183,
    0.5619834710743802,
    0.22857142857142856,
    0.24285714285714285,
    0.15584415584415584
  ],