{
  "accuracy": 0.4452,
  "precision_macro": 0.4463056032609229,
  "recall_macro": 0.44520000000000004,
  "f1_macro": 0.4295127085414836,
  "precision_weighted": 0.4463056032609229,
  "recall_weighted": 0.4452,
  "f1_weighted": 0.4295127085414835,
  "per_class_f1": [
    0.7321428571428571,
    0.7128712871287128,
    0.425531914893617,
    0.2571428571428571,
    0.42857142857142855,
    0.028169014084507043,
    0.6363636363636364,
    0.2619047619047619,
    0.6548672566371682,
    0.2753623188405797,
    0.136986301369863,
    0.5102040816326531,
    0.47863247863247865,
    0.7578947368421053,
    0.5555555555555556,
    0.32608695652173914,
    0.29411764705882354,
    0.5873015873015873,
    0.32558139534883723,
    0.5242718446601942,
    0.5076923076923077,
    0.6534653465346535,
    0.608,
    0.7628865979381443,
    0.26666666666666666,
    0.5161290322580645,
    0.48148148148148145,
    0.14492753623188406,
    0.4044943820224719,
    0.19753086419753085,
    0.3333333333333333,
    0.49019607843137253,
    0.358974358974359,
    0.3170731707317073,
    0.4819277108433735,
    0.39215686274509803,
    0.6972477064220184,
    0.4067796610169492,
    0.5045045045045045,
    0.4,
    0.20253164556962025,
    0.3170731707317073,
    0.32857142857142857,
    0.5523809523809524,
    0.8076923076923077,
    0.6612903225806451,
    0.46551724137931033,
    0.46715328467153283,
    0.2,
    0.24444444444444444,
    0.5794392523364486,
    0.3448275862068966,
    0.6730769230769231,
    0.46808510638297873,
    0.49382716049382713,
    0.5038167938931297,
    0.2391304347826087,
    0.5957446808510638,
    0.6727272727272727,
    0.39436619718309857,
    0.5079365079365079,
    0.5849056603773585,
    0.3076923076923077,
    0.3225806451612903,
    0.24324324324324326,
    0.2653061224489796,
    0.6041666666666666,
    0.29411764705882354,
    0.46715328467153283,
    0.3157894736842105,
    0.3218390804597701,
    0.7027027027027027,
    0.3564356435643564,
    0.5048543689320388,
    0.48484848484848486,
    0.3950617283950617,
    0.3137254901960784,
    0.030303030303030304,
    0.7959183673469388,
    0.28169014084507044,
    0.11428571428571428,
    0.7079646017699115,
    0.42990654205607476,
    0.23880597014925373,
    0.37383177570093457,
    0.3333333333333333,
    0.40963855421686746,
    0.3218390804597701,
    0.0,
    0.42857142857142855,
    0.43283582089552236,
    0.5454545454545454,
    0.32098765432098764,
    0.47706422018348627,
    0.375,
    0.4423076923076923,
    0.3956043956043956,
    0.34615384615384615,
    0.4715447154471545,
    0.16666666666666666,
    0.20512820512820512,
    0.6170212765957447,
    0.27848101265822783,
    0.74,
    0.2765957446808511,
    0.3119266055045872,
    0.23214285714285715,
    0.6140350877192983,
    0.6915887850467289,
    0.5,
    0.37735849056603776,
    0.576,
    0.35514018691588783,
    0.37777777777777777,
    0.4,
    0.7777777777777778,
    0.37037037037037035,
    0.5233644859813084,
    0.5942028985507246,
    0.2962962962962963,
    0.2601626016260163,
    0.4752475247524752,
    0.07017543859649122,
    0.205607476635514,
    0.7256637168141593,
    0.23529411764705882,
    0.5274725274725275,
    0.37362637362637363,
    0.509090909090909,
    0.5894736842105263,
    0.24719101123595505,
    0.0,
    0.1891891891891892,
    0.6776859504132231,
    0.4854368932038835,
    0.125,
    0.2608695652173913,
    0.24242424242424243,
    0.11764705882352941,
    0.1791044776119403,
    0.38181818181818183,
    0.3333333333333333,
    0.411214953271028,
    0.7522935779816514,
    0.39344262295081966,
    0.7964601769911505,
    0.6804123711340206,
    0.29850746268656714,
    0.4,
    0.47706422018348627,
    0.49019607843137253,
    0.40540540540540543,
    0.47619047619047616,
    0.5811965811965812,
    0.5121951219512195,
    0.48598130841121495,
    0.3561643835616438,
    0.42105263157894735,
    0.3170731707317073,
    0.07142857142857142,
    0.32727272727272727,
    0.35658914728682173,
    0.5168539325842697,
    0.5555555555555556,
    0.5042016806722689,
    0.8,
    0.8163265306122449,
    0.41304347826086957,
    0.12121212121212122,
    0.4782608695652174,
    0.6666666666666666,
    0.46938775510204084,
    0.1728395061728395,
    0.6666666666666666,
    0.4158415841584158,
    0.10714285714285714,
    0.6808510638297872,
    0.3448275862068966,
    0.6017699115044248,
    0.29473684210526313,
    0.26229508196721313,
    0.38095238095238093,
    0.3548387096774194,
    0.5161290322580645,
    0.5423728813559322,
    0.56,
    0.5148514851485149,
    0.52,
    0.3655913978494624,
    0.5370370370370371,
    0.39655172413793105,
    0.6226415094339622,
    0.5688073394495413,
    0.6379310344827587,
    0.5607476635514018,
    0.38596491228070173,
    0.609375,
    0.297029702970297,
    0.5172413793103449,
    0.3103448275862069
  ],