{
  "accuracy": 0.4361,
  "precision_macro": 0.4444372026048223,
  "recall_macro": 0.4361,
  "f1_macro": 0.42097540385252713,
  "precision_weighted": 0.4444372026048222,
  "recall_weighted": 0.4361,
  "f1_weighted": 0.4209754038525271,
  "per_class_f1": [
    0.7428571428571429,
    0.7096774193548387,
    0.4838709677419355,
    0.2153846153846154,
    0.4107142857142857,
    0.08333333333333333,
    0.723404255319149,
    0.2,
    0.6,
    0.28125,
    0.3076923076923077,
    0.5148514851485149,
    0.5436893203883495,
    0.64,
    0.5411764705882353,
    0.37037037037037035,
    0.23076923076923078,
    0.5,
    0.3793103448275862,
    0.4576271186440678,
    0.5409836065573771,
    0.6530612244897959,
    0.6732673267326733,
    0.6896551724137931,
    0.2524271844660194,
    0.5436893203883495,
    0.48,
    0.10714285714285714,
    0.31666666666666665,
    0.16666666666666666,
    0.45569620253164556,
    0.5227272727272727,
    0.3132530120481928,
    0.20833333333333334,
    0.5777777777777777,
    0.44776119402985076,
    0.6938775510204082,
    0.30927835051546393,
    0.4186046511627907,
    0.3373493975903614,
    0.29545454545454547,
    0.2558139534883721,
    0.41509433962264153,
    0.4827586206896552,
    0.819047619047619,
    0.6942148760330579,
    0.4,
    0.5048543689320388,
    0.09090909090909091,
    0.2857142857142857,
    0.6115702479338843,
    0.3076923076923077,
    0.5981308411214953,
    0.4318181818181818,
    0.35294117647058826,
    0.4966442953020134,
    0.2807017543859649,
    0.5833333333333334,
    0.7659574468085106,
    0.3561643835616438,
    0.46153846153846156,
    0.5283018867924528,
    0.22988505747126436,
    0.3333333333333333,
    0.20253164556962025,
    0.22666666666666666,
    0.5567010309278351,
    0.25,
    0.375,
    0.37037037037037035,
    0.2696629213483146,
    0.6611570247933884,
    0.358974358974359,
    0.41237113402061853,
    0.4380952380952381,
    0.29333333333333333,
    0.3956043956043956,
    0.03571428571428571,
    0.76,
    0.3283582089552239,
    0.12987012987012986,
    0.7058823529411765,
    0.4094488188976378,
    0.3,
    0.3225806451612903,
    0.4175824175824176,
    0.4782608695652174,
    0.37606837606837606,
    0.03636363636363636,
    0.4423076923076923,
    0.4,
    0.4732824427480916,
    0.3218390804597701,
    0.43478260869565216,
    0.42990654205607476,
    0.41509433962264153,
    0.35051546391752575,
    0.3815028901734104,
    0.4727272727272727,
    0.10526315789473684,
    0.21212121212121213,
    0.5925925925925926,
    0.4044943820224719,
    0.7608695652173914,
    0.16129032258064516,
    0.25,
    0.32653061224489793,
    0.5982905982905983,
    0.7291666666666666,
    0.5,
    0.2962962962962963,
    0.5147058823529411,
    0.358974358974359,
    0.35443037974683544,
    0.3877551020408163,
    0.7735849056603774,
    0.43956043956043955,
    0.5631067961165048,
    0.6271186440677966,
    0.25882352941176473,
    0.3114754098360656,
    0.4523809523809524,
    0.2,
    0.2014388489208633,
    0.64,
    0.3434343434343434,
    0.4716981132075472,
    0.4444444444444444,
    0.4217687074829932,
    0.5567010309278351,
    0.3125,
    0.0,
    0.11764705882352941,
    0.628099173553719,
    0.5365853658536586,
    0.08955223880597014,
    0.3037974683544304,
    0.22857142857142856,
    0.1592920353982301,
    0.14084507042253522,
    0.4074074074074074,
    0.30303030303030304,
    0.5,
    0.7256637168141593,
    0.3925233644859813,
    0.7747747747747747,
    0.6542056074766355,
    0.21739130434782608,
    0.3963963963963964,
    0.4230769230769231,
    0.5319148936170213,
    0.36363636363636365,
    0.4883720930232558,
    0.42,
    0.525,
    0.5542168674698795,
    0.3466666666666667,
    0.4329896907216495,
    0.19047619047619047,
    0.1016949152542373,
    0.44285714285714284,
    0.4166666666666667,
    0.5301204819277109,
    0.3883495145631068,
    0.4715447154471545,
    0.7474747474747475,
    0.831858407079646,
    0.4126984126984127,
    0.08333333333333333,
    0.3157894736842105,
    0.6153846153846154,
    0.5102040816326531,
    0.16129032258064516,
    0.6666666666666666,
    0.44036697247706424,
    0.07017543859649122,
    0.6021505376344086,
    0.4153846153846154,
    0.6605504587155964,
    0.21428571428571427,
    0.18181818181818182,
    0.4166666666666667,
    0.3047619047619048,
    0.5517241379310345,
    0.7317073170731707,
    0.5393258426966292,
    0.5319148936170213,
    0.5,
    0.36666666666666664,
    0.6122448979591837,
    0.4166666666666667,
    0.6078431372549019,
    0.49624060150375937,
    0.6964285714285714,
    0.4603174603174603,
    0.3333333333333333,
    0.48,
    0.23076923076923078,
    0.45390070921985815,
    0.3023255813953488
  ],