{
  "accuracy": 0.4235,
  "precision_macro": 0.4254459059740067,
  "recall_macro": 0.4235,
  "f1_macro": 0.40672687647323064,
  "precision_weighted": 0.42544590597400667,
  "recall_weighted": 0.4235,
  "f1_weighted": 0.40672687647323064,
  "per_class_f1": [
    0.631578947368421,
    0.7289719626168224,
    0.44642857142857145,
    0.3695652173913043,
    0.4262295081967213,
    0.16161616161616163,
    0.6415094339622641,
    0.028985507246376812,
    0.7254901960784313,
    0.3424657534246575,
    0.2028985507246377,
    0.45217391304347826,
    0.464,
    0.6593406593406593,
    0.5714285714285714,
    0.32653061224489793,
    0.21333333333333335,
    0.5686274509803921,
    0.26785714285714285,
    0.5319148936170213,
    0.5043478260869565,
    0.66,
    0.584070796460177,
    0.6896551724137931,
    0.20833333333333334,
    0.4740740740740741,
    0.4806201550387597,
    0.0,
    0.36666666666666664,
    0.2702702702702703,
    0.4752475247524752,
    0.47058823529411764,
    0.32558139534883723,
    0.17647058823529413,
    0.48,
    0.4129032258064516,
    0.6548672566371682,
    0.4536082474226804,
    0.5185185185185185,
    0.3883495145631068,
    0.25,
    0.3076923076923077,
    0.5111111111111111,
    0.5052631578947369,
    0.8541666666666666,
    0.717948717948718,
    0.4036697247706422,
    0.4057971014492754,
    0.13157894736842105,
    0.2222222222222222,
    0.5671641791044776,
    0.32,
    0.6326530612244898,
    0.37894736842105264,
    0.4050632911392405,
    0.4507042253521127,
    0.26262626262626265,
    0.48148148148148145,
    0.6732673267326733,
    0.38095238095238093,
    0.5084745762711864,
    0.5357142857142857,
    0.2535211267605634,
    0.34408602150537637,
    0.1016949152542373,
    0.1523809523809524,
    0.5714285714285714,
    0.33766233766233766,
    0.379746835443038,
    0.3238095238095238,
    0.1728395061728395,
    0.6774193548387096,
    0.3125,
    0.4375,
    0.4444444444444444,
    0.18947368421052632,
    0.2608695652173913,
    0.10714285714285714,
    0.6724137931034483,
    0.25396825396825395,
    0.1388888888888889,
    0.711864406779661,
    0.3611111111111111,
    0.24719101123595505,
    0.23333333333333334,
    0.25,
    0.47191011235955055,
    0.37037037037037035,
    0.0,
    0.4,
    0.4027777777777778,
    0.48333333333333334,
    0.36585365853658536,
    0.4666666666666667,
    0.46551724137931033,
    0.41379310344827586,
    0.24489795918367346,
    0.3310344827586207,
    0.4835164835164835,
    0.1794871794871795,
    0.11627906976744186,
    0.6956521739130435,
    0.2972972972972973,
    0.7254901960784313,
    0.3287671232876712,
    0.3220338983050847,
    0.23300970873786409,
    0.5548387096774193,
    0.631578947368421,
    0.4318181818181818,
    0.31683168316831684,
    0.5645161290322581,
    0.3333333333333333,
    0.4383561643835616,
    0.3333333333333333,
    0.7321428571428571,
    0.41025641025641024,
    0.41904761904761906,
    0.66,
    0.3010752688172043,
    0.3,
    0.4375,
    0.0,
    0.20118343195266272,
    0.7619047619047619,
    0.21428571428571427,
    0.5102040816326531,
    0.3516483516483517,
    0.43902439024390244,
    0.6075949367088608,
    0.25,
    0.06779661016949153,
    0.125,
    0.6446280991735537,
    0.4716981132075472,
    0.034482758620689655,
    0.27586206896551724,
    0.2077922077922078,
    0.1346153846153846,
    0.1388888888888889,
    0.45714285714285713,
    0.325,
    0.45,
    0.6612903225806451,
    0.40816326530612246,
    0.7884615384615384,
    0.68,
    0.2982456140350877,
    0.375,
    0.4631578947368421,
    0.47619047619047616,
    0.43037974683544306,
    0.4155844155844156,
    0.36585365853658536,
    0.43956043956043955,
    0.4835164835164835,
    0.3218390804597701,
    0.25,
    0.28169014084507044,
    0.14925373134328357,
    0.3728813559322034,
    0.37254901960784315,
    0.5217391304347826,
    0.366412213740458,
    0.4827586206896552,
    0.7610619469026548,
    0.82,
    0.43956043956043955,
    0.06349206349206349,
    0.32653061224489793,
    0.6352941176470588,
    0.41935483870967744,
    0.15873015873015872,
    0.6915887850467289,
    0.43037974683544306,
    0.03773584905660377,
    0.5825242718446602,
    0.35384615384615387,
    0.5652173913043478,
    0.27722772277227725,
    0.19548872180451127,
    0.2857142857142857,
    0.3106796116504854,
    0.5176470588235295,
    0.5476190476190477,
    0.5641025641025641,
    0.52,
    0.5208333333333334,
    0.3614457831325301,
    0.49056603773584906,
    0.3853211009174312,
    0.5538461538461539,
    0.4393939393939394,
    0.65,
    0.46846846846846846,
    0.42016806722689076,
    0.5663716814159292,
    0.24299065420560748,
    0.48,
    0.32967032967032966
  ],