{
  "accuracy": 0.4212,
  "precision_macro": 0.42891810312258066,
  "recall_macro": 0.4212,
  "f1_macro": 0.40278608934423665,
  "precision_weighted": 0.42891810312258055,
  "recall_weighted": 0.4212,
  "f1_weighted": 0.40278608934423665,
  "per_class_f1": [
    0.7252747252747253,
    0.6981132075471698,
    0.4307692307692308,
    0.28846153846153844,
    0.4496124031007752,
    0.11363636363636363,
    0.576271186440678,
    0.3838383838383838,
    0.6923076923076923,
    0.3902439024390244,
    0.26666666666666666,
    0.42735042735042733,
    0.5076923076923077,
    0.6067415730337079,
    0.5454545454545454,
    0.3333333333333333,
    0.24324324324324326,
    0.5154639175257731,
    0.3516483516483517,
    0.5833333333333334,
    0.5614035087719298,
    0.6739130434782609,
    0.5740740740740741,
    0.711864406779661,
    0.14705882352941177,
    0.5964912280701754,
    0.42962962962962964,
    0.09230769230769231,
    0.288135593220339,
    0.06896551724137931,
    0.43243243243243246,
    0.49523809523809526,
    0.14925373134328357,
    0.2653061224489796,
    0.5631067961165048,
    0.3953488372093023,
    0.7115384615384616,
    0.4909090909090909,
    0.5357142857142857,
    0.352,
    0.20408163265306123,
    0.33766233766233766,
    0.375,
    0.4235294117647059,
    0.865979381443299,
    0.6299212598425197,
    0.44680851063829785,
    0.4406779661016949,
    0.16129032258064516,
    0.2222222222222222,
    0.625,
    0.2912621359223301,
    0.6050420168067226,
    0.37735849056603776,
    0.42857142857142855,
    0.45569620253164556,
    0.23157894736842105,
    0.5636363636363636,
    0.7311827956989247,
    0.38235294117647056,
    0.4383561643835616,
    0.4888888888888889,
    0.28205128205128205,
    0.32786885245901637,
    0.1111111111111111,
    0.19117647058823528,
    0.6060606060606061,
    0.18461538461538463,
    0.40336134453781514,
    0.3116883116883117,
    0.16129032258064516,
    0.6862745098039216,
    0.29213483146067415,
    0.4742268041237113,
    0.38848920863309355,
    0.2962962962962963,
    0.27956989247311825,
    0.0,
    0.6727272727272727,
    0.28169014084507044,
    0.11594202898550725,
    0.6495726495726496,
    0.35668789808917195,
    0.2564102564102564,
    0.2828282828282828,
    0.40816326530612246,
    0.3783783783783784,
    0.3300970873786408,
    0.0,
    0.4489795918367347,
    0.421875,
    0.45217391304347826,
    0.3953488372093023,
    0.4489795918367347,
    0.45962732919254656,
    0.41304347826086957,
    0.4954128440366973,
    0.35064935064935066,
    0.47244094488188976,
    0.14705882352941177,
    0.17391304347826086,
    0.6,
    0.2894736842105263,
    0.6890756302521008,
    0.3917525773195876,
    0.25196850393700787,
    0.1839080459770115,
    0.6666666666666666,
    0.603448275862069,
    0.4418604651162791,
    0.32989690721649484,
    0.515625,
    0.2857142857142857,
    0.35294117647058826,
    0.36363636363636365,
    0.8210526315789474,
    0.3829787234042553,
    0.5084745762711864,
    0.6386554621848739,
    0.2608695652173913,
    0.3050847457627119,
    0.40476190476190477,
    0.09230769230769231,
    0.16326530612244897,
    0.6785714285714286,
    0.20454545454545456,
    0.4528301886792453,
    0.345679012345679,
    0.3795620437956204,
    0.48148148148148145,
    0.26865671641791045,
    0.0,
    0.16470588235294117,
    0.6181818181818182,
    0.391304347826087,
    0.07547169811320754,
    0.21052631578947367,
    0.20588235294117646,
    0.16326530612244897,
    0.08823529411764706,
    0.36507936507936506,
    0.27692307692307694,
    0.3902439024390244,
    0.7722772277227723,
    0.3333333333333333,
    0.7457627118644068,
    0.6071428571428571,
    0.24299065420560748,
    0.3870967741935484,
    0.3835616438356164,
    0.4262295081967213,
    0.1724137931034483,
    0.43373493975903615,
    0.26373626373626374,
    0.5684210526315789,
    0.47619047619047616,
    0.23529411764705882,
    0.32608695652173914,
    0.1797752808988764,
    0.1694915254237288,
    0.35714285714285715,
    0.3764705882352941,
    0.5217391304347826,
    0.42857142857142855,
    0.5309734513274337,
    0.6896551724137931,
    0.7166666666666667,
    0.36231884057971014,
    0.03773584905660377,
    0.2608695652173913,
    0.6739130434782609,
    0.3826086956521739,
    0.16,
    0.68,
    0.4444444444444444,
    0.10714285714285714,
    0.6464646464646465,
    0.2962962962962963,
    0.6101694915254238,
    0.21621621621621623,
    0.25225225225225223,
    0.38961038961038963,
    0.3564356435643564,
    0.5411764705882353,
    0.6607142857142857,
    0.5714285714285714,
    0.39436619718309857,
    0.46601941747572817,
    0.3508771929824561,
    0.5227272727272727,
    0.4117647058823529,
    0.6379310344827587,
    0.512396694214876,
    0.6728971962616822,
    0.5420560747663551,
    0.38016528925619836,
    0.5547445255474452,
    0.29545454545454547,
    0.4246575342465753,
    0.29357798165137616
  ],