{
  "accuracy": 0.4236,
  "precision_macro": 0.4222482784773011,
  "recall_macro": 0.4236,
  "f1_macro": 0.4065149388537285,
  "precision_weighted": 0.42224827847730123,
  "recall_weighted": 0.4236,
  "f1_weighted": 0.40651493885372847,
  "per_class_f1": [
    0.6842105263157895,
    0.6,
    0.42748091603053434,
    0.21739130434782608,
    0.45652173913043476,
    0.18181818181818182,
    0.6213592233009708,
    0.2,
    0.5853658536585366,
    0.29906542056074764,
    0.21951219512195122,
    0.4423076923076923,
    0.49557522123893805,
    0.6222222222222222,
    0.5376344086021505,
    0.37209302325581395,
    0.25,
    0.591304347826087,
    0.31683168316831684,
    0.5688073394495413,
    0.5961538461538461,
    0.7032967032967034,
    0.64,
    0.7226890756302521,
    0.21311475409836064,
    0.4925373134328358,
    0.448,
    0.16,
    0.41509433962264153,
    0.19444444444444445,
    0.42718446601941745,
    0.4444444444444444,
    0.36363636363636365,
    0.2,
    0.4426229508196721,
    0.46153846153846156,
    0.6391752577319587,
    0.44680851063829785,
    0.4576271186440678,
    0.36036036036036034,
    0.2736842105263158,
    0.2702702702702703,
    0.37894736842105264,
    0.44680851063829785,
    0.82,
    0.6031746031746031,
    0.4536082474226804,
    0.41739130434782606,
    0.03278688524590164,
    0.2564102564102564,
    0.6016260162601627,
    0.30612244897959184,
    0.5666666666666667,
    0.375,
    0.4583333333333333,
    0.46715328467153283,
    0.2708333333333333,
    0.5585585585585585,
    0.6851851851851852,
    0.39473684210526316,
    0.47619047619047616,
    0.5087719298245614,
    0.2558139534883721,
    0.36538461538461536,
    0.09523809523809523,
    0.24427480916030533,
    0.56,
    0.27692307692307694,
    0.41830065359477125,
    0.2782608695652174,
    0.24761904761904763,
    0.6666666666666666,
    0.2905982905982906,
    0.42857142857142855,
    0.4915254237288136,
    0.4044943820224719,
    0.40860215053763443,
    0.11904761904761904,
    0.6981132075471698,
    0.25,
    0.1728395061728395,
    0.76,
    0.4094488188976378,
    0.2857142857142857,
    0.3548387096774194,
    0.46938775510204084,
    0.4175824175824176,
    0.33043478260869563,
    0.03773584905660377,
    0.4375,
    0.49586776859504134,
    0.40993788819875776,
    0.2647058823529412,
    0.42016806722689076,
    0.41509433962264153,
    0.43564356435643564,
    0.3655913978494624,
    0.36496350364963503,
    0.5,
    0.15789473684210525,
    0.11428571428571428,
    0.6170212765957447,
    0.32967032967032966,
    0.7346938775510204,
    0.3132530120481928,
    0.2616822429906542,
    0.2127659574468085,
    0.576271186440678,
    0.660377358490566,
    0.4583333333333333,
    0.40476190476190477,
    0.5454545454545454,
    0.375,
    0.4222222222222222,
    0.3404255319148936,
    0.7407407407407407,
    0.43902439024390244,
    0.4864864864864865,
    0.672566371681416,
    0.345679012345679,
    0.35051546391752575,
    0.425531914893617,
    0.1,
    0.19047619047619047,
    0.7154471544715447,
    0.17582417582417584,
    0.4888888888888889,
    0.35,
    0.3878787878787879,
    0.5617977528089888,
    0.2823529411764706,
    0.0,
    0.06666666666666667,
    0.608,
    0.4533333333333333,
    0.18181818181818182,
    0.2835820895522388,
    0.27692307692307694,
    0.1206896551724138,
    0.0967741935483871,
    0.44660194174757284,
    0.42857142857142855,
    0.47191011235955055,
    0.6446280991735537,
    0.3185840707964602,
    0.6268656716417911,
    0.6078431372549019,
    0.24060150375939848,
    0.35185185185185186,
    0.4772727272727273,
    0.4791666666666667,
    0.21875,
    0.4842105263157895,
    0.4578313253012048,
    0.5116279069767442,
    0.4444444444444444,
    0.3333333333333333,
    0.2988505747126437,
    0.24324324324324326,
    0.07017543859649122,
    0.3269230769230769,
    0.3076923076923077,
    0.4,
    0.3902439024390244,
    0.5384615384615384,
    0.7572815533980582,
    0.8037383177570093,
    0.4222222222222222,
    0.037037037037037035,
    0.3564356435643564,
    0.6458333333333334,
    0.4032258064516129,
    0.125,
    0.6804123711340206,
    0.4,
    0.06666666666666667,
    0.6391752577319587,
    0.32142857142857145,
    0.5619834710743802,
    0.14285714285714285,
    0.20869565217391303,
    0.35514018691588783,
    0.3023255813953488,
    0.5054945054945055,
    0.5531914893617021,
    0.5473684210526316,
    0.43243243243243246,
    0.46551724137931033,
    0.358974358974359,
    0.5405405405405406,
    0.2926829268292683,
    0.5303030303030303,
    0.40789473684210525,
    0.6271186440677966,
    0.5052631578947369,
    0.40707964601769914,
    0.5420560747663551,
    0.2391304347826087,
    0.4393939393939394,
    0.24691358024691357
  ],