{
  "accuracy": 0.4033,
  "precision_macro": 0.40707667660677926,
  "recall_macro": 0.40330000000000005,
  "f1_macro": 0.38412106887960334,
  "precision_weighted": 0.40707667660677926,
  "recall_weighted": 0.4033,
  "f1_weighted": 0.3841210688796034,
  "per_class_f1": [
    0.7142857142857143,
    0.6218487394957983,
    0.4461538461538462,
    0.24096385542168675,
    0.43410852713178294,
    0.1095890410958904,
    0.5283018867924528,
    0.09230769230769231,
    0.5210084033613446,
    0.2857142857142857,
    0.16279069767441862,
    0.4819277108433735,
    0.37267080745341613,
    0.660377358490566,
    0.4878048780487805,
    0.23404255319148937,
    0.25,
    0.5319148936170213,
    0.2833333333333333,
    0.47368421052631576,
    0.43283582089552236,
    0.6511627906976745,
    0.6666666666666666,
    0.6724137931034483,
    0.20618556701030927,
    0.5585585585585585,
    0.45925925925925926,
    0.1016949152542373,
    0.2992125984251969,
    0.0,
    0.29213483146067415,
    0.5132743362831859,
    0.2641509433962264,
    0.2,
    0.5045045045045045,
    0.45588235294117646,
    0.6981132075471698,
    0.3877551020408163,
    0.4605263157894737,
    0.32967032967032966,
    0.21176470588235294,
    0.3516483516483517,
    0.32967032967032966,
    0.35036496350364965,
    0.8631578947368421,
    0.5540540540540541,
    0.3614457831325301,
    0.47058823529411764,
    0.22535211267605634,
    0.06153846153846154,
    0.5882352941176471,
    0.23404255319148937,
    0.5354330708661418,
    0.4528301886792453,
    0.4827586206896552,
    0.46153846153846156,
    0.29310344827586204,
    0.5137614678899083,
    0.7368421052631579,
    0.10526315789473684,
    0.4482758620689655,
    0.5245901639344263,
    0.2564102564102564,
    0.32967032967032966,
    0.24324324324324326,
    0.21666666666666667,
    0.5783132530120482,
    0.15625,
    0.31527093596059114,
    0.3111111111111111,
    0.25882352941176473,
    0.6336633663366337,
    0.3434343434343434,
    0.39655172413793105,
    0.4716981132075472,
    0.2727272727272727,
    0.2702702702702703,
    0.13333333333333333,
    0.7474747474747475,
    0.19047619047619047,
    0.18181818181818182,
    0.6333333333333333,
    0.3333333333333333,
    0.18461538461538463,
    0.23008849557522124,
    0.28205128205128205,
    0.4943820224719101,
    0.3673469387755102,
    0.034482758620689655,
    0.36,
    0.43902439024390244,
    0.43548387096774194,
    0.26666666666666666,
    0.3950617283950617,
    0.5148514851485149,
    0.3684210526315789,
    0.345679012345679,
    0.3089430894308943,
    0.5,
    0.1282051282051282,
    0.09375,
    0.5765765765765766,
    0.3013698630136986,
    0.7254901960784313,
    0.2727272727272727,
    0.3137254901960784,
    0.19607843137254902,
    0.5323741007194245,
    0.616822429906542,
    0.38202247191011235,
    0.34285714285714286,
    0.47619047619047616,
    0.28776978417266186,
    0.27586206896551724,
    0.3177570093457944,
    0.7526881720430108,
    0.3614457831325301,
    0.46774193548387094,
    0.5652173913043478,
    0.30357142857142855,
    0.2831858407079646,
    0.5052631578947369,
    0.11764705882352941,
    0.16363636363636364,
    0.6456692913385826,
    0.18556701030927836,
    0.4235294117647059,
    0.39436619718309857,
    0.4266666666666667,
    0.574468085106383,
    0.2564102564102564,
    0.0,
    0.15384615384615385,
    0.6422018348623854,
    0.46938775510204084,
    0.037037037037037035,
    0.25196850393700787,
    0.15873015873015872,
    0.14545454545454545,
    0.06451612903225806,
    0.37383177570093457,
    0.32558139534883723,
    0.4,
    0.625,
    0.3511450381679389,
    0.8514851485148515,
    0.68,
    0.3103448275862069,
    0.37254901960784315,
    0.42201834862385323,
    0.4943820224719101,
    0.29411764705882354,
    0.41975308641975306,
    0.5344827586206896,
    0.44680851063829785,
    0.3655913978494624,
    0.26865671641791045,
    0.3364485981308411,
    0.24096385542168675,
    0.1,
    0.24175824175824176,
    0.2413793103448276,
    0.47191011235955055,
    0.4144144144144144,
    0.5154639175257731,
    0.7428571428571429,
    0.7476635514018691,
    0.449438202247191,
    0.11940298507462686,
    0.21428571428571427,
    0.6666666666666666,
    0.29545454545454547,
    0.26666666666666666,
    0.6,
    0.35714285714285715,
    0.07407407407407407,
    0.6428571428571429,
    0.32142857142857145,
    0.5203252032520326,
    0.2571428571428571,
    0.2191780821917808,
    0.37037037037037035,
    0.24691358024691357,
    0.5526315789473685,
    0.5794392523364486,
    0.4742268041237113,
    0.45652173913043476,
    0.34408602150537637,
    0.27722772277227725,
    0.4166666666666667,
    0.3870967741935484,
    0.5833333333333334,
    0.47863247863247865,
    0.6833333333333333,
    0.45925925925925926,
    0.3486238532110092,
    0.5098039215686274,
    0.22784810126582278,
    0.42962962962962964,
    0.17204301075268819
  ],