{
  "accuracy": 0.4333,
  "precision_macro": 0.43997831133452747,
  "recall_macro": 0.4333000000000001,
  "f1_macro": 0.41879506300305536,
  "precision_weighted": 0.43997831133452747,
  "recall_weighted": 0.4333,
  "f1_weighted": 0.41879506300305536,
  "per_class_f1": [
    0.7777777777777778,
    0.6902654867256637,
    0.41935483870967744,
    0.1839080459770115,
    0.3956043956043956,
    0.19047619047619047,
    0.5686274509803921,
    0.23809523809523808,
    0.6981132075471698,
    0.33043478260869563,
    0.23880597014925373,
    0.46017699115044247,
    0.4657534246575342,
    0.6391752577319587,
    0.5316455696202531,
    0.3333333333333333,
    0.3055555555555556,
    0.48333333333333334,
    0.41739130434782606,
    0.5360824742268041,
    0.5254237288135594,
    0.6451612903225806,
    0.6548672566371682,
    0.7058823529411765,
    0.2268041237113402,
    0.5148514851485149,
    0.4370860927152318,
    0.14492753623188406,
    0.3917525773195876,
    0.0547945205479452,
    0.40860215053763443,
    0.46017699115044247,
    0.2828282828282828,
    0.20224719101123595,
    0.5045045045045045,
    0.515625,
    0.6736842105263158,
    0.3333333333333333,
    0.49624060150375937,
    0.35443037974683544,
    0.29473684210526313,
    0.2857142857142857,
    0.44036697247706424,
    0.4691358024691358,
    0.8421052631578947,
    0.5967741935483871,
    0.40963855421686746,
    0.4642857142857143,
    0.09836065573770492,
    0.2891566265060241,
    0.5882352941176471,
    0.4158415841584158,
    0.62,
    0.36,
    0.40425531914893614,
    0.4429530201342282,
    0.28846153846153844,
    0.515625,
    0.7216494845360825,
    0.3835616438356164,
    0.43661971830985913,
    0.512396694214876,
    0.2857142857142857,
    0.3469387755102041,
    0.14492753623188406,
    0.2550335570469799,
    0.5777777777777777,
    0.15384615384615385,
    0.45454545454545453,
    0.22018348623853212,
    0.3125,
    0.6218487394957983,
    0.33663366336633666,
    0.4642857142857143,
    0.45714285714285713,
    0.3333333333333333,
    0.32,
    0.03333333333333333,
    0.7572815533980582,
    0.35294117647058826,
    0.17142857142857143,
    0.75,
    0.4148148148148148,
    0.22429906542056074,
    0.36893203883495146,
    0.4,
    0.42857142857142855,
    0.3089430894308943,
    0.10909090909090909,
    0.37735849056603776,
    0.47540983606557374,
    0.5210084033613446,
    0.3950617283950617,
    0.43902439024390244,
    0.35294117647058826,
    0.3829787234042553,
    0.45,
    0.3611111111111111,
    0.4742268041237113,
    0.11594202898550725,
    0.225,
    0.6067415730337079,
    0.35051546391752575,
    0.7058823529411765,
    0.26373626373626374,
    0.2828282828282828,
    0.23255813953488372,
    0.6422018348623854,
    0.6875,
    0.4339622641509434,
    0.3617021276595745,
    0.5825242718446602,
    0.2857142857142857,
    0.3655913978494624,
    0.2828282828282828,
    0.803921568627451,
    0.4444444444444444,
    0.48333333333333334,
    0.5892857142857143,
    0.2857142857142857,
    0.2978723404255319,
    0.5,
    0.21212121212121213,
    0.16793893129770993,
    0.6935483870967742,
    0.24489795918367346,
    0.4489795918367347,
    0.40476190476190477,
    0.44285714285714284,
    0.5925925925925926,
    0.2826086956521739,
    0.03636363636363636,
    0.1791044776119403,
    0.5950413223140496,
    0.3835616438356164,
    0.13114754098360656,
    0.2608695652173913,
    0.3333333333333333,
    0.12949640287769784,
    0.13793103448275862,
    0.4090909090909091,
    0.3058823529411765,
    0.4731182795698925,
    0.672566371681416,
    0.411214953271028,
    0.717948717948718,
    0.6326530612244898,
    0.3418803418803419,
    0.3877551020408163,
    0.5102040816326531,
    0.5,
    0.358974358974359,
    0.44155844155844154,
    0.584070796460177,
    0.45544554455445546,
    0.5132743362831859,
    0.30303030303030304,
    0.3917525773195876,
    0.2,
    0.06451612903225806,
    0.43478260869565216,
    0.42,
    0.4842105263157895,
    0.43902439024390244,
    0.48739495798319327,
    0.7676767676767676,
    0.8,
    0.4421052631578947,
    0.06896551724137931,
    0.2982456140350877,
    0.7126436781609196,
    0.5048543689320388,
    0.1095890410958904,
    0.7142857142857143,
    0.4583333333333333,
    0.13333333333333333,
    0.5957446808510638,
    0.4094488188976378,
    0.6170212765957447,
    0.18604651162790697,
    0.21238938053097345,
    0.5348837209302325,
    0.35294117647058826,
    0.49019607843137253,
    0.594059405940594,
    0.6530612244897959,
    0.5225225225225225,
    0.5544554455445545,
    0.36363636363636365,
    0.5454545454545454,
    0.41237113402061853,
    0.5811965811965812,
    0.5172413793103449,
    0.6307692307692307,
    0.49230769230769234,
    0.41237113402061853,
    0.5641025641025641,
    0.16393442622950818,
    0.432,
    0.3130434782608696
  ],