{
  "accuracy": 0.4306,
  "precision_macro": 0.4315555767991077,
  "recall_macro": 0.43060000000000004,
  "f1_macro": 0.4124452170245908,
  "precision_weighted": 0.4315555767991076,
  "recall_weighted": 0.4306,
  "f1_weighted": 0.4124452170245908,
  "per_class_f1": [
    0.6666666666666666,
    0.6504065040650406,
    0.36363636363636365,
    0.21052631578947367,
    0.4126984126984127,
    0.14457831325301204,
    0.6019417475728155,
    0.2826086956521739,
    0.6728971962616822,
    0.4158415841584158,
    0.2736842105263158,
    0.48148148148148145,
    0.5528455284552846,
    0.673469387755102,
    0.574468085106383,
    0.3090909090909091,
    0.2,
    0.5217391304347826,
    0.32,
    0.5660377358490566,
    0.5576923076923077,
    0.5769230769230769,
    0.6201550387596899,
    0.6782608695652174,
    0.1917808219178082,
    0.6407766990291263,
    0.5132743362831859,
    0.1875,
    0.3888888888888889,
    0.06349206349206349,
    0.4175824175824176,
    0.5333333333333333,
    0.2857142857142857,
    0.3148148148148148,
    0.5393258426966292,
    0.43037974683544306,
    0.6990291262135923,
    0.46464646464646464,
    0.5769230769230769,
    0.39622641509433965,
    0.2682926829268293,
    0.3218390804597701,
    0.4077669902912621,
    0.425531914893617,
    0.7878787878787878,
    0.7207207207207207,
    0.41509433962264153,
    0.41739130434782606,
    0.25,
    0.28865979381443296,
    0.6055045871559633,
    0.3252032520325203,
    0.6218487394957983,
    0.37209302325581395,
    0.3684210526315789,
    0.5714285714285714,
    0.23376623376623376,
    0.5858585858585859,
    0.6548672566371682,
    0.42105263157894735,
    0.4262295081967213,
    0.4666666666666667,
    0.2926829268292683,
    0.375,
    0.1686746987951807,
    0.26153846153846155,
    0.54,
    0.25,
    0.45454545454545453,
    0.28865979381443296,
    0.3870967741935484,
    0.5815602836879432,
    0.33962264150943394,
    0.45614035087719296,
    0.4342105263157895,
    0.2988505747126437,
    0.27956989247311825,
    0.03125,
    0.672566371681416,
    0.2857142857142857,
    0.10126582278481013,
    0.7433628318584071,
    0.3157894736842105,
    0.27586206896551724,
    0.3669724770642202,
    0.37209302325581395,
    0.5052631578947369,
    0.3865546218487395,
    0.038461538461538464,
    0.36893203883495146,
    0.4462809917355372,
    0.41025641025641024,
    0.3188405797101449,
    0.46774193548387094,
    0.4,
    0.34545454545454546,
    0.3695652173913043,
    0.3424657534246575,
    0.47619047619047616,
    0.09523809523809523,
    0.16666666666666666,
    0.6588235294117647,
    0.2857142857142857,
    0.6666666666666666,
    0.31746031746031744,
    0.24528301886792453,
    0.16666666666666666,
    0.6336633663366337,
    0.7,
    0.5238095238095238,
    0.3333333333333333,
    0.6078431372549019,
    0.375,
    0.43243243243243246,
    0.4175824175824176,
    0.7777777777777778,
    0.35443037974683544,
    0.5283018867924528,
    0.6857142857142857,
    0.27522935779816515,
    0.3053435114503817,
    0.4897959183673469,
    0.06349206349206349,
    0.21052631578947367,
    0.6666666666666666,
    0.1951219512195122,
    0.3958333333333333,
    0.43478260869565216,
    0.35714285714285715,
    0.62,
    0.20454545454545456,
    0.0,
    0.14084507042253522,
    0.6346153846153846,
    0.375,
    0.09836065573770492,
    0.28368794326241137,
    0.2564102564102564,
    0.24719101123595505,
    0.17391304347826086,
    0.4864864864864865,
    0.2535211267605634,
    0.40476190476190477,
    0.8282828282828283,
    0.32,
    0.7076923076923077,
    0.6736842105263158,
    0.26666666666666666,
    0.3883495145631068,
    0.45454545454545453,
    0.5,
    0.2465753424657534,
    0.47191011235955055,
    0.4,
    0.5,
    0.45161290322580644,
    0.3013698630136986,
    0.3584905660377358,
    0.1518987341772152,
    0.13114754098360656,
    0.34234234234234234,
    0.3368421052631579,
    0.4318181818181818,
    0.42718446601941745,
    0.42857142857142855,
    0.7142857142857143,
    0.7663551401869159,
    0.3925233644859813,
    0.0625,
    0.40816326530612246,
    0.631578947368421,
    0.4715447154471545,
    0.16129032258064516,
    0.6813186813186813,
    0.45454545454545453,
    0.038461538461538464,
    0.5636363636363636,
    0.4117647058823529,
    0.6153846153846154,
    0.13513513513513514,
    0.18947368421052632,
    0.4375,
    0.38461538461538464,
    0.475,
    0.6140350877192983,
    0.6236559139784946,
    0.5,
    0.449438202247191,
    0.34285714285714286,
    0.5979381443298969,
    0.391304347826087,
    0.625,
    0.5217391304347826,
    0.6837606837606838,
    0.46774193548387094,
    0.3130434782608696,
    0.4900662251655629,
    0.18666666666666668,
    0.3875,
    0.25806451612903225
  ],