{
  "accuracy": 0.4402,
  "precision_macro": 0.45009660482304115,
  "recall_macro": 0.4402,
  "f1_macro": 0.42666234695943267,
  "precision_weighted": 0.45009660482304115,
  "recall_weighted": 0.4402,
  "f1_weighted": 0.42666234695943267,
  "per_class_f1": [
    0.6605504587155964,
    0.7079646017699115,
    0.46956521739130436,
    0.2857142857142857,
    0.41818181818181815,
    0.12195121951219512,
    0.5739130434782609,
    0.1917808219178082,
    0.6601941747572816,
    0.3448275862068966,
    0.2028985507246377,
    0.5,
    0.556390977443609,
    0.6875,
    0.5625,
    0.325,
    0.2033898305084746,
    0.5663716814159292,
    0.32967032967032966,
    0.6,
    0.5185185185185185,
    0.64,
    0.6363636363636364,
    0.7450980392156863,
    0.29906542056074764,
    0.5391304347826087,
    0.47619047619047616,
    0.1016949152542373,
    0.3697478991596639,
    0.22784810126582278,
    0.3950617283950617,
    0.4918032786885246,
    0.30434782608695654,
    0.16279069767441862,
    0.47244094488188976,
    0.43209876543209874,
    0.6428571428571429,
    0.4631578947368421,
    0.49019607843137253,
    0.36363636363636365,
    0.23809523809523808,
    0.30952380952380953,
    0.4,
    0.58,
    0.8235294117647058,
    0.7142857142857143,
    0.42276422764227645,
    0.4842105263157895,
    0.1917808219178082,
    0.2318840579710145,
    0.631578947368421,
    0.38202247191011235,
    0.6666666666666666,
    0.33663366336633666,
    0.3902439024390244,
    0.5142857142857142,
    0.2809917355371901,
    0.5606060606060606,
    0.7378640776699029,
    0.4057971014492754,
    0.55,
    0.5303030303030303,
    0.273972602739726,
    0.3486238532110092,
    0.2,
    0.2112676056338028,
    0.5825242718446602,
    0.24615384615384617,
    0.4069767441860465,
    0.3225806451612903,
    0.302158273381295,
    0.6782608695652174,
    0.2553191489361702,
    0.37383177570093457,
    0.5567010309278351,
    0.3595505617977528,
    0.34408602150537637,
    0.11650485436893204,
    0.6923076923076923,
    0.35294117647058826,
    0.23255813953488372,
    0.7920792079207921,
    0.375,
    0.32323232323232326,
    0.2556390977443609,
    0.3191489361702128,
    0.45977011494252873,
    0.3269230769230769,
    0.03571428571428571,
    0.4318181818181818,
    0.4716981132075472,
    0.4580152671755725,
    0.36619718309859156,
    0.46464646464646464,
    0.18181818181818182,
    0.423728813559322,
    0.38095238095238093,
    0.35294117647058826,
    0.4444444444444444,
    0.14285714285714285,
    0.18181818181818182,
    0.5555555555555556,
    0.30434782608695654,
    0.7659574468085106,
    0.2571428571428571,
    0.3442622950819672,
    0.24,
    0.5648854961832062,
    0.6666666666666666,
    0.5294117647058824,
    0.40816326530612246,
    0.6601941747572816,
    0.3076923076923077,
    0.4878048780487805,
    0.47058823529411764,
    0.7706422018348624,
    0.4536082474226804,
    0.4727272727272727,
    0.5825242718446602,
    0.3076923076923077,
    0.30612244897959184,
    0.5376344086021505,
    0.2318840579710145,
    0.23300970873786409,
    0.7102803738317757,
    0.23214285714285715,
    0.46938775510204084,
    0.37037037037037035,
    0.35668789808917195,
    0.6086956521739131,
    0.2857142857142857,
    0.0,
    0.2222222222222222,
    0.7155963302752294,
    0.42857142857142855,
    0.08571428571428572,
    0.2608695652173913,
    0.28125,
    0.20588235294117646,
    0.15384615384615385,
    0.47058823529411764,
    0.3142857142857143,
    0.4675324675324675,
    0.6782608695652174,
    0.37209302325581395,
    0.7777777777777778,
    0.6526315789473685,
    0.25165562913907286,
    0.3695652173913043,
    0.4485981308411215,
    0.5287356321839081,
    0.4225352112676056,
    0.4827586206896552,
    0.4897959183673469,
    0.5154639175257731,
    0.4807692307692308,
    0.35135135135135137,
    0.44,
    0.2891566265060241,
    0.0625,
    0.373134328358209,
    0.35555555555555557,
    0.4946236559139785,
    0.4666666666666667,
    0.4697986577181208,
    0.7927927927927928,
    0.8247422680412371,
    0.44,
    0.0967741935483871,
    0.4166666666666667,
    0.6904761904761905,
    0.4036697247706422,
    0.2,
    0.7184466019417476,
    0.4888888888888889,
    0.10909090909090909,
    0.6415094339622641,
    0.384,
    0.5230769230769231,
    0.25806451612903225,
    0.22448979591836735,
    0.3835616438356164,
    0.23255813953488372,
    0.49056603773584906,
    0.6788990825688074,
    0.5567010309278351,
    0.5052631578947369,
    0.5263157894736842,
    0.391304347826087,
    0.5714285714285714,
    0.3853211009174312,
    0.5689655172413793,
    0.5357142857142857,
    0.6782608695652174,
    0.5,
    0.45714285714285713,
    0.5378151260504201,
    0.2891566265060241,
    0.4461538461538462,
    0.3448275862068966
  ],