{
  "accuracy": 0.4056,
  "precision_macro": 0.40653987865410146,
  "recall_macro": 0.4056,
  "f1_macro": 0.3883064394518499,
  "precision_weighted": 0.4065398786541015,
  "recall_weighted": 0.4056,
  "f1_weighted": 0.38830643945184995,
  "per_class_f1": [
    0.625,
    0.6476190476190476,
    0.36666666666666664,
    0.15789473684210525,
    0.17445482866043613,
    0.11494252873563218,
    0.5641025641025641,
    0.2765957446808511,
    0.58,
    0.3384615384615385,
    0.16,
    0.41904761904761906,
    0.544,
    0.6,
    0.6067415730337079,
    0.2391304347826087,
    0.2465753424657534,
    0.5869565217391305,
    0.37209302325581395,
    0.5283018867924528,
    0.6,
    0.6170212765957447,
    0.6017699115044248,
    0.6779661016949152,
    0.21153846153846154,
    0.5688073394495413,
    0.40298507462686567,
    0.03389830508474576,
    0.36036036036036034,
    0.037037037037037035,
    0.4691358024691358,
    0.45652173913043476,
    0.26666666666666666,
    0.21333333333333335,
    0.45544554455445546,
    0.42962962962962964,
    0.6785714285714286,
    0.358974358974359,
    0.47619047619047616,
    0.25,
    0.23076923076923078,
    0.2891566265060241,
    0.36363636363636365,
    0.45161290322580644,
    0.7927927927927928,
    0.6355140186915887,
    0.36363636363636365,
    0.4672897196261682,
    0.18181818181818182,
    0.3023255813953488,
    0.603448275862069,
    0.35789473684210527,
    0.5573770491803278,
    0.3333333333333333,
    0.39473684210526316,
    0.37305699481865284,
    0.26506024096385544,
    0.49122807017543857,
    0.6666666666666666,
    0.33766233766233766,
    0.4948453608247423,
    0.48854961832061067,
    0.2736842105263158,
    0.4090909090909091,
    0.11428571428571428,
    0.24675324675324675,
    0.5486725663716814,
    0.24242424242424243,
    0.38571428571428573,
    0.1927710843373494,
    0.3018867924528302,
    0.5211267605633803,
    0.19444444444444445,
    0.45217391304347826,
    0.4696969696969697,
    0.2631578947368421,
    0.2391304347826087,
    0.16666666666666666,
    0.7450980392156863,
    0.25,
    0.1111111111111111,
    0.6915887850467289,
    0.35064935064935066,
    0.2619047619047619,
    0.3106796116504854,
    0.35,
    0.391304347826087,
    0.391304347826087,
    0.0,
    0.3620689655172414,
    0.52,
    0.41830065359477125,
    0.27692307692307694,
    0.4,
    0.3368421052631579,
    0.3076923076923077,
    0.3392857142857143,
    0.4166666666666667,
    0.4409448818897638,
    0.11764705882352941,
    0.15584415584415584,
    0.6947368421052632,
    0.2564102564102564,
    0.6666666666666666,
    0.3,
    0.2077922077922078,
    0.24324324324324326,
    0.5882352941176471,
    0.6534653465346535,
    0.45569620253164556,
    0.2962962962962963,
    0.549618320610687,
    0.35294117647058826,
    0.3917525773195876,
    0.3564356435643564,
    0.7433628318584071,
    0.44660194174757284,
    0.46464646464646464,
    0.6306306306306306,
    0.25210084033613445,
    0.2696629213483146,
    0.41509433962264153,
    0.0759493670886076,
    0.1956521739130435,
    0.5984251968503937,
    0.13513513513513514,
    0.4528301886792453,
    0.325,
    0.4251968503937008,
    0.5614035087719298,
    0.16,
    0.0,
    0.15151515151515152,
    0.6213592233009708,
    0.4782608695652174,
    0.07142857142857142,
    0.23529411764705882,
    0.2571428571428571,
    0.1702127659574468,
    0.06896551724137931,
    0.390625,
    0.35443037974683544,
    0.42424242424242425,
    0.6896551724137931,
    0.3508771929824561,
    0.65625,
    0.6,
    0.20454545454545456,
    0.27722772277227725,
    0.4883720930232558,
    0.45871559633027525,
    0.33766233766233766,
    0.23529411764705882,
    0.42857142857142855,
    0.46153846153846156,
    0.5301204819277109,
    0.37777777777777777,
    0.3595505617977528,
    0.23529411764705882,
    0.0,
    0.3157894736842105,
    0.367816091954023,
    0.46464646464646464,
    0.3076923076923077,
    0.41025641025641024,
    0.7428571428571429,
    0.6949152542372882,
    0.38636363636363635,
    0.06349206349206349,
    0.30434782608695654,
    0.5981308411214953,
    0.34234234234234234,
    0.10526315789473684,
    0.6391752577319587,
    0.3684210526315789,
    0.0,
    0.6153846153846154,
    0.3541666666666667,
    0.6071428571428571,
    0.2857142857142857,
    0.224,
    0.29411764705882354,
    0.358974358974359,
    0.5773195876288659,
    0.6545454545454545,
    0.5714285714285714,
    0.47706422018348627,
    0.525,
    0.3902439024390244,
    0.5681818181818182,
    0.41904761904761906,
    0.52,
    0.46956521739130436,
    0.6386554621848739,
    0.4793388429752066,
    0.31683168316831684,
    0.5109489051094891,
    0.24096385542168675,
    0.31351351351351353,
    0.3333333333333333
  ],