{
  "accuracy": 0.3203,
  "precision_macro": 0.4025351312654661,
  "recall_macro": 0.32030000000000003,
  "f1_macro": 0.32080077522959827,
  "precision_weighted": 0.40253513126546603,
  "recall_weighted": 0.3203,
  "f1_weighted": 0.3208007752295982,
  "per_class_f1": [
    0.5333333333333333,
    0.6964285714285714,
    0.2809917355371901,
    0.16129032258064516,
    0.22727272727272727,
    0.0547945205479452,
    0.35,
    0.1111111111111111,
    0.44776119402985076,
    0.32679738562091504,
    0.06896551724137931,
    0.24615384615384617,
    0.4444444444444444,
    0.48717948717948717,
    0.4158415841584158,
    0.15873015873015872,
    0.10909090909090909,
    0.31666666666666665,
    0.2857142857142857,
    0.4444444444444444,
    0.4375,
    0.6666666666666666,
    0.528,
    0.43386243386243384,
    0.11764705882352941,
    0.47540983606557374,
    0.4074074074074074,
    0.09836065573770492,
    0.3853211009174312,
    0.0,
    0.32558139534883723,
    0.40384615384615385,
    0.2,
    0.13725490196078433,
    0.33766233766233766,
    0.3870967741935484,
    0.6875,
    0.3404255319148936,
    0.46846846846846846,
    0.10714285714285714,
    0.06779661016949153,
    0.07017543859649122,
    0.35443037974683544,
    0.4155844155844156,
    0.7708333333333334,
    0.6666666666666666,
    0.10344827586206896,
    0.4536082474226804,
    0.125,
    0.13513513513513514,
    0.5384615384615384,
    0.1927710843373494,
    0.5454545454545454,
    0.47191011235955055,
    0.40963855421686746,
    0.22012578616352202,
    0.14666666666666667,
    0.5319148936170213,
    0.6875,
    0.3582089552238806,
    0.35294117647058826,
    0.32,
    0.26666666666666666,
    0.3466666666666667,
    0.03636363636363636,
    0.07766990291262135,
    0.5647058823529412,
    0.07272727272727272,
    0.2967741935483871,
    0.10638297872340426,
    0.3103448275862069,
    0.6274509803921569,
    0.26262626262626265,
    0.3333333333333333,
    0.3007518796992481,
    0.25,
    0.25,
    0.13333333333333333,
    0.6,
    0.07692307692307693,
    0.0,
    0.6833333333333333,
    0.33557046979865773,
    0.20588235294117646,
    0.32558139534883723,
    0.3,
    0.36585365853658536,
    0.36363636363636365,
    0.0392156862745098,
    0.23684210526315788,
    0.35,
    0.14146341463414633,
    0.2,
    0.2748091603053435,
    0.46,
    0.345679012345679,
    0.16666666666666666,
    0.3956043956043956,
    0.40404040404040403,
    0.11594202898550725,
    0.10344827586206896,
    0.5066666666666667,
    0.1694915254237288,
    0.7380952380952381,
    0.2153846153846154,
    0.17721518987341772,
    0.1,
    0.5849056603773585,
    0.4835164835164835,
    0.2926829268292683,
    0.23529411764705882,
    0.5849056603773585,
    0.3238095238095238,
    0.273972602739726,
    0.25287356321839083,
    0.7727272727272727,
    0.38636363636363635,
    0.38,
    0.48695652173913045,
    0.1590909090909091,
    0.23423423423423423,
    0.44,
    0.06349206349206349,
    0.17857142857142858,
    0.6785714285714286,
    0.27586206896551724,
    0.3464566929133858,
    0.2,
    0.37037037037037035,
    0.379746835443038,
    0.12698412698412698,
    0.0,
    0.10526315789473684,
    0.574468085106383,
    0.3157894736842105,
    0.0,
    0.1487603305785124,
    0.06779661016949153,
    0.12698412698412698,
    0.0,
    0.24516129032258063,
    0.26666666666666666,
    0.3466666666666667,
    0.7407407407407407,
    0.1780821917808219,
    0.7766990291262136,
    0.5977011494252874,
    0.16216216216216217,
    0.14492753623188406,
    0.3764705882352941,
    0.4230769230769231,
    0.16393442622950818,
    0.21782178217821782,
    0.47058823529411764,
    0.4675324675324675,
    0.2988505747126437,
    0.17647058823529413,
    0.2823529411764706,
    0.2465753424657534,
    0.03636363636363636,
    0.2564102564102564,
    0.27692307692307694,
    0.37333333333333335,
    0.4470588235294118,
    0.4888888888888889,
    0.6451612903225806,
    0.6947368421052632,
    0.32967032967032966,
    0.0,
    0.2571428571428571,
    0.6,
    0.3956043956043956,
    0.10344827586206896,
    0.5894736842105263,
    0.358974358974359,
    0.0392156862745098,
    0.41509433962264153,
    0.33587786259541985,
    0.5818181818181818,
    0.21333333333333335,
    0.20833333333333334,
    0.358974358974359,
    0.3010752688172043,
    0.4864864864864865,
    0.47191011235955055,
    0.45569620253164556,
    0.3364485981308411,
    0.3870967741935484,
    0.16279069767441862,
    0.4742268041237113,
    0.1891891891891892,
    0.5,
    0.43537414965986393,
    0.6732673267326733,
    0.24299065420560748,
    0.1276595744680851,
    0.5151515151515151,
    0.03225806451612903,
    0.05794947994056464,
    0.18823529411764706
  ],