{
  "accuracy": 0.3989,
  "precision_macro": 0.4009250956092913,
  "recall_macro": 0.39890000000000003,
  "f1_macro": 0.3816363178804133,
  "precision_weighted": 0.4009250956092913,
  "recall_weighted": 0.3989,
  "f1_weighted": 0.3816363178804133,
  "per_class_f1": [
    0.6990291262135923,
    0.6071428571428571,
    0.43636363636363634,
    0.36363636363636365,
    0.4126984126984127,
    0.05,
    0.5473684210526316,
    0.11904761904761904,
    0.672566371681416,
    0.3235294117647059,
    0.21333333333333335,
    0.5287356321839081,
    0.5,
    0.5544554455445545,
    0.5,
    0.3157894736842105,
    0.1891891891891892,
    0.6444444444444445,
    0.26373626373626374,
    0.5818181818181818,
    0.4807692307692308,
    0.6823529411764706,
    0.6067415730337079,
    0.723404255319149,
    0.1956521739130435,
    0.4697986577181208,
    0.4806201550387597,
    0.0,
    0.34782608695652173,
    0.037037037037037035,
    0.5192307692307693,
    0.5294117647058824,
    0.20588235294117646,
    0.23076923076923078,
    0.5098039215686274,
    0.4429530201342282,
    0.660377358490566,
    0.43636363636363634,
    0.5454545454545454,
    0.325,
    0.14084507042253522,
    0.3132530120481928,
    0.38202247191011235,
    0.4854368932038835,
    0.8543689320388349,
    0.6371681415929203,
    0.425531914893617,
    0.46808510638297873,
    0.08823529411764706,
    0.17142857142857143,
    0.5390070921985816,
    0.2,
    0.62,
    0.3010752688172043,
    0.45,
    0.48226950354609927,
    0.05693950177935943,
    0.5039370078740157,
    0.627906976744186,
    0.3888888888888889,
    0.40540540540540543,
    0.4714285714285714,
    0.1917808219178082,
    0.34951456310679613,
    0.057971014492753624,
    0.23008849557522124,
    0.5370370370370371,
    0.2564102564102564,
    0.39490445859872614,
    0.1927710843373494,
    0.3652173913043478,
    0.6938775510204082,
    0.4044943820224719,
    0.3711340206185567,
    0.46601941747572817,
    0.2465753424657534,
    0.3695652173913043,
    0.0,
    0.7142857142857143,
    0.10526315789473684,
    0.06779661016949153,
    0.6153846153846154,
    0.3384615384615385,
    0.2891566265060241,
    0.25742574257425743,
    0.3,
    0.44680851063829785,
    0.32142857142857145,
    0.0,
    0.4117647058823529,
    0.3669724770642202,
    0.4918032786885246,
    0.2857142857142857,
    0.37593984962406013,
    0.4036697247706422,
    0.43010752688172044,
    0.3076923076923077,
    0.34615384615384615,
    0.46956521739130436,
    0.08695652173913043,
    0.13333333333333333,
    0.6336633663366337,
    0.3076923076923077,
    0.6545454545454545,
    0.30952380952380953,
    0.3025210084033613,
    0.2222222222222222,
    0.5925925925925926,
    0.6530612244897959,
    0.4523809523809524,
    0.24175824175824176,
    0.5172413793103449,
    0.29310344827586204,
    0.3333333333333333,
    0.3409090909090909,
    0.7708333333333334,
    0.4090909090909091,
    0.4485981308411215,
    0.6504065040650406,
    0.2807017543859649,
    0.3333333333333333,
    0.3953488372093023,
    0.06557377049180328,
    0.2,
    0.6153846153846154,
    0.2247191011235955,
    0.45217391304347826,
    0.3855421686746988,
    0.42276422764227645,
    0.5569620253164557,
    0.20253164556962025,
    0.03773584905660377,
    0.12307692307692308,
    0.5950413223140496,
    0.4489795918367347,
    0.09523809523809523,
    0.2647058823529412,
    0.15873015873015872,
    0.14516129032258066,
    0.0967741935483871,
    0.273972602739726,
    0.27692307692307694,
    0.4235294117647059,
    0.6890756302521008,
    0.2631578947368421,
    0.7,
    0.6534653465346535,
    0.288135593220339,
    0.2465753424657534,
    0.4318181818181818,
    0.46153846153846156,
    0.3380281690140845,
    0.2786885245901639,
    0.45454545454545453,
    0.46808510638297873,
    0.5106382978723404,
    0.18823529411764706,
    0.30612244897959184,
    0.17073170731707318,
    0.02857142857142857,
    0.3010752688172043,
    0.25,
    0.4772727272727273,
    0.31343283582089554,
    0.5607476635514018,
    0.6782608695652174,
    0.8080808080808081,
    0.367816091954023,
    0.03571428571428571,
    0.38461538461538464,
    0.6060606060606061,
    0.43243243243243246,
    0.20512820512820512,
    0.5934065934065934,
    0.42016806722689076,
    0.0,
    0.62,
    0.2972972972972973,
    0.5272727272727272,
    0.10638297872340426,
    0.205607476635514,
    0.38095238095238093,
    0.32653061224489793,
    0.4444444444444444,
    0.5154639175257731,
    0.5393258426966292,
    0.37398373983739835,
    0.5057471264367817,
    0.3404255319148936,
    0.43537414965986393,
    0.20689655172413793,
    0.4512820512820513,
    0.42748091603053434,
    0.6666666666666666,
    0.4,
    0.3392857142857143,
    0.5806451612903226,
    0.15873015873015872,
    0.4,
    0.2988505747126437
  ],