{
  "accuracy": 0.4083,
  "precision_macro": 0.4076042387703486,
  "recall_macro": 0.4083,
  "f1_macro": 0.3877252519651356,
  "precision_weighted": 0.4076042387703487,
  "recall_weighted": 0.4083,
  "f1_weighted": 0.38772525196513563,
  "per_class_f1": [
    0.7130434782608696,
    0.6060606060606061,
    0.4915254237288136,
    0.2716049382716049,
    0.4393939393939394,
    0.1839080459770115,
    0.6138613861386139,
    0.1411764705882353,
    0.6101694915254238,
    0.3375,
    0.2222222222222222,
    0.47191011235955055,
    0.47540983606557374,
    0.7017543859649122,
    0.5208333333333334,
    0.3,
    0.2318840579710145,
    0.3829787234042553,
    0.2857142857142857,
    0.4740740740740741,
    0.5116279069767442,
    0.6808510638297872,
    0.6274509803921569,
    0.6666666666666666,
    0.14634146341463414,
    0.48214285714285715,
    0.4,
    0.1978021978021978,
    0.34108527131782945,
    0.0625,
    0.40310077519379844,
    0.453125,
    0.12903225806451613,
    0.21212121212121213,
    0.4485981308411215,
    0.5289256198347108,
    0.68,
    0.37735849056603776,
    0.4161073825503356,
    0.39603960396039606,
    0.14814814814814814,
    0.2823529411764706,
    0.37254901960784315,
    0.4791666666666667,
    0.845360824742268,
    0.6909090909090909,
    0.30927835051546393,
    0.509090909090909,
    0.11940298507462686,
    0.23529411764705882,
    0.631578947368421,
    0.2777777777777778,
    0.616822429906542,
    0.3404255319148936,
    0.4810126582278481,
    0.43548387096774194,
    0.19753086419753085,
    0.5378151260504201,
    0.673469387755102,
    0.25,
    0.421875,
    0.5391304347826087,
    0.2619047619047619,
    0.2956521739130435,
    0.1875,
    0.23931623931623933,
    0.5168539325842697,
    0.13114754098360656,
    0.3310344827586207,
    0.2553191489361702,
    0.26666666666666666,
    0.6238532110091743,
    0.3191489361702128,
    0.368,
    0.3883495145631068,
    0.3132530120481928,
    0.2857142857142857,
    0.030303030303030304,
    0.7741935483870968,
    0.28125,
    0.24096385542168675,
    0.6842105263157895,
    0.36477987421383645,
    0.24742268041237114,
    0.36893203883495146,
    0.2823529411764706,
    0.43037974683544306,
    0.3448275862068966,
    0.07407407407407407,
    0.32608695652173914,
    0.44755244755244755,
    0.515625,
    0.21212121212121213,
    0.37735849056603776,
    0.42016806722689076,
    0.27956989247311825,
    0.3595505617977528,
    0.32558139534883723,
    0.45161290322580644,
    0.12698412698412698,
    0.1282051282051282,
    0.49504950495049505,
    0.28169014084507044,
    0.7115384615384616,
    0.2191780821917808,
    0.2545454545454545,
    0.10869565217391304,
    0.6666666666666666,
    0.7157894736842105,
    0.30357142857142855,
    0.35051546391752575,
    0.5223880597014925,
    0.3448275862068966,
    0.3404255319148936,
    0.3619047619047619,
    0.75,
    0.3287671232876712,
    0.42748091603053434,
    0.56,
    0.21818181818181817,
    0.24793388429752067,
    0.4888888888888889,
    0.06896551724137931,
    0.20155038759689922,
    0.7241379310344828,
    0.18181818181818182,
    0.5057471264367817,
    0.2777777777777778,
    0.47619047619047616,
    0.574468085106383,
    0.30952380952380953,
    0.0,
    0.19718309859154928,
    0.6017699115044248,
    0.39655172413793105,
    0.03389830508474576,
    0.22556390977443608,
    0.16901408450704225,
    0.13861386138613863,
    0.08695652173913043,
    0.4247787610619469,
    0.3037974683544304,
    0.42,
    0.6451612903225806,
    0.32075471698113206,
    0.7857142857142857,
    0.6373626373626373,
    0.29545454545454547,
    0.37735849056603776,
    0.4,
    0.48214285714285715,
    0.19672131147540983,
    0.47191011235955055,
    0.43956043956043955,
    0.45569620253164556,
    0.4050632911392405,
    0.2916666666666667,
    0.28888888888888886,
    0.2696629213483146,
    0.13114754098360656,
    0.27184466019417475,
    0.3853211009174312,
    0.5217391304347826,
    0.36363636363636365,
    0.5137614678899083,
    0.6964285714285714,
    0.6984126984126984,
    0.39080459770114945,
    0.03636363636363636,
    0.2619047619047619,
    0.6060606060606061,
    0.4576271186440678,
    0.1282051282051282,
    0.6355140186915887,
    0.38636363636363635,
    0.07142857142857142,
    0.6262626262626263,
    0.3418803418803419,
    0.5692307692307692,
    0.1891891891891892,
    0.1793103448275862,
    0.36065573770491804,
    0.3333333333333333,
    0.4835164835164835,
    0.6436781609195402,
    0.5,
    0.5178571428571429,
    0.48484848484848486,
    0.42696629213483145,
    0.5238095238095238,
    0.37383177570093457,
    0.5757575757575758,
    0.4657534246575342,
    0.5616438356164384,
    0.40625,
    0.35185185185185186,
    0.5103448275862069,
    0.2222222222222222,
    0.42105263157894735,
    0.23157894736842105
  ],