{
  "accuracy": 0.3822,
  "precision_macro": 0.4024746642017999,
  "recall_macro": 0.3822,
  "f1_macro": 0.36747230911259693,
  "precision_weighted": 0.4024746642017999,
  "recall_weighted": 0.3822,
  "f1_weighted": 0.367472309112597,
  "per_class_f1": [
    0.7155963302752294,
    0.5694444444444444,
    0.3917525773195876,
    0.3058823529411765,
    0.3469387755102041,
    0.12903225806451613,
    0.6041666666666666,
    0.12307692307692308,
    0.5882352941176471,
    0.3559322033898305,
    0.14084507042253522,
    0.44680851063829785,
    0.4864864864864865,
    0.4375,
    0.4835164835164835,
    0.2857142857142857,
    0.29333333333333333,
    0.45454545454545453,
    0.36231884057971014,
    0.512396694214876,
    0.5691056910569106,
    0.6122448979591837,
    0.5747126436781609,
    0.6534653465346535,
    0.15841584158415842,
    0.46017699115044247,
    0.3783783783783784,
    0.05128205128205128,
    0.3486238532110092,
    0.08,
    0.43478260869565216,
    0.48598130841121495,
    0.2318840579710145,
    0.22784810126582278,
    0.48484848484848486,
    0.48,
    0.6990291262135923,
    0.3877551020408163,
    0.37037037037037035,
    0.3170731707317073,
    0.06451612903225806,
    0.2988505747126437,
    0.4036697247706422,
    0.44680851063829785,
    0.7735849056603774,
    0.6782608695652174,
    0.3925233644859813,
    0.4536082474226804,
    0.17543859649122806,
    0.15584415584415584,
    0.5714285714285714,
    0.2716049382716049,
    0.6304347826086957,
    0.35789473684210527,
    0.34146341463414637,
    0.2222222222222222,
    0.19130434782608696,
    0.4881889763779528,
    0.6666666666666666,
    0.35135135135135137,
    0.3176470588235294,
    0.512396694214876,
    0.15625,
    0.3883495145631068,
    0.12903225806451613,
    0.11956521739130435,
    0.6222222222222222,
    0.1016949152542373,
    0.3563218390804598,
    0.15517241379310345,
    0.34545454545454546,
    0.6785714285714286,
    0.20588235294117646,
    0.38095238095238093,
    0.5263157894736842,
    0.34210526315789475,
    0.1791044776119403,
    0.03125,
    0.6875,
    0.16666666666666666,
    0.14925373134328357,
    0.6379310344827587,
    0.4,
    0.1891891891891892,
    0.18947368421052632,
    0.19718309859154928,
    0.49411764705882355,
    0.3146067415730337,
    0.0,
    0.27586206896551724,
    0.42748091603053434,
    0.5,
    0.27848101265822783,
    0.32786885245901637,
    0.3829787234042553,
    0.37383177570093457,
    0.32323232323232326,
    0.35384615384615387,
    0.46938775510204084,
    0.10526315789473684,
    0.07407407407407407,
    0.5544554455445545,
    0.22950819672131148,
    0.782608695652174,
    0.24615384615384617,
    0.25,
    0.14583333333333334,
    0.6601941747572816,
    0.6336633663366337,
    0.4044943820224719,
    0.2826086956521739,
    0.5289256198347108,
    0.2857142857142857,
    0.3116883116883117,
    0.37735849056603776,
    0.7407407407407407,
    0.391304347826087,
    0.5283018867924528,
    0.5631067961165048,
    0.21568627450980393,
    0.23529411764705882,
    0.42718446601941745,
    0.03636363636363636,
    0.2057142857142857,
    0.7272727272727273,
    0.20253164556962025,
    0.47619047619047616,
    0.2926829268292683,
    0.32298136645962733,
    0.48695652173913045,
    0.19444444444444445,
    0.0,
    0.16129032258064516,
    0.6346153846153846,
    0.42857142857142855,
    0.06779661016949153,
    0.19548872180451127,
    0.07272727272727272,
    0.09195402298850575,
    0.11594202898550725,
    0.3783783783783784,
    0.3333333333333333,
    0.30952380952380953,
    0.6842105263157895,
    0.2978723404255319,
    0.8118811881188119,
    0.6260869565217392,
    0.2727272727272727,
    0.35294117647058826,
    0.4782608695652174,
    0.4247787610619469,
    0.2222222222222222,
    0.32653061224489793,
    0.4727272727272727,
    0.47619047619047616,
    0.44,
    0.2535211267605634,
    0.3157894736842105,
    0.14925373134328357,
    0.038461538461538464,
    0.16901408450704225,
    0.3486238532110092,
    0.3835616438356164,
    0.31746031746031744,
    0.4580152671755725,
    0.7326732673267327,
    0.7692307692307693,
    0.36538461538461536,
    0.06896551724137931,
    0.25,
    0.6732673267326733,
    0.36363636363636365,
    0.05714285714285714,
    0.5977011494252874,
    0.3010752688172043,
    0.038461538461538464,
    0.41379310344827586,
    0.4406779661016949,
    0.6,
    0.12307692307692308,
    0.2222222222222222,
    0.3076923076923077,
    0.3,
    0.5111111111111111,
    0.6444444444444445,
    0.47191011235955055,
    0.4423076923076923,
    0.37362637362637363,
    0.34408602150537637,
    0.6019417475728155,
    0.3870967741935484,
    0.5826771653543307,
    0.5039370078740157,
    0.6201550387596899,
    0.30303030303030304,
    0.24528301886792453,
    0.5517241379310345,
    0.1258741258741259,
    0.13552361396303902,
    0.3333333333333333
  ],