{
  "accuracy": 0.4166,
  "precision_macro": 0.41728549187815545,
  "recall_macro": 0.4166,
  "f1_macro": 0.3995980031810536,
  "precision_weighted": 0.41728549187815533,
  "recall_weighted": 0.4166,
  "f1_weighted": 0.3995980031810536,
  "per_class_f1": [
    0.6842105263157895,
    0.6050420168067226,
    0.44642857142857145,
    0.27450980392156865,
    0.42201834862385323,
    0.11235955056179775,
    0.5517241379310345,
    0.21428571428571427,
    0.7047619047619048,
    0.2926829268292683,
    0.27586206896551724,
    0.4854368932038835,
    0.38323353293413176,
    0.6451612903225806,
    0.5348837209302325,
    0.2926829268292683,
    0.2191780821917808,
    0.5052631578947369,
    0.34951456310679613,
    0.5517241379310345,
    0.5555555555555556,
    0.6956521739130435,
    0.64,
    0.7652173913043478,
    0.23529411764705882,
    0.5112781954887218,
    0.4566929133858268,
    0.06153846153846154,
    0.3018867924528302,
    0.06666666666666667,
    0.4397163120567376,
    0.43902439024390244,
    0.13157894736842105,
    0.2782608695652174,
    0.5048543689320388,
    0.45454545454545453,
    0.7252747252747253,
    0.3829787234042553,
    0.5294117647058824,
    0.37623762376237624,
    0.25925925925925924,
    0.3541666666666667,
    0.32558139534883723,
    0.46296296296296297,
    0.8351648351648352,
    0.6363636363636364,
    0.4,
    0.46017699115044247,
    0.1917808219178082,
    0.18421052631578946,
    0.6226415094339622,
    0.2558139534883721,
    0.6111111111111112,
    0.4,
    0.4444444444444444,
    0.4444444444444444,
    0.23076923076923078,
    0.5299145299145299,
    0.7368421052631579,
    0.45,
    0.49122807017543857,
    0.5511811023622047,
    0.1797752808988764,
    0.33707865168539325,
    0.20224719101123595,
    0.19607843137254902,
    0.6122448979591837,
    0.24242424242424243,
    0.30303030303030304,
    0.29213483146067415,
    0.3247863247863248,
    0.6440677966101694,
    0.3333333333333333,
    0.34782608695652173,
    0.43137254901960786,
    0.28205128205128205,
    0.3146067415730337,
    0.12345679012345678,
    0.7524752475247525,
    0.1875,
    0.06153846153846154,
    0.6285714285714286,
    0.33093525179856115,
    0.2619047619047619,
    0.32967032967032966,
    0.3917525773195876,
    0.425531914893617,
    0.3220338983050847,
    0.06779661016949153,
    0.40816326530612246,
    0.4715447154471545,
    0.4411764705882353,
    0.345679012345679,
    0.4122137404580153,
    0.3037974683544304,
    0.44680851063829785,
    0.4,
    0.26881720430107525,
    0.422360248447205,
    0.14457831325301204,
    0.13114754098360656,
    0.5979381443298969,
    0.3076923076923077,
    0.6727272727272727,
    0.35294117647058826,
    0.3300970873786408,
    0.20253164556962025,
    0.5945945945945946,
    0.6017699115044248,
    0.4090909090909091,
    0.2553191489361702,
    0.5555555555555556,
    0.3620689655172414,
    0.379746835443038,
    0.3037974683544304,
    0.7184466019417476,
    0.43010752688172044,
    0.44776119402985076,
    0.616822429906542,
    0.2222222222222222,
    0.3247863247863248,
    0.49382716049382713,
    0.03571428571428571,
    0.15714285714285714,
    0.6779661016949152,
    0.24390243902439024,
    0.5252525252525253,
    0.32,
    0.45217391304347826,
    0.5617977528089888,
    0.2,
    0.0,
    0.19444444444444445,
    0.6862745098039216,
    0.45454545454545453,
    0.12903225806451613,
    0.26666666666666666,
    0.26865671641791045,
    0.08080808080808081,
    0.06896551724137931,
    0.43478260869565216,
    0.3373493975903614,
    0.48936170212765956,
    0.7155963302752294,
    0.3387096774193548,
    0.7090909090909091,
    0.6782608695652174,
    0.22608695652173913,
    0.43636363636363634,
    0.40860215053763443,
    0.43636363636363634,
    0.29850746268656714,
    0.4691358024691358,
    0.5098039215686274,
    0.45098039215686275,
    0.2972972972972973,
    0.2597402597402597,
    0.42857142857142855,
    0.1794871794871795,
    0.03508771929824561,
    0.42718446601941745,
    0.325,
    0.42857142857142855,
    0.40860215053763443,
    0.5714285714285714,
    0.7,
    0.6929133858267716,
    0.4634146341463415,
    0.07272727272727272,
    0.4117647058823529,
    0.5909090909090909,
    0.38461538461538464,
    0.11267605633802817,
    0.6534653465346535,
    0.4186046511627907,
    0.07142857142857142,
    0.5777777777777777,
    0.3473053892215569,
    0.6355140186915887,
    0.18181818181818182,
    0.25,
    0.3333333333333333,
    0.2962962962962963,
    0.5263157894736842,
    0.5894736842105263,
    0.5494505494505495,
    0.32608695652173914,
    0.37623762376237624,
    0.3047619047619048,
    0.5227272727272727,
    0.32653061224489793,
    0.5362318840579711,
    0.4864864864864865,
    0.639344262295082,
    0.4948453608247423,
    0.5242718446601942,
    0.6,
    0.25287356321839083,
    0.4161073825503356,
    0.3469387755102041
  ],