{
  "accuracy": 0.402,
  "precision_macro": 0.4122011458915733,
  "recall_macro": 0.402,
  "f1_macro": 0.38646636325403144,
  "precision_weighted": 0.4122011458915733,
  "recall_weighted": 0.402,
  "f1_weighted": 0.38646636325403144,
  "per_class_f1": [
    0.66,
    0.6554621848739496,
    0.38235294117647056,
    0.24528301886792453,
    0.41818181818181815,
    0.08695652173913043,
    0.5904761904761905,
    0.1388888888888889,
    0.5932203389830508,
    0.2929936305732484,
    0.20253164556962025,
    0.4883720930232558,
    0.5303030303030303,
    0.6111111111111112,
    0.5686274509803921,
    0.34615384615384615,
    0.1791044776119403,
    0.5490196078431373,
    0.30357142857142855,
    0.48695652173913045,
    0.48695652173913045,
    0.6526315789473685,
    0.4657534246575342,
    0.6170212765957447,
    0.17073170731707318,
    0.5769230769230769,
    0.43636363636363634,
    0.06896551724137931,
    0.33613445378151263,
    0.14925373134328357,
    0.4098360655737705,
    0.5,
    0.19444444444444445,
    0.1523809523809524,
    0.45714285714285713,
    0.37735849056603776,
    0.6274509803921569,
    0.391304347826087,
    0.425531914893617,
    0.30927835051546393,
    0.27906976744186046,
    0.32989690721649484,
    0.35051546391752575,
    0.45714285714285713,
    0.8631578947368421,
    0.7238095238095238,
    0.2727272727272727,
    0.4854368932038835,
    0.03125,
    0.14925373134328357,
    0.581081081081081,
    0.2916666666666667,
    0.584070796460177,
    0.42990654205607476,
    0.4782608695652174,
    0.43356643356643354,
    0.3157894736842105,
    0.47058823529411764,
    0.625,
    0.3783783783783784,
    0.44594594594594594,
    0.4918032786885246,
    0.3188405797101449,
    0.4358974358974359,
    0.2558139534883721,
    0.2814814814814815,
    0.5769230769230769,
    0.16666666666666666,
    0.4393939393939394,
    0.18181818181818182,
    0.21176470588235294,
    0.6947368421052632,
    0.29213483146067415,
    0.40384615384615385,
    0.4727272727272727,
    0.28169014084507044,
    0.2988505747126437,
    0.14432989690721648,
    0.6481481481481481,
    0.13559322033898305,
    0.1038961038961039,
    0.7,
    0.3508771929824561,
    0.22784810126582278,
    0.3119266055045872,
    0.46153846153846156,
    0.5116279069767442,
    0.375,
    0.03508771929824561,
    0.32989690721649484,
    0.38461538461538464,
    0.421875,
    0.3614457831325301,
    0.32222222222222224,
    0.3865546218487395,
    0.41739130434782606,
    0.2926829268292683,
    0.373134328358209,
    0.4628099173553719,
    0.10256410256410256,
    0.09836065573770492,
    0.4318181818181818,
    0.34210526315789475,
    0.7252747252747253,
    0.19148936170212766,
    0.3333333333333333,
    0.1956521739130435,
    0.5892857142857143,
    0.5669291338582677,
    0.453781512605042,
    0.33663366336633666,
    0.6324786324786325,
    0.34375,
    0.425,
    0.2894736842105263,
    0.7727272727272727,
    0.43037974683544306,
    0.411214953271028,
    0.7157894736842105,
    0.2937062937062937,
    0.3191489361702128,
    0.4731182795698925,
    0.0,
    0.26373626373626374,
    0.7090909090909091,
    0.2549019607843137,
    0.5081967213114754,
    0.3333333333333333,
    0.4444444444444444,
    0.54,
    0.21686746987951808,
    0.0,
    0.16129032258064516,
    0.5882352941176471,
    0.46464646464646464,
    0.03278688524590164,
    0.23255813953488372,
    0.16393442622950818,
    0.16161616161616163,
    0.09230769230769231,
    0.36893203883495146,
    0.30303030303030304,
    0.4772727272727273,
    0.7321428571428571,
    0.32323232323232326,
    0.7777777777777778,
    0.5869565217391305,
    0.2786885245901639,
    0.2127659574468085,
    0.36363636363636365,
    0.46551724137931033,
    0.13559322033898305,
    0.31496062992125984,
    0.41379310344827586,
    0.37777777777777777,
    0.4158415841584158,
    0.273972602739726,
    0.2916666666666667,
    0.20512820512820512,
    0.07407407407407407,
    0.28169014084507044,
    0.3488372093023256,
    0.48,
    0.375,
    0.4727272727272727,
    0.7090909090909091,
    0.8,
    0.37606837606837606,
    0.03571428571428571,
    0.41237113402061853,
    0.6185567010309279,
    0.4393939393939394,
    0.06451612903225806,
    0.6605504587155964,
    0.4782608695652174,
    0.03773584905660377,
    0.5686274509803921,
    0.42735042735042733,
    0.5882352941176471,
    0.15789473684210525,
    0.23300970873786409,
    0.32967032967032966,
    0.3132530120481928,
    0.5208333333333334,
    0.6521739130434783,
    0.5714285714285714,
    0.3333333333333333,
    0.3652173913043478,
    0.26,
    0.5476190476190477,
    0.43010752688172044,
    0.5691056910569106,
    0.47297297297297297,
    0.6491228070175439,
    0.3619047619047619,
    0.4098360655737705,
    0.4666666666666667,
    0.3037974683544304,
    0.13202933985330073,
    0.32941176470588235
  ],