{
  "accuracy": 0.3195,
  "precision_macro": 0.397157445083037,
  "recall_macro": 0.3195,
  "f1_macro": 0.3209989304234461,
  "precision_weighted": 0.3971574450830371,
  "recall_weighted": 0.3195,
  "f1_weighted": 0.3209989304234461,
  "per_class_f1": [
    0.5909090909090909,
    0.576271186440678,
    0.3333333333333333,
    0.12698412698412698,
    0.2597402597402597,
    0.12631578947368421,
    0.45,
    0.06779661016949153,
    0.5490196078431373,
    0.2677165354330709,
    0.0,
    0.2972972972972973,
    0.3717948717948718,
    0.31645569620253167,
    0.3611111111111111,
    0.1935483870967742,
    0.22950819672131148,
    0.38202247191011235,
    0.24074074074074073,
    0.46808510638297873,
    0.3835616438356164,
    0.6172839506172839,
    0.4675324675324675,
    0.4625,
    0.21951219512195122,
    0.42105263157894735,
    0.4,
    0.14492753623188406,
    0.3106796116504854,
    0.037037037037037035,
    0.14492753623188406,
    0.3709677419354839,
    0.1791044776119403,
    0.1388888888888889,
    0.4657534246575342,
    0.375,
    0.6746987951807228,
    0.2857142857142857,
    0.3469387755102041,
    0.15625,
    0.06896551724137931,
    0.034482758620689655,
    0.08955223880597014,
    0.4166666666666667,
    0.7956989247311828,
    0.6341463414634146,
    0.10714285714285714,
    0.35443037974683544,
    0.14035087719298245,
    0.14705882352941177,
    0.5486725663716814,
    0.1791044776119403,
    0.45714285714285713,
    0.4827586206896552,
    0.17647058823529413,
    0.2535211267605634,
    0.10909090909090909,
    0.47058823529411764,
    0.6304347826086957,
    0.3384615384615385,
    0.45925925925925926,
    0.4715447154471545,
    0.13793103448275862,
    0.3076923076923077,
    0.1388888888888889,
    0.027586206896551724,
    0.46153846153846156,
    0.16129032258064516,
    0.3625,
    0.06349206349206349,
    0.2828282828282828,
    0.6078431372549019,
    0.26666666666666666,
    0.40963855421686746,
    0.47706422018348627,
    0.3287671232876712,
    0.175,
    0.18181818181818182,
    0.6153846153846154,
    0.14814814814814814,
    0.034482758620689655,
    0.7079646017699115,
    0.2222222222222222,
    0.23529411764705882,
    0.32075471698113206,
    0.29411764705882354,
    0.45652173913043476,
    0.23529411764705882,
    0.0,
    0.2702702702702703,
    0.4444444444444444,
    0.5208333333333334,
    0.30303030303030304,
    0.3106796116504854,
    0.39080459770114945,
    0.35185185185185186,
    0.16393442622950818,
    0.3252032520325203,
    0.3584905660377358,
    0.10126582278481013,
    0.0,
    0.4782608695652174,
    0.22857142857142856,
    0.7441860465116279,
    0.2028985507246377,
    0.19834710743801653,
    0.15384615384615385,
    0.496551724137931,
    0.5681818181818182,
    0.425531914893617,
    0.2191780821917808,
    0.5,
    0.2857142857142857,
    0.2647058823529412,
    0.3218390804597701,
    0.6428571428571429,
    0.358974358974359,
    0.42990654205607476,
    0.584070796460177,
    0.18181818181818182,
    0.30303030303030304,
    0.4536082474226804,
    0.03333333333333333,
    0.08823529411764706,
    0.6610169491525424,
    0.2222222222222222,
    0.38028169014084506,
    0.18421052631578946,
    0.4444444444444444,
    0.48484848484848486,
    0.13333333333333333,
    0.0,
    0.0,
    0.5225225225225225,
    0.2972972972972973,
    0.09836065573770492,
    0.17391304347826086,
    0.13559322033898305,
    0.16279069767441862,
    0.0625,
    0.3218390804597701,
    0.2465753424657534,
    0.4186046511627907,
    0.7017543859649122,
    0.1927710843373494,
    0.7735849056603774,
    0.6407766990291263,
    0.125,
    0.03333333333333333,
    0.410958904109589,
    0.4,
    0.14035087719298245,
    0.09125475285171103,
    0.5272727272727272,
    0.4,
    0.2857142857142857,
    0.2153846153846154,
    0.3037974683544304,
    0.06666666666666667,
    0.02666666666666667,
    0.2535211267605634,
    0.23684210526315788,
    0.34210526315789475,
    0.29473684210526313,
    0.5,
    0.6407766990291263,
    0.82,
    0.3764705882352941,
    0.0,
    0.26666666666666666,
    0.5617977528089888,
    0.3076923076923077,
    0.0392156862745098,
    0.576271186440678,
    0.42592592592592593,
    0.03571428571428571,
    0.5,
    0.37037037037037035,
    0.5254237288135594,
    0.1038961038961039,
    0.10256410256410256,
    0.38461538461538464,
    0.1917808219178082,
    0.5176470588235295,
    0.5822784810126582,
    0.425531914893617,
    0.38235294117647056,
    0.47058823529411764,
    0.3055555555555556,
    0.48214285714285715,
    0.3170731707317073,
    0.5648854961832062,
    0.42105263157894735,
    0.62,
    0.2708333333333333,
    0.24096385542168675,
    0.48333333333333334,
    0.06451612903225806,
    0.20512820512820512,
    0.16216216216216217
  ],