{
  "accuracy": 0.4312,
  "precision_macro": 0.43846876192014844,
  "recall_macro": 0.43119999999999997,
  "f1_macro": 0.4149841579132857,
  "precision_weighted": 0.43846876192014844,
  "recall_weighted": 0.4312,
  "f1_weighted": 0.4149841579132857,
  "per_class_f1": [
    0.7676767676767676,
    0.6792452830188679,
    0.3945578231292517,
    0.2988505747126437,
    0.4827586206896552,
    0.10638297872340426,
    0.576,
    0.1794871794871795,
    0.6792452830188679,
    0.2874251497005988,
    0.2558139534883721,
    0.4909090909090909,
    0.5217391304347826,
    0.6521739130434783,
    0.5393258426966292,
    0.35051546391752575,
    0.208955223880597,
    0.5321100917431193,
    0.2727272727272727,
    0.5225225225225225,
    0.584070796460177,
    0.6736842105263158,
    0.5849056603773585,
    0.72,
    0.20689655172413793,
    0.46601941747572817,
    0.43283582089552236,
    0.12698412698412698,
    0.31007751937984496,
    0.09836065573770492,
    0.48,
    0.4426229508196721,
    0.24,
    0.23655913978494625,
    0.47244094488188976,
    0.47706422018348627,
    0.6607142857142857,
    0.34146341463414637,
    0.5238095238095238,
    0.3387096774193548,
    0.1791044776119403,
    0.32323232323232326,
    0.35658914728682173,
    0.425531914893617,
    0.8333333333333334,
    0.7142857142857143,
    0.4044943820224719,
    0.46511627906976744,
    0.23880597014925373,
    0.2972972972972973,
    0.6428571428571429,
    0.26804123711340205,
    0.603448275862069,
    0.3925233644859813,
    0.4827586206896552,
    0.45925925925925926,
    0.2727272727272727,
    0.5070422535211268,
    0.7157894736842105,
    0.5063291139240507,
    0.4793388429752066,
    0.5714285714285714,
    0.30985915492957744,
    0.3883495145631068,
    0.06896551724137931,
    0.21487603305785125,
    0.5148514851485149,
    0.3076923076923077,
    0.38926174496644295,
    0.2905982905982906,
    0.26666666666666666,
    0.6,
    0.32,
    0.4,
    0.4628099173553719,
    0.2857142857142857,
    0.35294117647058826,
    0.09523809523809523,
    0.7326732673267327,
    0.3582089552238806,
    0.12658227848101267,
    0.7207207207207207,
    0.4117647058823529,
    0.2682926829268293,
    0.24528301886792453,
    0.4,
    0.46511627906976744,
    0.4044943820224719,
    0.038461538461538464,
    0.38095238095238093,
    0.46875,
    0.4852941176470588,
    0.41975308641975306,
    0.42735042735042733,
    0.37777777777777777,
    0.4230769230769231,
    0.3434343434343434,
    0.35294117647058826,
    0.4727272727272727,
    0.13333333333333333,
    0.18421052631578946,
    0.6222222222222222,
    0.20588235294117646,
    0.68,
    0.36619718309859156,
    0.26153846153846155,
    0.1782178217821782,
    0.6181818181818182,
    0.66,
    0.49504950495049505,
    0.3883495145631068,
    0.5174825174825175,
    0.3511450381679389,
    0.40816326530612246,
    0.4470588235294118,
    0.7872340425531915,
    0.45871559633027525,
    0.5294117647058824,
    0.6862745098039216,
    0.297029702970297,
    0.288135593220339,
    0.4628099173553719,
    0.09090909090909091,
    0.1746031746031746,
    0.6461538461538462,
    0.24175824175824176,
    0.4948453608247423,
    0.3142857142857143,
    0.453125,
    0.6190476190476191,
    0.24096385542168675,
    0.0,
    0.06451612903225806,
    0.6538461538461539,
    0.4634146341463415,
    0.14545454545454545,
    0.2878787878787879,
    0.2894736842105263,
    0.16176470588235295,
    0.125,
    0.46956521739130436,
    0.30985915492957744,
    0.44680851063829785,
    0.7027027027027027,
    0.3684210526315789,
    0.7843137254901961,
    0.6981132075471698,
    0.3008849557522124,
    0.3711340206185567,
    0.42857142857142855,
    0.5102040816326531,
    0.35135135135135137,
    0.4827586206896552,
    0.5490196078431373,
    0.4578313253012048,
    0.4897959183673469,
    0.2716049382716049,
    0.32989690721649484,
    0.26506024096385544,
    0.03333333333333333,
    0.3669724770642202,
    0.36893203883495146,
    0.43902439024390244,
    0.46846846846846846,
    0.43609022556390975,
    0.7166666666666667,
    0.8080808080808081,
    0.45871559633027525,
    0.03571428571428571,
    0.40404040404040403,
    0.6947368421052632,
    0.4424778761061947,
    0.08333333333333333,
    0.717391304347826,
    0.46511627906976744,
    0.10714285714285714,
    0.5647058823529412,
    0.3968253968253968,
    0.6,
    0.26804123711340205,
    0.23214285714285715,
    0.4050632911392405,
    0.3870967741935484,
    0.449438202247191,
    0.5964912280701754,
    0.6037735849056604,
    0.4578313253012048,
    0.4642857142857143,
    0.297029702970297,
    0.5046728971962616,
    0.4421052631578947,
    0.6290322580645161,
    0.4888888888888889,
    0.7102803738317757,
    0.4954128440366973,
    0.38461538461538464,
    0.5112781954887218,
    0.30612244897959184,
    0.4230769230769231,
    0.30434782608695654
  ],