{
  "accuracy": 0.4224,
  "precision_macro": 0.42633516675496586,
  "recall_macro": 0.4224,
  "f1_macro": 0.40594696310856876,
  "precision_weighted": 0.42633516675496597,
  "recall_weighted": 0.4224,
  "f1_weighted": 0.40594696310856876,
  "per_class_f1": [
    0.64,
    0.7102803738317757,
    0.4716981132075472,
    0.3305785123966942,
    0.37398373983739835,
    0.047058823529411764,
    0.5641025641025641,
    0.24175824175824176,
    0.5671641791044776,
    0.33613445378151263,
    0.23529411764705882,
    0.4842105263157895,
    0.49557522123893805,
    0.6666666666666666,
    0.5,
    0.2962962962962963,
    0.28169014084507044,
    0.5567010309278351,
    0.3939393939393939,
    0.4897959183673469,
    0.4628099173553719,
    0.6741573033707865,
    0.673469387755102,
    0.7413793103448276,
    0.20202020202020202,
    0.5736434108527132,
    0.45454545454545453,
    0.12698412698412698,
    0.35294117647058826,
    0.13333333333333333,
    0.2564102564102564,
    0.5233644859813084,
    0.30303030303030304,
    0.20833333333333334,
    0.47058823529411764,
    0.423728813559322,
    0.6415094339622641,
    0.4,
    0.4745762711864407,
    0.3488372093023256,
    0.16901408450704225,
    0.2988505747126437,
    0.39603960396039606,
    0.4444444444444444,
    0.8282828282828283,
    0.6902654867256637,
    0.38095238095238093,
    0.5111111111111111,
    0.09836065573770492,
    0.26506024096385544,
    0.6071428571428571,
    0.32608695652173914,
    0.5740740740740741,
    0.32142857142857145,
    0.34,
    0.4927536231884058,
    0.22429906542056074,
    0.5154639175257731,
    0.6601941747572816,
    0.4,
    0.5045045045045045,
    0.5128205128205128,
    0.2631578947368421,
    0.32727272727272727,
    0.15384615384615385,
    0.2571428571428571,
    0.5106382978723404,
    0.24242424242424243,
    0.36046511627906974,
    0.32142857142857145,
    0.2318840579710145,
    0.6557377049180327,
    0.34951456310679613,
    0.4307692307692308,
    0.42990654205607476,
    0.32432432432432434,
    0.21621621621621623,
    0.15625,
    0.7169811320754716,
    0.2,
    0.14084507042253522,
    0.6271186440677966,
    0.3448275862068966,
    0.2857142857142857,
    0.2857142857142857,
    0.32558139534883723,
    0.4090909090909091,
    0.36363636363636365,
    0.10714285714285714,
    0.4666666666666667,
    0.509090909090909,
    0.448,
    0.2891566265060241,
    0.40384615384615385,
    0.4954128440366973,
    0.39316239316239315,
    0.37623762376237624,
    0.3448275862068966,
    0.484375,
    0.1111111111111111,
    0.13157894736842105,
    0.6136363636363636,
    0.27848101265822783,
    0.7254901960784313,
    0.2608695652173913,
    0.2909090909090909,
    0.20224719101123595,
    0.5625,
    0.5736434108527132,
    0.5043478260869565,
    0.3181818181818182,
    0.5454545454545454,
    0.32432432432432434,
    0.41025641025641024,
    0.3434343434343434,
    0.6902654867256637,
    0.44660194174757284,
    0.4946236559139785,
    0.660377358490566,
    0.27184466019417475,
    0.3148148148148148,
    0.4954128440366973,
    0.24691358024691357,
    0.16783216783216784,
    0.6451612903225806,
    0.2222222222222222,
    0.42,
    0.4090909090909091,
    0.4189189189189189,
    0.5842696629213483,
    0.1935483870967742,
    0.0,
    0.136986301369863,
    0.6218487394957983,
    0.39080459770114945,
    0.03636363636363636,
    0.3055555555555556,
    0.28205128205128205,
    0.19298245614035087,
    0.22580645161290322,
    0.42718446601941745,
    0.3380281690140845,
    0.425531914893617,
    0.7524752475247525,
    0.36496350364963503,
    0.7350427350427351,
    0.6464646464646465,
    0.25862068965517243,
    0.4,
    0.4772727272727273,
    0.45098039215686275,
    0.32432432432432434,
    0.45454545454545453,
    0.5094339622641509,
    0.4883720930232558,
    0.509090909090909,
    0.24,
    0.46938775510204084,
    0.26506024096385544,
    0.18181818181818182,
    0.3783783783783784,
    0.3516483516483517,
    0.4691358024691358,
    0.4,
    0.5333333333333333,
    0.7049180327868853,
    0.7368421052631579,
    0.4666666666666667,
    0.1,
    0.26,
    0.6222222222222222,
    0.5,
    0.14285714285714285,
    0.7252747252747253,
    0.40816326530612246,
    0.03773584905660377,
    0.5783132530120482,
    0.36893203883495146,
    0.6021505376344086,
    0.27722772277227725,
    0.24761904761904763,
    0.3442622950819672,
    0.3669724770642202,
    0.5063291139240507,
    0.6458333333333334,
    0.5106382978723404,
    0.5102040816326531,
    0.42105263157894735,
    0.39215686274509803,
    0.6060606060606061,
    0.3291139240506329,
    0.5106382978723404,
    0.5098039215686274,
    0.6548672566371682,
    0.5045045045045045,
    0.3963963963963964,
    0.5074626865671642,
    0.15789473684210525,
    0.4397163120567376,
    0.23655913978494625
  ],