{
  "accuracy": 0.4193,
  "precision_macro": 0.41669105692731373,
  "recall_macro": 0.4193,
  "f1_macro": 0.40138260206868054,
  "precision_weighted": 0.41669105692731373,
  "recall_weighted": 0.4193,
  "f1_weighted": 0.4013826020686805,
  "per_class_f1": [
    0.6491228070175439,
    0.6902654867256637,
    0.4533333333333333,
    0.2926829268292683,
    0.39285714285714285,
    0.061224489795918366,
    0.5510204081632653,
    0.16901408450704225,
    0.5891472868217055,
    0.3302752293577982,
    0.3619047619047619,
    0.5242718446601942,
    0.453125,
    0.6875,
    0.4444444444444444,
    0.3125,
    0.18181818181818182,
    0.5274725274725275,
    0.2962962962962963,
    0.5656565656565656,
    0.5765765765765766,
    0.631578947368421,
    0.625,
    0.608,
    0.19047619047619047,
    0.5436893203883495,
    0.4628099173553719,
    0.06451612903225806,
    0.40404040404040403,
    0.05555555555555555,
    0.4090909090909091,
    0.47706422018348627,
    0.2077922077922078,
    0.34146341463414637,
    0.4742268041237113,
    0.4342105263157895,
    0.6382978723404256,
    0.4,
    0.5,
    0.39603960396039606,
    0.27586206896551724,
    0.27350427350427353,
    0.4423076923076923,
    0.4772727272727273,
    0.8155339805825242,
    0.6491228070175439,
    0.3595505617977528,
    0.4297520661157025,
    0.125,
    0.26506024096385544,
    0.6065573770491803,
    0.37362637362637363,
    0.6526315789473685,
    0.4175824175824176,
    0.449438202247191,
    0.45569620253164556,
    0.3023255813953488,
    0.5585585585585585,
    0.6909090909090909,
    0.3611111111111111,
    0.4105960264900662,
    0.5303030303030303,
    0.273972602739726,
    0.3617021276595745,
    0.10526315789473684,
    0.15873015873015872,
    0.4897959183673469,
    0.25,
    0.4172661870503597,
    0.25,
    0.18181818181818182,
    0.6601941747572816,
    0.375,
    0.4074074074074074,
    0.4,
    0.2696629213483146,
    0.3037974683544304,
    0.14814814814814814,
    0.7378640776699029,
    0.24615384615384617,
    0.06666666666666667,
    0.7522935779816514,
    0.39344262295081966,
    0.2912621359223301,
    0.35714285714285715,
    0.4358974358974359,
    0.46153846153846156,
    0.31683168316831684,
    0.03773584905660377,
    0.3917525773195876,
    0.3546099290780142,
    0.4954128440366973,
    0.27906976744186046,
    0.35,
    0.4715447154471545,
    0.40707964601769914,
    0.3058823529411765,
    0.32894736842105265,
    0.4642857142857143,
    0.1782178217821782,
    0.03225806451612903,
    0.5154639175257731,
    0.2222222222222222,
    0.7216494845360825,
    0.21428571428571427,
    0.32558139534883723,
    0.225,
    0.6422018348623854,
    0.6019417475728155,
    0.4444444444444444,
    0.3225806451612903,
    0.55,
    0.2777777777777778,
    0.32142857142857145,
    0.4090909090909091,
    0.6779661016949152,
    0.44660194174757284,
    0.47863247863247865,
    0.6542056074766355,
    0.34782608695652173,
    0.3140495867768595,
    0.46808510638297873,
    0.09836065573770492,
    0.16551724137931034,
    0.7207207207207207,
    0.21333333333333335,
    0.5217391304347826,
    0.3764705882352941,
    0.4084507042253521,
    0.5813953488372093,
    0.2608695652173913,
    0.0,
    0.12987012987012986,
    0.6542056074766355,
    0.45454545454545453,
    0.21052631578947367,
    0.2824858757062147,
    0.23529411764705882,
    0.16326530612244897,
    0.05714285714285714,
    0.37037037037037035,
    0.2465753424657534,
    0.39080459770114945,
    0.7592592592592593,
    0.3333333333333333,
    0.780952380952381,
    0.6016260162601627,
    0.25,
    0.36893203883495146,
    0.3917525773195876,
    0.4318181818181818,
    0.19672131147540983,
    0.4523809523809524,
    0.48936170212765956,
    0.4691358024691358,
    0.44660194174757284,
    0.2898550724637681,
    0.38596491228070173,
    0.175,
    0.1,
    0.3883495145631068,
    0.28205128205128205,
    0.4791666666666667,
    0.44660194174757284,
    0.5504587155963303,
    0.7636363636363637,
    0.7678571428571429,
    0.3764705882352941,
    0.10344827586206896,
    0.40384615384615385,
    0.6896551724137931,
    0.49557522123893805,
    0.15151515151515152,
    0.6545454545454545,
    0.45045045045045046,
    0.06557377049180328,
    0.5481481481481482,
    0.34328358208955223,
    0.5925925925925926,
    0.12903225806451613,
    0.26804123711340205,
    0.3409090909090909,
    0.2978723404255319,
    0.4631578947368421,
    0.5833333333333334,
    0.5742574257425742,
    0.5185185185185185,
    0.41304347826086957,
    0.35294117647058826,
    0.5,
    0.42105263157894735,
    0.5736434108527132,
    0.4472049689440994,
    0.6722689075630253,
    0.41935483870967744,
    0.325,
    0.5607476635514018,
    0.3614457831325301,
    0.4722222222222222,
    0.2782608695652174
  ],