{
  "accuracy": 0.3639,
  "precision_macro": 0.3876937314752661,
  "recall_macro": 0.3639,
  "f1_macro": 0.34743583194488253,
  "precision_weighted": 0.38769373147526603,
  "recall_weighted": 0.3639,
  "f1_weighted": 0.34743583194488253,
  "per_class_f1": [
    0.5547445255474452,
    0.5517241379310345,
    0.3469387755102041,
    0.2191780821917808,
    0.2909090909090909,
    0.13513513513513514,
    0.5617977528089888,
    0.09090909090909091,
    0.591304347826087,
    0.2638888888888889,
    0.1,
    0.47058823529411764,
    0.367816091954023,
    0.5656565656565656,
    0.5301204819277109,
    0.175,
    0.125,
    0.40601503759398494,
    0.28205128205128205,
    0.46551724137931033,
    0.4318181818181818,
    0.6206896551724138,
    0.5542168674698795,
    0.673469387755102,
    0.22784810126582278,
    0.5076923076923077,
    0.45714285714285713,
    0.03571428571428571,
    0.31496062992125984,
    0.0,
    0.4406779661016949,
    0.4235294117647059,
    0.0,
    0.03076923076923077,
    0.46846846846846846,
    0.37606837606837606,
    0.6666666666666666,
    0.3116883116883117,
    0.5094339622641509,
    0.2028985507246377,
    0.06153846153846154,
    0.208955223880597,
    0.22727272727272727,
    0.43010752688172044,
    0.8113207547169812,
    0.6542056074766355,
    0.3157894736842105,
    0.4835164835164835,
    0.14925373134328357,
    0.21686746987951808,
    0.4731182795698925,
    0.2619047619047619,
    0.5894736842105263,
    0.43478260869565216,
    0.358974358974359,
    0.4277456647398844,
    0.1951219512195122,
    0.46153846153846156,
    0.6666666666666666,
    0.2972972972972973,
    0.4838709677419355,
    0.5178571428571429,
    0.12903225806451613,
    0.35,
    0.09230769230769231,
    0.14479638009049775,
    0.4948453608247423,
    0.2222222222222222,
    0.3790849673202614,
    0.112,
    0.2153846153846154,
    0.6868686868686869,
    0.24691358024691357,
    0.3888888888888889,
    0.4444444444444444,
    0.1794871794871795,
    0.12987012987012986,
    0.06153846153846154,
    0.7272727272727273,
    0.2033898305084746,
    0.06060606060606061,
    0.7010309278350515,
    0.24096385542168675,
    0.19444444444444445,
    0.24175824175824176,
    0.358974358974359,
    0.3516483516483517,
    0.2597402597402597,
    0.0,
    0.35443037974683544,
    0.3625,
    0.4778761061946903,
    0.18181818181818182,
    0.35514018691588783,
    0.46357615894039733,
    0.36363636363636365,
    0.32608695652173914,
    0.3898305084745763,
    0.3925233644859813,
    0.034482758620689655,
    0.09375,
    0.6,
    0.24242424242424243,
    0.7551020408163265,
    0.3013698630136986,
    0.20618556701030927,
    0.11627906976744186,
    0.6190476190476191,
    0.6451612903225806,
    0.3188405797101449,
    0.17391304347826086,
    0.4460431654676259,
    0.31007751937984496,
    0.33663366336633666,
    0.3023255813953488,
    0.7865168539325843,
    0.39473684210526316,
    0.3917525773195876,
    0.5636363636363636,
    0.25688073394495414,
    0.256,
    0.5434782608695652,
    0.14545454545454545,
    0.20512820512820512,
    0.6727272727272727,
    0.1111111111111111,
    0.43478260869565216,
    0.24,
    0.31952662721893493,
    0.41935483870967744,
    0.14084507042253522,
    0.0,
    0.14545454545454545,
    0.576271186440678,
    0.43478260869565216,
    0.06779661016949153,
    0.19607843137254902,
    0.13559322033898305,
    0.16494845360824742,
    0.03389830508474576,
    0.27722772277227725,
    0.34285714285714286,
    0.3291139240506329,
    0.6201550387596899,
    0.2696629213483146,
    0.7368421052631579,
    0.512396694214876,
    0.25862068965517243,
    0.3218390804597701,
    0.33663366336633666,
    0.5274725274725275,
    0.27692307692307694,
    0.11206896551724138,
    0.3181818181818182,
    0.4666666666666667,
    0.42276422764227645,
    0.2857142857142857,
    0.24761904761904763,
    0.21951219512195122,
    0.0,
    0.20588235294117646,
    0.18421052631578946,
    0.4835164835164835,
    0.40298507462686567,
    0.48598130841121495,
    0.7272727272727273,
    0.7735849056603774,
    0.3783783783783784,
    0.03278688524590164,
    0.20512820512820512,
    0.6041666666666666,
    0.37383177570093457,
    0.10714285714285714,
    0.6238532110091743,
    0.4,
    0.0,
    0.24503311258278146,
    0.30357142857142855,
    0.5405405405405406,
    0.1111111111111111,
    0.20437956204379562,
    0.4090909090909091,
    0.3076923076923077,
    0.48,
    0.5806451612903226,
    0.43103448275862066,
    0.40860215053763443,
    0.3614457831325301,
    0.1301775147928994,
    0.5686274509803921,
    0.33707865168539325,
    0.6548672566371682,
    0.44,
    0.7102803738317757,
    0.34355828220858897,
    0.3076923076923077,
    0.5352112676056338,
    0.19753086419753085,
    0.271356783919598,
    0.23809523809523808
  ],