{
  "accuracy": 0.408,
  "precision_macro": 0.40879127912571817,
  "recall_macro": 0.408,
  "f1_macro": 0.3901380501451005,
  "precision_weighted": 0.4087912791257182,
  "recall_weighted": 0.408,
  "f1_weighted": 0.39013805014510045,
  "per_class_f1": [
    0.688,
    0.6355140186915887,
    0.45588235294117646,
    0.30434782608695654,
    0.34532374100719426,
    0.11940298507462686,
    0.576271186440678,
    0.2682926829268293,
    0.5925925925925926,
    0.304,
    0.2222222222222222,
    0.5111111111111111,
    0.4927536231884058,
    0.6590909090909091,
    0.5555555555555556,
    0.29213483146067415,
    0.20512820512820512,
    0.5306122448979592,
    0.3883495145631068,
    0.5087719298245614,
    0.5192307692307693,
    0.6741573033707865,
    0.5833333333333334,
    0.6333333333333333,
    0.1728395061728395,
    0.5,
    0.4067796610169492,
    0.03278688524590164,
    0.33070866141732286,
    0.13157894736842105,
    0.4578313253012048,
    0.4864864864864865,
    0.3191489361702128,
    0.16,
    0.4418604651162791,
    0.5038167938931297,
    0.7,
    0.3855421686746988,
    0.45714285714285713,
    0.3516483516483517,
    0.14285714285714285,
    0.25287356321839083,
    0.37623762376237624,
    0.5102040816326531,
    0.86,
    0.6601941747572816,
    0.3870967741935484,
    0.46938775510204084,
    0.21333333333333335,
    0.20512820512820512,
    0.6521739130434783,
    0.3076923076923077,
    0.6526315789473685,
    0.38202247191011235,
    0.4,
    0.3698630136986301,
    0.1793103448275862,
    0.5,
    0.5871559633027523,
    0.26865671641791045,
    0.4028776978417266,
    0.5333333333333333,
    0.18823529411764706,
    0.3076923076923077,
    0.1095890410958904,
    0.23880597014925373,
    0.5471698113207547,
    0.18461538461538463,
    0.3157894736842105,
    0.2222222222222222,
    0.27184466019417475,
    0.5625,
    0.345679012345679,
    0.32075471698113206,
    0.3870967741935484,
    0.24242424242424243,
    0.2558139534883721,
    0.038461538461538464,
    0.6981132075471698,
    0.2318840579710145,
    0.13793103448275862,
    0.7157894736842105,
    0.39285714285714285,
    0.3076923076923077,
    0.26,
    0.23529411764705882,
    0.42105263157894735,
    0.32142857142857145,
    0.037037037037037035,
    0.36538461538461536,
    0.4028776978417266,
    0.47863247863247865,
    0.36363636363636365,
    0.38666666666666666,
    0.3116883116883117,
    0.39285714285714285,
    0.41379310344827586,
    0.33548387096774196,
    0.42424242424242425,
    0.08333333333333333,
    0.10526315789473684,
    0.5979381443298969,
    0.23880597014925373,
    0.6956521739130435,
    0.33766233766233766,
    0.26785714285714285,
    0.21621621621621623,
    0.5645161290322581,
    0.6956521739130435,
    0.42857142857142855,
    0.2857142857142857,
    0.4892086330935252,
    0.34951456310679613,
    0.3883495145631068,
    0.325,
    0.7476635514018691,
    0.3829787234042553,
    0.43564356435643564,
    0.6101694915254238,
    0.23655913978494625,
    0.2787878787878788,
    0.43859649122807015,
    0.09375,
    0.171875,
    0.631578947368421,
    0.15384615384615385,
    0.4583333333333333,
    0.2696629213483146,
    0.425531914893617,
    0.5585585585585585,
    0.27586206896551724,
    0.0,
    0.16901408450704225,
    0.5964912280701754,
    0.4523809523809524,
    0.1694915254237288,
    0.35514018691588783,
    0.25396825396825395,
    0.1391304347826087,
    0.031746031746031744,
    0.34710743801652894,
    0.26865671641791045,
    0.3902439024390244,
    0.6721311475409836,
    0.375,
    0.7256637168141593,
    0.5739130434782609,
    0.3333333333333333,
    0.3404255319148936,
    0.4230769230769231,
    0.49019607843137253,
    0.273972602739726,
    0.47619047619047616,
    0.4852941176470588,
    0.4489795918367347,
    0.46017699115044247,
    0.30985915492957744,
    0.27848101265822783,
    0.20224719101123595,
    0.13559322033898305,
    0.37777777777777777,
    0.3037974683544304,
    0.4077669902912621,
    0.3225806451612903,
    0.5166666666666667,
    0.7692307692307693,
    0.6716417910447762,
    0.3893805309734513,
    0.06349206349206349,
    0.3368421052631579,
    0.6818181818181818,
    0.4426229508196721,
    0.12903225806451613,
    0.6526315789473685,
    0.48936170212765956,
    0.03389830508474576,
    0.5504587155963303,
    0.32,
    0.660377358490566,
    0.2222222222222222,
    0.1724137931034483,
    0.36363636363636365,
    0.4375,
    0.5542168674698795,
    0.5964912280701754,
    0.4778761061946903,
    0.47619047619047616,
    0.5423728813559322,
    0.32653061224489793,
    0.5283018867924528,
    0.39603960396039606,
    0.5871559633027523,
    0.4778761061946903,
    0.6491228070175439,
    0.46938775510204084,
    0.35789473684210527,
    0.532258064516129,
    0.2692307692307692,
    0.4,
    0.2653061224489796
  ],