{
  "accuracy": 0.4053,
  "precision_macro": 0.4116206827332812,
  "recall_macro": 0.4053,
  "f1_macro": 0.38572258901025847,
  "precision_weighted": 0.4116206827332811,
  "recall_weighted": 0.4053,
  "f1_weighted": 0.3857225890102585,
  "per_class_f1": [
    0.6611570247933884,
    0.6666666666666666,
    0.4094488188976378,
    0.3333333333333333,
    0.3956043956043956,
    0.15555555555555556,
    0.512,
    0.2077922077922078,
    0.6470588235294118,
    0.31654676258992803,
    0.23076923076923078,
    0.5416666666666666,
    0.4768211920529801,
    0.6046511627906976,
    0.5274725274725275,
    0.3516483516483517,
    0.2028985507246377,
    0.4716981132075472,
    0.352,
    0.5166666666666667,
    0.5714285714285714,
    0.5892857142857143,
    0.6607142857142857,
    0.66,
    0.23684210526315788,
    0.5576923076923077,
    0.46846846846846846,
    0.07142857142857142,
    0.35443037974683544,
    0.17142857142857143,
    0.3508771929824561,
    0.49612403100775193,
    0.1935483870967742,
    0.18421052631578946,
    0.45454545454545453,
    0.42758620689655175,
    0.6407766990291263,
    0.4329896907216495,
    0.4827586206896552,
    0.3132530120481928,
    0.18604651162790697,
    0.3076923076923077,
    0.3469387755102041,
    0.4954128440366973,
    0.8421052631578947,
    0.7238095238095238,
    0.33043478260869563,
    0.4791666666666667,
    0.15625,
    0.12698412698412698,
    0.6181818181818182,
    0.29545454545454547,
    0.6153846153846154,
    0.42105263157894735,
    0.4791666666666667,
    0.463768115942029,
    0.1565217391304348,
    0.5,
    0.6923076923076923,
    0.2608695652173913,
    0.5128205128205128,
    0.5040650406504065,
    0.2894736842105263,
    0.34951456310679613,
    0.19444444444444445,
    0.2054794520547945,
    0.5057471264367817,
    0.2571428571428571,
    0.34146341463414637,
    0.30434782608695654,
    0.3185840707964602,
    0.6031746031746031,
    0.21052631578947367,
    0.3958333333333333,
    0.40625,
    0.3055555555555556,
    0.3,
    0.10526315789473684,
    0.6727272727272727,
    0.16666666666666666,
    0.03571428571428571,
    0.6991869918699187,
    0.3458646616541353,
    0.2631578947368421,
    0.3488372093023256,
    0.4222222222222222,
    0.43956043956043955,
    0.375,
    0.0,
    0.32653061224489793,
    0.5178571428571429,
    0.4409448818897638,
    0.3188405797101449,
    0.38016528925619836,
    0.40963855421686746,
    0.3838383838383838,
    0.3181818181818182,
    0.36477987421383645,
    0.37037037037037035,
    0.14084507042253522,
    0.1927710843373494,
    0.5882352941176471,
    0.19047619047619047,
    0.7238095238095238,
    0.11764705882352941,
    0.2644628099173554,
    0.14084507042253522,
    0.6055045871559633,
    0.5490196078431373,
    0.4583333333333333,
    0.28205128205128205,
    0.5691056910569106,
    0.2857142857142857,
    0.2891566265060241,
    0.2716049382716049,
    0.7474747474747475,
    0.391304347826087,
    0.46153846153846156,
    0.6470588235294118,
    0.1935483870967742,
    0.26666666666666666,
    0.4380952380952381,
    0.03389830508474576,
    0.14754098360655737,
    0.6507936507936508,
    0.1111111111111111,
    0.45714285714285713,
    0.35555555555555557,
    0.43333333333333335,
    0.5625,
    0.3010752688172043,
    0.0,
    0.17391304347826086,
    0.6229508196721312,
    0.4675324675324675,
    0.1111111111111111,
    0.2,
    0.1935483870967742,
    0.20754716981132076,
    0.12121212121212122,
    0.41379310344827586,
    0.2727272727272727,
    0.42857142857142855,
    0.6885245901639344,
    0.297029702970297,
    0.7413793103448276,
    0.6736842105263158,
    0.15517241379310345,
    0.29411764705882354,
    0.4367816091954023,
    0.4423076923076923,
    0.26865671641791045,
    0.26804123711340205,
    0.4,
    0.47191011235955055,
    0.4077669902912621,
    0.30303030303030304,
    0.34545454545454546,
    0.17391304347826086,
    0.038461538461538464,
    0.37209302325581395,
    0.3023255813953488,
    0.5542168674698795,
    0.3711340206185567,
    0.4716981132075472,
    0.6666666666666666,
    0.7758620689655172,
    0.42592592592592593,
    0.0,
    0.3541666666666667,
    0.5945945945945946,
    0.3870967741935484,
    0.030303030303030304,
    0.6875,
    0.4485981308411215,
    0.11320754716981132,
    0.5263157894736842,
    0.39473684210526316,
    0.5904761904761905,
    0.13513513513513514,
    0.17699115044247787,
    0.35555555555555557,
    0.38,
    0.5679012345679012,
    0.5769230769230769,
    0.4943820224719101,
    0.5555555555555556,
    0.5043478260869565,
    0.3157894736842105,
    0.48936170212765956,
    0.26804123711340205,
    0.49056603773584906,
    0.46511627906976744,
    0.6446280991735537,
    0.18326693227091634,
    0.36538461538461536,
    0.5151515151515151,
    0.25,
    0.4489795918367347,
    0.3
  ],