{
  "accuracy": 0.4316,
  "precision_macro": 0.43879643716771466,
  "recall_macro": 0.4316,
  "f1_macro": 0.41677892604396094,
  "precision_weighted": 0.43879643716771477,
  "recall_weighted": 0.4316,
  "f1_weighted": 0.41677892604396094,
  "per_class_f1": [
    0.6981132075471698,
    0.6548672566371682,
    0.4375,
    0.21686746987951808,
    0.4444444444444444,
    0.15730337078651685,
    0.616822429906542,
    0.2682926829268293,
    0.5481481481481482,
    0.2923076923076923,
    0.14492753623188406,
    0.49504950495049505,
    0.5689655172413793,
    0.6326530612244898,
    0.5287356321839081,
    0.2597402597402597,
    0.2,
    0.5714285714285714,
    0.37398373983739835,
    0.53125,
    0.5405405405405406,
    0.6530612244897959,
    0.6352941176470588,
    0.8073394495412844,
    0.25316455696202533,
    0.6078431372549019,
    0.48484848484848486,
    0.26373626373626374,
    0.43333333333333335,
    0.14925373134328357,
    0.4485981308411215,
    0.5046728971962616,
    0.21052631578947367,
    0.3146067415730337,
    0.5333333333333333,
    0.48,
    0.7142857142857143,
    0.32653061224489793,
    0.5303030303030303,
    0.41304347826086957,
    0.1782178217821782,
    0.3486238532110092,
    0.35789473684210527,
    0.5360824742268041,
    0.845360824742268,
    0.6412213740458015,
    0.4117647058823529,
    0.5,
    0.10526315789473684,
    0.1927710843373494,
    0.5849056603773585,
    0.2631578947368421,
    0.5981308411214953,
    0.4,
    0.5227272727272727,
    0.4411764705882353,
    0.3829787234042553,
    0.5522388059701493,
    0.7216494845360825,
    0.3333333333333333,
    0.5494505494505495,
    0.5161290322580645,
    0.32323232323232326,
    0.2992125984251969,
    0.2716049382716049,
    0.3018867924528302,
    0.5391304347826087,
    0.26865671641791045,
    0.29347826086956524,
    0.3225806451612903,
    0.26666666666666666,
    0.6491228070175439,
    0.32608695652173914,
    0.45,
    0.460431654676259,
    0.3023255813953488,
    0.36363636363636365,
    0.05714285714285714,
    0.7572815533980582,
    0.3235294117647059,
    0.13157894736842105,
    0.75,
    0.4,
    0.2616822429906542,
    0.26356589147286824,
    0.43478260869565216,
    0.45454545454545453,
    0.42424242424242425,
    0.03508771929824561,
    0.41818181818181815,
    0.46551724137931033,
    0.5882352941176471,
    0.2857142857142857,
    0.40425531914893614,
    0.47368421052631576,
    0.416,
    0.3488372093023256,
    0.36220472440944884,
    0.5102040816326531,
    0.10126582278481013,
    0.1794871794871795,
    0.5555555555555556,
    0.2857142857142857,
    0.7766990291262136,
    0.391304347826087,
    0.29473684210526313,
    0.21505376344086022,
    0.5234899328859061,
    0.6542056074766355,
    0.525,
    0.40860215053763443,
    0.4375,
    0.3026315789473684,
    0.3614457831325301,
    0.38095238095238093,
    0.803921568627451,
    0.4631578947368421,
    0.4946236559139785,
    0.6542056074766355,
    0.2857142857142857,
    0.288,
    0.46,
    0.14084507042253522,
    0.17834394904458598,
    0.6964285714285714,
    0.25287356321839083,
    0.5048543689320388,
    0.41025641025641024,
    0.44642857142857145,
    0.574468085106383,
    0.37037037037037035,
    0.0,
    0.14285714285714285,
    0.6434782608695652,
    0.4146341463414634,
    0.0967741935483871,
    0.27941176470588236,
    0.2153846153846154,
    0.1322314049586777,
    0.06557377049180328,
    0.43859649122807015,
    0.3142857142857143,
    0.42857142857142855,
    0.6349206349206349,
    0.40625,
    0.7719298245614035,
    0.6296296296296297,
    0.23076923076923078,
    0.3300970873786408,
    0.5,
    0.4842105263157895,
    0.3373493975903614,
    0.46153846153846156,
    0.42,
    0.5,
    0.5185185185185185,
    0.2857142857142857,
    0.391304347826087,
    0.2608695652173913,
    0.1,
    0.27586206896551724,
    0.40476190476190477,
    0.4578313253012048,
    0.35772357723577236,
    0.5773195876288659,
    0.7368421052631579,
    0.7884615384615384,
    0.34285714285714286,
    0.09090909090909091,
    0.24489795918367346,
    0.7126436781609196,
    0.3508771929824561,
    0.14285714285714285,
    0.6530612244897959,
    0.379746835443038,
    0.14545454545454545,
    0.6386554621848739,
    0.4,
    0.584070796460177,
    0.2077922077922078,
    0.22413793103448276,
    0.4691358024691358,
    0.38095238095238093,
    0.5434782608695652,
    0.5833333333333334,
    0.5882352941176471,
    0.5054945054945055,
    0.4883720930232558,
    0.41237113402061853,
    0.5977011494252874,
    0.26666666666666666,
    0.5616438356164384,
    0.4854368932038835,
    0.7289719626168224,
    0.5137614678899083,
    0.336283185840708,
    0.4925373134328358,
    0.21428571428571427,
    0.4069767441860465,
    0.27722772277227725
  ],