{
  "accuracy": 0.4153,
  "precision_macro": 0.41907721548188753,
  "recall_macro": 0.4153,
  "f1_macro": 0.3997407618219938,
  "precision_weighted": 0.4190772154818876,
  "recall_weighted": 0.4153,
  "f1_weighted": 0.3997407618219938,
  "per_class_f1": [
    0.6727272727272727,
    0.68,
    0.5098039215686274,
    0.2831858407079646,
    0.42857142857142855,
    0.19047619047619047,
    0.5436893203883495,
    0.2708333333333333,
    0.6796116504854369,
    0.2967741935483871,
    0.17142857142857143,
    0.4752475247524752,
    0.4915254237288136,
    0.6739130434782609,
    0.5842696629213483,
    0.27906976744186046,
    0.24719101123595505,
    0.4536082474226804,
    0.3418803418803419,
    0.5555555555555556,
    0.48739495798319327,
    0.6122448979591837,
    0.6178861788617886,
    0.75,
    0.2222222222222222,
    0.5747126436781609,
    0.4094488188976378,
    0.09090909090909091,
    0.32894736842105265,
    0.1095890410958904,
    0.3561643835616438,
    0.45871559633027525,
    0.2727272727272727,
    0.21951219512195122,
    0.4380952380952381,
    0.5076923076923077,
    0.7184466019417476,
    0.27848101265822783,
    0.4727272727272727,
    0.35514018691588783,
    0.16470588235294117,
    0.21686746987951808,
    0.36036036036036034,
    0.45,
    0.8421052631578947,
    0.6608695652173913,
    0.45714285714285713,
    0.38016528925619836,
    0.09230769230769231,
    0.19801980198019803,
    0.5633802816901409,
    0.23655913978494625,
    0.6434782608695652,
    0.3300970873786408,
    0.5,
    0.4121212121212121,
    0.16091954022988506,
    0.5585585585585585,
    0.7368421052631579,
    0.3333333333333333,
    0.4397163120567376,
    0.5862068965517241,
    0.25,
    0.3392857142857143,
    0.11764705882352941,
    0.20987654320987653,
    0.5555555555555556,
    0.1016949152542373,
    0.42105263157894735,
    0.2708333333333333,
    0.3888888888888889,
    0.6333333333333333,
    0.26,
    0.39622641509433965,
    0.43902439024390244,
    0.3010752688172043,
    0.35,
    0.0,
    0.76,
    0.16666666666666666,
    0.14492753623188406,
    0.7130434782608696,
    0.3269230769230769,
    0.3188405797101449,
    0.31932773109243695,
    0.35,
    0.42696629213483145,
    0.38596491228070173,
    0.0,
    0.3364485981308411,
    0.46774193548387094,
    0.41333333333333333,
    0.4050632911392405,
    0.4864864864864865,
    0.2894736842105263,
    0.3870967741935484,
    0.4731182795698925,
    0.3684210526315789,
    0.46808510638297873,
    0.1686746987951807,
    0.09375,
    0.5517241379310345,
    0.2894736842105263,
    0.7311827956989247,
    0.32,
    0.2692307692307692,
    0.14285714285714285,
    0.6213592233009708,
    0.7191011235955056,
    0.48,
    0.4117647058823529,
    0.5072463768115942,
    0.358974358974359,
    0.3611111111111111,
    0.2857142857142857,
    0.7628865979381443,
    0.3404255319148936,
    0.5094339622641509,
    0.6407766990291263,
    0.2835820895522388,
    0.3088235294117647,
    0.45569620253164556,
    0.11764705882352941,
    0.16774193548387098,
    0.6666666666666666,
    0.16901408450704225,
    0.4948453608247423,
    0.3695652173913043,
    0.38666666666666666,
    0.5934065934065934,
    0.22535211267605634,
    0.03571428571428571,
    0.13333333333333333,
    0.6296296296296297,
    0.4634146341463415,
    0.06896551724137931,
    0.2391304347826087,
    0.175,
    0.10416666666666667,
    0.17647058823529413,
    0.42592592592592593,
    0.2631578947368421,
    0.40384615384615385,
    0.6902654867256637,
    0.42718446601941745,
    0.8,
    0.6444444444444445,
    0.2698412698412698,
    0.4144144144144144,
    0.5,
    0.47619047619047616,
    0.2,
    0.25301204819277107,
    0.42424242424242425,
    0.5,
    0.46601941747572817,
    0.25,
    0.35,
    0.2727272727272727,
    0.07272727272727272,
    0.37362637362637363,
    0.3917525773195876,
    0.5858585858585859,
    0.3958333333333333,
    0.4827586206896552,
    0.7722772277227723,
    0.8141592920353983,
    0.38181818181818183,
    0.034482758620689655,
    0.3333333333333333,
    0.6796116504854369,
    0.4628099173553719,
    0.12903225806451613,
    0.6868686868686869,
    0.29545454545454547,
    0.15625,
    0.6736842105263158,
    0.26666666666666666,
    0.6349206349206349,
    0.15,
    0.21052631578947367,
    0.38596491228070173,
    0.3956043956043956,
    0.5714285714285714,
    0.6,
    0.5192307692307693,
    0.4835164835164835,
    0.5142857142857142,
    0.38636363636363635,
    0.5333333333333333,
    0.38202247191011235,
    0.5486725663716814,
    0.4888888888888889,
    0.6837606837606838,
    0.4153846153846154,
    0.3516483516483517,
    0.549618320610687,
    0.24,
    0.3708609271523179,
    0.2047244094488189
  ],