{
  "accuracy": 0.3411,
  "precision_macro": 0.4014537425687945,
  "recall_macro": 0.3411,
  "f1_macro": 0.33772033402216795,
  "precision_weighted": 0.4014537425687945,
  "recall_weighted": 0.3411,
  "f1_weighted": 0.33772033402216795,
  "per_class_f1": [
    0.6017699115044248,
    0.6307692307692307,
    0.37168141592920356,
    0.27906976744186046,
    0.25,
    0.07407407407407407,
    0.4523809523809524,
    0.037037037037037035,
    0.4305555555555556,
    0.2857142857142857,
    0.03773584905660377,
    0.28169014084507044,
    0.44274809160305345,
    0.45454545454545453,
    0.46938775510204084,
    0.125,
    0.2647058823529412,
    0.37254901960784315,
    0.3076923076923077,
    0.4634146341463415,
    0.43636363636363634,
    0.6410256410256411,
    0.5,
    0.3981042654028436,
    0.23423423423423423,
    0.5161290322580645,
    0.45454545454545453,
    0.03508771929824561,
    0.3090909090909091,
    0.031746031746031744,
    0.24390243902439024,
    0.32592592592592595,
    0.1794871794871795,
    0.1016949152542373,
    0.40425531914893614,
    0.4745762711864407,
    0.7446808510638298,
    0.3076923076923077,
    0.5,
    0.35,
    0.0967741935483871,
    0.13559322033898305,
    0.3018867924528302,
    0.40540540540540543,
    0.851063829787234,
    0.7238095238095238,
    0.1,
    0.5617977528089888,
    0.17543859649122806,
    0.28169014084507044,
    0.5299145299145299,
    0.25806451612903225,
    0.574468085106383,
    0.4044943820224719,
    0.2823529411764706,
    0.2976190476190476,
    0.10344827586206896,
    0.44285714285714284,
    0.6407766990291263,
    0.2535211267605634,
    0.42105263157894735,
    0.42857142857142855,
    0.034482758620689655,
    0.3855421686746988,
    0.17142857142857143,
    0.27350427350427353,
    0.37606837606837606,
    0.06896551724137931,
    0.348993288590604,
    0.125,
    0.18461538461538463,
    0.6153846153846154,
    0.18181818181818182,
    0.38636363636363635,
    0.3466666666666667,
    0.4057971014492754,
    0.07894736842105263,
    0.09375,
    0.7291666666666666,
    0.07272727272727272,
    0.0,
    0.6990291262135923,
    0.2037037037037037,
    0.23529411764705882,
    0.13278008298755187,
    0.2631578947368421,
    0.3055555555555556,
    0.2777777777777778,
    0.0,
    0.2535211267605634,
    0.39416058394160586,
    0.39344262295081966,
    0.208955223880597,
    0.3291139240506329,
    0.464,
    0.367816091954023,
    0.16129032258064516,
    0.3111111111111111,
    0.42105263157894735,
    0.058823529411764705,
    0.07272727272727272,
    0.5306122448979592,
    0.27848101265822783,
    0.7727272727272727,
    0.3,
    0.23333333333333334,
    0.16216216216216217,
    0.5238095238095238,
    0.625,
    0.37209302325581395,
    0.2465753424657534,
    0.5689655172413793,
    0.43956043956043955,
    0.2619047619047619,
    0.2597402597402597,
    0.7294117647058823,
    0.38202247191011235,
    0.5242718446601942,
    0.5081967213114754,
    0.16091954022988506,
    0.3220338983050847,
    0.4,
    0.03636363636363636,
    0.23008849557522124,
    0.6915887850467289,
    0.14678899082568808,
    0.32044198895027626,
    0.24615384615384617,
    0.32653061224489793,
    0.4666666666666667,
    0.16901408450704225,
    0.0,
    0.03389830508474576,
    0.53125,
    0.34782608695652173,
    0.11764705882352941,
    0.2328767123287671,
    0.06349206349206349,
    0.1348314606741573,
    0.125,
    0.27586206896551724,
    0.3291139240506329,
    0.37037037037037035,
    0.7058823529411765,
    0.2647058823529412,
    0.7166666666666667,
    0.6464646464646465,
    0.1523809523809524,
    0.14084507042253522,
    0.4444444444444444,
    0.40404040404040403,
    0.22580645161290322,
    0.05918367346938776,
    0.46511627906976744,
    0.3783783783783784,
    0.47619047619047616,
    0.22950819672131148,
    0.30985915492957744,
    0.23255813953488372,
    0.034482758620689655,
    0.2608695652173913,
    0.3466666666666667,
    0.4225352112676056,
    0.3619047619047619,
    0.5287356321839081,
    0.6590909090909091,
    0.6984126984126984,
    0.35555555555555557,
    0.03571428571428571,
    0.25316455696202533,
    0.6444444444444445,
    0.4576271186440678,
    0.1016949152542373,
    0.5747126436781609,
    0.39215686274509803,
    0.03773584905660377,
    0.5737704918032787,
    0.2553191489361702,
    0.5714285714285714,
    0.19444444444444445,
    0.24390243902439024,
    0.34285714285714286,
    0.36893203883495146,
    0.5411764705882353,
    0.611764705882353,
    0.5306122448979592,
    0.42990654205607476,
    0.4772727272727273,
    0.33707865168539325,
    0.46153846153846156,
    0.38202247191011235,
    0.5825242718446602,
    0.38961038961038963,
    0.5901639344262295,
    0.3302752293577982,
    0.09937888198757763,
    0.4148148148148148,
    0.0898876404494382,
    0.13944954128440368,
    0.2465753424657534
  ],