{
  "accuracy": 0.3921,
  "precision_macro": 0.38513107755611864,
  "recall_macro": 0.39209999999999995,
  "f1_macro": 0.37142550402522145,
  "precision_weighted": 0.38513107755611864,
  "recall_weighted": 0.3921,
  "f1_weighted": 0.37142550402522145,
  "per_class_f1": [
    0.5625,
    0.6557377049180327,
    0.4393939393939394,
    0.16279069767441862,
    0.4117647058823529,
    0.0821917808219178,
    0.5517241379310345,
    0.17721518987341772,
    0.5873015873015873,
    0.26573426573426573,
    0.19801980198019803,
    0.45544554455445546,
    0.45161290322580644,
    0.6956521739130435,
    0.5238095238095238,
    0.1388888888888889,
    0.16666666666666666,
    0.4946236559139785,
    0.25688073394495414,
    0.5210084033613446,
    0.4406779661016949,
    0.6206896551724138,
    0.5964912280701754,
    0.639344262295082,
    0.23853211009174313,
    0.5102040816326531,
    0.4411764705882353,
    0.03076923076923077,
    0.3283582089552239,
    0.03125,
    0.28865979381443296,
    0.49586776859504134,
    0.25882352941176473,
    0.18181818181818182,
    0.4827586206896552,
    0.46551724137931033,
    0.5833333333333334,
    0.24324324324324326,
    0.3619047619047619,
    0.3380281690140845,
    0.2,
    0.30303030303030304,
    0.26666666666666666,
    0.4166666666666667,
    0.7413793103448276,
    0.5692307692307692,
    0.3132530120481928,
    0.4835164835164835,
    0.19444444444444445,
    0.12658227848101267,
    0.5161290322580645,
    0.34234234234234234,
    0.591304347826087,
    0.37894736842105264,
    0.275,
    0.5172413793103449,
    0.20202020202020202,
    0.44274809160305345,
    0.6947368421052632,
    0.37333333333333335,
    0.49056603773584906,
    0.5254237288135594,
    0.24324324324324326,
    0.3516483516483517,
    0.13333333333333333,
    0.15384615384615385,
    0.4888888888888889,
    0.24242424242424243,
    0.4246575342465753,
    0.30927835051546393,
    0.3125,
    0.603448275862069,
    0.29411764705882354,
    0.3404255319148936,
    0.4305555555555556,
    0.2222222222222222,
    0.21951219512195122,
    0.1,
    0.6610169491525424,
    0.2222222222222222,
    0.08955223880597014,
    0.7169811320754716,
    0.3584905660377358,
    0.25,
    0.2891566265060241,
    0.2631578947368421,
    0.4489795918367347,
    0.44036697247706424,
    0.0,
    0.3888888888888889,
    0.4393939393939394,
    0.4732824427480916,
    0.2898550724637681,
    0.464,
    0.4065040650406504,
    0.336283185840708,
    0.30952380952380953,
    0.36764705882352944,
    0.47619047619047616,
    0.1111111111111111,
    0.125,
    0.5769230769230769,
    0.2535211267605634,
    0.7326732673267327,
    0.3132530120481928,
    0.30303030303030304,
    0.20930232558139536,
    0.5901639344262295,
    0.6,
    0.2828282828282828,
    0.27722772277227725,
    0.53125,
    0.27586206896551724,
    0.23529411764705882,
    0.38095238095238093,
    0.7692307692307693,
    0.3829787234042553,
    0.4462809917355372,
    0.5826771653543307,
    0.28205128205128205,
    0.3185840707964602,
    0.46956521739130436,
    0.1,
    0.14193548387096774,
    0.8041237113402062,
    0.16279069767441862,
    0.4470588235294118,
    0.3956043956043956,
    0.3717948717948718,
    0.574468085106383,
    0.2376237623762376,
    0.0,
    0.1836734693877551,
    0.603448275862069,
    0.42592592592592593,
    0.11428571428571428,
    0.22535211267605634,
    0.23880597014925373,
    0.16326530612244897,
    0.09375,
    0.3382352941176471,
    0.3488372093023256,
    0.3764705882352941,
    0.7272727272727273,
    0.3614457831325301,
    0.7789473684210526,
    0.58,
    0.32653061224489793,
    0.32098765432098764,
    0.41379310344827586,
    0.4144144144144144,
    0.23880597014925373,
    0.4444444444444444,
    0.3956043956043956,
    0.40425531914893614,
    0.36363636363636365,
    0.15625,
    0.36363636363636365,
    0.16216216216216217,
    0.0,
    0.3409090909090909,
    0.2465753424657534,
    0.4485981308411215,
    0.35294117647058826,
    0.4444444444444444,
    0.7636363636363637,
    0.7226890756302521,
    0.37362637362637363,
    0.0,
    0.3150684931506849,
    0.6511627906976745,
    0.40384615384615385,
    0.09375,
    0.5098039215686274,
    0.358974358974359,
    0.03773584905660377,
    0.5,
    0.37606837606837606,
    0.591304347826087,
    0.26785714285714285,
    0.21238938053097345,
    0.26506024096385544,
    0.3902439024390244,
    0.48936170212765956,
    0.5274725274725275,
    0.5,
    0.3708609271523179,
    0.28205128205128205,
    0.2,
    0.49557522123893805,
    0.35789473684210527,
    0.576,
    0.46551724137931033,
    0.582089552238806,
    0.4915254237288136,
    0.37623762376237624,
    0.47058823529411764,
    0.08108108108108109,
    0.36363636363636365,
    0.23655913978494625
  ],