{
  "accuracy": 0.3896,
  "precision_macro": 0.39910291011045756,
  "recall_macro": 0.3896,
  "f1_macro": 0.3773117326809215,
  "precision_weighted": 0.39910291011045756,
  "recall_weighted": 0.3896,
  "f1_weighted": 0.3773117326809215,
  "per_class_f1": [
    0.7021276595744681,
    0.5757575757575758,
    0.38095238095238093,
    0.3157894736842105,
    0.3652173913043478,
    0.1702127659574468,
    0.5573770491803278,
    0.11940298507462686,
    0.5714285714285714,
    0.12658227848101267,
    0.22988505747126436,
    0.4778761061946903,
    0.5072463768115942,
    0.449438202247191,
    0.574468085106383,
    0.1348314606741573,
    0.1643835616438356,
    0.5208333333333334,
    0.3076923076923077,
    0.5094339622641509,
    0.46808510638297873,
    0.6382978723404256,
    0.6444444444444445,
    0.7252747252747253,
    0.16326530612244897,
    0.4716981132075472,
    0.40860215053763443,
    0.20408163265306123,
    0.30344827586206896,
    0.13793103448275862,
    0.3389830508474576,
    0.4,
    0.10126582278481013,
    0.18421052631578946,
    0.45614035087719296,
    0.41509433962264153,
    0.6888888888888889,
    0.27586206896551724,
    0.4429530201342282,
    0.3673469387755102,
    0.136986301369863,
    0.23376623376623376,
    0.3157894736842105,
    0.4666666666666667,
    0.7843137254901961,
    0.6666666666666666,
    0.46938775510204084,
    0.3888888888888889,
    0.20588235294117646,
    0.24390243902439024,
    0.608,
    0.2727272727272727,
    0.6185567010309279,
    0.43010752688172044,
    0.3870967741935484,
    0.4246575342465753,
    0.20224719101123595,
    0.5142857142857142,
    0.6545454545454545,
    0.35789473684210527,
    0.34375,
    0.5405405405405406,
    0.3409090909090909,
    0.3888888888888889,
    0.23076923076923078,
    0.19642857142857142,
    0.5217391304347826,
    0.19047619047619047,
    0.3333333333333333,
    0.21739130434782608,
    0.3401360544217687,
    0.6363636363636364,
    0.14285714285714285,
    0.379746835443038,
    0.46296296296296297,
    0.2191780821917808,
    0.20408163265306123,
    0.05263157894736842,
    0.7128712871287128,
    0.16666666666666666,
    0.06451612903225806,
    0.7079646017699115,
    0.4297520661157025,
    0.27848101265822783,
    0.2857142857142857,
    0.3953488372093023,
    0.44680851063829785,
    0.2807017543859649,
    0.0,
    0.35789473684210527,
    0.40860215053763443,
    0.4496124031007752,
    0.2972972972972973,
    0.46464646464646464,
    0.0,
    0.46846846846846846,
    0.25316455696202533,
    0.33112582781456956,
    0.4339622641509434,
    0.08450704225352113,
    0.09375,
    0.5063291139240507,
    0.2727272727272727,
    0.7647058823529411,
    0.2823529411764706,
    0.297029702970297,
    0.1509433962264151,
    0.6271186440677966,
    0.6371681415929203,
    0.4444444444444444,
    0.26666666666666666,
    0.5581395348837209,
    0.3448275862068966,
    0.28205128205128205,
    0.3181818181818182,
    0.8076923076923077,
    0.41025641025641024,
    0.45614035087719296,
    0.5871559633027523,
    0.28776978417266186,
    0.2909090909090909,
    0.4772727272727273,
    0.06779661016949153,
    0.2077922077922078,
    0.7184466019417476,
    0.16071428571428573,
    0.47368421052631576,
    0.3783783783783784,
    0.4,
    0.5681818181818182,
    0.2222222222222222,
    0.0,
    0.1875,
    0.5740740740740741,
    0.39622641509433965,
    0.19444444444444445,
    0.13274336283185842,
    0.12903225806451613,
    0.16,
    0.09836065573770492,
    0.4367816091954023,
    0.29333333333333333,
    0.36538461538461536,
    0.631578947368421,
    0.2830188679245283,
    0.7722772277227723,
    0.6666666666666666,
    0.2,
    0.2978723404255319,
    0.38461538461538464,
    0.3793103448275862,
    0.3076923076923077,
    0.35294117647058826,
    0.49523809523809526,
    0.43564356435643564,
    0.45977011494252873,
    0.2631578947368421,
    0.30434782608695654,
    0.16666666666666666,
    0.0,
    0.1951219512195122,
    0.32,
    0.5052631578947369,
    0.35514018691588783,
    0.4482758620689655,
    0.7368421052631579,
    0.7857142857142857,
    0.411214953271028,
    0.0,
    0.2391304347826087,
    0.6444444444444445,
    0.4423076923076923,
    0.09523809523809523,
    0.6739130434782609,
    0.33707865168539325,
    0.0,
    0.6170212765957447,
    0.417910447761194,
    0.625,
    0.1927710843373494,
    0.26373626373626374,
    0.4318181818181818,
    0.37254901960784315,
    0.4888888888888889,
    0.6464646464646465,
    0.5102040816326531,
    0.41509433962264153,
    0.3561643835616438,
    0.2631578947368421,
    0.5825242718446602,
    0.42718446601941745,
    0.6101694915254238,
    0.46846846846846846,
    0.6166666666666667,
    0.3883495145631068,
    0.37894736842105264,
    0.5714285714285714,
    0.29213483146067415,
    0.31413612565445026,
    0.25287356321839083
  ],