{
  "accuracy": 0.4099,
  "precision_macro": 0.41292781790487754,
  "recall_macro": 0.40989999999999993,
  "f1_macro": 0.39155361057273597,
  "precision_weighted": 0.41292781790487754,
  "recall_weighted": 0.4099,
  "f1_weighted": 0.39155361057273597,
  "per_class_f1": [
    0.7311827956989247,
    0.6949152542372882,
    0.4424778761061947,
    0.34,
    0.44642857142857145,
    0.05555555555555555,
    0.6122448979591837,
    0.20512820512820512,
    0.6050420168067226,
    0.30357142857142855,
    0.19607843137254902,
    0.4367816091954023,
    0.47619047619047616,
    0.6666666666666666,
    0.4791666666666667,
    0.3116883116883117,
    0.2702702702702703,
    0.4409448818897638,
    0.3783783783783784,
    0.5957446808510638,
    0.54,
    0.6818181818181818,
    0.6153846153846154,
    0.7358490566037735,
    0.125,
    0.5343511450381679,
    0.448,
    0.06557377049180328,
    0.3448275862068966,
    0.05970149253731343,
    0.4175824175824176,
    0.5393258426966292,
    0.2553191489361702,
    0.15625,
    0.36879432624113473,
    0.3795620437956204,
    0.673469387755102,
    0.3181818181818182,
    0.5362318840579711,
    0.4731182795698925,
    0.2,
    0.22429906542056074,
    0.37777777777777777,
    0.5263157894736842,
    0.8602150537634409,
    0.7142857142857143,
    0.4642857142857143,
    0.4731182795698925,
    0.11940298507462686,
    0.18823529411764706,
    0.54421768707483,
    0.23529411764705882,
    0.5691056910569106,
    0.36363636363636365,
    0.4107142857142857,
    0.42857142857142855,
    0.18181818181818182,
    0.5,
    0.6666666666666666,
    0.4225352112676056,
    0.41025641025641024,
    0.5294117647058824,
    0.18461538461538463,
    0.3132530120481928,
    0.22535211267605634,
    0.2158273381294964,
    0.651685393258427,
    0.3055555555555556,
    0.3448275862068966,
    0.21656050955414013,
    0.22916666666666666,
    0.6730769230769231,
    0.3855421686746988,
    0.4247787610619469,
    0.3684210526315789,
    0.2597402597402597,
    0.2727272727272727,
    0.05063291139240506,
    0.6495726495726496,
    0.3283582089552239,
    0.1,
    0.6909090909090909,
    0.34177215189873417,
    0.23376623376623376,
    0.24528301886792453,
    0.32142857142857145,
    0.4,
    0.28846153846153844,
    0.06666666666666667,
    0.3684210526315789,
    0.49624060150375937,
    0.4429530201342282,
    0.24615384615384617,
    0.4065040650406504,
    0.29333333333333333,
    0.39603960396039606,
    0.39215686274509803,
    0.352,
    0.42016806722689076,
    0.09090909090909091,
    0.12121212121212122,
    0.6304347826086957,
    0.4,
    0.6542056074766355,
    0.2647058823529412,
    0.3130434782608696,
    0.10810810810810811,
    0.5714285714285714,
    0.6071428571428571,
    0.3157894736842105,
    0.23376623376623376,
    0.5413533834586466,
    0.3380281690140845,
    0.3956043956043956,
    0.3023255813953488,
    0.7090909090909091,
    0.3620689655172414,
    0.4918032786885246,
    0.5811965811965812,
    0.23853211009174313,
    0.265625,
    0.46808510638297873,
    0.09523809523809523,
    0.22413793103448276,
    0.6440677966101694,
    0.23809523809523808,
    0.39473684210526316,
    0.3561643835616438,
    0.40268456375838924,
    0.5473684210526316,
    0.3333333333333333,
    0.03636363636363636,
    0.12903225806451613,
    0.6178861788617886,
    0.32967032967032966,
    0.14285714285714285,
    0.23703703703703705,
    0.16666666666666666,
    0.11650485436893204,
    0.09230769230769231,
    0.3620689655172414,
    0.36619718309859156,
    0.38,
    0.6779661016949152,
    0.3047619047619048,
    0.7333333333333333,
    0.5961538461538461,
    0.2727272727272727,
    0.3669724770642202,
    0.43037974683544306,
    0.44660194174757284,
    0.23076923076923078,
    0.4155844155844156,
    0.4262295081967213,
    0.4444444444444444,
    0.4,
    0.21212121212121213,
    0.33707865168539325,
    0.25,
    0.1016949152542373,
    0.3404255319148936,
    0.3333333333333333,
    0.5454545454545454,
    0.30357142857142855,
    0.49557522123893805,
    0.6724137931034483,
    0.7567567567567568,
    0.4883720930232558,
    0.03571428571428571,
    0.3275862068965517,
    0.6590909090909091,
    0.38016528925619836,
    0.15789473684210525,
    0.6947368421052632,
    0.40476190476190477,
    0.07142857142857142,
    0.5272727272727272,
    0.3793103448275862,
    0.6666666666666666,
    0.17721518987341772,
    0.2033898305084746,
    0.4423076923076923,
    0.41739130434782606,
    0.5168539325842697,
    0.6371681415929203,
    0.5625,
    0.4380952380952381,
    0.46938775510204084,
    0.35185185185185186,
    0.5420560747663551,
    0.4230769230769231,
    0.6504065040650406,
    0.5116279069767442,
    0.6551724137931034,
    0.46153846153846156,
    0.3333333333333333,
    0.5645161290322581,
    0.11940298507462686,
    0.39490445859872614,
    0.36538461538461536
  ],