{
  "accuracy": 0.3406,
  "precision_macro": 0.415465296029587,
  "recall_macro": 0.3406,
  "f1_macro": 0.34258041117145566,
  "precision_weighted": 0.415465296029587,
  "recall_weighted": 0.3406,
  "f1_weighted": 0.34258041117145566,
  "per_class_f1": [
    0.5263157894736842,
    0.6370370370370371,
    0.3111111111111111,
    0.20512820512820512,
    0.35051546391752575,
    0.02531645569620253,
    0.5316455696202531,
    0.13333333333333333,
    0.5546218487394958,
    0.24752475247524752,
    0.03773584905660377,
    0.38095238095238093,
    0.5217391304347826,
    0.20809248554913296,
    0.5116279069767442,
    0.18666666666666668,
    0.19444444444444445,
    0.49056603773584906,
    0.3287671232876712,
    0.425,
    0.34782608695652173,
    0.6352941176470588,
    0.4444444444444444,
    0.46774193548387094,
    0.20930232558139536,
    0.4628099173553719,
    0.42696629213483145,
    0.03225806451612903,
    0.2465753424657534,
    0.0,
    0.36666666666666664,
    0.3956043956043956,
    0.028985507246376812,
    0.14736842105263157,
    0.5168539325842697,
    0.425531914893617,
    0.6605504587155964,
    0.33766233766233766,
    0.48322147651006714,
    0.21176470588235294,
    0.1,
    0.29411764705882354,
    0.2465753424657534,
    0.42990654205607476,
    0.7692307692307693,
    0.7454545454545455,
    0.1388888888888889,
    0.4146341463414634,
    0.13793103448275862,
    0.2465753424657534,
    0.5100671140939598,
    0.3058823529411765,
    0.47191011235955055,
    0.4358974358974359,
    0.3287671232876712,
    0.18575851393188855,
    0.22857142857142856,
    0.4948453608247423,
    0.7128712871287128,
    0.4,
    0.389937106918239,
    0.4842105263157895,
    0.17647058823529413,
    0.30985915492957744,
    0.11627906976744186,
    0.12422360248447205,
    0.5684210526315789,
    0.09836065573770492,
    0.37037037037037035,
    0.13333333333333333,
    0.21176470588235294,
    0.5168539325842697,
    0.09090909090909091,
    0.3,
    0.43333333333333335,
    0.18461538461538463,
    0.1095890410958904,
    0.06557377049180328,
    0.7058823529411765,
    0.0392156862745098,
    0.07142857142857142,
    0.6947368421052632,
    0.4158415841584158,
    0.2631578947368421,
    0.23376623376623376,
    0.3037974683544304,
    0.3880597014925373,
    0.2535211267605634,
    0.03773584905660377,
    0.18181818181818182,
    0.4838709677419355,
    0.43902439024390244,
    0.3333333333333333,
    0.43373493975903615,
    0.4318181818181818,
    0.3010752688172043,
    0.23880597014925373,
    0.3157894736842105,
    0.3835616438356164,
    0.08695652173913043,
    0.08695652173913043,
    0.46601941747572817,
    0.22857142857142856,
    0.6436781609195402,
    0.16393442622950818,
    0.30158730158730157,
    0.14285714285714285,
    0.4580152671755725,
    0.6274509803921569,
    0.4225352112676056,
    0.208955223880597,
    0.543859649122807,
    0.3564356435643564,
    0.22535211267605634,
    0.25,
    0.7446808510638298,
    0.46808510638297873,
    0.5094339622641509,
    0.5967741935483871,
    0.2,
    0.2465753424657534,
    0.34285714285714286,
    0.08695652173913043,
    0.21818181818181817,
    0.7021276595744681,
    0.20253164556962025,
    0.45544554455445546,
    0.35135135135135137,
    0.35374149659863946,
    0.5333333333333333,
    0.2153846153846154,
    0.0,
    0.15873015873015872,
    0.6111111111111112,
    0.4367816091954023,
    0.2028985507246377,
    0.21428571428571427,
    0.0,
    0.13636363636363635,
    0.1875,
    0.4,
    0.2631578947368421,
    0.34210526315789475,
    0.6341463414634146,
    0.1875,
    0.7394957983193278,
    0.6407766990291263,
    0.16326530612244897,
    0.13559322033898305,
    0.4791666666666667,
    0.5294117647058824,
    0.16129032258064516,
    0.23853211009174313,
    0.460431654676259,
    0.425,
    0.37037037037037035,
    0.3,
    0.2857142857142857,
    0.23529411764705882,
    0.03333333333333333,
    0.1875,
    0.3023255813953488,
    0.42857142857142855,
    0.34615384615384615,
    0.4752475247524752,
    0.6904761904761905,
    0.78,
    0.37333333333333335,
    0.0,
    0.208955223880597,
    0.6024096385542169,
    0.4,
    0.0392156862745098,
    0.5432098765432098,
    0.449438202247191,
    0.0,
    0.5531914893617021,
    0.366412213740458,
    0.4585987261146497,
    0.15789473684210525,
    0.26804123711340205,
    0.3950617283950617,
    0.3950617283950617,
    0.4691358024691358,
    0.6,
    0.6744186046511628,
    0.31840796019900497,
    0.38961038961038963,
    0.3170731707317073,
    0.4897959183673469,
    0.18604651162790697,
    0.6486486486486487,
    0.42424242424242425,
    0.6938775510204082,
    0.375,
    0.2571428571428571,
    0.49635036496350365,
    0.14285714285714285,
    0.054533925174381735,
    0.25742574257425743
  ],