{
  "accuracy": 0.3841,
  "precision_macro": 0.41244054320769424,
  "recall_macro": 0.38410000000000005,
  "f1_macro": 0.37447669448540255,
  "precision_weighted": 0.4124405432076941,
  "recall_weighted": 0.3841,
  "f1_weighted": 0.37447669448540255,
  "per_class_f1": [
    0.594059405940594,
    0.6538461538461539,
    0.34782608695652173,
    0.2708333333333333,
    0.3389830508474576,
    0.037383177570093455,
    0.5384615384615384,
    0.15584415584415584,
    0.543859649122807,
    0.2689075630252101,
    0.17647058823529413,
    0.5319148936170213,
    0.5538461538461539,
    0.5121951219512195,
    0.4946236559139785,
    0.3116883116883117,
    0.2716049382716049,
    0.48484848484848486,
    0.31666666666666665,
    0.4358974358974359,
    0.432,
    0.5420560747663551,
    0.6470588235294118,
    0.7130434782608696,
    0.23008849557522124,
    0.5179856115107914,
    0.46153846153846156,
    0.17391304347826086,
    0.384,
    0.14285714285714285,
    0.4642857142857143,
    0.5,
    0.15789473684210525,
    0.16279069767441862,
    0.4583333333333333,
    0.46551724137931033,
    0.6534653465346535,
    0.1917808219178082,
    0.4918032786885246,
    0.18461538461538463,
    0.14705882352941177,
    0.23076923076923078,
    0.37383177570093457,
    0.3950617283950617,
    0.8222222222222222,
    0.6981132075471698,
    0.26506024096385544,
    0.4631578947368421,
    0.19718309859154928,
    0.17647058823529413,
    0.6122448979591837,
    0.2978723404255319,
    0.6185567010309279,
    0.33962264150943394,
    0.358974358974359,
    0.3008849557522124,
    0.2549019607843137,
    0.47058823529411764,
    0.6590909090909091,
    0.3373493975903614,
    0.45217391304347826,
    0.5132743362831859,
    0.25,
    0.2268041237113402,
    0.08955223880597014,
    0.224,
    0.5681818181818182,
    0.13333333333333333,
    0.3971631205673759,
    0.1782178217821782,
    0.2702702702702703,
    0.6495726495726496,
    0.22535211267605634,
    0.42857142857142855,
    0.43478260869565216,
    0.27848101265822783,
    0.21333333333333335,
    0.0625,
    0.6862745098039216,
    0.35294117647058826,
    0.0,
    0.7916666666666666,
    0.42105263157894735,
    0.225,
    0.28846153846153844,
    0.37254901960784315,
    0.41304347826086957,
    0.3434343434343434,
    0.0392156862745098,
    0.3008849557522124,
    0.41333333333333333,
    0.448,
    0.3333333333333333,
    0.43564356435643564,
    0.36363636363636365,
    0.40860215053763443,
    0.2857142857142857,
    0.3287671232876712,
    0.3888888888888889,
    0.14492753623188406,
    0.11940298507462686,
    0.5684210526315789,
    0.2318840579710145,
    0.7333333333333333,
    0.35443037974683544,
    0.1941747572815534,
    0.20930232558139536,
    0.6181818181818182,
    0.693069306930693,
    0.4473684210526316,
    0.37383177570093457,
    0.5254237288135594,
    0.3047619047619048,
    0.38095238095238093,
    0.32608695652173914,
    0.7378640776699029,
    0.38961038961038963,
    0.4793388429752066,
    0.6808510638297872,
    0.21978021978021978,
    0.30357142857142855,
    0.4742268041237113,
    0.10294117647058823,
    0.1732283464566929,
    0.547945205479452,
    0.21951219512195122,
    0.5,
    0.3333333333333333,
    0.41904761904761906,
    0.45977011494252873,
    0.1839080459770115,
    0.0,
    0.15625,
    0.58,
    0.4367816091954023,
    0.06349206349206349,
    0.1469387755102041,
    0.208955223880597,
    0.08450704225352113,
    0.13793103448275862,
    0.2782608695652174,
    0.2571428571428571,
    0.45,
    0.7272727272727273,
    0.23076923076923078,
    0.7747747747747747,
    0.6526315789473685,
    0.23225806451612904,
    0.3058823529411765,
    0.5,
    0.5050505050505051,
    0.3614457831325301,
    0.28205128205128205,
    0.5483870967741935,
    0.41975308641975306,
    0.41379310344827586,
    0.25,
    0.28888888888888886,
    0.3111111111111111,
    0.0,
    0.17647058823529413,
    0.36036036036036034,
    0.5393258426966292,
    0.37623762376237624,
    0.5490196078431373,
    0.7368421052631579,
    0.7333333333333333,
    0.4666666666666667,
    0.0,
    0.2988505747126437,
    0.5979381443298969,
    0.43859649122807015,
    0.11764705882352941,
    0.6666666666666666,
    0.37333333333333335,
    0.07547169811320754,
    0.5636363636363636,
    0.27722772277227725,
    0.5079365079365079,
    0.14634146341463414,
    0.27184466019417475,
    0.4065040650406504,
    0.3709677419354839,
    0.4318181818181818,
    0.5858585858585859,
    0.5217391304347826,
    0.5225225225225225,
    0.425,
    0.2988505747126437,
    0.5411764705882353,
    0.3047619047619048,
    0.5483870967741935,
    0.423841059602649,
    0.6218487394957983,
    0.2995169082125604,
    0.25,
    0.48322147651006714,
    0.06451612903225806,
    0.11342155009451796,
    0.2830188679245283
  ],