{
  "accuracy": 0.4285,
  "precision_macro": 0.43073149651338205,
  "recall_macro": 0.4285000000000001,
  "f1_macro": 0.41457795183088697,
  "precision_weighted": 0.430731496513382,
  "recall_weighted": 0.4285,
  "f1_weighted": 0.4145779518308869,
  "per_class_f1": [
    0.7058823529411765,
    0.6923076923076923,
    0.4462809917355372,
    0.2708333333333333,
    0.38,
    0.16842105263157894,
    0.5932203389830508,
    0.21052631578947367,
    0.6218487394957983,
    0.36486486486486486,
    0.21621621621621623,
    0.5769230769230769,
    0.3974358974358974,
    0.6534653465346535,
    0.5882352941176471,
    0.2988505747126437,
    0.3157894736842105,
    0.43478260869565216,
    0.28,
    0.6060606060606061,
    0.5,
    0.6153846153846154,
    0.582089552238806,
    0.6666666666666666,
    0.14457831325301204,
    0.5666666666666667,
    0.49612403100775193,
    0.09230769230769231,
    0.3770491803278688,
    0.1518987341772152,
    0.35789473684210527,
    0.46616541353383456,
    0.23853211009174313,
    0.22727272727272727,
    0.49572649572649574,
    0.42758620689655175,
    0.6458333333333334,
    0.425531914893617,
    0.38095238095238093,
    0.34146341463414637,
    0.2,
    0.29508196721311475,
    0.423728813559322,
    0.4369747899159664,
    0.8333333333333334,
    0.5692307692307692,
    0.47368421052631576,
    0.4485981308411215,
    0.17391304347826086,
    0.12903225806451613,
    0.5486725663716814,
    0.34285714285714286,
    0.6095238095238096,
    0.4909090909090909,
    0.45977011494252873,
    0.4430379746835443,
    0.23529411764705882,
    0.5686274509803921,
    0.6981132075471698,
    0.43243243243243246,
    0.46875,
    0.5765765765765766,
    0.24324324324324326,
    0.3157894736842105,
    0.2898550724637681,
    0.2,
    0.5652173913043478,
    0.28169014084507044,
    0.38571428571428573,
    0.24691358024691357,
    0.432,
    0.6902654867256637,
    0.3076923076923077,
    0.43478260869565216,
    0.43636363636363634,
    0.2972972972972973,
    0.3466666666666667,
    0.14634146341463414,
    0.7474747474747475,
    0.26865671641791045,
    0.2222222222222222,
    0.6991869918699187,
    0.5,
    0.30434782608695654,
    0.2616822429906542,
    0.4,
    0.43037974683544306,
    0.3958333333333333,
    0.1016949152542373,
    0.4444444444444444,
    0.4411764705882353,
    0.48484848484848486,
    0.3132530120481928,
    0.46846846846846846,
    0.23529411764705882,
    0.39215686274509803,
    0.32653061224489793,
    0.3963963963963964,
    0.48,
    0.2127659574468085,
    0.17721518987341772,
    0.5806451612903226,
    0.3076923076923077,
    0.74,
    0.35294117647058826,
    0.3076923076923077,
    0.2459016393442623,
    0.603448275862069,
    0.6428571428571429,
    0.4251968503937008,
    0.27956989247311825,
    0.592,
    0.35185185185185186,
    0.3404255319148936,
    0.4,
    0.8118811881188119,
    0.3956043956043956,
    0.5048543689320388,
    0.6804123711340206,
    0.2524271844660194,
    0.36036036036036034,
    0.4691358024691358,
    0.125,
    0.1941747572815534,
    0.6612903225806451,
    0.24,
    0.5,
    0.4222222222222222,
    0.4230769230769231,
    0.5747126436781609,
    0.22784810126582278,
    0.15625,
    0.2,
    0.660377358490566,
    0.42105263157894735,
    0.20253164556962025,
    0.2638888888888889,
    0.25316455696202533,
    0.11764705882352941,
    0.1095890410958904,
    0.4578313253012048,
    0.34210526315789475,
    0.39215686274509803,
    0.6964285714285714,
    0.34234234234234234,
    0.78,
    0.6170212765957447,
    0.3137254901960784,
    0.40384615384615385,
    0.42105263157894735,
    0.425531914893617,
    0.2926829268292683,
    0.4470588235294118,
    0.5263157894736842,
    0.5544554455445545,
    0.4864864864864865,
    0.29213483146067415,
    0.3300970873786408,
    0.2222222222222222,
    0.11764705882352941,
    0.39603960396039606,
    0.3373493975903614,
    0.5348837209302325,
    0.4117647058823529,
    0.5567010309278351,
    0.8076923076923077,
    0.819047619047619,
    0.40425531914893614,
    0.10344827586206896,
    0.35555555555555557,
    0.7472527472527473,
    0.44680851063829785,
    0.20253164556962025,
    0.7474747474747475,
    0.45161290322580644,
    0.10526315789473684,
    0.5625,
    0.3684210526315789,
    0.6379310344827587,
    0.18421052631578946,
    0.21705426356589147,
    0.367816091954023,
    0.3838383838383838,
    0.5333333333333333,
    0.6741573033707865,
    0.5585585585585585,
    0.36666666666666664,
    0.35398230088495575,
    0.12987012987012986,
    0.5454545454545454,
    0.41025641025641024,
    0.6140350877192983,
    0.48148148148148145,
    0.6218487394957983,
    0.5042016806722689,
    0.3305785123966942,
    0.5631067961165048,
    0.25,
    0.5230769230769231,
    0.24299065420560748
  ],