{
  "accuracy": 0.3494,
  "precision_macro": 0.3814837684903584,
  "recall_macro": 0.3494,
  "f1_macro": 0.3370077758350998,
  "precision_weighted": 0.3814837684903584,
  "recall_weighted": 0.3494,
  "f1_weighted": 0.3370077758350998,
  "per_class_f1": [
    0.5607476635514018,
    0.6106870229007634,
    0.3333333333333333,
    0.2716049382716049,
    0.32967032967032966,
    0.023809523809523808,
    0.49504950495049505,
    0.1111111111111111,
    0.6153846153846154,
    0.25365853658536586,
    0.14084507042253522,
    0.44680851063829785,
    0.5773195876288659,
    0.5,
    0.46153846153846156,
    0.2608695652173913,
    0.16129032258064516,
    0.26666666666666666,
    0.2391304347826087,
    0.44660194174757284,
    0.4752475247524752,
    0.6511627906976745,
    0.594059405940594,
    0.5737704918032787,
    0.25,
    0.45714285714285713,
    0.42105263157894735,
    0.06349206349206349,
    0.3333333333333333,
    0.037037037037037035,
    0.3838383838383838,
    0.42424242424242425,
    0.13114754098360656,
    0.2631578947368421,
    0.3956043956043956,
    0.42857142857142855,
    0.6296296296296297,
    0.3146067415730337,
    0.4158415841584158,
    0.15730337078651685,
    0.16,
    0.35,
    0.3448275862068966,
    0.38461538461538464,
    0.82,
    0.6481481481481481,
    0.26865671641791045,
    0.4666666666666667,
    0.037037037037037035,
    0.1728395061728395,
    0.5441176470588235,
    0.25,
    0.5636363636363636,
    0.411214953271028,
    0.48,
    0.43537414965986393,
    0.24528301886792453,
    0.48,
    0.6444444444444445,
    0.35443037974683544,
    0.44036697247706424,
    0.5172413793103449,
    0.125,
    0.2736842105263158,
    0.06666666666666667,
    0.051407588739290085,
    0.5625,
    0.07142857142857142,
    0.30985915492957744,
    0.08092485549132948,
    0.20202020202020202,
    0.6285714285714286,
    0.11940298507462686,
    0.3218390804597701,
    0.3333333333333333,
    0.23376623376623376,
    0.12698412698412698,
    0.1,
    0.6966292134831461,
    0.07547169811320754,
    0.03773584905660377,
    0.6896551724137931,
    0.31683168316831684,
    0.20588235294117646,
    0.2,
    0.43373493975903615,
    0.3711340206185567,
    0.2833333333333333,
    0.0,
    0.37037037037037035,
    0.38,
    0.4528301886792453,
    0.2318840579710145,
    0.4172661870503597,
    0.32,
    0.3387096774193548,
    0.125,
    0.30158730158730157,
    0.4144144144144144,
    0.06896551724137931,
    0.03508771929824561,
    0.594059405940594,
    0.0967741935483871,
    0.7608695652173914,
    0.23880597014925373,
    0.2222222222222222,
    0.17721518987341772,
    0.5401459854014599,
    0.6170212765957447,
    0.3333333333333333,
    0.2608695652173913,
    0.5179856115107914,
    0.3300970873786408,
    0.18461538461538463,
    0.23529411764705882,
    0.7070707070707071,
    0.30434782608695654,
    0.373134328358209,
    0.5785123966942148,
    0.24444444444444444,
    0.32075471698113206,
    0.5348837209302325,
    0.1016949152542373,
    0.22764227642276422,
    0.6551724137931034,
    0.24691358024691357,
    0.41237113402061853,
    0.2631578947368421,
    0.3709677419354839,
    0.47191011235955055,
    0.15151515151515152,
    0.0,
    0.03389830508474576,
    0.62,
    0.41379310344827586,
    0.08823529411764706,
    0.2074074074074074,
    0.037037037037037035,
    0.17204301075268819,
    0.09836065573770492,
    0.30434782608695654,
    0.23376623376623376,
    0.4057971014492754,
    0.5925925925925926,
    0.25,
    0.7961165048543689,
    0.594059405940594,
    0.14285714285714285,
    0.19718309859154928,
    0.3582089552238806,
    0.44680851063829785,
    0.10714285714285714,
    0.2689075630252101,
    0.4,
    0.48,
    0.21686746987951808,
    0.15384615384615385,
    0.22727272727272727,
    0.21176470588235294,
    0.0,
    0.2222222222222222,
    0.25,
    0.5176470588235295,
    0.375,
    0.4948453608247423,
    0.7722772277227723,
    0.5751633986928104,
    0.25,
    0.0,
    0.2894736842105263,
    0.5842696629213483,
    0.3389830508474576,
    0.0,
    0.5161290322580645,
    0.3595505617977528,
    0.0,
    0.45714285714285713,
    0.37037037037037035,
    0.6140350877192983,
    0.07017543859649122,
    0.21875,
    0.28205128205128205,
    0.36585365853658536,
    0.5,
    0.4888888888888889,
    0.5454545454545454,
    0.3247863247863248,
    0.38636363636363635,
    0.2786885245901639,
    0.3595505617977528,
    0.35714285714285715,
    0.5211267605633803,
    0.40963855421686746,
    0.6545454545454545,
    0.336283185840708,
    0.23636363636363636,
    0.4714285714285714,
    0.14035087719298245,
    0.19886363636363635,
    0.23684210526315788
  ],