{
  "accuracy": 0.3848,
  "precision_macro": 0.3953793617083287,
  "recall_macro": 0.38480000000000003,
  "f1_macro": 0.3680167444366835,
  "precision_weighted": 0.39537936170832866,
  "recall_weighted": 0.3848,
  "f1_weighted": 0.3680167444366834,
  "per_class_f1": [
    0.6607142857142857,
    0.6190476190476191,
    0.288135593220339,
    0.23255813953488372,
    0.37777777777777777,
    0.057692307692307696,
    0.509090909090909,
    0.17073170731707318,
    0.5950413223140496,
    0.3458646616541353,
    0.22857142857142856,
    0.4583333333333333,
    0.49612403100775193,
    0.6067415730337079,
    0.5555555555555556,
    0.3902439024390244,
    0.16129032258064516,
    0.49411764705882355,
    0.3025210084033613,
    0.5142857142857142,
    0.47706422018348627,
    0.6808510638297872,
    0.6122448979591837,
    0.6862745098039216,
    0.21311475409836064,
    0.5045045045045045,
    0.5172413793103449,
    0.034482758620689655,
    0.31666666666666665,
    0.1388888888888889,
    0.34146341463414637,
    0.45454545454545453,
    0.24324324324324326,
    0.21951219512195122,
    0.47540983606557374,
    0.42105263157894735,
    0.6538461538461539,
    0.345679012345679,
    0.4745762711864407,
    0.36065573770491804,
    0.15584415584415584,
    0.3434343434343434,
    0.3181818181818182,
    0.3170731707317073,
    0.8541666666666666,
    0.6386554621848739,
    0.4,
    0.38596491228070173,
    0.07272727272727272,
    0.20253164556962025,
    0.6074074074074074,
    0.2727272727272727,
    0.5894736842105263,
    0.3956043956043956,
    0.29213483146067415,
    0.3438914027149321,
    0.23404255319148937,
    0.5087719298245614,
    0.603448275862069,
    0.23333333333333334,
    0.35502958579881655,
    0.5357142857142857,
    0.09090909090909091,
    0.30303030303030304,
    0.17721518987341772,
    0.16901408450704225,
    0.5454545454545454,
    0.1016949152542373,
    0.3582089552238806,
    0.22727272727272727,
    0.22727272727272727,
    0.6355140186915887,
    0.2653061224489796,
    0.41904761904761906,
    0.48214285714285715,
    0.15625,
    0.26666666666666666,
    0.06451612903225806,
    0.6785714285714286,
    0.10714285714285714,
    0.07407407407407407,
    0.7090909090909091,
    0.40350877192982454,
    0.21686746987951808,
    0.25,
    0.29213483146067415,
    0.3953488372093023,
    0.2524271844660194,
    0.0,
    0.3652173913043478,
    0.375,
    0.47706422018348627,
    0.15384615384615385,
    0.4536082474226804,
    0.3157894736842105,
    0.35789473684210527,
    0.2535211267605634,
    0.36507936507936506,
    0.45161290322580644,
    0.11940298507462686,
    0.04597701149425287,
    0.5581395348837209,
    0.16666666666666666,
    0.7446808510638298,
    0.32,
    0.26785714285714285,
    0.24347826086956523,
    0.4755244755244755,
    0.6274509803921569,
    0.4418604651162791,
    0.2891566265060241,
    0.4342857142857143,
    0.30158730158730157,
    0.35,
    0.2988505747126437,
    0.7959183673469388,
    0.4166666666666667,
    0.40425531914893614,
    0.5932203389830508,
    0.21238938053097345,
    0.27184466019417475,
    0.5,
    0.06060606060606061,
    0.18705035971223022,
    0.6491228070175439,
    0.19047619047619047,
    0.4489795918367347,
    0.32098765432098764,
    0.36231884057971014,
    0.5242718446601942,
    0.21176470588235294,
    0.0,
    0.12121212121212122,
    0.6825396825396826,
    0.4186046511627907,
    0.12307692307692308,
    0.2727272727272727,
    0.12121212121212122,
    0.1308411214953271,
    0.05970149253731343,
    0.4074074074074074,
    0.32098765432098764,
    0.3037974683544304,
    0.5324675324675324,
    0.26262626262626265,
    0.7766990291262136,
    0.6526315789473685,
    0.24,
    0.3058823529411765,
    0.4782608695652174,
    0.49382716049382713,
    0.2608695652173913,
    0.1625,
    0.3275862068965517,
    0.46511627906976744,
    0.4117647058823529,
    0.13793103448275862,
    0.3829787234042553,
    0.16666666666666666,
    0.03773584905660377,
    0.2857142857142857,
    0.2765957446808511,
    0.5393258426966292,
    0.4,
    0.42718446601941745,
    0.75,
    0.84,
    0.38095238095238093,
    0.03773584905660377,
    0.33043478260869563,
    0.6888888888888889,
    0.34545454545454546,
    0.11267605633802817,
    0.5909090909090909,
    0.48,
    0.0,
    0.5769230769230769,
    0.33548387096774196,
    0.6218487394957983,
    0.19444444444444445,
    0.1694915254237288,
    0.42857142857142855,
    0.3368421052631579,
    0.5227272727272727,
    0.43137254901960786,
    0.5647058823529412,
    0.5333333333333333,
    0.5306122448979592,
    0.3225806451612903,
    0.3888888888888889,
    0.3434343434343434,
    0.6050420168067226,
    0.5225225225225225,
    0.6434782608695652,
    0.32653061224489793,
    0.26506024096385544,
    0.5671641791044776,
    0.10526315789473684,
    0.26976744186046514,
    0.2857142857142857
  ],