{
  "accuracy": 0.4259,
  "precision_macro": 0.4369854721897599,
  "recall_macro": 0.42589999999999995,
  "f1_macro": 0.4095246544604551,
  "precision_weighted": 0.4369854721897599,
  "recall_weighted": 0.4259,
  "f1_weighted": 0.40952465446045505,
  "per_class_f1": [
    0.7079646017699115,
    0.6796116504854369,
    0.45255474452554745,
    0.3488372093023256,
    0.432,
    0.1282051282051282,
    0.5631067961165048,
    0.1956521739130435,
    0.5522388059701493,
    0.33093525179856115,
    0.15584415584415584,
    0.5242718446601942,
    0.5391304347826087,
    0.6336633663366337,
    0.5476190476190477,
    0.34285714285714286,
    0.21052631578947367,
    0.5263157894736842,
    0.37254901960784315,
    0.5858585858585859,
    0.5178571428571429,
    0.6304347826086957,
    0.5846153846153846,
    0.6666666666666666,
    0.24719101123595505,
    0.5740740740740741,
    0.46956521739130436,
    0.1,
    0.4339622641509434,
    0.07142857142857142,
    0.26666666666666666,
    0.3742690058479532,
    0.3010752688172043,
    0.23529411764705882,
    0.4793388429752066,
    0.432,
    0.7128712871287128,
    0.27848101265822783,
    0.43243243243243246,
    0.38636363636363635,
    0.2553191489361702,
    0.3076923076923077,
    0.3434343434343434,
    0.5684210526315789,
    0.84,
    0.6776859504132231,
    0.47706422018348627,
    0.4888888888888889,
    0.17721518987341772,
    0.19047619047619047,
    0.5686274509803921,
    0.32075471698113206,
    0.6017699115044248,
    0.3695652173913043,
    0.3888888888888889,
    0.38461538461538464,
    0.2542372881355932,
    0.44285714285714284,
    0.7157894736842105,
    0.42857142857142855,
    0.46616541353383456,
    0.5669291338582677,
    0.2823529411764706,
    0.32,
    0.23684210526315788,
    0.23841059602649006,
    0.48936170212765956,
    0.25806451612903225,
    0.4,
    0.2773722627737226,
    0.2898550724637681,
    0.6333333333333333,
    0.26666666666666666,
    0.4444444444444444,
    0.48598130841121495,
    0.25396825396825395,
    0.28205128205128205,
    0.028169014084507043,
    0.76,
    0.3888888888888889,
    0.03571428571428571,
    0.717948717948718,
    0.35294117647058826,
    0.2972972972972973,
    0.2777777777777778,
    0.35,
    0.4423076923076923,
    0.3877551020408163,
    0.07272727272727272,
    0.40425531914893614,
    0.43795620437956206,
    0.5,
    0.35,
    0.44642857142857145,
    0.4714285714285714,
    0.4421052631578947,
    0.3764705882352941,
    0.3902439024390244,
    0.4954128440366973,
    0.1282051282051282,
    0.14492753623188406,
    0.6138613861386139,
    0.26865671641791045,
    0.7378640776699029,
    0.2702702702702703,
    0.33663366336633666,
    0.20952380952380953,
    0.5736434108527132,
    0.6666666666666666,
    0.41975308641975306,
    0.3508771929824561,
    0.6115702479338843,
    0.4036697247706422,
    0.3055555555555556,
    0.3300970873786408,
    0.7169811320754716,
    0.45977011494252873,
    0.4854368932038835,
    0.6206896551724138,
    0.24719101123595505,
    0.3404255319148936,
    0.4731182795698925,
    0.14925373134328357,
    0.14965986394557823,
    0.7450980392156863,
    0.18421052631578946,
    0.4186046511627907,
    0.3783783783783784,
    0.4161073825503356,
    0.574468085106383,
    0.25882352941176473,
    0.038461538461538464,
    0.13114754098360656,
    0.6274509803921569,
    0.47058823529411764,
    0.06451612903225806,
    0.2857142857142857,
    0.25,
    0.18604651162790697,
    0.16129032258064516,
    0.42962962962962964,
    0.35294117647058826,
    0.45454545454545453,
    0.7130434782608696,
    0.4074074074074074,
    0.7586206896551724,
    0.6597938144329897,
    0.22857142857142856,
    0.38461538461538464,
    0.5060240963855421,
    0.5393258426966292,
    0.40476190476190477,
    0.4948453608247423,
    0.3829787234042553,
    0.42424242424242425,
    0.4691358024691358,
    0.32098765432098764,
    0.3917525773195876,
    0.2857142857142857,
    0.057971014492753624,
    0.22857142857142856,
    0.3711340206185567,
    0.4634146341463415,
    0.3709677419354839,
    0.5333333333333333,
    0.6833333333333333,
    0.7878787878787878,
    0.4329896907216495,
    0.07142857142857142,
    0.42857142857142855,
    0.6451612903225806,
    0.4126984126984127,
    0.16666666666666666,
    0.5617977528089888,
    0.45161290322580644,
    0.10344827586206896,
    0.58,
    0.37398373983739835,
    0.6153846153846154,
    0.1941747572815534,
    0.26666666666666666,
    0.3023255813953488,
    0.33587786259541985,
    0.5111111111111111,
    0.6808510638297872,
    0.5365853658536586,
    0.5176470588235295,
    0.5769230769230769,
    0.39669421487603307,
    0.5833333333333334,
    0.4421052631578947,
    0.58,
    0.445859872611465,
    0.7,
    0.4195804195804196,
    0.3114754098360656,
    0.5588235294117647,
    0.19718309859154928,
    0.43478260869565216,
    0.3146067415730337
  ],