{
  "accuracy": 0.426,
  "precision_macro": 0.4260617524510064,
  "recall_macro": 0.42599999999999993,
  "f1_macro": 0.4081732000502861,
  "precision_weighted": 0.42606175245100647,
  "recall_weighted": 0.426,
  "f1_weighted": 0.4081732000502861,
  "per_class_f1": [
    0.6341463414634146,
    0.6557377049180327,
    0.38181818181818183,
    0.3025210084033613,
    0.40404040404040403,
    0.056338028169014086,
    0.5964912280701754,
    0.136986301369863,
    0.6548672566371682,
    0.3105590062111801,
    0.16216216216216217,
    0.4,
    0.5373134328358209,
    0.693069306930693,
    0.46511627906976744,
    0.3170731707317073,
    0.2465753424657534,
    0.5656565656565656,
    0.40350877192982454,
    0.512396694214876,
    0.49523809523809526,
    0.6739130434782609,
    0.5671641791044776,
    0.7433628318584071,
    0.21686746987951808,
    0.5042016806722689,
    0.4696969696969697,
    0.14084507042253522,
    0.3238095238095238,
    0.12307692307692308,
    0.4742268041237113,
    0.46956521739130436,
    0.1875,
    0.20588235294117646,
    0.5084745762711864,
    0.40522875816993464,
    0.7216494845360825,
    0.40425531914893614,
    0.5,
    0.24175824175824176,
    0.22988505747126436,
    0.3333333333333333,
    0.40350877192982454,
    0.46846846846846846,
    0.8367346938775511,
    0.6666666666666666,
    0.4117647058823529,
    0.4603174603174603,
    0.10526315789473684,
    0.2,
    0.6141732283464567,
    0.2619047619047619,
    0.6391752577319587,
    0.4132231404958678,
    0.4411764705882353,
    0.4166666666666667,
    0.24444444444444444,
    0.5567010309278351,
    0.7128712871287128,
    0.3888888888888889,
    0.4782608695652174,
    0.5504587155963303,
    0.3291139240506329,
    0.3711340206185567,
    0.15789473684210525,
    0.24242424242424243,
    0.5531914893617021,
    0.16666666666666666,
    0.43243243243243246,
    0.2857142857142857,
    0.38181818181818183,
    0.6324786324786325,
    0.3669724770642202,
    0.367816091954023,
    0.4482758620689655,
    0.325,
    0.21686746987951808,
    0.1111111111111111,
    0.6857142857142857,
    0.29850746268656714,
    0.05063291139240506,
    0.7154471544715447,
    0.48598130841121495,
    0.20930232558139536,
    0.27522935779816515,
    0.3170731707317073,
    0.41304347826086957,
    0.3711340206185567,
    0.0,
    0.36,
    0.4444444444444444,
    0.5043478260869565,
    0.38461538461538464,
    0.3958333333333333,
    0.411214953271028,
    0.37383177570093457,
    0.45045045045045046,
    0.3305785123966942,
    0.5046728971962616,
    0.13333333333333333,
    0.14084507042253522,
    0.6222222222222222,
    0.22988505747126436,
    0.7878787878787878,
    0.3023255813953488,
    0.25,
    0.2608695652173913,
    0.6324786324786325,
    0.6666666666666666,
    0.432,
    0.3333333333333333,
    0.5174825174825175,
    0.32786885245901637,
    0.3333333333333333,
    0.32989690721649484,
    0.7920792079207921,
    0.4375,
    0.43137254901960786,
    0.6194690265486725,
    0.30357142857142855,
    0.3409090909090909,
    0.5052631578947369,
    0.16666666666666666,
    0.17751479289940827,
    0.672,
    0.2631578947368421,
    0.45652173913043476,
    0.32967032967032966,
    0.4251968503937008,
    0.6382978723404256,
    0.3013698630136986,
    0.0,
    0.05970149253731343,
    0.6732673267326733,
    0.4044943820224719,
    0.2222222222222222,
    0.2484472049689441,
    0.25,
    0.15789473684210525,
    0.09230769230769231,
    0.49504950495049505,
    0.38235294117647056,
    0.47619047619047616,
    0.7090909090909091,
    0.3238095238095238,
    0.7857142857142857,
    0.6470588235294118,
    0.24806201550387597,
    0.36538461538461536,
    0.45,
    0.4642857142857143,
    0.3055555555555556,
    0.4375,
    0.3,
    0.46153846153846156,
    0.4424778761061947,
    0.32432432432432434,
    0.36363636363636365,
    0.22916666666666666,
    0.09523809523809523,
    0.3508771929824561,
    0.45454545454545453,
    0.5376344086021505,
    0.46511627906976744,
    0.5333333333333333,
    0.7818181818181819,
    0.8073394495412844,
    0.4132231404958678,
    0.06060606060606061,
    0.42424242424242425,
    0.6222222222222222,
    0.425531914893617,
    0.12658227848101267,
    0.6181818181818182,
    0.42718446601941745,
    0.07547169811320754,
    0.5614035087719298,
    0.4,
    0.6666666666666666,
    0.2708333333333333,
    0.16666666666666666,
    0.38,
    0.3883495145631068,
    0.5111111111111111,
    0.5656565656565656,
    0.5517241379310345,
    0.5274725274725275,
    0.5454545454545454,
    0.36585365853658536,
    0.5825242718446602,
    0.3595505617977528,
    0.5794392523364486,
    0.4276729559748428,
    0.6666666666666666,
    0.5040650406504065,
    0.368,
    0.4900662251655629,
    0.2826086956521739,
    0.44755244755244755,
    0.3076923076923077
  ],