{
  "accuracy": 0.4298,
  "precision_macro": 0.43383283627254327,
  "recall_macro": 0.4298,
  "f1_macro": 0.410845867278702,
  "precision_weighted": 0.4338328362725433,
  "recall_weighted": 0.4298,
  "f1_weighted": 0.4108458672787019,
  "per_class_f1": [
    0.7368421052631579,
    0.7142857142857143,
    0.42276422764227645,
    0.30927835051546393,
    0.3652173913043478,
    0.14736842105263157,
    0.5619834710743802,
    0.3218390804597701,
    0.5981308411214953,
    0.3853211009174312,
    0.24324324324324326,
    0.4731182795698925,
    0.4496124031007752,
    0.7010309278350515,
    0.5647058823529412,
    0.35514018691588783,
    0.20588235294117646,
    0.5168539325842697,
    0.3146067415730337,
    0.5789473684210527,
    0.543859649122807,
    0.6666666666666666,
    0.591304347826087,
    0.74,
    0.22,
    0.5811965811965812,
    0.4672897196261682,
    0.1,
    0.4583333333333333,
    0.034482758620689655,
    0.4854368932038835,
    0.6122448979591837,
    0.23376623376623376,
    0.23529411764705882,
    0.5391304347826087,
    0.4794520547945205,
    0.660377358490566,
    0.4230769230769231,
    0.48598130841121495,
    0.3076923076923077,
    0.20454545454545456,
    0.325,
    0.32653061224489793,
    0.464,
    0.8080808080808081,
    0.7719298245614035,
    0.4222222222222222,
    0.46,
    0.13559322033898305,
    0.20224719101123595,
    0.6065573770491803,
    0.34375,
    0.6538461538461539,
    0.39080459770114945,
    0.40540540540540543,
    0.4857142857142857,
    0.3023255813953488,
    0.5271317829457365,
    0.7422680412371134,
    0.3037974683544304,
    0.45,
    0.47244094488188976,
    0.25,
    0.3652173913043478,
    0.21568627450980393,
    0.2361111111111111,
    0.5172413793103449,
    0.19672131147540983,
    0.36470588235294116,
    0.3132530120481928,
    0.3300970873786408,
    0.6071428571428571,
    0.37254901960784315,
    0.4098360655737705,
    0.42105263157894735,
    0.3488372093023256,
    0.29473684210526313,
    0.06779661016949153,
    0.7155963302752294,
    0.29850746268656714,
    0.08571428571428572,
    0.671875,
    0.45528455284552843,
    0.2891566265060241,
    0.2608695652173913,
    0.4146341463414634,
    0.4074074074074074,
    0.36666666666666664,
    0.0,
    0.43956043956043955,
    0.4915254237288136,
    0.48951048951048953,
    0.3055555555555556,
    0.3974358974358974,
    0.40404040404040403,
    0.4158415841584158,
    0.45161290322580644,
    0.41739130434782606,
    0.4696969696969697,
    0.1951219512195122,
    0.12121212121212122,
    0.6593406593406593,
    0.24242424242424243,
    0.7741935483870968,
    0.3157894736842105,
    0.29213483146067415,
    0.18181818181818182,
    0.631578947368421,
    0.6896551724137931,
    0.4,
    0.36,
    0.5426356589147286,
    0.3106796116504854,
    0.3170731707317073,
    0.37777777777777777,
    0.8085106382978723,
    0.425531914893617,
    0.47058823529411764,
    0.6534653465346535,
    0.37209302325581395,
    0.3111111111111111,
    0.4318181818181818,
    0.03333333333333333,
    0.15037593984962405,
    0.6379310344827587,
    0.20512820512820512,
    0.45,
    0.35514018691588783,
    0.4397163120567376,
    0.5084745762711864,
    0.23376623376623376,
    0.0,
    0.13114754098360656,
    0.6238532110091743,
    0.5185185185185185,
    0.07272727272727272,
    0.3088235294117647,
    0.18461538461538463,
    0.15053763440860216,
    0.18461538461538463,
    0.3865546218487395,
    0.2777777777777778,
    0.4578313253012048,
    0.7102803738317757,
    0.3119266055045872,
    0.7857142857142857,
    0.6486486486486487,
    0.2702702702702703,
    0.3392857142857143,
    0.4222222222222222,
    0.4032258064516129,
    0.36363636363636365,
    0.45569620253164556,
    0.3764705882352941,
    0.4482758620689655,
    0.48598130841121495,
    0.4175824175824176,
    0.39080459770114945,
    0.2619047619047619,
    0.1111111111111111,
    0.33663366336633666,
    0.3956043956043956,
    0.5769230769230769,
    0.44,
    0.49056603773584906,
    0.7326732673267327,
    0.736,
    0.42857142857142855,
    0.06666666666666667,
    0.3609022556390977,
    0.5471698113207547,
    0.35555555555555557,
    0.14925373134328357,
    0.6788990825688074,
    0.45652173913043476,
    0.07692307692307693,
    0.5794392523364486,
    0.40601503759398494,
    0.576271186440678,
    0.2653061224489796,
    0.21951219512195122,
    0.4583333333333333,
    0.2988505747126437,
    0.4752475247524752,
    0.631578947368421,
    0.5510204081632653,
    0.4897959183673469,
    0.5050505050505051,
    0.34782608695652173,
    0.5154639175257731,
    0.4090909090909091,
    0.5693430656934306,
    0.5555555555555556,
    0.6386554621848739,
    0.4444444444444444,
    0.39603960396039606,
    0.5333333333333333,
    0.25,
    0.43478260869565216,
    0.19607843137254902
  ],