{
  "accuracy": 0.439,
  "precision_macro": 0.4548126090443121,
  "recall_macro": 0.439,
  "f1_macro": 0.4256520222781303,
  "precision_weighted": 0.4548126090443121,
  "recall_weighted": 0.439,
  "f1_weighted": 0.42565202227813026,
  "per_class_f1": [
    0.6981132075471698,
    0.672566371681416,
    0.48695652173913045,
    0.411214953271028,
    0.44776119402985076,
    0.10526315789473684,
    0.5918367346938775,
    0.21052631578947367,
    0.6666666666666666,
    0.25477707006369427,
    0.1891891891891892,
    0.54,
    0.549618320610687,
    0.6736842105263158,
    0.4691358024691358,
    0.3902439024390244,
    0.20588235294117646,
    0.45714285714285713,
    0.375,
    0.45925925925925926,
    0.5151515151515151,
    0.6666666666666666,
    0.6126126126126126,
    0.7115384615384616,
    0.26548672566371684,
    0.547945205479452,
    0.4666666666666667,
    0.22448979591836735,
    0.3564356435643564,
    0.19047619047619047,
    0.4,
    0.45528455284552843,
    0.4,
    0.29213483146067415,
    0.5476190476190477,
    0.4268292682926829,
    0.6862745098039216,
    0.4067796610169492,
    0.4507042253521127,
    0.3838383838383838,
    0.3023255813953488,
    0.25,
    0.423728813559322,
    0.5217391304347826,
    0.8571428571428571,
    0.7008547008547008,
    0.42735042735042733,
    0.4496124031007752,
    0.16901408450704225,
    0.24096385542168675,
    0.6436781609195402,
    0.2696629213483146,
    0.6888888888888889,
    0.4222222222222222,
    0.4657534246575342,
    0.5238095238095238,
    0.26804123711340205,
    0.5420560747663551,
    0.6666666666666666,
    0.5,
    0.463768115942029,
    0.5087719298245614,
    0.21875,
    0.35514018691588783,
    0.18181818181818182,
    0.2155688622754491,
    0.5555555555555556,
    0.18461538461538463,
    0.43609022556390975,
    0.34234234234234234,
    0.2564102564102564,
    0.7027027027027027,
    0.367816091954023,
    0.45652173913043476,
    0.49019607843137253,
    0.3333333333333333,
    0.4691358024691358,
    0.10752688172043011,
    0.7647058823529411,
    0.26229508196721313,
    0.23684210526315788,
    0.7321428571428571,
    0.40522875816993464,
    0.2631578947368421,
    0.3125,
    0.3469387755102041,
    0.48,
    0.36363636363636365,
    0.10526315789473684,
    0.42718446601941745,
    0.4294478527607362,
    0.4409448818897638,
    0.37037037037037035,
    0.37735849056603776,
    0.4745762711864407,
    0.3617021276595745,
    0.4186046511627907,
    0.35658914728682173,
    0.5208333333333334,
    0.1348314606741573,
    0.14705882352941177,
    0.66,
    0.3013698630136986,
    0.7289719626168224,
    0.325,
    0.33962264150943394,
    0.1320754716981132,
    0.6065573770491803,
    0.7272727272727273,
    0.5208333333333334,
    0.3063063063063063,
    0.4444444444444444,
    0.3619047619047619,
    0.42857142857142855,
    0.375,
    0.7884615384615384,
    0.48598130841121495,
    0.5405405405405406,
    0.6194690265486725,
    0.3826086956521739,
    0.2553191489361702,
    0.5,
    0.14925373134328357,
    0.2206896551724138,
    0.7155963302752294,
    0.2653061224489796,
    0.42857142857142855,
    0.34146341463414637,
    0.42201834862385323,
    0.5714285714285714,
    0.2962962962962963,
    0.03636363636363636,
    0.1791044776119403,
    0.7157894736842105,
    0.4,
    0.125,
    0.28,
    0.2857142857142857,
    0.17647058823529413,
    0.13333333333333333,
    0.4854368932038835,
    0.3561643835616438,
    0.5135135135135135,
    0.7155963302752294,
    0.34782608695652173,
    0.7789473684210526,
    0.6391752577319587,
    0.3220338983050847,
    0.40404040404040403,
    0.4752475247524752,
    0.5333333333333333,
    0.3835616438356164,
    0.3826086956521739,
    0.5112781954887218,
    0.4946236559139785,
    0.5,
    0.32967032967032966,
    0.34951456310679613,
    0.16393442622950818,
    0.06896551724137931,
    0.4,
    0.29411764705882354,
    0.46511627906976744,
    0.5,
    0.5299145299145299,
    0.7962962962962963,
    0.8148148148148148,
    0.4339622641509434,
    0.06896551724137931,
    0.3956043956043956,
    0.7252747252747253,
    0.5242718446601942,
    0.16216216216216217,
    0.723404255319149,
    0.40425531914893614,
    0.07407407407407407,
    0.6213592233009708,
    0.33540372670807456,
    0.5528455284552846,
    0.17721518987341772,
    0.22916666666666666,
    0.4166666666666667,
    0.3655913978494624,
    0.5747126436781609,
    0.6785714285714286,
    0.5,
    0.4935064935064935,
    0.5168539325842697,
    0.3488372093023256,
    0.6181818181818182,
    0.3106796116504854,
    0.5833333333333334,
    0.5245901639344263,
    0.7017543859649122,
    0.4852941176470588,
    0.4166666666666667,
    0.5179856115107914,
    0.20930232558139536,
    0.417910447761194,
    0.32
  ],