{
  "accuracy": 0.4415,
  "precision_macro": 0.4442180272594922,
  "recall_macro": 0.4415,
  "f1_macro": 0.4272171660641686,
  "precision_weighted": 0.44421802725949217,
  "recall_weighted": 0.4415,
  "f1_weighted": 0.42721716606416865,
  "per_class_f1": [
    0.6666666666666666,
    0.6833333333333333,
    0.4868421052631579,
    0.41509433962264153,
    0.43859649122807015,
    0.07142857142857142,
    0.6355140186915887,
    0.1891891891891892,
    0.6792452830188679,
    0.32857142857142857,
    0.25,
    0.5225225225225225,
    0.4603174603174603,
    0.6875,
    0.6153846153846154,
    0.28865979381443296,
    0.21333333333333335,
    0.5299145299145299,
    0.464,
    0.5289256198347108,
    0.5147058823529411,
    0.6,
    0.6608695652173913,
    0.7350427350427351,
    0.3025210084033613,
    0.5714285714285714,
    0.4626865671641791,
    0.1791044776119403,
    0.41025641025641024,
    0.06779661016949153,
    0.45161290322580644,
    0.48148148148148145,
    0.2535211267605634,
    0.2222222222222222,
    0.6285714285714286,
    0.4878048780487805,
    0.7169811320754716,
    0.45652173913043476,
    0.5688073394495413,
    0.4074074074074074,
    0.21428571428571427,
    0.3238095238095238,
    0.2765957446808511,
    0.46846846846846846,
    0.8775510204081632,
    0.6774193548387096,
    0.4583333333333333,
    0.421875,
    0.22784810126582278,
    0.37362637362637363,
    0.6371681415929203,
    0.3157894736842105,
    0.576271186440678,
    0.4186046511627907,
    0.5393258426966292,
    0.4782608695652174,
    0.34408602150537637,
    0.611764705882353,
    0.6290322580645161,
    0.38961038961038963,
    0.5528455284552846,
    0.5858585858585859,
    0.275,
    0.3902439024390244,
    0.2318840579710145,
    0.2184873949579832,
    0.5321100917431193,
    0.3037974683544304,
    0.4117647058823529,
    0.3063063063063063,
    0.29906542056074764,
    0.6721311475409836,
    0.3870967741935484,
    0.47191011235955055,
    0.41304347826086957,
    0.2777777777777778,
    0.3595505617977528,
    0.11235955056179775,
    0.7524752475247525,
    0.2857142857142857,
    0.125,
    0.7241379310344828,
    0.37681159420289856,
    0.2894736842105263,
    0.3140495867768595,
    0.33707865168539325,
    0.4090909090909091,
    0.3619047619047619,
    0.10344827586206896,
    0.4090909090909091,
    0.4580152671755725,
    0.5242718446601942,
    0.3466666666666667,
    0.34074074074074073,
    0.4044943820224719,
    0.4782608695652174,
    0.32608695652173914,
    0.4251968503937008,
    0.47619047619047616,
    0.1590909090909091,
    0.136986301369863,
    0.6170212765957447,
    0.325,
    0.8,
    0.25287356321839083,
    0.2962962962962963,
    0.15,
    0.5789473684210527,
    0.6373626373626373,
    0.41304347826086957,
    0.26804123711340205,
    0.673469387755102,
    0.39603960396039606,
    0.379746835443038,
    0.32989690721649484,
    0.84,
    0.4835164835164835,
    0.48148148148148145,
    0.6862745098039216,
    0.33962264150943394,
    0.2833333333333333,
    0.4485981308411215,
    0.19718309859154928,
    0.22857142857142856,
    0.6842105263157895,
    0.23684210526315788,
    0.5365853658536586,
    0.3870967741935484,
    0.4576271186440678,
    0.611764705882353,
    0.288135593220339,
    0.0,
    0.18461538461538463,
    0.660377358490566,
    0.4444444444444444,
    0.13333333333333333,
    0.2751322751322751,
    0.3132530120481928,
    0.1978021978021978,
    0.06779661016949153,
    0.40384615384615385,
    0.3902439024390244,
    0.5185185185185185,
    0.6776859504132231,
    0.3333333333333333,
    0.7857142857142857,
    0.6391752577319587,
    0.3225806451612903,
    0.3275862068965517,
    0.49411764705882355,
    0.5161290322580645,
    0.4,
    0.43373493975903615,
    0.5454545454545454,
    0.4819277108433735,
    0.4888888888888889,
    0.2831858407079646,
    0.32608695652173914,
    0.21621621621621623,
    0.14705882352941177,
    0.3652173913043478,
    0.45977011494252873,
    0.4827586206896552,
    0.4672897196261682,
    0.5192307692307693,
    0.7070707070707071,
    0.7735849056603774,
    0.38461538461538464,
    0.06779661016949153,
    0.2857142857142857,
    0.6875,
    0.47706422018348627,
    0.20224719101123595,
    0.7252747252747253,
    0.3883495145631068,
    0.03773584905660377,
    0.6136363636363636,
    0.36363636363636365,
    0.5470085470085471,
    0.25742574257425743,
    0.2545454545454545,
    0.46153846153846156,
    0.38333333333333336,
    0.49019607843137253,
    0.6153846153846154,
    0.5154639175257731,
    0.5208333333333334,
    0.5252525252525253,
    0.3695652173913043,
    0.5376344086021505,
    0.3893805309734513,
    0.5815602836879432,
    0.5714285714285714,
    0.5777777777777777,
    0.5535714285714286,
    0.3364485981308411,
    0.6,
    0.25882352941176473,
    0.532258064516129,
    0.27906976744186046
  ],