{
  "accuracy": 0.4036,
  "precision_macro": 0.4025407513568994,
  "recall_macro": 0.40360000000000007,
  "f1_macro": 0.38199247492411886,
  "precision_weighted": 0.4025407513568994,
  "recall_weighted": 0.4036,
  "f1_weighted": 0.3819924749241189,
  "per_class_f1": [
    0.6909090909090909,
    0.6728971962616822,
    0.4426229508196721,
    0.24444444444444444,
    0.358974358974359,
    0.13333333333333333,
    0.5098039215686274,
    0.13559322033898305,
    0.6666666666666666,
    0.34074074074074073,
    0.15,
    0.3870967741935484,
    0.464,
    0.6976744186046512,
    0.5148514851485149,
    0.23376623376623376,
    0.19718309859154928,
    0.41379310344827586,
    0.3106796116504854,
    0.5233644859813084,
    0.5225225225225225,
    0.6875,
    0.5982905982905983,
    0.7256637168141593,
    0.2391304347826087,
    0.5555555555555556,
    0.43243243243243246,
    0.031746031746031744,
    0.34108527131782945,
    0.034482758620689655,
    0.32432432432432434,
    0.4948453608247423,
    0.3404255319148936,
    0.14814814814814814,
    0.46153846153846156,
    0.4094488188976378,
    0.6470588235294118,
    0.41237113402061853,
    0.48214285714285715,
    0.26804123711340205,
    0.25806451612903225,
    0.27184466019417475,
    0.4,
    0.4153846153846154,
    0.7706422018348624,
    0.5915492957746479,
    0.3448275862068966,
    0.41818181818181815,
    0.1,
    0.2077922077922078,
    0.5454545454545454,
    0.27906976744186046,
    0.544,
    0.3076923076923077,
    0.37362637362637363,
    0.45390070921985815,
    0.15555555555555556,
    0.5132743362831859,
    0.6521739130434783,
    0.26865671641791045,
    0.40789473684210525,
    0.45454545454545453,
    0.07792207792207792,
    0.42105263157894735,
    0.14492753623188406,
    0.20754716981132076,
    0.512396694214876,
    0.22857142857142856,
    0.3434343434343434,
    0.2962962962962963,
    0.32608695652173914,
    0.6495726495726496,
    0.3148148148148148,
    0.3488372093023256,
    0.4697986577181208,
    0.3116883116883117,
    0.2857142857142857,
    0.03225806451612903,
    0.6857142857142857,
    0.2898550724637681,
    0.1282051282051282,
    0.7017543859649122,
    0.40310077519379844,
    0.25,
    0.2692307692307692,
    0.3333333333333333,
    0.38095238095238093,
    0.32653061224489793,
    0.038461538461538464,
    0.3238095238095238,
    0.4594594594594595,
    0.5098039215686274,
    0.28169014084507044,
    0.3559322033898305,
    0.4583333333333333,
    0.375,
    0.3116883116883117,
    0.2804878048780488,
    0.368,
    0.11764705882352941,
    0.2727272727272727,
    0.6170212765957447,
    0.3380281690140845,
    0.7676767676767676,
    0.15384615384615385,
    0.24060150375939848,
    0.19753086419753085,
    0.6078431372549019,
    0.6346153846153846,
    0.3106796116504854,
    0.35051546391752575,
    0.5369127516778524,
    0.3333333333333333,
    0.325,
    0.3125,
    0.7647058823529411,
    0.3764705882352941,
    0.41379310344827586,
    0.5511811023622047,
    0.2549019607843137,
    0.25,
    0.42735042735042733,
    0.08823529411764706,
    0.2,
    0.65,
    0.25,
    0.4854368932038835,
    0.3488372093023256,
    0.35714285714285715,
    0.5471698113207547,
    0.25882352941176473,
    0.0,
    0.13953488372093023,
    0.6017699115044248,
    0.40476190476190477,
    0.24719101123595505,
    0.2876712328767123,
    0.1875,
    0.125,
    0.0625,
    0.390625,
    0.25396825396825395,
    0.3564356435643564,
    0.7090909090909091,
    0.3050847457627119,
    0.6412213740458015,
    0.625,
    0.10101010101010101,
    0.40425531914893614,
    0.4883720930232558,
    0.4791666666666667,
    0.24242424242424243,
    0.4672897196261682,
    0.4603174603174603,
    0.5050505050505051,
    0.4444444444444444,
    0.2191780821917808,
    0.275,
    0.2465753424657534,
    0.07407407407407407,
    0.2962962962962963,
    0.35443037974683544,
    0.425531914893617,
    0.3963963963963964,
    0.3795620437956204,
    0.6825396825396826,
    0.819047619047619,
    0.41025641025641024,
    0.11764705882352941,
    0.36036036036036034,
    0.6511627906976745,
    0.4318181818181818,
    0.13793103448275862,
    0.5894736842105263,
    0.4067796610169492,
    0.0,
    0.5185185185185185,
    0.323943661971831,
    0.6050420168067226,
    0.16279069767441862,
    0.1592920353982301,
    0.4,
    0.3516483516483517,
    0.5168539325842697,
    0.6024096385542169,
    0.5333333333333333,
    0.5742574257425742,
    0.5048543689320388,
    0.43564356435643564,
    0.631578947368421,
    0.25316455696202533,
    0.6071428571428571,
    0.5038167938931297,
    0.6727272727272727,
    0.49624060150375937,
    0.21686746987951808,
    0.5660377358490566,
    0.14925373134328357,
    0.3954802259887006,
    0.1917808219178082
  ],