{
  "accuracy": 0.4243,
  "precision_macro": 0.4246472059014961,
  "recall_macro": 0.4243,
  "f1_macro": 0.40751767826419494,
  "precision_weighted": 0.42464720590149607,
  "recall_weighted": 0.4243,
  "f1_weighted": 0.40751767826419494,
  "per_class_f1": [
    0.7184466019417476,
    0.6451612903225806,
    0.43609022556390975,
    0.2564102564102564,
    0.4230769230769231,
    0.075,
    0.6016260162601627,
    0.22727272727272727,
    0.6666666666666666,
    0.27350427350427353,
    0.25,
    0.5436893203883495,
    0.4645161290322581,
    0.6041666666666666,
    0.46153846153846156,
    0.2857142857142857,
    0.19444444444444445,
    0.5192307692307693,
    0.2982456140350877,
    0.49056603773584906,
    0.5357142857142857,
    0.5882352941176471,
    0.6041666666666666,
    0.7627118644067796,
    0.20512820512820512,
    0.49056603773584906,
    0.5,
    0.031746031746031744,
    0.35714285714285715,
    0.10714285714285714,
    0.38636363636363635,
    0.445859872611465,
    0.2127659574468085,
    0.16,
    0.45161290322580644,
    0.3878787878787879,
    0.6808510638297872,
    0.36619718309859156,
    0.4827586206896552,
    0.3711340206185567,
    0.17073170731707318,
    0.2912621359223301,
    0.3917525773195876,
    0.42696629213483145,
    0.8686868686868687,
    0.6386554621848739,
    0.375,
    0.4247787610619469,
    0.19444444444444445,
    0.28169014084507044,
    0.66,
    0.3090909090909091,
    0.6111111111111112,
    0.4230769230769231,
    0.35443037974683544,
    0.423841059602649,
    0.24528301886792453,
    0.5423728813559322,
    0.6595744680851063,
    0.3611111111111111,
    0.46511627906976744,
    0.5,
    0.25316455696202533,
    0.3617021276595745,
    0.08571428571428572,
    0.3114754098360656,
    0.5376344086021505,
    0.3835616438356164,
    0.4262295081967213,
    0.22988505747126436,
    0.09523809523809523,
    0.6788990825688074,
    0.30952380952380953,
    0.3829787234042553,
    0.42276422764227645,
    0.3058823529411765,
    0.34408602150537637,
    0.11494252873563218,
    0.7115384615384616,
    0.25,
    0.14084507042253522,
    0.6862745098039216,
    0.3515151515151515,
    0.21621621621621623,
    0.3434343434343434,
    0.3917525773195876,
    0.49382716049382713,
    0.3673469387755102,
    0.037037037037037035,
    0.3888888888888889,
    0.45901639344262296,
    0.4393939393939394,
    0.5057471264367817,
    0.3893805309734513,
    0.4857142857142857,
    0.4074074074074074,
    0.4485981308411215,
    0.3548387096774194,
    0.5112781954887218,
    0.14925373134328357,
    0.06896551724137931,
    0.6019417475728155,
    0.3037974683544304,
    0.7912087912087912,
    0.3373493975903614,
    0.25210084033613445,
    0.13793103448275862,
    0.7216494845360825,
    0.6804123711340206,
    0.5,
    0.4222222222222222,
    0.6037735849056604,
    0.30357142857142855,
    0.4166666666666667,
    0.3218390804597701,
    0.803921568627451,
    0.4473684210526316,
    0.5172413793103449,
    0.6728971962616822,
    0.2727272727272727,
    0.32075471698113206,
    0.46511627906976744,
    0.21212121212121213,
    0.21052631578947367,
    0.7413793103448276,
    0.14634146341463414,
    0.423728813559322,
    0.379746835443038,
    0.4090909090909091,
    0.5882352941176471,
    0.24096385542168675,
    0.0,
    0.09090909090909091,
    0.6346153846153846,
    0.44155844155844154,
    0.21951219512195122,
    0.2484472049689441,
    0.2857142857142857,
    0.1509433962264151,
    0.2571428571428571,
    0.3617021276595745,
    0.2857142857142857,
    0.45454545454545453,
    0.7378640776699029,
    0.3185840707964602,
    0.7226890756302521,
    0.5691056910569106,
    0.25,
    0.38333333333333336,
    0.4444444444444444,
    0.5,
    0.39473684210526316,
    0.5054945054945055,
    0.4782608695652174,
    0.48484848484848486,
    0.4946236559139785,
    0.25316455696202533,
    0.3333333333333333,
    0.2608695652173913,
    0.03508771929824561,
    0.41904761904761906,
    0.3655913978494624,
    0.5098039215686274,
    0.423728813559322,
    0.47540983606557374,
    0.7079646017699115,
    0.7241379310344828,
    0.44642857142857145,
    0.06349206349206349,
    0.2916666666666667,
    0.6938775510204082,
    0.5048543689320388,
    0.18666666666666668,
    0.6530612244897959,
    0.4175824175824176,
    0.10526315789473684,
    0.6355140186915887,
    0.4482758620689655,
    0.591304347826087,
    0.21782178217821782,
    0.2857142857142857,
    0.37362637362637363,
    0.32,
    0.46153846153846156,
    0.5918367346938775,
    0.5,
    0.4578313253012048,
    0.3956043956043956,
    0.37209302325581395,
    0.5523809523809524,
    0.37606837606837606,
    0.582089552238806,
    0.562962962962963,
    0.6956521739130435,
    0.43636363636363634,
    0.3275862068965517,
    0.48717948717948717,
    0.21739130434782608,
    0.5172413793103449,
    0.24074074074074073
  ],