{
  "accuracy": 0.4033,
  "precision_macro": 0.4092221174415138,
  "recall_macro": 0.40330000000000005,
  "f1_macro": 0.38547526165982987,
  "precision_weighted": 0.4092221174415138,
  "recall_weighted": 0.4033,
  "f1_weighted": 0.3854752616598299,
  "per_class_f1": [
    0.7676767676767676,
    0.6964285714285714,
    0.39436619718309857,
    0.26373626373626374,
    0.3963963963963964,
    0.125,
    0.6,
    0.1917808219178082,
    0.5904761904761905,
    0.2878787878787879,
    0.21978021978021978,
    0.4791666666666667,
    0.4262295081967213,
    0.7272727272727273,
    0.48,
    0.24390243902439024,
    0.13559322033898305,
    0.45652173913043476,
    0.323943661971831,
    0.4155844155844156,
    0.5773195876288659,
    0.68,
    0.6,
    0.6991869918699187,
    0.2558139534883721,
    0.46,
    0.39622641509433965,
    0.08571428571428572,
    0.35,
    0.20588235294117646,
    0.45544554455445546,
    0.5319148936170213,
    0.21951219512195122,
    0.23529411764705882,
    0.5,
    0.46846846846846846,
    0.6857142857142857,
    0.3617021276595745,
    0.40707964601769914,
    0.43902439024390244,
    0.18181818181818182,
    0.23655913978494625,
    0.35555555555555557,
    0.47058823529411764,
    0.8775510204081632,
    0.6896551724137931,
    0.3333333333333333,
    0.43636363636363634,
    0.13513513513513514,
    0.3076923076923077,
    0.5714285714285714,
    0.3898305084745763,
    0.594059405940594,
    0.34782608695652173,
    0.36585365853658536,
    0.453125,
    0.2,
    0.528,
    0.7608695652173914,
    0.25396825396825395,
    0.46017699115044247,
    0.5161290322580645,
    0.21428571428571427,
    0.27522935779816515,
    0.14925373134328357,
    0.24615384615384617,
    0.5360824742268041,
    0.15873015873015872,
    0.3111111111111111,
    0.2247191011235955,
    0.3269230769230769,
    0.6115702479338843,
    0.29357798165137616,
    0.4077669902912621,
    0.42962962962962964,
    0.24242424242424243,
    0.3333333333333333,
    0.11267605633802817,
    0.6666666666666666,
    0.3076923076923077,
    0.09411764705882353,
    0.656,
    0.3937007874015748,
    0.3181818181818182,
    0.22807017543859648,
    0.3023255813953488,
    0.40963855421686746,
    0.2916666666666667,
    0.038461538461538464,
    0.38636363636363635,
    0.43859649122807015,
    0.4566929133858268,
    0.22580645161290322,
    0.4107142857142857,
    0.3116883116883117,
    0.3486238532110092,
    0.37037037037037035,
    0.3283582089552239,
    0.45454545454545453,
    0.09230769230769231,
    0.12121212121212122,
    0.6336633663366337,
    0.24324324324324326,
    0.7474747474747475,
    0.24390243902439024,
    0.32608695652173914,
    0.16363636363636364,
    0.5666666666666667,
    0.6981132075471698,
    0.49504950495049505,
    0.28346456692913385,
    0.4647887323943662,
    0.3119266055045872,
    0.2894736842105263,
    0.32098765432098764,
    0.7358490566037735,
    0.37362637362637363,
    0.4444444444444444,
    0.5932203389830508,
    0.29545454545454547,
    0.2676056338028169,
    0.4444444444444444,
    0.1,
    0.10256410256410256,
    0.6896551724137931,
    0.17142857142857143,
    0.4421052631578947,
    0.2962962962962963,
    0.38666666666666666,
    0.6067415730337079,
    0.1927710843373494,
    0.038461538461538464,
    0.09375,
    0.6391752577319587,
    0.4186046511627907,
    0.03389830508474576,
    0.28402366863905326,
    0.1875,
    0.14736842105263157,
    0.14285714285714285,
    0.33613445378151263,
    0.29411764705882354,
    0.379746835443038,
    0.7289719626168224,
    0.25,
    0.7422680412371134,
    0.6346153846153846,
    0.18518518518518517,
    0.4,
    0.43636363636363634,
    0.47058823529411764,
    0.23880597014925373,
    0.47058823529411764,
    0.5,
    0.42857142857142855,
    0.3917525773195876,
    0.20833333333333334,
    0.3404255319148936,
    0.1728395061728395,
    0.07017543859649122,
    0.2857142857142857,
    0.3132530120481928,
    0.5128205128205128,
    0.375,
    0.48484848484848486,
    0.6722689075630253,
    0.75,
    0.37037037037037035,
    0.07142857142857142,
    0.3137254901960784,
    0.6382978723404256,
    0.43609022556390975,
    0.08695652173913043,
    0.6391752577319587,
    0.3595505617977528,
    0.03571428571428571,
    0.5,
    0.3357664233576642,
    0.6285714285714286,
    0.24390243902439024,
    0.22807017543859648,
    0.4,
    0.23684210526315788,
    0.49411764705882355,
    0.6666666666666666,
    0.43548387096774194,
    0.5142857142857142,
    0.449438202247191,
    0.41904761904761906,
    0.5607476635514018,
    0.3137254901960784,
    0.6206896551724138,
    0.5263157894736842,
    0.6,
    0.423728813559322,
    0.35398230088495575,
    0.5405405405405406,
    0.17647058823529413,
    0.410958904109589,
    0.24719101123595505
  ],