{
  "accuracy": 0.4149,
  "precision_macro": 0.4137585325164848,
  "recall_macro": 0.41489999999999994,
  "f1_macro": 0.3934216462250763,
  "precision_weighted": 0.4137585325164847,
  "recall_weighted": 0.4149,
  "f1_weighted": 0.39342164622507636,
  "per_class_f1": [
    0.5714285714285714,
    0.6862745098039216,
    0.421875,
    0.32432432432432434,
    0.4409448818897638,
    0.15,
    0.5833333333333334,
    0.18461538461538463,
    0.6260869565217392,
    0.3119266055045872,
    0.15584415584415584,
    0.46846846846846846,
    0.5299145299145299,
    0.6306306306306306,
    0.5217391304347826,
    0.2222222222222222,
    0.0967741935483871,
    0.41818181818181815,
    0.33043478260869563,
    0.45454545454545453,
    0.5535714285714286,
    0.6593406593406593,
    0.6015037593984962,
    0.6229508196721312,
    0.21686746987951808,
    0.5882352941176471,
    0.4576271186440678,
    0.03773584905660377,
    0.35555555555555557,
    0.06349206349206349,
    0.4251968503937008,
    0.4838709677419355,
    0.21052631578947367,
    0.12658227848101267,
    0.4740740740740741,
    0.358974358974359,
    0.5871559633027523,
    0.4044943820224719,
    0.4074074074074074,
    0.32432432432432434,
    0.17777777777777778,
    0.2716049382716049,
    0.4122137404580153,
    0.4,
    0.8387096774193549,
    0.59375,
    0.3711340206185567,
    0.4864864864864865,
    0.07547169811320754,
    0.06666666666666667,
    0.5714285714285714,
    0.3142857142857143,
    0.6285714285714286,
    0.3146067415730337,
    0.42696629213483145,
    0.4172661870503597,
    0.27586206896551724,
    0.47863247863247865,
    0.6491228070175439,
    0.379746835443038,
    0.4594594594594595,
    0.5128205128205128,
    0.2647058823529412,
    0.3225806451612903,
    0.11267605633802817,
    0.24761904761904763,
    0.52,
    0.1694915254237288,
    0.42105263157894735,
    0.26804123711340205,
    0.34146341463414637,
    0.631578947368421,
    0.2711864406779661,
    0.4444444444444444,
    0.43283582089552236,
    0.2413793103448276,
    0.23809523809523808,
    0.02857142857142857,
    0.7142857142857143,
    0.42424242424242425,
    0.0625,
    0.6964285714285714,
    0.38461538461538464,
    0.2857142857142857,
    0.24719101123595505,
    0.4,
    0.46938775510204084,
    0.3584905660377358,
    0.0,
    0.4230769230769231,
    0.33070866141732286,
    0.5283018867924528,
    0.2553191489361702,
    0.46296296296296297,
    0.36,
    0.41025641025641024,
    0.3925233644859813,
    0.4380952380952381,
    0.5106382978723404,
    0.125,
    0.16,
    0.5869565217391305,
    0.3023255813953488,
    0.7676767676767676,
    0.3235294117647059,
    0.2631578947368421,
    0.2553191489361702,
    0.5785123966942148,
    0.6274509803921569,
    0.4745762711864407,
    0.31932773109243695,
    0.5384615384615384,
    0.27586206896551724,
    0.3466666666666667,
    0.31932773109243695,
    0.7387387387387387,
    0.4631578947368421,
    0.4752475247524752,
    0.5981308411214953,
    0.25742574257425743,
    0.29473684210526313,
    0.5581395348837209,
    0.14705882352941177,
    0.18571428571428572,
    0.6666666666666666,
    0.18181818181818182,
    0.49122807017543857,
    0.3956043956043956,
    0.45901639344262296,
    0.49122807017543857,
    0.28846153846153844,
    0.0,
    0.12698412698412698,
    0.6666666666666666,
    0.40476190476190477,
    0.0,
    0.3064516129032258,
    0.2857142857142857,
    0.13333333333333333,
    0.06896551724137931,
    0.41509433962264153,
    0.32967032967032966,
    0.33766233766233766,
    0.6557377049180327,
    0.4,
    0.8,
    0.6881720430107527,
    0.37362637362637363,
    0.3368421052631579,
    0.40707964601769914,
    0.45161290322580644,
    0.25806451612903225,
    0.5384615384615384,
    0.45454545454545453,
    0.47619047619047616,
    0.43103448275862066,
    0.18421052631578946,
    0.3902439024390244,
    0.2,
    0.034482758620689655,
    0.34108527131782945,
    0.3308270676691729,
    0.4883720930232558,
    0.3783783783783784,
    0.47619047619047616,
    0.7956989247311828,
    0.8155339805825242,
    0.42105263157894735,
    0.07017543859649122,
    0.43478260869565216,
    0.616822429906542,
    0.5252525252525253,
    0.15584415584415584,
    0.6526315789473685,
    0.36585365853658536,
    0.10909090909090909,
    0.6436781609195402,
    0.3958333333333333,
    0.6909090909090909,
    0.16279069767441862,
    0.208,
    0.31683168316831684,
    0.4,
    0.5576923076923077,
    0.5769230769230769,
    0.6,
    0.36619718309859156,
    0.46296296296296297,
    0.2803738317757009,
    0.4520547945205479,
    0.3486238532110092,
    0.5693430656934306,
    0.4918032786885246,
    0.5655172413793104,
    0.453125,
    0.3958333333333333,
    0.5811965811965812,
    0.11428571428571428,
    0.4,
    0.23853211009174313
  ],