{
  "accuracy": 0.4064,
  "precision_macro": 0.412408222399083,
  "recall_macro": 0.4064,
  "f1_macro": 0.38794620911813354,
  "precision_weighted": 0.41240822239908304,
  "recall_weighted": 0.4064,
  "f1_weighted": 0.38794620911813354,
  "per_class_f1": [
    0.7706422018348624,
    0.6178861788617886,
    0.3764705882352941,
    0.25688073394495414,
    0.3865546218487395,
    0.02564102564102564,
    0.5333333333333333,
    0.2,
    0.5384615384615384,
    0.3333333333333333,
    0.23880597014925373,
    0.5714285714285714,
    0.43661971830985913,
    0.7311827956989247,
    0.4878048780487805,
    0.21739130434782608,
    0.19718309859154928,
    0.42201834862385323,
    0.3188405797101449,
    0.5490196078431373,
    0.5185185185185185,
    0.631578947368421,
    0.5765765765765766,
    0.7472527472527473,
    0.17204301075268819,
    0.49612403100775193,
    0.4461538461538462,
    0.12307692307692308,
    0.3111111111111111,
    0.18461538461538463,
    0.4946236559139785,
    0.41237113402061853,
    0.18181818181818182,
    0.16666666666666666,
    0.43243243243243246,
    0.44285714285714284,
    0.6111111111111112,
    0.33663366336633666,
    0.42718446601941745,
    0.33613445378151263,
    0.2033898305084746,
    0.2391304347826087,
    0.32,
    0.3157894736842105,
    0.8282828282828283,
    0.5891472868217055,
    0.41025641025641024,
    0.4424778761061947,
    0.1,
    0.22448979591836735,
    0.5853658536585366,
    0.2903225806451613,
    0.5794392523364486,
    0.4672897196261682,
    0.4791666666666667,
    0.5132743362831859,
    0.25263157894736843,
    0.46153846153846156,
    0.6728971962616822,
    0.30985915492957744,
    0.41025641025641024,
    0.45255474452554745,
    0.225,
    0.3764705882352941,
    0.13333333333333333,
    0.1791044776119403,
    0.4946236559139785,
    0.2647058823529412,
    0.3780487804878049,
    0.3157894736842105,
    0.2967741935483871,
    0.6016260162601627,
    0.3448275862068966,
    0.38596491228070173,
    0.4915254237288136,
    0.26666666666666666,
    0.3469387755102041,
    0.11267605633802817,
    0.7307692307692307,
    0.19672131147540983,
    0.09090909090909091,
    0.7610619469026548,
    0.3373493975903614,
    0.18181818181818182,
    0.26666666666666666,
    0.3333333333333333,
    0.4186046511627907,
    0.37777777777777777,
    0.07272727272727272,
    0.37777777777777777,
    0.45614035087719296,
    0.42962962962962964,
    0.23529411764705882,
    0.37037037037037035,
    0.25925925925925924,
    0.3826086956521739,
    0.38,
    0.38461538461538464,
    0.5,
    0.136986301369863,
    0.17647058823529413,
    0.5773195876288659,
    0.2,
    0.6956521739130435,
    0.3218390804597701,
    0.2376237623762376,
    0.1927710843373494,
    0.5982905982905983,
    0.5833333333333334,
    0.3877551020408163,
    0.358974358974359,
    0.5932203389830508,
    0.36764705882352944,
    0.358974358974359,
    0.3958333333333333,
    0.7407407407407407,
    0.4050632911392405,
    0.5042016806722689,
    0.5688073394495413,
    0.45652173913043476,
    0.27522935779816515,
    0.5217391304347826,
    0.14084507042253522,
    0.22556390977443608,
    0.6551724137931034,
    0.23529411764705882,
    0.4782608695652174,
    0.41025641025641024,
    0.43103448275862066,
    0.6153846153846154,
    0.21052631578947367,
    0.037037037037037035,
    0.06779661016949153,
    0.6538461538461539,
    0.39622641509433965,
    0.0625,
    0.2153846153846154,
    0.32432432432432434,
    0.09195402298850575,
    0.09523809523809523,
    0.44660194174757284,
    0.40476190476190477,
    0.38095238095238093,
    0.6890756302521008,
    0.3963963963963964,
    0.7413793103448276,
    0.5818181818181818,
    0.25,
    0.32727272727272727,
    0.42857142857142855,
    0.46464646464646464,
    0.2857142857142857,
    0.40476190476190477,
    0.2571428571428571,
    0.47191011235955055,
    0.3333333333333333,
    0.3146067415730337,
    0.4044943820224719,
    0.21212121212121213,
    0.1016949152542373,
    0.2692307692307692,
    0.3620689655172414,
    0.5681818181818182,
    0.37894736842105264,
    0.4576271186440678,
    0.6902654867256637,
    0.86,
    0.39603960396039606,
    0.038461538461538464,
    0.297029702970297,
    0.64,
    0.40816326530612246,
    0.12698412698412698,
    0.6666666666666666,
    0.40425531914893614,
    0.06779661016949153,
    0.5490196078431373,
    0.3364485981308411,
    0.5607476635514018,
    0.1,
    0.22764227642276422,
    0.3238095238095238,
    0.31666666666666665,
    0.4742268041237113,
    0.5486725663716814,
    0.5102040816326531,
    0.4297520661157025,
    0.4175824175824176,
    0.3655913978494624,
    0.5405405405405406,
    0.3709677419354839,
    0.5142857142857142,
    0.49206349206349204,
    0.6837606837606838,
    0.4462809917355372,
    0.31666666666666665,
    0.524822695035461,
    0.2222222222222222,
    0.3963963963963964,
    0.2268041237113402
  ],