{
  "accuracy": 0.4034,
  "precision_macro": 0.4108663373824731,
  "recall_macro": 0.40340000000000004,
  "f1_macro": 0.38702732426031794,
  "precision_weighted": 0.4108663373824731,
  "recall_weighted": 0.4034,
  "f1_weighted": 0.38702732426031794,
  "per_class_f1": [
    0.6017699115044248,
    0.625,
    0.5185185185185185,
    0.35514018691588783,
    0.4132231404958678,
    0.10752688172043011,
    0.5925925925925926,
    0.25287356321839083,
    0.6481481481481481,
    0.36923076923076925,
    0.16666666666666666,
    0.41975308641975306,
    0.4966442953020134,
    0.6511627906976745,
    0.5238095238095238,
    0.125,
    0.19444444444444445,
    0.42105263157894735,
    0.27522935779816515,
    0.5166666666666667,
    0.5040650406504065,
    0.6521739130434783,
    0.5098039215686274,
    0.672566371681416,
    0.19148936170212766,
    0.5,
    0.45255474452554745,
    0.1643835616438356,
    0.2777777777777778,
    0.12307692307692308,
    0.28,
    0.45977011494252873,
    0.2777777777777778,
    0.18421052631578946,
    0.47058823529411764,
    0.4297520661157025,
    0.6495726495726496,
    0.4731182795698925,
    0.4077669902912621,
    0.34146341463414637,
    0.17721518987341772,
    0.2828282828282828,
    0.3146067415730337,
    0.4727272727272727,
    0.8316831683168316,
    0.7450980392156863,
    0.4,
    0.45217391304347826,
    0.10909090909090909,
    0.21978021978021978,
    0.56,
    0.33707865168539325,
    0.6181818181818182,
    0.42105263157894735,
    0.4383561643835616,
    0.4722222222222222,
    0.2857142857142857,
    0.631578947368421,
    0.7291666666666666,
    0.3235294117647059,
    0.4925373134328358,
    0.512,
    0.3,
    0.3023255813953488,
    0.14925373134328357,
    0.2,
    0.5454545454545454,
    0.24390243902439024,
    0.35526315789473684,
    0.2517482517482518,
    0.28205128205128205,
    0.5967741935483871,
    0.3181818181818182,
    0.37037037037037035,
    0.37383177570093457,
    0.25316455696202533,
    0.3076923076923077,
    0.1111111111111111,
    0.7037037037037037,
    0.2777777777777778,
    0.18181818181818182,
    0.7184466019417476,
    0.352112676056338,
    0.2777777777777778,
    0.24615384615384617,
    0.3116883116883117,
    0.4583333333333333,
    0.36363636363636365,
    0.0,
    0.4791666666666667,
    0.4090909090909091,
    0.45,
    0.2894736842105263,
    0.4883720930232558,
    0.47368421052631576,
    0.43564356435643564,
    0.3,
    0.33112582781456956,
    0.4225352112676056,
    0.10666666666666667,
    0.12121212121212122,
    0.575,
    0.15384615384615385,
    0.7474747474747475,
    0.29545454545454547,
    0.2830188679245283,
    0.20224719101123595,
    0.5511811023622047,
    0.6601941747572816,
    0.41904761904761906,
    0.24489795918367346,
    0.4472049689440994,
    0.27722772277227725,
    0.36363636363636365,
    0.3076923076923077,
    0.74,
    0.41935483870967744,
    0.5217391304347826,
    0.6605504587155964,
    0.2,
    0.25477707006369427,
    0.42,
    0.03278688524590164,
    0.1732283464566929,
    0.7058823529411765,
    0.16279069767441862,
    0.42424242424242425,
    0.33766233766233766,
    0.40625,
    0.5833333333333334,
    0.23376623376623376,
    0.06557377049180328,
    0.20833333333333334,
    0.66,
    0.4421052631578947,
    0.05405405405405406,
    0.22988505747126436,
    0.1791044776119403,
    0.18604651162790697,
    0.08333333333333333,
    0.3652173913043478,
    0.27692307692307694,
    0.368,
    0.6721311475409836,
    0.3389830508474576,
    0.7083333333333334,
    0.5842696629213483,
    0.24,
    0.3963963963963964,
    0.47058823529411764,
    0.4791666666666667,
    0.2608695652173913,
    0.34782608695652173,
    0.26506024096385544,
    0.4842105263157895,
    0.4222222222222222,
    0.3157894736842105,
    0.3,
    0.2765957446808511,
    0.10344827586206896,
    0.3333333333333333,
    0.3684210526315789,
    0.4878048780487805,
    0.35398230088495575,
    0.48214285714285715,
    0.82,
    0.7592592592592593,
    0.3488372093023256,
    0.03571428571428571,
    0.4,
    0.6458333333333334,
    0.4,
    0.16,
    0.6526315789473685,
    0.4810126582278481,
    0.037037037037037035,
    0.6382978723404256,
    0.37349397590361444,
    0.5172413793103449,
    0.21052631578947367,
    0.2391304347826087,
    0.3380281690140845,
    0.40384615384615385,
    0.41975308641975306,
    0.453781512605042,
    0.4943820224719101,
    0.2809917355371901,
    0.4772727272727273,
    0.29545454545454547,
    0.46511627906976744,
    0.42,
    0.5769230769230769,
    0.5,
    0.6,
    0.4409448818897638,
    0.35384615384615387,
    0.4966442953020134,
    0.18181818181818182,
    0.4,
    0.19047619047619047
  ],