{
  "accuracy": 0.3732,
  "precision_macro": 0.3834800787657183,
  "recall_macro": 0.3732,
  "f1_macro": 0.3552828533831308,
  "precision_weighted": 0.3834800787657184,
  "recall_weighted": 0.3732,
  "f1_weighted": 0.3552828533831308,
  "per_class_f1": [
    0.6837606837606838,
    0.693069306930693,
    0.3157894736842105,
    0.2727272727272727,
    0.3090909090909091,
    0.0784313725490196,
    0.48333333333333334,
    0.2,
    0.6481481481481481,
    0.3,
    0.14705882352941177,
    0.46153846153846156,
    0.3561643835616438,
    0.48,
    0.4691358024691358,
    0.23529411764705882,
    0.16666666666666666,
    0.46153846153846156,
    0.3140495867768595,
    0.3898305084745763,
    0.5894736842105263,
    0.6666666666666666,
    0.5825242718446602,
    0.6236559139784946,
    0.25225225225225223,
    0.41830065359477125,
    0.42105263157894735,
    0.038461538461538464,
    0.3230769230769231,
    0.06349206349206349,
    0.26666666666666666,
    0.46464646464646464,
    0.22641509433962265,
    0.17142857142857143,
    0.4247787610619469,
    0.48739495798319327,
    0.651685393258427,
    0.3595505617977528,
    0.5094339622641509,
    0.3469387755102041,
    0.07407407407407407,
    0.2702702702702703,
    0.22641509433962265,
    0.45161290322580644,
    0.84,
    0.6187050359712231,
    0.2702702702702703,
    0.47058823529411764,
    0.10344827586206896,
    0.2,
    0.5789473684210527,
    0.3146067415730337,
    0.5714285714285714,
    0.30927835051546393,
    0.2,
    0.275092936802974,
    0.0823045267489712,
    0.4864864864864865,
    0.6666666666666666,
    0.22857142857142856,
    0.4225352112676056,
    0.5517241379310345,
    0.09836065573770492,
    0.3125,
    0.12698412698412698,
    0.16666666666666666,
    0.5306122448979592,
    0.23529411764705882,
    0.37349397590361444,
    0.21621621621621623,
    0.36036036036036034,
    0.6271186440677966,
    0.26666666666666666,
    0.3655913978494624,
    0.432,
    0.2222222222222222,
    0.15789473684210525,
    0.0,
    0.6981132075471698,
    0.1724137931034483,
    0.03278688524590164,
    0.7307692307692307,
    0.3013698630136986,
    0.23076923076923078,
    0.2803738317757009,
    0.34210526315789475,
    0.4375,
    0.3434343434343434,
    0.0,
    0.3614457831325301,
    0.45045045045045046,
    0.4881889763779528,
    0.275,
    0.3609022556390977,
    0.2535211267605634,
    0.3584905660377358,
    0.38636363636363635,
    0.2898550724637681,
    0.411214953271028,
    0.0967741935483871,
    0.14492753623188406,
    0.5476190476190477,
    0.28169014084507044,
    0.7692307692307693,
    0.32558139534883723,
    0.24299065420560748,
    0.14457831325301204,
    0.5,
    0.6262626262626263,
    0.34782608695652173,
    0.23376623376623376,
    0.512,
    0.288135593220339,
    0.2777777777777778,
    0.2823529411764706,
    0.8,
    0.367816091954023,
    0.4262295081967213,
    0.5961538461538461,
    0.2689075630252101,
    0.24390243902439024,
    0.4752475247524752,
    0.1,
    0.18791946308724833,
    0.609375,
    0.16981132075471697,
    0.4375,
    0.2647058823529412,
    0.4186046511627907,
    0.45544554455445546,
    0.24096385542168675,
    0.0,
    0.0,
    0.5894736842105263,
    0.4222222222222222,
    0.06557377049180328,
    0.24210526315789474,
    0.12903225806451613,
    0.17582417582417584,
    0.10344827586206896,
    0.3225806451612903,
    0.2857142857142857,
    0.38636363636363635,
    0.6666666666666666,
    0.203125,
    0.7567567567567568,
    0.6732673267326733,
    0.18181818181818182,
    0.27586206896551724,
    0.4578313253012048,
    0.3783783783783784,
    0.16666666666666666,
    0.2653061224489796,
    0.5,
    0.3655913978494624,
    0.3170731707317073,
    0.208955223880597,
    0.33962264150943394,
    0.136986301369863,
    0.037037037037037035,
    0.12658227848101267,
    0.28888888888888886,
    0.40963855421686746,
    0.3018867924528302,
    0.46153846153846156,
    0.7192982456140351,
    0.6825396825396826,
    0.24778761061946902,
    0.03571428571428571,
    0.2549019607843137,
    0.6222222222222222,
    0.43956043956043955,
    0.07142857142857142,
    0.6078431372549019,
    0.3835616438356164,
    0.0,
    0.5185185185185185,
    0.36879432624113473,
    0.5656565656565656,
    0.12658227848101267,
    0.18181818181818182,
    0.3516483516483517,
    0.30434782608695654,
    0.4854368932038835,
    0.5684210526315789,
    0.5,
    0.5360824742268041,
    0.4444444444444444,
    0.35051546391752575,
    0.5306122448979592,
    0.32,
    0.5492957746478874,
    0.46846846846846846,
    0.6046511627906976,
    0.3888888888888889,
    0.37254901960784315,
    0.5873015873015873,
    0.2,
    0.23574144486692014,
    0.24242424242424243
  ],