{
  "accuracy": 0.4426,
  "precision_macro": 0.44800773404294725,
  "recall_macro": 0.44260000000000005,
  "f1_macro": 0.42786105998237595,
  "precision_weighted": 0.44800773404294725,
  "recall_weighted": 0.4426,
  "f1_weighted": 0.427861059982376,
  "per_class_f1": [
    0.75,
    0.6456692913385826,
    0.4084507042253521,
    0.2597402597402597,
    0.32857142857142857,
    0.11627906976744186,
    0.5769230769230769,
    0.2894736842105263,
    0.6796116504854369,
    0.4036697247706422,
    0.23684210526315788,
    0.52,
    0.4625,
    0.7021276595744681,
    0.5542168674698795,
    0.3595505617977528,
    0.29411764705882354,
    0.5076923076923077,
    0.3829787234042553,
    0.5869565217391305,
    0.5333333333333333,
    0.6888888888888889,
    0.6486486486486487,
    0.7142857142857143,
    0.25806451612903225,
    0.5934065934065934,
    0.46715328467153283,
    0.10810810810810811,
    0.3620689655172414,
    0.15384615384615385,
    0.3711340206185567,
    0.5370370370370371,
    0.3333333333333333,
    0.3111111111111111,
    0.512,
    0.4444444444444444,
    0.6966292134831461,
    0.3870967741935484,
    0.5,
    0.40425531914893614,
    0.21621621621621623,
    0.30952380952380953,
    0.3275862068965517,
    0.5116279069767442,
    0.8421052631578947,
    0.7128712871287128,
    0.4,
    0.4489795918367347,
    0.15873015873015872,
    0.24242424242424243,
    0.6206896551724138,
    0.3,
    0.6530612244897959,
    0.4444444444444444,
    0.48936170212765956,
    0.4117647058823529,
    0.288135593220339,
    0.5631067961165048,
    0.6486486486486487,
    0.4470588235294118,
    0.5555555555555556,
    0.5343511450381679,
    0.24,
    0.3711340206185567,
    0.0967741935483871,
    0.2585034013605442,
    0.5517241379310345,
    0.25,
    0.4166666666666667,
    0.367816091954023,
    0.25806451612903225,
    0.7142857142857143,
    0.3191489361702128,
    0.49056603773584906,
    0.5210084033613446,
    0.367816091954023,
    0.44155844155844154,
    0.08333333333333333,
    0.7238095238095238,
    0.24242424242424243,
    0.13157894736842105,
    0.6942148760330579,
    0.36363636363636365,
    0.2,
    0.3063063063063063,
    0.3617021276595745,
    0.5316455696202531,
    0.39285714285714285,
    0.07017543859649122,
    0.4835164835164835,
    0.3971631205673759,
    0.5,
    0.2647058823529412,
    0.4028776978417266,
    0.42735042735042733,
    0.38095238095238093,
    0.39285714285714285,
    0.4186046511627907,
    0.45614035087719296,
    0.16216216216216217,
    0.23376623376623376,
    0.6530612244897959,
    0.37209302325581395,
    0.7474747474747475,
    0.2823529411764706,
    0.2857142857142857,
    0.15789473684210525,
    0.6086956521739131,
    0.6285714285714286,
    0.4864864864864865,
    0.3595505617977528,
    0.5833333333333334,
    0.3770491803278688,
    0.43902439024390244,
    0.3619047619047619,
    0.7608695652173914,
    0.4580152671755725,
    0.5,
    0.6875,
    0.28,
    0.37894736842105264,
    0.5102040816326531,
    0.17391304347826086,
    0.22077922077922077,
    0.7522935779816514,
    0.24390243902439024,
    0.4948453608247423,
    0.36363636363636365,
    0.4258064516129032,
    0.5909090909090909,
    0.3238095238095238,
    0.0,
    0.23880597014925373,
    0.6736842105263158,
    0.47191011235955055,
    0.09523809523809523,
    0.3357664233576642,
    0.32432432432432434,
    0.14953271028037382,
    0.13114754098360656,
    0.4897959183673469,
    0.3956043956043956,
    0.5652173913043478,
    0.6610169491525424,
    0.34710743801652894,
    0.7567567567567568,
    0.6608695652173913,
    0.24778761061946902,
    0.3368421052631579,
    0.48148148148148145,
    0.5048543689320388,
    0.358974358974359,
    0.4583333333333333,
    0.37037037037037035,
    0.46808510638297873,
    0.45217391304347826,
    0.4146341463414634,
    0.35555555555555557,
    0.2153846153846154,
    0.08955223880597014,
    0.38461538461538464,
    0.423728813559322,
    0.5287356321839081,
    0.5063291139240507,
    0.5052631578947369,
    0.7428571428571429,
    0.7884615384615384,
    0.48,
    0.03636363636363636,
    0.41904761904761906,
    0.7045454545454546,
    0.54,
    0.15873015873015872,
    0.6464646464646465,
    0.43564356435643564,
    0.037037037037037035,
    0.6336633663366337,
    0.3185840707964602,
    0.6271186440677966,
    0.21621621621621623,
    0.25225225225225223,
    0.40816326530612246,
    0.417910447761194,
    0.5168539325842697,
    0.6106870229007634,
    0.5714285714285714,
    0.5263157894736842,
    0.5473684210526316,
    0.38095238095238093,
    0.5420560747663551,
    0.358974358974359,
    0.6,
    0.5166666666666667,
    0.6341463414634146,
    0.5217391304347826,
    0.3300970873786408,
    0.5531914893617021,
    0.2962962962962963,
    0.5079365079365079,
    0.2830188679245283
  ],