{
  "accuracy": 0.392,
  "precision_macro": 0.4106360113768757,
  "recall_macro": 0.392,
  "f1_macro": 0.37988174080057746,
  "precision_weighted": 0.4106360113768757,
  "recall_weighted": 0.392,
  "f1_weighted": 0.3798817408005774,
  "per_class_f1": [
    0.6415094339622641,
    0.593103448275862,
    0.3673469387755102,
    0.35,
    0.39655172413793105,
    0.19230769230769232,
    0.6213592233009708,
    0.09090909090909091,
    0.6371681415929203,
    0.3067484662576687,
    0.175,
    0.43859649122807015,
    0.4429530201342282,
    0.6739130434782609,
    0.5057471264367817,
    0.1917808219178082,
    0.17142857142857143,
    0.41237113402061853,
    0.40707964601769914,
    0.5370370370370371,
    0.5137614678899083,
    0.6382978723404256,
    0.5714285714285714,
    0.723404255319149,
    0.16279069767441862,
    0.4122137404580153,
    0.4098360655737705,
    0.12698412698412698,
    0.29333333333333333,
    0.0,
    0.2571428571428571,
    0.48148148148148145,
    0.2553191489361702,
    0.2564102564102564,
    0.4918032786885246,
    0.4247787610619469,
    0.7,
    0.3953488372093023,
    0.4132231404958678,
    0.29213483146067415,
    0.1518987341772152,
    0.2891566265060241,
    0.36,
    0.46153846153846156,
    0.803921568627451,
    0.6299212598425197,
    0.24390243902439024,
    0.4,
    0.11764705882352941,
    0.21951219512195122,
    0.5225225225225225,
    0.19444444444444445,
    0.5714285714285714,
    0.4878048780487805,
    0.4358974358974359,
    0.3384615384615385,
    0.06569343065693431,
    0.5420560747663551,
    0.6373626373626373,
    0.3225806451612903,
    0.41509433962264153,
    0.4715447154471545,
    0.22535211267605634,
    0.2653061224489796,
    0.2028985507246377,
    0.1568627450980392,
    0.5052631578947369,
    0.17391304347826086,
    0.3930635838150289,
    0.234375,
    0.32116788321167883,
    0.616822429906542,
    0.28865979381443296,
    0.3541666666666667,
    0.5094339622641509,
    0.34782608695652173,
    0.32,
    0.02857142857142857,
    0.7878787878787878,
    0.2413793103448276,
    0.08333333333333333,
    0.7368421052631579,
    0.358974358974359,
    0.26666666666666666,
    0.2736842105263158,
    0.37623762376237624,
    0.4050632911392405,
    0.2736842105263158,
    0.0,
    0.4186046511627907,
    0.4807692307692308,
    0.47368421052631576,
    0.29411764705882354,
    0.4752475247524752,
    0.18461538461538463,
    0.3368421052631579,
    0.3287671232876712,
    0.3130434782608696,
    0.46,
    0.10126582278481013,
    0.12307692307692308,
    0.475,
    0.2727272727272727,
    0.6923076923076923,
    0.32098765432098764,
    0.20512820512820512,
    0.21176470588235294,
    0.5390070921985816,
    0.6990291262135923,
    0.45098039215686275,
    0.2857142857142857,
    0.5426356589147286,
    0.3511450381679389,
    0.4,
    0.32592592592592595,
    0.7368421052631579,
    0.4146341463414634,
    0.5242718446601942,
    0.5303030303030303,
    0.23448275862068965,
    0.3125,
    0.5,
    0.03389830508474576,
    0.19834710743801653,
    0.591304347826087,
    0.21238938053097345,
    0.46296296296296297,
    0.42105263157894735,
    0.3972602739726027,
    0.5365853658536586,
    0.23529411764705882,
    0.0,
    0.19753086419753085,
    0.6,
    0.3617021276595745,
    0.1038961038961039,
    0.24203821656050956,
    0.1724137931034483,
    0.21052631578947367,
    0.1016949152542373,
    0.41818181818181815,
    0.3076923076923077,
    0.3409090909090909,
    0.6727272727272727,
    0.27906976744186046,
    0.7478260869565218,
    0.6236559139784946,
    0.3119266055045872,
    0.3146067415730337,
    0.4444444444444444,
    0.4423076923076923,
    0.29850746268656714,
    0.3333333333333333,
    0.5631067961165048,
    0.4473684210526316,
    0.36363636363636365,
    0.22535211267605634,
    0.30357142857142855,
    0.18604651162790697,
    0.08080808080808081,
    0.19230769230769232,
    0.3488372093023256,
    0.5227272727272727,
    0.38095238095238093,
    0.4897959183673469,
    0.7058823529411765,
    0.7547169811320755,
    0.4418604651162791,
    0.056338028169014086,
    0.33962264150943394,
    0.651685393258427,
    0.39215686274509803,
    0.14925373134328357,
    0.6382978723404256,
    0.3877551020408163,
    0.0,
    0.68,
    0.2911392405063291,
    0.6,
    0.1590909090909091,
    0.1951219512195122,
    0.3888888888888889,
    0.3546099290780142,
    0.44,
    0.6265060240963856,
    0.5617977528089888,
    0.4854368932038835,
    0.4044943820224719,
    0.3218390804597701,
    0.6095238095238096,
    0.30612244897959184,
    0.591304347826087,
    0.5223880597014925,
    0.6440677966101694,
    0.4166666666666667,
    0.2857142857142857,
    0.5481481481481482,
    0.3146067415730337,
    0.30303030303030304,
    0.27184466019417475
  ],