{
  "accuracy": 0.4387,
  "precision_macro": 0.4450864259580257,
  "recall_macro": 0.43870000000000003,
  "f1_macro": 0.4228465498169034,
  "precision_weighted": 0.4450864259580258,
  "recall_weighted": 0.4387,
  "f1_weighted": 0.42284654981690345,
  "per_class_f1": [
    0.6074074074074074,
    0.6601941747572816,
    0.4852941176470588,
    0.27586206896551724,
    0.41739130434782606,
    0.15555555555555556,
    0.5964912280701754,
    0.21333333333333335,
    0.6206896551724138,
    0.34285714285714286,
    0.3142857142857143,
    0.5,
    0.47244094488188976,
    0.6881720430107527,
    0.5434782608695652,
    0.32967032967032966,
    0.27692307692307694,
    0.5981308411214953,
    0.3838383838383838,
    0.5405405405405406,
    0.484375,
    0.7142857142857143,
    0.6379310344827587,
    0.75,
    0.25,
    0.6140350877192983,
    0.5166666666666667,
    0.17647058823529413,
    0.3779527559055118,
    0.1,
    0.2891566265060241,
    0.4482758620689655,
    0.27450980392156865,
    0.20689655172413793,
    0.5544554455445545,
    0.42424242424242425,
    0.6538461538461539,
    0.46808510638297873,
    0.4778761061946903,
    0.345679012345679,
    0.25,
    0.2619047619047619,
    0.5042016806722689,
    0.4897959183673469,
    0.8247422680412371,
    0.6341463414634146,
    0.3469387755102041,
    0.45588235294117646,
    0.13333333333333333,
    0.275,
    0.5238095238095238,
    0.3442622950819672,
    0.5688073394495413,
    0.5102040816326531,
    0.425,
    0.45161290322580644,
    0.24561403508771928,
    0.594059405940594,
    0.6782608695652174,
    0.417910447761194,
    0.4566929133858268,
    0.5210084033613446,
    0.2857142857142857,
    0.38016528925619836,
    0.22535211267605634,
    0.16417910447761194,
    0.6105263157894737,
    0.24096385542168675,
    0.4716981132075472,
    0.29213483146067415,
    0.34545454545454546,
    0.6486486486486487,
    0.3157894736842105,
    0.3584905660377358,
    0.5,
    0.32,
    0.37254901960784315,
    0.11594202898550725,
    0.7289719626168224,
    0.30303030303030304,
    0.09230769230769231,
    0.6956521739130435,
    0.3418803418803419,
    0.3076923076923077,
    0.3235294117647059,
    0.42016806722689076,
    0.5054945054945055,
    0.27956989247311825,
    0.037037037037037035,
    0.43010752688172044,
    0.4827586206896552,
    0.45871559633027525,
    0.27692307692307694,
    0.46153846153846156,
    0.35294117647058826,
    0.38181818181818183,
    0.3614457831325301,
    0.3853211009174312,
    0.5531914893617021,
    0.13114754098360656,
    0.125,
    0.5517241379310345,
    0.2727272727272727,
    0.75,
    0.25287356321839083,
    0.3,
    0.24,
    0.6947368421052632,
    0.7070707070707071,
    0.44642857142857145,
    0.3333333333333333,
    0.4888888888888889,
    0.33070866141732286,
    0.4418604651162791,
    0.39622641509433965,
    0.7850467289719626,
    0.4,
    0.5,
    0.6218487394957983,
    0.33587786259541985,
    0.32075471698113206,
    0.5208333333333334,
    0.16666666666666666,
    0.2222222222222222,
    0.6829268292682927,
    0.25,
    0.46551724137931033,
    0.3486238532110092,
    0.5238095238095238,
    0.5523809523809524,
    0.27184466019417475,
    0.0,
    0.15384615384615385,
    0.6140350877192983,
    0.4807692307692308,
    0.13114754098360656,
    0.21428571428571427,
    0.2318840579710145,
    0.2,
    0.1794871794871795,
    0.4666666666666667,
    0.29850746268656714,
    0.41818181818181815,
    0.7169811320754716,
    0.46,
    0.8113207547169812,
    0.7070707070707071,
    0.3053435114503817,
    0.35185185185185186,
    0.5,
    0.42592592592592593,
    0.21875,
    0.5,
    0.5614035087719298,
    0.5591397849462365,
    0.4791666666666667,
    0.3783783783783784,
    0.33707865168539325,
    0.30952380952380953,
    0.0967741935483871,
    0.39655172413793105,
    0.4329896907216495,
    0.4883720930232558,
    0.391304347826087,
    0.5081967213114754,
    0.7346938775510204,
    0.8543689320388349,
    0.45652173913043476,
    0.06349206349206349,
    0.325,
    0.6436781609195402,
    0.47191011235955055,
    0.13114754098360656,
    0.7096774193548387,
    0.40860215053763443,
    0.10714285714285714,
    0.631578947368421,
    0.36363636363636365,
    0.64,
    0.2127659574468085,
    0.25287356321839083,
    0.3764705882352941,
    0.39705882352941174,
    0.45161290322580644,
    0.6021505376344086,
    0.5416666666666666,
    0.5625,
    0.5102040816326531,
    0.3877551020408163,
    0.6071428571428571,
    0.41818181818181815,
    0.6542056074766355,
    0.5688073394495413,
    0.6837606837606838,
    0.49624060150375937,
    0.3724137931034483,
    0.6129032258064516,
    0.3010752688172043,
    0.4247787610619469,
    0.3090909090909091
  ],