{
  "accuracy": 0.3889,
  "precision_macro": 0.398390586020313,
  "recall_macro": 0.3889,
  "f1_macro": 0.3724944659210296,
  "precision_weighted": 0.3983905860203129,
  "recall_weighted": 0.3889,
  "f1_weighted": 0.3724944659210295,
  "per_class_f1": [
    0.6101694915254238,
    0.6078431372549019,
    0.41025641025641024,
    0.25882352941176473,
    0.42990654205607476,
    0.10256410256410256,
    0.4878048780487805,
    0.12121212121212122,
    0.5272727272727272,
    0.24285714285714285,
    0.15384615384615385,
    0.4117647058823529,
    0.4406779661016949,
    0.6666666666666666,
    0.5909090909090909,
    0.33766233766233766,
    0.24242424242424243,
    0.4772727272727273,
    0.3130434782608696,
    0.4864864864864865,
    0.4258064516129032,
    0.6041666666666666,
    0.5742574257425742,
    0.72,
    0.2736842105263158,
    0.5217391304347826,
    0.4689655172413793,
    0.09375,
    0.375,
    0.11940298507462686,
    0.2823529411764706,
    0.432,
    0.18181818181818182,
    0.28865979381443296,
    0.4878048780487805,
    0.48148148148148145,
    0.7037037037037037,
    0.3434343434343434,
    0.5045045045045045,
    0.3225806451612903,
    0.17073170731707318,
    0.29545454545454547,
    0.26744186046511625,
    0.35,
    0.76,
    0.6909090909090909,
    0.3023255813953488,
    0.5098039215686274,
    0.0,
    0.21951219512195122,
    0.5833333333333334,
    0.27906976744186046,
    0.5370370370370371,
    0.4067796610169492,
    0.2631578947368421,
    0.4,
    0.13043478260869565,
    0.5299145299145299,
    0.74,
    0.25,
    0.4028776978417266,
    0.5490196078431373,
    0.19718309859154928,
    0.3695652173913043,
    0.14285714285714285,
    0.1711229946524064,
    0.48936170212765956,
    0.09836065573770492,
    0.37037037037037035,
    0.23333333333333334,
    0.23255813953488372,
    0.6166666666666667,
    0.23655913978494625,
    0.3958333333333333,
    0.4369747899159664,
    0.23333333333333334,
    0.17391304347826086,
    0.12195121951219512,
    0.7368421052631579,
    0.3125,
    0.05970149253731343,
    0.6890756302521008,
    0.32051282051282054,
    0.21978021978021978,
    0.25225225225225223,
    0.2,
    0.425531914893617,
    0.30927835051546393,
    0.03773584905660377,
    0.3617021276595745,
    0.3770491803278688,
    0.4727272727272727,
    0.2597402597402597,
    0.42201834862385323,
    0.3116883116883117,
    0.3488372093023256,
    0.3709677419354839,
    0.22764227642276422,
    0.4025974025974026,
    0.10666666666666667,
    0.12121212121212122,
    0.46875,
    0.2736842105263158,
    0.7555555555555555,
    0.3157894736842105,
    0.2127659574468085,
    0.16470588235294117,
    0.6115702479338843,
    0.6526315789473685,
    0.375,
    0.225,
    0.5272727272727272,
    0.3191489361702128,
    0.3614457831325301,
    0.3181818181818182,
    0.8118811881188119,
    0.41904761904761906,
    0.45454545454545453,
    0.5739130434782609,
    0.28888888888888886,
    0.288135593220339,
    0.4375,
    0.06896551724137931,
    0.18947368421052632,
    0.6829268292682927,
    0.14084507042253522,
    0.5357142857142857,
    0.375,
    0.40298507462686567,
    0.5555555555555556,
    0.15730337078651685,
    0.0,
    0.1016949152542373,
    0.5714285714285714,
    0.42857142857142855,
    0.16666666666666666,
    0.17105263157894737,
    0.15873015873015872,
    0.11009174311926606,
    0.12903225806451613,
    0.3838383838383838,
    0.3235294117647059,
    0.43956043956043955,
    0.6857142857142857,
    0.30357142857142855,
    0.7272727272727273,
    0.673469387755102,
    0.24761904761904763,
    0.2926829268292683,
    0.43010752688172044,
    0.46,
    0.2,
    0.35714285714285715,
    0.463768115942029,
    0.5609756097560976,
    0.45098039215686275,
    0.2222222222222222,
    0.3125,
    0.24175824175824176,
    0.0,
    0.32653061224489793,
    0.2247191011235955,
    0.4819277108433735,
    0.35,
    0.5,
    0.7142857142857143,
    0.7735849056603774,
    0.3697478991596639,
    0.03636363636363636,
    0.3333333333333333,
    0.5981308411214953,
    0.3790849673202614,
    0.11940298507462686,
    0.5742574257425742,
    0.5252525252525253,
    0.03773584905660377,
    0.6037735849056604,
    0.3466666666666667,
    0.5299145299145299,
    0.13186813186813187,
    0.25925925925925924,
    0.3170731707317073,
    0.27722772277227725,
    0.4782608695652174,
    0.6037735849056604,
    0.4666666666666667,
    0.5333333333333333,
    0.47191011235955055,
    0.31666666666666665,
    0.5773195876288659,
    0.3902439024390244,
    0.5811965811965812,
    0.5116279069767442,
    0.6788990825688074,
    0.4424778761061947,
    0.24719101123595505,
    0.5547445255474452,
    0.20512820512820512,
    0.17886178861788618,
    0.24390243902439024
  ],