{
  "accuracy": 0.4274,
  "precision_macro": 0.42896773082994927,
  "recall_macro": 0.4274,
  "f1_macro": 0.41112276577694296,
  "precision_weighted": 0.4289677308299493,
  "recall_weighted": 0.4274,
  "f1_weighted": 0.4111227657769429,
  "per_class_f1": [
    0.7207207207207207,
    0.6601941747572816,
    0.42201834862385323,
    0.3185840707964602,
    0.45528455284552843,
    0.12048192771084337,
    0.6041666666666666,
    0.17391304347826086,
    0.6101694915254238,
    0.33962264150943394,
    0.14925373134328357,
    0.5054945054945055,
    0.45517241379310347,
    0.6804123711340206,
    0.5411764705882353,
    0.26666666666666666,
    0.2702702702702703,
    0.543859649122807,
    0.36,
    0.5321100917431193,
    0.5217391304347826,
    0.6597938144329897,
    0.6095238095238096,
    0.6837606837606838,
    0.18018018018018017,
    0.5607476635514018,
    0.4482758620689655,
    0.0547945205479452,
    0.3448275862068966,
    0.12903225806451613,
    0.4375,
    0.5081967213114754,
    0.12698412698412698,
    0.25806451612903225,
    0.5490196078431373,
    0.47244094488188976,
    0.6666666666666666,
    0.37735849056603776,
    0.4806201550387597,
    0.42857142857142855,
    0.27906976744186046,
    0.2765957446808511,
    0.4247787610619469,
    0.4954128440366973,
    0.7692307692307693,
    0.6782608695652174,
    0.4,
    0.5,
    0.18461538461538463,
    0.2318840579710145,
    0.6481481481481481,
    0.32592592592592595,
    0.6260869565217392,
    0.3829787234042553,
    0.5,
    0.5034965034965035,
    0.2891566265060241,
    0.5299145299145299,
    0.7428571428571429,
    0.3188405797101449,
    0.47540983606557374,
    0.5409836065573771,
    0.24691358024691357,
    0.33663366336633666,
    0.08823529411764706,
    0.2014388489208633,
    0.4946236559139785,
    0.2608695652173913,
    0.4074074074074074,
    0.2682926829268293,
    0.3146067415730337,
    0.59375,
    0.4,
    0.46464646464646464,
    0.47692307692307695,
    0.325,
    0.30952380952380953,
    0.07228915662650602,
    0.8041237113402062,
    0.21212121212121213,
    0.0625,
    0.7288135593220338,
    0.3969465648854962,
    0.24444444444444444,
    0.27722772277227725,
    0.32558139534883723,
    0.48717948717948717,
    0.37777777777777777,
    0.13114754098360656,
    0.43478260869565216,
    0.45217391304347826,
    0.5087719298245614,
    0.375,
    0.5185185185185185,
    0.34285714285714286,
    0.46846846846846846,
    0.37777777777777777,
    0.43548387096774194,
    0.45714285714285713,
    0.18181818181818182,
    0.06153846153846154,
    0.6881720430107527,
    0.2898550724637681,
    0.7912087912087912,
    0.23529411764705882,
    0.2882882882882883,
    0.24742268041237114,
    0.6050420168067226,
    0.6422018348623854,
    0.45544554455445546,
    0.27350427350427353,
    0.6019417475728155,
    0.3492063492063492,
    0.4,
    0.36538461538461536,
    0.7708333333333334,
    0.44680851063829785,
    0.5370370370370371,
    0.5378151260504201,
    0.30927835051546393,
    0.3404255319148936,
    0.5301204819277109,
    0.09230769230769231,
    0.1984732824427481,
    0.7256637168141593,
    0.21359223300970873,
    0.5,
    0.35135135135135137,
    0.4028776978417266,
    0.4752475247524752,
    0.20930232558139536,
    0.06060606060606061,
    0.15789473684210525,
    0.6597938144329897,
    0.4,
    0.12307692307692308,
    0.25149700598802394,
    0.16901408450704225,
    0.10909090909090909,
    0.15384615384615385,
    0.4,
    0.34408602150537637,
    0.4383561643835616,
    0.6504065040650406,
    0.34146341463414637,
    0.8,
    0.6451612903225806,
    0.23931623931623933,
    0.3838383838383838,
    0.41975308641975306,
    0.4631578947368421,
    0.24615384615384617,
    0.41975308641975306,
    0.4369747899159664,
    0.4666666666666667,
    0.4948453608247423,
    0.27906976744186046,
    0.35789473684210527,
    0.16901408450704225,
    0.14925373134328357,
    0.42592592592592593,
    0.4,
    0.43243243243243246,
    0.39603960396039606,
    0.5185185185185185,
    0.7735849056603774,
    0.8148148148148148,
    0.38095238095238093,
    0.03571428571428571,
    0.44680851063829785,
    0.6521739130434783,
    0.39344262295081966,
    0.0967741935483871,
    0.6304347826086957,
    0.5517241379310345,
    0.03636363636363636,
    0.5825242718446602,
    0.40336134453781514,
    0.6086956521739131,
    0.18947368421052632,
    0.2518518518518518,
    0.46,
    0.36,
    0.5176470588235295,
    0.5918367346938775,
    0.6019417475728155,
    0.5154639175257731,
    0.5142857142857142,
    0.34545454545454546,
    0.528,
    0.4,
    0.6140350877192983,
    0.484375,
    0.5985401459854015,
    0.41333333333333333,
    0.34,
    0.4897959183673469,
    0.27906976744186046,
    0.43356643356643354,
    0.3368421052631579
  ],