{
  "accuracy": 0.438,
  "precision_macro": 0.44005797308762096,
  "recall_macro": 0.43800000000000006,
  "f1_macro": 0.42208066881514483,
  "precision_weighted": 0.440057973087621,
  "recall_weighted": 0.438,
  "f1_weighted": 0.4220806688151448,
  "per_class_f1": [
    0.6307692307692307,
    0.6324786324786325,
    0.453125,
    0.2916666666666667,
    0.49056603773584906,
    0.13513513513513514,
    0.5471698113207547,
    0.17647058823529413,
    0.6792452830188679,
    0.40816326530612246,
    0.30952380952380953,
    0.5376344086021505,
    0.5034965034965035,
    0.6875,
    0.5858585858585859,
    0.3269230769230769,
    0.23529411764705882,
    0.5208333333333334,
    0.3076923076923077,
    0.5194805194805194,
    0.4406779661016949,
    0.673469387755102,
    0.5648854961832062,
    0.6785714285714286,
    0.22988505747126436,
    0.6336633663366337,
    0.5172413793103449,
    0.2682926829268293,
    0.38202247191011235,
    0.16666666666666666,
    0.43956043956043955,
    0.5046728971962616,
    0.32098765432098764,
    0.12903225806451613,
    0.5,
    0.43283582089552236,
    0.7090909090909091,
    0.3953488372093023,
    0.5523809523809524,
    0.34408602150537637,
    0.33766233766233766,
    0.29411764705882354,
    0.42592592592592593,
    0.4462809917355372,
    0.8301886792452831,
    0.6212121212121212,
    0.4583333333333333,
    0.42990654205607476,
    0.15873015873015872,
    0.18666666666666668,
    0.6071428571428571,
    0.34408602150537637,
    0.576271186440678,
    0.34,
    0.46153846153846156,
    0.5365853658536586,
    0.358974358974359,
    0.544,
    0.6666666666666666,
    0.38461538461538464,
    0.3803680981595092,
    0.5072463768115942,
    0.2857142857142857,
    0.3185840707964602,
    0.21621621621621623,
    0.22784810126582278,
    0.6,
    0.1875,
    0.4217687074829932,
    0.34545454545454546,
    0.3157894736842105,
    0.6964285714285714,
    0.2736842105263158,
    0.4807692307692308,
    0.49056603773584906,
    0.3380281690140845,
    0.29333333333333333,
    0.08163265306122448,
    0.7326732673267327,
    0.3076923076923077,
    0.08333333333333333,
    0.6412213740458015,
    0.4,
    0.25316455696202533,
    0.3157894736842105,
    0.38095238095238093,
    0.46808510638297873,
    0.425531914893617,
    0.03773584905660377,
    0.3541666666666667,
    0.4264705882352941,
    0.5094339622641509,
    0.345679012345679,
    0.42748091603053434,
    0.4230769230769231,
    0.48148148148148145,
    0.36363636363636365,
    0.4,
    0.47619047619047616,
    0.12698412698412698,
    0.18181818181818182,
    0.5689655172413793,
    0.24324324324324326,
    0.7647058823529411,
    0.41025641025641024,
    0.3018867924528302,
    0.34951456310679613,
    0.6153846153846154,
    0.6101694915254238,
    0.4954128440366973,
    0.3548387096774194,
    0.6065573770491803,
    0.36220472440944884,
    0.475,
    0.3300970873786408,
    0.7256637168141593,
    0.4367816091954023,
    0.4492753623188406,
    0.6170212765957447,
    0.33962264150943394,
    0.3418803418803419,
    0.5217391304347826,
    0.11594202898550725,
    0.1391304347826087,
    0.6890756302521008,
    0.35555555555555557,
    0.5063291139240507,
    0.325,
    0.48,
    0.5806451612903226,
    0.37362637362637363,
    0.0,
    0.058823529411764705,
    0.6407766990291263,
    0.4235294117647059,
    0.12698412698412698,
    0.2482758620689655,
    0.2571428571428571,
    0.19047619047619047,
    0.18181818181818182,
    0.42016806722689076,
    0.3287671232876712,
    0.45569620253164556,
    0.7307692307692307,
    0.38636363636363635,
    0.8073394495412844,
    0.6875,
    0.2975206611570248,
    0.35398230088495575,
    0.4175824175824176,
    0.4842105263157895,
    0.26666666666666666,
    0.5411764705882353,
    0.5689655172413793,
    0.4827586206896552,
    0.4827586206896552,
    0.26506024096385544,
    0.40816326530612246,
    0.24175824175824176,
    0.1,
    0.3392857142857143,
    0.4158415841584158,
    0.5660377358490566,
    0.4835164835164835,
    0.46938775510204084,
    0.7547169811320755,
    0.7961165048543689,
    0.4380952380952381,
    0.06060606060606061,
    0.36538461538461536,
    0.6808510638297872,
    0.4772727272727273,
    0.136986301369863,
    0.6739130434782609,
    0.4235294117647059,
    0.10714285714285714,
    0.5934065934065934,
    0.39669421487603307,
    0.6724137931034483,
    0.1523809523809524,
    0.16883116883116883,
    0.37037037037037035,
    0.36893203883495146,
    0.52,
    0.6346153846153846,
    0.6262626262626263,
    0.5046728971962616,
    0.5208333333333334,
    0.3838383838383838,
    0.5546218487394958,
    0.3770491803278688,
    0.5426356589147286,
    0.4915254237288136,
    0.6386554621848739,
    0.559322033898305,
    0.37168141592920356,
    0.6262626262626263,
    0.2077922077922078,
    0.45925925925925926,
    0.25
  ],