{
  "accuracy": 0.4325,
  "precision_macro": 0.42955807936714907,
  "recall_macro": 0.4325,
  "f1_macro": 0.4150826652128346,
  "precision_weighted": 0.429558079367149,
  "recall_weighted": 0.4325,
  "f1_weighted": 0.4150826652128346,
  "per_class_f1": [
    0.7047619047619048,
    0.6666666666666666,
    0.46616541353383456,
    0.3469387755102041,
    0.4,
    0.1935483870967742,
    0.6732673267326733,
    0.1797752808988764,
    0.7102803738317757,
    0.28346456692913385,
    0.2028985507246377,
    0.5,
    0.616822429906542,
    0.6194690265486725,
    0.5252525252525253,
    0.30303030303030304,
    0.27906976744186046,
    0.5154639175257731,
    0.3389830508474576,
    0.5360824742268041,
    0.5585585585585585,
    0.625,
    0.6140350877192983,
    0.6896551724137931,
    0.28888888888888886,
    0.6140350877192983,
    0.39436619718309857,
    0.08450704225352113,
    0.37168141592920356,
    0.037037037037037035,
    0.2028985507246377,
    0.5,
    0.2962962962962963,
    0.2696629213483146,
    0.52,
    0.4727272727272727,
    0.6534653465346535,
    0.4444444444444444,
    0.44642857142857145,
    0.3333333333333333,
    0.17073170731707318,
    0.32727272727272727,
    0.34285714285714286,
    0.4897959183673469,
    0.8080808080808081,
    0.6119402985074627,
    0.39215686274509803,
    0.5294117647058824,
    0.20588235294117646,
    0.208955223880597,
    0.5833333333333334,
    0.411214953271028,
    0.5925925925925926,
    0.4222222222222222,
    0.4473684210526316,
    0.43410852713178294,
    0.3191489361702128,
    0.5684210526315789,
    0.7307692307692307,
    0.4594594594594595,
    0.5172413793103449,
    0.5546218487394958,
    0.3157894736842105,
    0.3617021276595745,
    0.15384615384615385,
    0.2677165354330709,
    0.5272727272727272,
    0.2564102564102564,
    0.37349397590361444,
    0.2926829268292683,
    0.2978723404255319,
    0.6990291262135923,
    0.34545454545454546,
    0.3963963963963964,
    0.5046728971962616,
    0.37333333333333335,
    0.34146341463414637,
    0.03076923076923077,
    0.6666666666666666,
    0.25,
    0.2894736842105263,
    0.7524752475247525,
    0.39097744360902253,
    0.33766233766233766,
    0.3469387755102041,
    0.3373493975903614,
    0.42,
    0.3564356435643564,
    0.037037037037037035,
    0.4375,
    0.4413793103448276,
    0.5360824742268041,
    0.42105263157894735,
    0.3937007874015748,
    0.38095238095238093,
    0.4339622641509434,
    0.40384615384615385,
    0.46551724137931033,
    0.5384615384615384,
    0.12658227848101267,
    0.12121212121212122,
    0.625,
    0.3157894736842105,
    0.6728971962616822,
    0.26506024096385544,
    0.34285714285714286,
    0.23255813953488372,
    0.6605504587155964,
    0.6306306306306306,
    0.49504950495049505,
    0.3146067415730337,
    0.5255474452554745,
    0.31683168316831684,
    0.3655913978494624,
    0.2736842105263158,
    0.7777777777777778,
    0.4742268041237113,
    0.49572649572649574,
    0.6875,
    0.3225806451612903,
    0.33613445378151263,
    0.4318181818181818,
    0.14084507042253522,
    0.20224719101123595,
    0.7049180327868853,
    0.1839080459770115,
    0.44660194174757284,
    0.3516483516483517,
    0.416,
    0.5393258426966292,
    0.27184466019417475,
    0.0,
    0.1875,
    0.6722689075630253,
    0.48,
    0.09836065573770492,
    0.2992125984251969,
    0.22535211267605634,
    0.16822429906542055,
    0.17142857142857143,
    0.46017699115044247,
    0.30985915492957744,
    0.46296296296296297,
    0.65,
    0.3275862068965517,
    0.7368421052631579,
    0.6808510638297872,
    0.27586206896551724,
    0.3119266055045872,
    0.4423076923076923,
    0.5217391304347826,
    0.2894736842105263,
    0.4536082474226804,
    0.576,
    0.5052631578947369,
    0.48598130841121495,
    0.3333333333333333,
    0.33766233766233766,
    0.24,
    0.06666666666666667,
    0.36363636363636365,
    0.41237113402061853,
    0.5647058823529412,
    0.449438202247191,
    0.5294117647058824,
    0.7524752475247525,
    0.75,
    0.4423076923076923,
    0.0625,
    0.35294117647058826,
    0.6746987951807228,
    0.37383177570093457,
    0.1875,
    0.7115384615384616,
    0.37777777777777777,
    0.06896551724137931,
    0.616822429906542,
    0.2992125984251969,
    0.6078431372549019,
    0.225,
    0.1686746987951807,
    0.35185185185185186,
    0.29473684210526313,
    0.449438202247191,
    0.6585365853658537,
    0.5833333333333334,
    0.5,
    0.5166666666666667,
    0.29213483146067415,
    0.5663716814159292,
    0.25882352941176473,
    0.5405405405405406,
    0.4585987261146497,
    0.6,
    0.4297520661157025,
    0.4144144144144144,
    0.4768211920529801,
    0.23255813953488372,
    0.4507042253521127,
    0.32967032967032966
  ],