{
  "accuracy": 0.4212,
  "precision_macro": 0.41884379411400796,
  "recall_macro": 0.4212,
  "f1_macro": 0.40189230477438753,
  "precision_weighted": 0.41884379411400796,
  "recall_weighted": 0.4212,
  "f1_weighted": 0.4018923047743876,
  "per_class_f1": [
    0.6730769230769231,
    0.6776859504132231,
    0.46017699115044247,
    0.36363636363636365,
    0.4144144144144144,
    0.11904761904761904,
    0.5523809523809524,
    0.18181818181818182,
    0.6101694915254238,
    0.2978723404255319,
    0.22857142857142856,
    0.5517241379310345,
    0.5504587155963303,
    0.7021276595744681,
    0.5822784810126582,
    0.27956989247311825,
    0.125,
    0.5740740740740741,
    0.38095238095238093,
    0.5,
    0.5299145299145299,
    0.6597938144329897,
    0.6296296296296297,
    0.6782608695652174,
    0.25263157894736843,
    0.47297297297297297,
    0.4603174603174603,
    0.09230769230769231,
    0.34615384615384615,
    0.1388888888888889,
    0.33766233766233766,
    0.56,
    0.26666666666666666,
    0.2823529411764706,
    0.4715447154471545,
    0.5072463768115942,
    0.5714285714285714,
    0.3333333333333333,
    0.47368421052631576,
    0.24096385542168675,
    0.14285714285714285,
    0.24742268041237114,
    0.37037037037037035,
    0.3950617283950617,
    0.8301886792452831,
    0.7238095238095238,
    0.41237113402061853,
    0.5263157894736842,
    0.16393442622950818,
    0.2777777777777778,
    0.6356589147286822,
    0.367816091954023,
    0.6470588235294118,
    0.4090909090909091,
    0.47619047619047616,
    0.4276729559748428,
    0.2831858407079646,
    0.5344827586206896,
    0.74,
    0.41975308641975306,
    0.43609022556390975,
    0.5185185185185185,
    0.273972602739726,
    0.34408602150537637,
    0.09375,
    0.21176470588235294,
    0.4672897196261682,
    0.12698412698412698,
    0.35365853658536583,
    0.2376237623762376,
    0.3125,
    0.6341463414634146,
    0.2830188679245283,
    0.43103448275862066,
    0.5233644859813084,
    0.39080459770114945,
    0.32098765432098764,
    0.1282051282051282,
    0.7254901960784313,
    0.23529411764705882,
    0.21505376344086022,
    0.7079646017699115,
    0.421875,
    0.2828282828282828,
    0.3119266055045872,
    0.3829787234042553,
    0.34782608695652173,
    0.33613445378151263,
    0.07407407407407407,
    0.4036697247706422,
    0.4461538461538462,
    0.4566929133858268,
    0.35714285714285715,
    0.45161290322580644,
    0.3013698630136986,
    0.42857142857142855,
    0.4528301886792453,
    0.3586206896551724,
    0.4262295081967213,
    0.175,
    0.08571428571428572,
    0.6458333333333334,
    0.3132530120481928,
    0.6868686868686869,
    0.2823529411764706,
    0.3389830508474576,
    0.19230769230769232,
    0.5423728813559322,
    0.5825242718446602,
    0.4583333333333333,
    0.27906976744186046,
    0.55,
    0.3010752688172043,
    0.3373493975903614,
    0.2857142857142857,
    0.7735849056603774,
    0.31683168316831684,
    0.5087719298245614,
    0.6605504587155964,
    0.24691358024691357,
    0.3148148148148148,
    0.42990654205607476,
    0.03333333333333333,
    0.16806722689075632,
    0.6833333333333333,
    0.19753086419753085,
    0.49557522123893805,
    0.37362637362637363,
    0.3924050632911392,
    0.54,
    0.1951219512195122,
    0.0,
    0.22580645161290322,
    0.6086956521739131,
    0.3902439024390244,
    0.07142857142857142,
    0.2545454545454545,
    0.23880597014925373,
    0.13333333333333333,
    0.03333333333333333,
    0.45045045045045046,
    0.3188405797101449,
    0.47619047619047616,
    0.7102803738317757,
    0.4,
    0.7008547008547008,
    0.6326530612244898,
    0.3469387755102041,
    0.38095238095238093,
    0.5057471264367817,
    0.5168539325842697,
    0.26666666666666666,
    0.47191011235955055,
    0.5106382978723404,
    0.4897959183673469,
    0.39603960396039606,
    0.3157894736842105,
    0.3617021276595745,
    0.28205128205128205,
    0.03636363636363636,
    0.37606837606837606,
    0.38095238095238093,
    0.5185185185185185,
    0.36363636363636365,
    0.49056603773584906,
    0.7184466019417476,
    0.7758620689655172,
    0.36363636363636365,
    0.03508771929824561,
    0.42592592592592593,
    0.6407766990291263,
    0.42592592592592593,
    0.03508771929824561,
    0.6262626262626263,
    0.42,
    0.03773584905660377,
    0.6363636363636364,
    0.3458646616541353,
    0.5581395348837209,
    0.26785714285714285,
    0.20754716981132076,
    0.3953488372093023,
    0.34146341463414637,
    0.4883720930232558,
    0.5050505050505051,
    0.5263157894736842,
    0.5046728971962616,
    0.39622641509433965,
    0.3655913978494624,
    0.5511811023622047,
    0.35714285714285715,
    0.5401459854014599,
    0.5,
    0.5314685314685315,
    0.5094339622641509,
    0.37254901960784315,
    0.5970149253731343,
    0.3047619047619048,
    0.4153846153846154,
    0.23809523809523808
  ],