{
  "accuracy": 0.4281,
  "precision_macro": 0.43578116990204224,
  "recall_macro": 0.42810000000000004,
  "f1_macro": 0.4140307445079898,
  "precision_weighted": 0.43578116990204235,
  "recall_weighted": 0.4281,
  "f1_weighted": 0.4140307445079899,
  "per_class_f1": [
    0.7289719626168224,
    0.6909090909090909,
    0.3972602739726027,
    0.2962962962962963,
    0.4485981308411215,
    0.13793103448275862,
    0.64,
    0.22784810126582278,
    0.6464646464646465,
    0.39097744360902253,
    0.28205128205128205,
    0.5,
    0.45714285714285713,
    0.7032967032967034,
    0.49411764705882355,
    0.3469387755102041,
    0.15384615384615385,
    0.5227272727272727,
    0.36065573770491804,
    0.5684210526315789,
    0.5714285714285714,
    0.6037735849056604,
    0.6055045871559633,
    0.7192982456140351,
    0.2857142857142857,
    0.6111111111111112,
    0.4380952380952381,
    0.09230769230769231,
    0.3787878787878788,
    0.09411764705882353,
    0.42857142857142855,
    0.45217391304347826,
    0.2558139534883721,
    0.18181818181818182,
    0.48739495798319327,
    0.3821656050955414,
    0.6868686868686869,
    0.375,
    0.5112781954887218,
    0.40404040404040403,
    0.2857142857142857,
    0.24719101123595505,
    0.4107142857142857,
    0.41975308641975306,
    0.8316831683168316,
    0.7307692307692307,
    0.46464646464646464,
    0.4426229508196721,
    0.06666666666666667,
    0.1794871794871795,
    0.6115702479338843,
    0.27522935779816515,
    0.5904761904761905,
    0.3106796116504854,
    0.5176470588235295,
    0.4740740740740741,
    0.20253164556962025,
    0.5128205128205128,
    0.6666666666666666,
    0.41025641025641024,
    0.41025641025641024,
    0.5490196078431373,
    0.1891891891891892,
    0.36893203883495146,
    0.1791044776119403,
    0.18571428571428572,
    0.4782608695652174,
    0.2898550724637681,
    0.4,
    0.3018867924528302,
    0.3132530120481928,
    0.5967741935483871,
    0.3448275862068966,
    0.39603960396039606,
    0.4307692307692308,
    0.3448275862068966,
    0.3958333333333333,
    0.06349206349206349,
    0.75,
    0.34375,
    0.19444444444444445,
    0.7166666666666667,
    0.38095238095238093,
    0.2558139534883721,
    0.2857142857142857,
    0.4186046511627907,
    0.4666666666666667,
    0.4318181818181818,
    0.10714285714285714,
    0.36666666666666664,
    0.4715447154471545,
    0.416,
    0.3614457831325301,
    0.3669724770642202,
    0.5384615384615384,
    0.3333333333333333,
    0.391304347826087,
    0.3561643835616438,
    0.5,
    0.13333333333333333,
    0.18181818181818182,
    0.6060606060606061,
    0.32432432432432434,
    0.7157894736842105,
    0.22535211267605634,
    0.28888888888888886,
    0.2268041237113402,
    0.6486486486486487,
    0.625,
    0.5360824742268041,
    0.4,
    0.546875,
    0.3826086956521739,
    0.40860215053763443,
    0.3958333333333333,
    0.7777777777777778,
    0.4318181818181818,
    0.47619047619047616,
    0.6491228070175439,
    0.2733812949640288,
    0.31683168316831684,
    0.5882352941176471,
    0.16666666666666666,
    0.2204724409448819,
    0.7339449541284404,
    0.16842105263157894,
    0.45098039215686275,
    0.34408602150537637,
    0.4791666666666667,
    0.5238095238095238,
    0.3448275862068966,
    0.0,
    0.16216216216216217,
    0.6444444444444445,
    0.4,
    0.03076923076923077,
    0.25668449197860965,
    0.22535211267605634,
    0.14432989690721648,
    0.12903225806451613,
    0.37894736842105264,
    0.3561643835616438,
    0.44,
    0.639344262295082,
    0.32432432432432434,
    0.8269230769230769,
    0.6352941176470588,
    0.22727272727272727,
    0.3617021276595745,
    0.4318181818181818,
    0.4864864864864865,
    0.3235294117647059,
    0.4594594594594595,
    0.5471698113207547,
    0.4583333333333333,
    0.47706422018348627,
    0.4,
    0.3838383838383838,
    0.24444444444444444,
    0.038461538461538464,
    0.43902439024390244,
    0.3333333333333333,
    0.4222222222222222,
    0.38461538461538464,
    0.46296296296296297,
    0.7027027027027027,
    0.7924528301886793,
    0.5,
    0.09836065573770492,
    0.2823529411764706,
    0.6238532110091743,
    0.49504950495049505,
    0.15584415584415584,
    0.6966292134831461,
    0.37623762376237624,
    0.07547169811320754,
    0.5656565656565656,
    0.3522012578616352,
    0.5271317829457365,
    0.17073170731707318,
    0.234375,
    0.43956043956043955,
    0.3418803418803419,
    0.4909090909090909,
    0.6138613861386139,
    0.5535714285714286,
    0.5,
    0.4883720930232558,
    0.3783783783783784,
    0.5869565217391305,
    0.375,
    0.59375,
    0.55,
    0.6990291262135923,
    0.5306122448979592,
    0.3597122302158273,
    0.5652173913043478,
    0.2988505747126437,
    0.47692307692307695,
    0.3448275862068966
  ],