{
  "accuracy": 0.321,
  "precision_macro": 0.41298358858745,
  "recall_macro": 0.321,
  "f1_macro": 0.32695479673761535,
  "precision_weighted": 0.41298358858744993,
  "recall_weighted": 0.321,
  "f1_weighted": 0.3269547967376153,
  "per_class_f1": [
    0.460431654676259,
    0.6046511627906976,
    0.2857142857142857,
    0.33766233766233766,
    0.2857142857142857,
    0.0547945205479452,
    0.48,
    0.15625,
    0.5769230769230769,
    0.28368794326241137,
    0.07272727272727272,
    0.4155844155844156,
    0.5063291139240507,
    0.425,
    0.5476190476190477,
    0.20930232558139536,
    0.19718309859154928,
    0.44642857142857145,
    0.2571428571428571,
    0.4523809523809524,
    0.34545454545454546,
    0.6530612244897959,
    0.42857142857142855,
    0.3161764705882353,
    0.21782178217821782,
    0.5742574257425742,
    0.46464646464646464,
    0.16393442622950818,
    0.4090909090909091,
    0.14035087719298245,
    0.38961038961038963,
    0.4,
    0.15384615384615385,
    0.1951219512195122,
    0.47058823529411764,
    0.38202247191011235,
    0.6352941176470588,
    0.22580645161290322,
    0.46,
    0.1388888888888889,
    0.10344827586206896,
    0.07017543859649122,
    0.29457364341085274,
    0.29411764705882354,
    0.782608695652174,
    0.562962962962963,
    0.1016949152542373,
    0.4523809523809524,
    0.03389830508474576,
    0.24,
    0.45121951219512196,
    0.3764705882352941,
    0.5225225225225225,
    0.375,
    0.375,
    0.5045045045045045,
    0.18604651162790697,
    0.4266666666666667,
    0.628099173553719,
    0.31746031746031744,
    0.45045045045045046,
    0.5185185185185185,
    0.06779661016949153,
    0.2535211267605634,
    0.06153846153846154,
    0.12307692307692308,
    0.5581395348837209,
    0.10714285714285714,
    0.3253012048192771,
    0.03389830508474576,
    0.16216216216216217,
    0.5299145299145299,
    0.14634146341463414,
    0.3146067415730337,
    0.27932960893854747,
    0.22580645161290322,
    0.1643835616438356,
    0.12631578947368421,
    0.6172839506172839,
    0.11320754716981132,
    0.03571428571428571,
    0.6538461538461539,
    0.3888888888888889,
    0.22784810126582278,
    0.16666666666666666,
    0.2465753424657534,
    0.39473684210526316,
    0.23809523809523808,
    0.07142857142857142,
    0.24324324324324326,
    0.4158415841584158,
    0.4444444444444444,
    0.3076923076923077,
    0.37254901960784315,
    0.35555555555555557,
    0.22641509433962265,
    0.17391304347826086,
    0.3305785123966942,
    0.42,
    0.06666666666666667,
    0.03508771929824561,
    0.5,
    0.22580645161290322,
    0.7654320987654321,
    0.23684210526315788,
    0.13937282229965156,
    0.11764705882352941,
    0.48,
    0.5894736842105263,
    0.3655913978494624,
    0.3076923076923077,
    0.5576923076923077,
    0.36036036036036034,
    0.3181818181818182,
    0.3157894736842105,
    0.62,
    0.34782608695652173,
    0.48484848484848486,
    0.6041666666666666,
    0.1,
    0.11235955056179775,
    0.37362637362637363,
    0.06611570247933884,
    0.1864406779661017,
    0.6728971962616822,
    0.21621621621621623,
    0.3493975903614458,
    0.2647058823529412,
    0.37267080745341613,
    0.46511627906976744,
    0.16393442622950818,
    0.03636363636363636,
    0.06557377049180328,
    0.6785714285714286,
    0.35135135135135137,
    0.03636363636363636,
    0.20408163265306123,
    0.06896551724137931,
    0.1415929203539823,
    0.07407407407407407,
    0.3130434782608696,
    0.2898550724637681,
    0.3287671232876712,
    0.6782608695652174,
    0.11827956989247312,
    0.711864406779661,
    0.4462809917355372,
    0.20930232558139536,
    0.12121212121212122,
    0.4473684210526316,
    0.45569620253164556,
    0.13793103448275862,
    0.189873417721519,
    0.4742268041237113,
    0.3235294117647059,
    0.4634146341463415,
    0.18666666666666668,
    0.20689655172413793,
    0.11764705882352941,
    0.0,
    0.1891891891891892,
    0.375,
    0.4225352112676056,
    0.36220472440944884,
    0.40384615384615385,
    0.6593406593406593,
    0.7346938775510204,
    0.28205128205128205,
    0.0,
    0.3488372093023256,
    0.5348837209302325,
    0.3877551020408163,
    0.03773584905660377,
    0.6153846153846154,
    0.3829787234042553,
    0.0,
    0.6382978723404256,
    0.3333333333333333,
    0.5692307692307692,
    0.18823529411764706,
    0.2222222222222222,
    0.3380281690140845,
    0.2631578947368421,
    0.525,
    0.5185185185185185,
    0.5168539325842697,
    0.4752475247524752,
    0.36363636363636365,
    0.22727272727272727,
    0.4752475247524752,
    0.21978021978021978,
    0.6271186440677966,
    0.45652173913043476,
    0.6153846153846154,
    0.2,
    0.11353711790393013,
    0.5,
    0.13793103448275862,
    0.0475,
    0.21176470588235294
  ],