{
  "accuracy": 0.4191,
  "precision_macro": 0.4271046814584312,
  "recall_macro": 0.4191,
  "f1_macro": 0.4015588223073098,
  "precision_weighted": 0.4271046814584312,
  "recall_weighted": 0.4191,
  "f1_weighted": 0.4015588223073099,
  "per_class_f1": [
    0.6902654867256637,
    0.7027027027027027,
    0.4195804195804196,
    0.27450980392156865,
    0.39669421487603307,
    0.1276595744680851,
    0.5979381443298969,
    0.2222222222222222,
    0.6326530612244898,
    0.3120567375886525,
    0.09523809523809523,
    0.4148148148148148,
    0.5151515151515151,
    0.6190476190476191,
    0.5098039215686274,
    0.32,
    0.2716049382716049,
    0.5137614678899083,
    0.32786885245901637,
    0.49019607843137253,
    0.5263157894736842,
    0.5656565656565656,
    0.5967741935483871,
    0.7184466019417476,
    0.24,
    0.49645390070921985,
    0.45588235294117646,
    0.13513513513513514,
    0.3877551020408163,
    0.1794871794871795,
    0.3958333333333333,
    0.5306122448979592,
    0.24096385542168675,
    0.11764705882352941,
    0.5094339622641509,
    0.4117647058823529,
    0.6346153846153846,
    0.3958333333333333,
    0.43902439024390244,
    0.3937007874015748,
    0.23076923076923078,
    0.2736842105263158,
    0.3917525773195876,
    0.40963855421686746,
    0.84,
    0.6666666666666666,
    0.4842105263157895,
    0.4742268041237113,
    0.1875,
    0.16666666666666666,
    0.582089552238806,
    0.3,
    0.6126126126126126,
    0.4230769230769231,
    0.36619718309859156,
    0.4426229508196721,
    0.23529411764705882,
    0.5656565656565656,
    0.6551724137931034,
    0.25806451612903225,
    0.40789473684210525,
    0.49635036496350365,
    0.3076923076923077,
    0.30985915492957744,
    0.19672131147540983,
    0.2831858407079646,
    0.4842105263157895,
    0.24242424242424243,
    0.3971631205673759,
    0.3225806451612903,
    0.16216216216216217,
    0.6666666666666666,
    0.4166666666666667,
    0.3469387755102041,
    0.44285714285714284,
    0.2894736842105263,
    0.3333333333333333,
    0.08450704225352113,
    0.7450980392156863,
    0.26229508196721313,
    0.1038961038961039,
    0.6964285714285714,
    0.40601503759398494,
    0.3076923076923077,
    0.26356589147286824,
    0.3488372093023256,
    0.5168539325842697,
    0.367816091954023,
    0.03773584905660377,
    0.4158415841584158,
    0.4496124031007752,
    0.4827586206896552,
    0.3055555555555556,
    0.42735042735042733,
    0.4,
    0.37254901960784315,
    0.34210526315789475,
    0.36764705882352944,
    0.4262295081967213,
    0.16,
    0.11267605633802817,
    0.5806451612903226,
    0.2647058823529412,
    0.7446808510638298,
    0.2696629213483146,
    0.35555555555555557,
    0.2127659574468085,
    0.5492957746478874,
    0.6727272727272727,
    0.4666666666666667,
    0.3614457831325301,
    0.5454545454545454,
    0.37410071942446044,
    0.42105263157894735,
    0.30303030303030304,
    0.7755102040816326,
    0.4186046511627907,
    0.4878048780487805,
    0.5789473684210527,
    0.2803738317757009,
    0.35714285714285715,
    0.5542168674698795,
    0.12307692307692308,
    0.18032786885245902,
    0.7326732673267327,
    0.1917808219178082,
    0.375,
    0.42696629213483145,
    0.4462809917355372,
    0.5360824742268041,
    0.23655913978494625,
    0.0,
    0.16216216216216217,
    0.625,
    0.5,
    0.14492753623188406,
    0.2535211267605634,
    0.2191780821917808,
    0.20618556701030927,
    0.125,
    0.44036697247706424,
    0.3235294117647059,
    0.37362637362637363,
    0.7407407407407407,
    0.3140495867768595,
    0.7428571428571429,
    0.6185567010309279,
    0.28368794326241137,
    0.32727272727272727,
    0.449438202247191,
    0.36220472440944884,
    0.22950819672131148,
    0.47058823529411764,
    0.5689655172413793,
    0.49382716049382713,
    0.41975308641975306,
    0.37209302325581395,
    0.32323232323232326,
    0.2191780821917808,
    0.07407407407407407,
    0.302158273381295,
    0.3333333333333333,
    0.4864864864864865,
    0.3486238532110092,
    0.4576271186440678,
    0.8076923076923077,
    0.7543859649122807,
    0.425531914893617,
    0.03278688524590164,
    0.2823529411764706,
    0.6888888888888889,
    0.425531914893617,
    0.1917808219178082,
    0.7472527472527473,
    0.3146067415730337,
    0.13793103448275862,
    0.6078431372549019,
    0.38095238095238093,
    0.5486725663716814,
    0.20454545454545456,
    0.24060150375939848,
    0.38181818181818183,
    0.2828282828282828,
    0.45161290322580644,
    0.6862745098039216,
    0.5636363636363636,
    0.5168539325842697,
    0.43137254901960786,
    0.411214953271028,
    0.6,
    0.26373626373626374,
    0.54421768707483,
    0.46511627906976744,
    0.6724137931034483,
    0.5225225225225225,
    0.35,
    0.5263157894736842,
    0.12658227848101267,
    0.417910447761194,
    0.2708333333333333
  ],