{
  "accuracy": 0.3991,
  "precision_macro": 0.3930342592594633,
  "recall_macro": 0.39909999999999995,
  "f1_macro": 0.37777446109300455,
  "precision_weighted": 0.3930342592594633,
  "recall_weighted": 0.3991,
  "f1_weighted": 0.3777744610930046,
  "per_class_f1": [
    0.7428571428571429,
    0.6341463414634146,
    0.4909090909090909,
    0.2916666666666667,
    0.4672897196261682,
    0.08450704225352113,
    0.5925925925925926,
    0.13157894736842105,
    0.5811965811965812,
    0.3194444444444444,
    0.24444444444444444,
    0.4536082474226804,
    0.48214285714285715,
    0.40963855421686746,
    0.43956043956043955,
    0.2736842105263158,
    0.12903225806451613,
    0.5048543689320388,
    0.3333333333333333,
    0.5454545454545454,
    0.43333333333333335,
    0.6736842105263158,
    0.5190839694656488,
    0.6788990825688074,
    0.19753086419753085,
    0.4225352112676056,
    0.4915254237288136,
    0.03389830508474576,
    0.29577464788732394,
    0.11764705882352941,
    0.45454545454545453,
    0.4444444444444444,
    0.32432432432432434,
    0.09523809523809523,
    0.411214953271028,
    0.39520958083832336,
    0.6238532110091743,
    0.38461538461538464,
    0.42857142857142855,
    0.2830188679245283,
    0.1590909090909091,
    0.27906976744186046,
    0.34285714285714286,
    0.42201834862385323,
    0.8440366972477065,
    0.628099173553719,
    0.37894736842105264,
    0.43243243243243246,
    0.09230769230769231,
    0.13559322033898305,
    0.546875,
    0.3125,
    0.6476190476190476,
    0.34408602150537637,
    0.37894736842105264,
    0.3977272727272727,
    0.2553191489361702,
    0.5773195876288659,
    0.6868686868686869,
    0.36363636363636365,
    0.48739495798319327,
    0.5504587155963303,
    0.21176470588235294,
    0.3392857142857143,
    0.13157894736842105,
    0.17073170731707318,
    0.5454545454545454,
    0.12903225806451613,
    0.3880597014925373,
    0.30303030303030304,
    0.34285714285714286,
    0.5691056910569106,
    0.2597402597402597,
    0.38461538461538464,
    0.38571428571428573,
    0.3076923076923077,
    0.24175824175824176,
    0.14516129032258066,
    0.7184466019417476,
    0.22950819672131148,
    0.08823529411764706,
    0.6,
    0.43859649122807015,
    0.21739130434782608,
    0.27956989247311825,
    0.24691358024691357,
    0.40860215053763443,
    0.3541666666666667,
    0.03508771929824561,
    0.4235294117647059,
    0.39436619718309857,
    0.44642857142857145,
    0.30985915492957744,
    0.4782608695652174,
    0.10810810810810811,
    0.35714285714285715,
    0.3373493975903614,
    0.41025641025641024,
    0.45544554455445546,
    0.17073170731707318,
    0.14634146341463414,
    0.54,
    0.26865671641791045,
    0.7872340425531915,
    0.21686746987951808,
    0.2564102564102564,
    0.2222222222222222,
    0.6379310344827587,
    0.7311827956989247,
    0.3469387755102041,
    0.29906542056074764,
    0.5736434108527132,
    0.27672955974842767,
    0.375,
    0.32653061224489793,
    0.7256637168141593,
    0.40384615384615385,
    0.42735042735042733,
    0.6101694915254238,
    0.27906976744186046,
    0.32727272727272727,
    0.3956043956043956,
    0.07017543859649122,
    0.06837606837606838,
    0.6476190476190476,
    0.1956521739130435,
    0.49586776859504134,
    0.3409090909090909,
    0.36046511627906974,
    0.5806451612903226,
    0.14492753623188406,
    0.0,
    0.13157894736842105,
    0.6055045871559633,
    0.34965034965034963,
    0.125,
    0.24806201550387597,
    0.07547169811320754,
    0.14285714285714285,
    0.08450704225352113,
    0.4842105263157895,
    0.21176470588235294,
    0.35294117647058826,
    0.7017543859649122,
    0.3655913978494624,
    0.7547169811320755,
    0.6415094339622641,
    0.24390243902439024,
    0.4074074074074074,
    0.46808510638297873,
    0.42424242424242425,
    0.2033898305084746,
    0.37735849056603776,
    0.379746835443038,
    0.4731182795698925,
    0.36363636363636365,
    0.2222222222222222,
    0.3829787234042553,
    0.21428571428571427,
    0.034482758620689655,
    0.25742574257425743,
    0.358974358974359,
    0.5263157894736842,
    0.41739130434782606,
    0.45217391304347826,
    0.7184466019417476,
    0.7692307692307693,
    0.37623762376237624,
    0.03571428571428571,
    0.29213483146067415,
    0.6736842105263158,
    0.36893203883495146,
    0.11764705882352941,
    0.5849056603773585,
    0.3917525773195876,
    0.0,
    0.5984251968503937,
    0.34375,
    0.5981308411214953,
    0.21333333333333335,
    0.18181818181818182,
    0.36363636363636365,
    0.3488372093023256,
    0.5111111111111111,
    0.4946236559139785,
    0.5471698113207547,
    0.5132743362831859,
    0.48598130841121495,
    0.3058823529411765,
    0.5128205128205128,
    0.3888888888888889,
    0.5365853658536586,
    0.4742268041237113,
    0.6307692307692307,
    0.410958904109589,
    0.3120567375886525,
    0.544,
    0.22857142857142856,
    0.42028985507246375,
    0.2127659574468085
  ],