{
  "accuracy": 0.4197,
  "precision_macro": 0.4240950035298377,
  "recall_macro": 0.41969999999999996,
  "f1_macro": 0.402336651019465,
  "precision_weighted": 0.42409500352983776,
  "recall_weighted": 0.4197,
  "f1_weighted": 0.4023366510194649,
  "per_class_f1": [
    0.75,
    0.7102803738317757,
    0.34285714285714286,
    0.28,
    0.38596491228070173,
    0.16666666666666666,
    0.5925925925925926,
    0.25,
    0.6788990825688074,
    0.38333333333333336,
    0.14285714285714285,
    0.46956521739130436,
    0.5357142857142857,
    0.6666666666666666,
    0.5161290322580645,
    0.2702702702702703,
    0.15151515151515152,
    0.5434782608695652,
    0.3130434782608696,
    0.47692307692307695,
    0.5142857142857142,
    0.6666666666666666,
    0.6304347826086957,
    0.7192982456140351,
    0.2553191489361702,
    0.5689655172413793,
    0.4672897196261682,
    0.0625,
    0.3333333333333333,
    0.1875,
    0.47863247863247865,
    0.4864864864864865,
    0.13513513513513514,
    0.14705882352941177,
    0.45255474452554745,
    0.4740740740740741,
    0.6296296296296297,
    0.4444444444444444,
    0.43243243243243246,
    0.36363636363636365,
    0.16666666666666666,
    0.30927835051546393,
    0.28888888888888886,
    0.5245901639344263,
    0.7747747747747747,
    0.6446280991735537,
    0.38202247191011235,
    0.4854368932038835,
    0.19672131147540983,
    0.16470588235294117,
    0.578125,
    0.3063063063063063,
    0.6458333333333334,
    0.36363636363636365,
    0.4583333333333333,
    0.4142857142857143,
    0.2268041237113402,
    0.5631067961165048,
    0.693069306930693,
    0.3582089552238806,
    0.43609022556390975,
    0.5517241379310345,
    0.18421052631578946,
    0.38636363636363635,
    0.17391304347826086,
    0.2191780821917808,
    0.5473684210526316,
    0.208955223880597,
    0.35294117647058826,
    0.29411764705882354,
    0.2553191489361702,
    0.7755102040816326,
    0.3333333333333333,
    0.4380952380952381,
    0.38596491228070173,
    0.35135135135135137,
    0.21621621621621623,
    0.1095890410958904,
    0.7368421052631579,
    0.2727272727272727,
    0.06060606060606061,
    0.7068965517241379,
    0.3522012578616352,
    0.3170731707317073,
    0.25263157894736843,
    0.4318181818181818,
    0.42857142857142855,
    0.4485981308411215,
    0.03636363636363636,
    0.4036697247706422,
    0.46808510638297873,
    0.5039370078740157,
    0.41025641025641024,
    0.42735042735042733,
    0.23684210526315788,
    0.4,
    0.37623762376237624,
    0.3829787234042553,
    0.4666666666666667,
    0.15,
    0.2191780821917808,
    0.5376344086021505,
    0.1791044776119403,
    0.7184466019417476,
    0.25316455696202533,
    0.27522935779816515,
    0.21505376344086022,
    0.5441176470588235,
    0.6666666666666666,
    0.4528301886792453,
    0.3076923076923077,
    0.546875,
    0.37593984962406013,
    0.37037037037037035,
    0.42,
    0.7254901960784313,
    0.40476190476190477,
    0.44,
    0.6129032258064516,
    0.2558139534883721,
    0.2833333333333333,
    0.5057471264367817,
    0.15789473684210525,
    0.16666666666666666,
    0.6915887850467289,
    0.17777777777777778,
    0.5178571428571429,
    0.37681159420289856,
    0.3770491803278688,
    0.5148514851485149,
    0.21176470588235294,
    0.0,
    0.19718309859154928,
    0.6086956521739131,
    0.42696629213483145,
    0.23684210526315788,
    0.26277372262773724,
    0.3125,
    0.08695652173913043,
    0.1891891891891892,
    0.3853211009174312,
    0.28169014084507044,
    0.3893805309734513,
    0.6554621848739496,
    0.32432432432432434,
    0.8333333333333334,
    0.6666666666666666,
    0.2708333333333333,
    0.4235294117647059,
    0.425531914893617,
    0.45901639344262296,
    0.30303030303030304,
    0.46153846153846156,
    0.49612403100775193,
    0.4235294117647059,
    0.5102040816326531,
    0.3404255319148936,
    0.35789473684210527,
    0.24175824175824176,
    0.03333333333333333,
    0.39215686274509803,
    0.34285714285714286,
    0.5517241379310345,
    0.37168141592920356,
    0.48148148148148145,
    0.8080808080808081,
    0.7850467289719626,
    0.384,
    0.034482758620689655,
    0.32989690721649484,
    0.6506024096385542,
    0.3877551020408163,
    0.08450704225352113,
    0.6808510638297872,
    0.5045045045045045,
    0.0392156862745098,
    0.5714285714285714,
    0.3194444444444444,
    0.4925373134328358,
    0.07920792079207921,
    0.22988505747126436,
    0.425,
    0.3058823529411765,
    0.41975308641975306,
    0.6938775510204082,
    0.5494505494505495,
    0.5263157894736842,
    0.5148514851485149,
    0.2891566265060241,
    0.5360824742268041,
    0.3838383838383838,
    0.5757575757575758,
    0.5040650406504065,
    0.6153846153846154,
    0.46464646464646464,
    0.4424778761061947,
    0.543859649122807,
    0.22988505747126436,
    0.484375,
    0.2222222222222222
  ],