{
  "accuracy": 0.4181,
  "precision_macro": 0.4179014288927439,
  "recall_macro": 0.4181,
  "f1_macro": 0.40027169845257005,
  "precision_weighted": 0.41790142889274395,
  "recall_weighted": 0.4181,
  "f1_weighted": 0.40027169845257016,
  "per_class_f1": [
    0.7476635514018691,
    0.6324786324786325,
    0.45454545454545453,
    0.21505376344086022,
    0.45,
    0.10126582278481013,
    0.5871559633027523,
    0.25,
    0.6206896551724138,
    0.37168141592920356,
    0.1927710843373494,
    0.5510204081632653,
    0.46153846153846156,
    0.6732673267326733,
    0.5217391304347826,
    0.25316455696202533,
    0.16666666666666666,
    0.5,
    0.37383177570093457,
    0.48739495798319327,
    0.5196850393700787,
    0.7032967032967034,
    0.6470588235294118,
    0.7326732673267327,
    0.2247191011235955,
    0.4657534246575342,
    0.42857142857142855,
    0.14705882352941177,
    0.3611111111111111,
    0.13592233009708737,
    0.47706422018348627,
    0.5057471264367817,
    0.23076923076923078,
    0.1590909090909091,
    0.4132231404958678,
    0.3699421965317919,
    0.7311827956989247,
    0.4044943820224719,
    0.4186046511627907,
    0.3191489361702128,
    0.17721518987341772,
    0.3157894736842105,
    0.29333333333333333,
    0.48333333333333334,
    0.8571428571428571,
    0.6612903225806451,
    0.3559322033898305,
    0.44,
    0.1,
    0.1956521739130435,
    0.55,
    0.20512820512820512,
    0.6804123711340206,
    0.4375,
    0.3013698630136986,
    0.4793388429752066,
    0.2268041237113402,
    0.6037735849056604,
    0.6306306306306306,
    0.2972972972972973,
    0.3522012578616352,
    0.45871559633027525,
    0.18181818181818182,
    0.3669724770642202,
    0.1791044776119403,
    0.1951219512195122,
    0.56,
    0.25396825396825395,
    0.484375,
    0.37894736842105264,
    0.2765957446808511,
    0.6194690265486725,
    0.25263157894736843,
    0.32432432432432434,
    0.4158415841584158,
    0.3111111111111111,
    0.3617021276595745,
    0.11764705882352941,
    0.6915887850467289,
    0.3076923076923077,
    0.13114754098360656,
    0.6534653465346535,
    0.391304347826087,
    0.3013698630136986,
    0.3218390804597701,
    0.30612244897959184,
    0.38095238095238093,
    0.38461538461538464,
    0.0,
    0.47191011235955055,
    0.4117647058823529,
    0.45901639344262296,
    0.2647058823529412,
    0.47058823529411764,
    0.36893203883495146,
    0.3958333333333333,
    0.44,
    0.3389830508474576,
    0.48148148148148145,
    0.15151515151515152,
    0.15151515151515152,
    0.5567010309278351,
    0.2318840579710145,
    0.7722772277227723,
    0.30434782608695654,
    0.24489795918367346,
    0.1702127659574468,
    0.5333333333333333,
    0.532258064516129,
    0.5617977528089888,
    0.3191489361702128,
    0.45751633986928103,
    0.3013698630136986,
    0.37333333333333335,
    0.2782608695652174,
    0.7339449541284404,
    0.43564356435643564,
    0.4793388429752066,
    0.5652173913043478,
    0.19298245614035087,
    0.32989690721649484,
    0.41904761904761906,
    0.12698412698412698,
    0.2119205298013245,
    0.7130434782608696,
    0.24299065420560748,
    0.44155844155844154,
    0.34285714285714286,
    0.391304347826087,
    0.5306122448979592,
    0.24,
    0.0,
    0.24691358024691357,
    0.592,
    0.4036697247706422,
    0.3218390804597701,
    0.2962962962962963,
    0.1791044776119403,
    0.1188118811881188,
    0.12698412698412698,
    0.4186046511627907,
    0.18461538461538463,
    0.44680851063829785,
    0.7079646017699115,
    0.38,
    0.7663551401869159,
    0.6666666666666666,
    0.2,
    0.3508771929824561,
    0.42990654205607476,
    0.49019607843137253,
    0.3287671232876712,
    0.45569620253164556,
    0.48,
    0.46938775510204084,
    0.4634146341463415,
    0.1875,
    0.26506024096385544,
    0.20454545454545456,
    0.07142857142857142,
    0.3655913978494624,
    0.37254901960784315,
    0.48,
    0.37606837606837606,
    0.46715328467153283,
    0.7155963302752294,
    0.822429906542056,
    0.42105263157894735,
    0.0,
    0.34146341463414637,
    0.6741573033707865,
    0.3958333333333333,
    0.16666666666666666,
    0.6666666666666666,
    0.4230769230769231,
    0.03571428571428571,
    0.6792452830188679,
    0.3333333333333333,
    0.6,
    0.32941176470588235,
    0.2222222222222222,
    0.3333333333333333,
    0.40350877192982454,
    0.5106382978723404,
    0.68,
    0.6078431372549019,
    0.5869565217391305,
    0.5681818181818182,
    0.41379310344827586,
    0.6534653465346535,
    0.39285714285714285,
    0.576271186440678,
    0.5625,
    0.639344262295082,
    0.453781512605042,
    0.35658914728682173,
    0.4806201550387597,
    0.20253164556962025,
    0.5042016806722689,
    0.2857142857142857
  ],