{
  "accuracy": 0.4316,
  "precision_macro": 0.43674892681975636,
  "recall_macro": 0.4316,
  "f1_macro": 0.415793124900147,
  "precision_weighted": 0.4367489268197564,
  "recall_weighted": 0.4316,
  "f1_weighted": 0.41579312490014697,
  "per_class_f1": [
    0.6949152542372882,
    0.7102803738317757,
    0.3783783783783784,
    0.34146341463414637,
    0.38461538461538464,
    0.11764705882352941,
    0.5964912280701754,
    0.20512820512820512,
    0.6486486486486487,
    0.2831858407079646,
    0.27906976744186046,
    0.4827586206896552,
    0.5396825396825397,
    0.6804123711340206,
    0.5494505494505495,
    0.2696629213483146,
    0.2028985507246377,
    0.46938775510204084,
    0.26373626373626374,
    0.5087719298245614,
    0.5,
    0.7045454545454546,
    0.5806451612903226,
    0.6666666666666666,
    0.2191780821917808,
    0.5641025641025641,
    0.48936170212765956,
    0.19753086419753085,
    0.358974358974359,
    0.14925373134328357,
    0.3617021276595745,
    0.40336134453781514,
    0.2696629213483146,
    0.1518987341772152,
    0.4909090909090909,
    0.46511627906976744,
    0.6666666666666666,
    0.3870967741935484,
    0.5436893203883495,
    0.4107142857142857,
    0.24,
    0.2882882882882883,
    0.3925233644859813,
    0.45901639344262296,
    0.865979381443299,
    0.6724137931034483,
    0.3937007874015748,
    0.4339622641509434,
    0.2222222222222222,
    0.09090909090909091,
    0.5466666666666666,
    0.225,
    0.5892857142857143,
    0.4146341463414634,
    0.4810126582278481,
    0.47368421052631576,
    0.2616822429906542,
    0.5076923076923077,
    0.7037037037037037,
    0.4225352112676056,
    0.5172413793103449,
    0.5128205128205128,
    0.12698412698412698,
    0.325,
    0.21212121212121213,
    0.26143790849673204,
    0.5252525252525253,
    0.2898550724637681,
    0.3614457831325301,
    0.3275862068965517,
    0.2736842105263158,
    0.6724137931034483,
    0.34615384615384615,
    0.411214953271028,
    0.4791666666666667,
    0.24615384615384617,
    0.36363636363636365,
    0.16666666666666666,
    0.7722772277227723,
    0.2898550724637681,
    0.19718309859154928,
    0.7850467289719626,
    0.379746835443038,
    0.2028985507246377,
    0.27419354838709675,
    0.4090909090909091,
    0.45652173913043476,
    0.36507936507936506,
    0.14035087719298245,
    0.41509433962264153,
    0.3880597014925373,
    0.46551724137931033,
    0.3333333333333333,
    0.41935483870967744,
    0.47058823529411764,
    0.5263157894736842,
    0.37254901960784315,
    0.3333333333333333,
    0.4727272727272727,
    0.14814814814814814,
    0.0547945205479452,
    0.6206896551724138,
    0.3132530120481928,
    0.7741935483870968,
    0.39473684210526316,
    0.2549019607843137,
    0.2558139534883721,
    0.5384615384615384,
    0.6050420168067226,
    0.4943820224719101,
    0.35135135135135137,
    0.5573770491803278,
    0.3963963963963964,
    0.36585365853658536,
    0.37037037037037035,
    0.7454545454545455,
    0.45544554455445546,
    0.5,
    0.7083333333333334,
    0.3302752293577982,
    0.3516483516483517,
    0.43564356435643564,
    0.08955223880597014,
    0.18803418803418803,
    0.7256637168141593,
    0.2736842105263158,
    0.46153846153846156,
    0.42857142857142855,
    0.4715447154471545,
    0.574468085106383,
    0.26666666666666666,
    0.0,
    0.20689655172413793,
    0.6296296296296297,
    0.4318181818181818,
    0.125,
    0.296875,
    0.30985915492957744,
    0.12389380530973451,
    0.10714285714285714,
    0.4642857142857143,
    0.38095238095238093,
    0.5263157894736842,
    0.7766990291262136,
    0.3697478991596639,
    0.7652173913043478,
    0.6105263157894737,
    0.3275862068965517,
    0.3838383838383838,
    0.5116279069767442,
    0.5319148936170213,
    0.3684210526315789,
    0.4186046511627907,
    0.5,
    0.4835164835164835,
    0.45454545454545453,
    0.275,
    0.4262295081967213,
    0.3333333333333333,
    0.06779661016949153,
    0.4074074074074074,
    0.2765957446808511,
    0.5581395348837209,
    0.4418604651162791,
    0.574468085106383,
    0.7407407407407407,
    0.8541666666666666,
    0.3516483516483517,
    0.07142857142857142,
    0.4,
    0.5714285714285714,
    0.5087719298245614,
    0.17647058823529413,
    0.6736842105263158,
    0.49504950495049505,
    0.0,
    0.5454545454545454,
    0.3619047619047619,
    0.5740740740740741,
    0.2191780821917808,
    0.19047619047619047,
    0.47368421052631576,
    0.35294117647058826,
    0.5252525252525253,
    0.49056603773584906,
    0.6122448979591837,
    0.3816793893129771,
    0.4897959183673469,
    0.32989690721649484,
    0.5,
    0.4090909090909091,
    0.6333333333333333,
    0.4666666666666667,
    0.6031746031746031,
    0.5142857142857142,
    0.4,
    0.5172413793103449,
    0.27906976744186046,
    0.4585987261146497,
    0.25806451612903225
  ],