{
  "accuracy": 0.4356,
  "precision_macro": 0.43717277743359984,
  "recall_macro": 0.43560000000000004,
  "f1_macro": 0.4199141256025573,
  "precision_weighted": 0.4371727774335999,
  "recall_weighted": 0.4356,
  "f1_weighted": 0.4199141256025573,
  "per_class_f1": [
    0.7115384615384616,
    0.7222222222222222,
    0.43661971830985913,
    0.3333333333333333,
    0.3968253968253968,
    0.07228915662650602,
    0.5925925925925926,
    0.1388888888888889,
    0.6727272727272727,
    0.3111111111111111,
    0.18181818181818182,
    0.5773195876288659,
    0.5185185185185185,
    0.6792452830188679,
    0.4742268041237113,
    0.2988505747126437,
    0.3142857142857143,
    0.5057471264367817,
    0.3373493975903614,
    0.5641025641025641,
    0.5714285714285714,
    0.7096774193548387,
    0.68,
    0.6722689075630253,
    0.2826086956521739,
    0.5087719298245614,
    0.4485981308411215,
    0.14705882352941177,
    0.49411764705882355,
    0.16216216216216217,
    0.37209302325581395,
    0.5585585585585585,
    0.10256410256410256,
    0.3,
    0.45454545454545453,
    0.45348837209302323,
    0.6428571428571429,
    0.39285714285714285,
    0.4878048780487805,
    0.40425531914893614,
    0.27848101265822783,
    0.2376237623762376,
    0.345679012345679,
    0.5217391304347826,
    0.8210526315789474,
    0.7350427350427351,
    0.3695652173913043,
    0.43333333333333335,
    0.21176470588235294,
    0.2857142857142857,
    0.6065573770491803,
    0.27848101265822783,
    0.6391752577319587,
    0.4090909090909091,
    0.5168539325842697,
    0.3905325443786982,
    0.23076923076923078,
    0.5794392523364486,
    0.6736842105263158,
    0.43037974683544306,
    0.47244094488188976,
    0.591304347826087,
    0.36585365853658536,
    0.34782608695652173,
    0.16216216216216217,
    0.20512820512820512,
    0.5625,
    0.21951219512195122,
    0.40336134453781514,
    0.375,
    0.3010752688172043,
    0.6363636363636364,
    0.4,
    0.41379310344827586,
    0.40860215053763443,
    0.29213483146067415,
    0.39473684210526316,
    0.030303030303030304,
    0.7368421052631579,
    0.2647058823529412,
    0.16,
    0.7346938775510204,
    0.4369747899159664,
    0.273972602739726,
    0.3050847457627119,
    0.4318181818181818,
    0.3838383838383838,
    0.37623762376237624,
    0.16393442622950818,
    0.3958333333333333,
    0.4864864864864865,
    0.5420560747663551,
    0.32432432432432434,
    0.4032258064516129,
    0.41935483870967744,
    0.4,
    0.3541666666666667,
    0.3870967741935484,
    0.4715447154471545,
    0.15,
    0.16091954022988506,
    0.6521739130434783,
    0.30927835051546393,
    0.6851851851851852,
    0.3448275862068966,
    0.2882882882882883,
    0.24489795918367346,
    0.5846153846153846,
    0.6666666666666666,
    0.56,
    0.29333333333333333,
    0.5486725663716814,
    0.3516483516483517,
    0.4444444444444444,
    0.3958333333333333,
    0.6557377049180327,
    0.45652173913043476,
    0.46938775510204084,
    0.6194690265486725,
    0.3008849557522124,
    0.3333333333333333,
    0.4909090909090909,
    0.13114754098360656,
    0.22077922077922077,
    0.6666666666666666,
    0.26373626373626374,
    0.43564356435643564,
    0.48717948717948717,
    0.42424242424242425,
    0.5263157894736842,
    0.3157894736842105,
    0.0,
    0.19753086419753085,
    0.6153846153846154,
    0.5494505494505495,
    0.08823529411764706,
    0.30158730158730157,
    0.2571428571428571,
    0.2,
    0.12658227848101267,
    0.39316239316239315,
    0.2898550724637681,
    0.4523809523809524,
    0.7079646017699115,
    0.3584905660377358,
    0.7857142857142857,
    0.6808510638297872,
    0.3,
    0.3883495145631068,
    0.4946236559139785,
    0.46601941747572817,
    0.34210526315789475,
    0.4854368932038835,
    0.35,
    0.5476190476190477,
    0.5,
    0.3950617283950617,
    0.34234234234234234,
    0.21686746987951808,
    0.0,
    0.28888888888888886,
    0.375,
    0.4675324675324675,
    0.4878048780487805,
    0.4370860927152318,
    0.8269230769230769,
    0.7920792079207921,
    0.4807692307692308,
    0.10344827586206896,
    0.36363636363636365,
    0.6274509803921569,
    0.4583333333333333,
    0.18666666666666668,
    0.6947368421052632,
    0.425531914893617,
    0.07547169811320754,
    0.6391752577319587,
    0.36231884057971014,
    0.592,
    0.2608695652173913,
    0.24444444444444444,
    0.3564356435643564,
    0.3146067415730337,
    0.5274725274725275,
    0.6185567010309279,
    0.5454545454545454,
    0.5137614678899083,
    0.5,
    0.4090909090909091,
    0.591304347826087,
    0.34408602150537637,
    0.5954198473282443,
    0.5426356589147286,
    0.5797101449275363,
    0.5042016806722689,
    0.37593984962406013,
    0.5507246376811594,
    0.22784810126582278,
    0.4028776978417266,
    0.26666666666666666
  ],