{
  "accuracy": 0.286,
  "precision_macro": 0.3772753316671109,
  "recall_macro": 0.28600000000000003,
  "f1_macro": 0.29246225245418495,
  "precision_weighted": 0.3772753316671109,
  "recall_weighted": 0.286,
  "f1_weighted": 0.2924622524541849,
  "per_class_f1": [
    0.5238095238095238,
    0.6470588235294118,
    0.2857142857142857,
    0.12698412698412698,
    0.203125,
    0.0625,
    0.3055555555555556,
    0.058823529411764705,
    0.5,
    0.24691358024691357,
    0.038461538461538464,
    0.3188405797101449,
    0.46153846153846156,
    0.4583333333333333,
    0.4418604651162791,
    0.19672131147540983,
    0.10714285714285714,
    0.4153846153846154,
    0.2535211267605634,
    0.3466666666666667,
    0.3333333333333333,
    0.6067415730337079,
    0.410958904109589,
    0.3208955223880597,
    0.08823529411764706,
    0.5,
    0.46601941747572817,
    0.03773584905660377,
    0.35514018691588783,
    0.0,
    0.25316455696202533,
    0.4235294117647059,
    0.1794871794871795,
    0.25,
    0.35051546391752575,
    0.46017699115044247,
    0.5925925925925926,
    0.4266666666666667,
    0.5054945054945055,
    0.09090909090909091,
    0.06557377049180328,
    0.09836065573770492,
    0.16326530612244897,
    0.2972972972972973,
    0.8172043010752689,
    0.49333333333333335,
    0.09375,
    0.47368421052631576,
    0.0,
    0.12698412698412698,
    0.5773195876288659,
    0.11764705882352941,
    0.5128205128205128,
    0.4444444444444444,
    0.3076923076923077,
    0.27586206896551724,
    0.0963855421686747,
    0.4318181818181818,
    0.6451612903225806,
    0.16666666666666666,
    0.35365853658536583,
    0.5333333333333333,
    0.14492753623188406,
    0.2535211267605634,
    0.12698412698412698,
    0.07692307692307693,
    0.4146341463414634,
    0.07547169811320754,
    0.34328358208955223,
    0.027777777777777776,
    0.03773584905660377,
    0.4742268041237113,
    0.1095890410958904,
    0.32075471698113206,
    0.32941176470588235,
    0.2,
    0.14492753623188406,
    0.037037037037037035,
    0.6813186813186813,
    0.03773584905660377,
    0.0,
    0.6213592233009708,
    0.35514018691588783,
    0.20512820512820512,
    0.26804123711340205,
    0.12121212121212122,
    0.3655913978494624,
    0.2716049382716049,
    0.038461538461538464,
    0.14925373134328357,
    0.3673469387755102,
    0.4819277108433735,
    0.15789473684210525,
    0.3953488372093023,
    0.448,
    0.2028985507246377,
    0.06153846153846154,
    0.375,
    0.45161290322580644,
    0.09523809523809523,
    0.0,
    0.34782608695652173,
    0.14285714285714285,
    0.6947368421052632,
    0.1935483870967742,
    0.12014134275618374,
    0.14492753623188406,
    0.49019607843137253,
    0.6067415730337079,
    0.2972972972972973,
    0.10810810810810811,
    0.5217391304347826,
    0.2978723404255319,
    0.2682926829268293,
    0.2926829268292683,
    0.6829268292682927,
    0.3238095238095238,
    0.2631578947368421,
    0.5084745762711864,
    0.15384615384615385,
    0.19718309859154928,
    0.475,
    0.0,
    0.18840579710144928,
    0.5378151260504201,
    0.18461538461538463,
    0.5203252032520326,
    0.2702702702702703,
    0.3434343434343434,
    0.44,
    0.08450704225352113,
    0.03278688524590164,
    0.03225806451612903,
    0.6415094339622641,
    0.2857142857142857,
    0.03773584905660377,
    0.08433734939759036,
    0.07017543859649122,
    0.0547945205479452,
    0.03773584905660377,
    0.19889502762430938,
    0.21212121212121213,
    0.273972602739726,
    0.6504065040650406,
    0.06153846153846154,
    0.7446808510638298,
    0.5473684210526316,
    0.17073170731707318,
    0.03225806451612903,
    0.36619718309859156,
    0.5,
    0.07407407407407407,
    0.08676789587852494,
    0.27722772277227725,
    0.34210526315789475,
    0.4369747899159664,
    0.2631578947368421,
    0.32941176470588235,
    0.10810810810810811,
    0.0,
    0.14705882352941177,
    0.27692307692307694,
    0.5135135135135135,
    0.3220338983050847,
    0.4155844155844156,
    0.6153846153846154,
    0.7450980392156863,
    0.36,
    0.0,
    0.325,
    0.5647058823529412,
    0.3516483516483517,
    0.038461538461538464,
    0.5714285714285714,
    0.41904761904761906,
    0.0,
    0.484375,
    0.2891566265060241,
    0.4788732394366197,
    0.024390243902439025,
    0.17582417582417584,
    0.3037974683544304,
    0.27586206896551724,
    0.2898550724637681,
    0.35514018691588783,
    0.5,
    0.49019607843137253,
    0.2,
    0.15151515151515152,
    0.38961038961038963,
    0.1891891891891892,
    0.5757575757575758,
    0.33043478260869563,
    0.6346153846153846,
    0.2619047619047619,
    0.17964071856287425,
    0.4423076923076923,
    0.03333333333333333,
    0.04378698224852071,
    0.06153846153846154
  ],