{
  "accuracy": 0.3722,
  "precision_macro": 0.3839562635286232,
  "recall_macro": 0.3722,
  "f1_macro": 0.3521567071457271,
  "precision_weighted": 0.38395626352862317,
  "recall_weighted": 0.3722,
  "f1_weighted": 0.35215670714572717,
  "per_class_f1": [
    0.5376344086021505,
    0.6434782608695652,
    0.3963963963963964,
    0.26865671641791045,
    0.35714285714285715,
    0.1415929203539823,
    0.4835164835164835,
    0.1891891891891892,
    0.6236559139784946,
    0.27350427350427353,
    0.17391304347826086,
    0.49504950495049505,
    0.4563758389261745,
    0.6,
    0.44680851063829785,
    0.09375,
    0.17391304347826086,
    0.14673913043478262,
    0.20930232558139536,
    0.42201834862385323,
    0.5794392523364486,
    0.6588235294117647,
    0.5393258426966292,
    0.5952380952380952,
    0.18823529411764706,
    0.5166666666666667,
    0.44155844155844154,
    0.037037037037037035,
    0.3389830508474576,
    0.03571428571428571,
    0.37362637362637363,
    0.4954128440366973,
    0.18666666666666668,
    0.06451612903225806,
    0.48854961832061067,
    0.4177215189873418,
    0.6542056074766355,
    0.15625,
    0.5,
    0.2571428571428571,
    0.208955223880597,
    0.21052631578947367,
    0.25882352941176473,
    0.5,
    0.7843137254901961,
    0.7115384615384616,
    0.3333333333333333,
    0.43010752688172044,
    0.15625,
    0.1282051282051282,
    0.576,
    0.23655913978494625,
    0.5785123966942148,
    0.3595505617977528,
    0.38095238095238093,
    0.43283582089552236,
    0.1111111111111111,
    0.5233644859813084,
    0.5806451612903226,
    0.4411764705882353,
    0.5,
    0.4583333333333333,
    0.25316455696202533,
    0.3076923076923077,
    0.15873015873015872,
    0.14705882352941177,
    0.5161290322580645,
    0.10526315789473684,
    0.32727272727272727,
    0.18181818181818182,
    0.32142857142857145,
    0.6060606060606061,
    0.24390243902439024,
    0.37777777777777777,
    0.39080459770114945,
    0.2857142857142857,
    0.2558139534883721,
    0.1016949152542373,
    0.68,
    0.07547169811320754,
    0.03508771929824561,
    0.6434782608695652,
    0.2875816993464052,
    0.2465753424657534,
    0.20454545454545456,
    0.42990654205607476,
    0.3305785123966942,
    0.3064516129032258,
    0.0,
    0.28205128205128205,
    0.2891566265060241,
    0.3905325443786982,
    0.19444444444444445,
    0.42962962962962964,
    0.35,
    0.34234234234234234,
    0.3333333333333333,
    0.3442622950819672,
    0.4369747899159664,
    0.06451612903225806,
    0.07142857142857142,
    0.6024096385542169,
    0.21621621621621623,
    0.7659574468085106,
    0.2898550724637681,
    0.19858156028368795,
    0.2702702702702703,
    0.5945945945945946,
    0.6055045871559633,
    0.38202247191011235,
    0.12121212121212122,
    0.5546218487394958,
    0.3088235294117647,
    0.30985915492957744,
    0.2727272727272727,
    0.7766990291262136,
    0.37777777777777777,
    0.3898305084745763,
    0.6333333333333333,
    0.18604651162790697,
    0.2585034013605442,
    0.43478260869565216,
    0.07317073170731707,
    0.15254237288135594,
    0.6507936507936508,
    0.1935483870967742,
    0.46601941747572817,
    0.2857142857142857,
    0.3548387096774194,
    0.49122807017543857,
    0.1643835616438356,
    0.0,
    0.11940298507462686,
    0.5979381443298969,
    0.43373493975903615,
    0.07142857142857142,
    0.20238095238095238,
    0.13559322033898305,
    0.02666666666666667,
    0.07142857142857142,
    0.34146341463414637,
    0.25,
    0.4444444444444444,
    0.656,
    0.2708333333333333,
    0.7636363636363637,
    0.6526315789473685,
    0.171875,
    0.1917808219178082,
    0.47368421052631576,
    0.36879432624113473,
    0.23880597014925373,
    0.3595505617977528,
    0.4421052631578947,
    0.46601941747572817,
    0.4044943820224719,
    0.1791044776119403,
    0.23809523809523808,
    0.23076923076923078,
    0.0,
    0.1643835616438356,
    0.25,
    0.5609756097560976,
    0.37362637362637363,
    0.4375,
    0.6779661016949152,
    0.7889908256880734,
    0.3404255319148936,
    0.0,
    0.29411764705882354,
    0.5681818181818182,
    0.368,
    0.0,
    0.6542056074766355,
    0.3888888888888889,
    0.0,
    0.4861111111111111,
    0.25396825396825395,
    0.4892086330935252,
    0.13157894736842105,
    0.23622047244094488,
    0.3883495145631068,
    0.31496062992125984,
    0.425531914893617,
    0.5714285714285714,
    0.5818181818181818,
    0.40707964601769914,
    0.4175824175824176,
    0.33707865168539325,
    0.4186046511627907,
    0.25287356321839083,
    0.4861111111111111,
    0.46153846153846156,
    0.6153846153846154,
    0.4424778761061947,
    0.39080459770114945,
    0.48333333333333334,
    0.27848101265822783,
    0.3157894736842105,
    0.2857142857142857
  ],