{
  "accuracy": 0.4039,
  "precision_macro": 0.40562265436098316,
  "recall_macro": 0.4039,
  "f1_macro": 0.3865981599727999,
  "precision_weighted": 0.4056226543609832,
  "recall_weighted": 0.4039,
  "f1_weighted": 0.38659815997279995,
  "per_class_f1": [
    0.6804123711340206,
    0.6666666666666666,
    0.3865546218487395,
    0.34408602150537637,
    0.4583333333333333,
    0.10666666666666667,
    0.5636363636363636,
    0.18823529411764706,
    0.5581395348837209,
    0.2913907284768212,
    0.18421052631578946,
    0.34532374100719426,
    0.5217391304347826,
    0.6236559139784946,
    0.49382716049382713,
    0.26865671641791045,
    0.2077922077922078,
    0.6021505376344086,
    0.32432432432432434,
    0.5,
    0.5,
    0.6451612903225806,
    0.5871559633027523,
    0.6612903225806451,
    0.20869565217391303,
    0.5681818181818182,
    0.43283582089552236,
    0.0547945205479452,
    0.2716049382716049,
    0.03508771929824561,
    0.40384615384615385,
    0.4672897196261682,
    0.1941747572815534,
    0.15384615384615385,
    0.49230769230769234,
    0.425531914893617,
    0.6355140186915887,
    0.375,
    0.49019607843137253,
    0.375,
    0.18823529411764706,
    0.26373626373626374,
    0.2823529411764706,
    0.4485981308411215,
    0.8172043010752689,
    0.72,
    0.4642857142857143,
    0.42857142857142855,
    0.2571428571428571,
    0.16666666666666666,
    0.6017699115044248,
    0.2727272727272727,
    0.5423728813559322,
    0.32989690721649484,
    0.4186046511627907,
    0.46258503401360546,
    0.25,
    0.512,
    0.6551724137931034,
    0.37142857142857144,
    0.43478260869565216,
    0.5245901639344263,
    0.21951219512195122,
    0.3111111111111111,
    0.06349206349206349,
    0.22727272727272727,
    0.5274725274725275,
    0.2028985507246377,
    0.39416058394160586,
    0.2830188679245283,
    0.17391304347826086,
    0.6187050359712231,
    0.2077922077922078,
    0.33962264150943394,
    0.4954128440366973,
    0.3,
    0.3013698630136986,
    0.05970149253731343,
    0.6722689075630253,
    0.21875,
    0.10344827586206896,
    0.6885245901639344,
    0.359375,
    0.2608695652173913,
    0.32142857142857145,
    0.4536082474226804,
    0.47191011235955055,
    0.3516483516483517,
    0.037037037037037035,
    0.45569620253164556,
    0.4,
    0.4473684210526316,
    0.29213483146067415,
    0.4827586206896552,
    0.42857142857142855,
    0.4044943820224719,
    0.45652173913043476,
    0.37333333333333335,
    0.4426229508196721,
    0.15151515151515152,
    0.05714285714285714,
    0.5523809523809524,
    0.2898550724637681,
    0.7912087912087912,
    0.1643835616438356,
    0.24444444444444444,
    0.11494252873563218,
    0.5826771653543307,
    0.6,
    0.336283185840708,
    0.27586206896551724,
    0.5391304347826087,
    0.3619047619047619,
    0.36585365853658536,
    0.3373493975903614,
    0.8118811881188119,
    0.4418604651162791,
    0.4380952380952381,
    0.7083333333333334,
    0.2711864406779661,
    0.32,
    0.5057471264367817,
    0.07894736842105263,
    0.2158273381294964,
    0.609375,
    0.0963855421686747,
    0.5321100917431193,
    0.4,
    0.425531914893617,
    0.5319148936170213,
    0.2736842105263158,
    0.0,
    0.11594202898550725,
    0.5785123966942148,
    0.44680851063829785,
    0.058823529411764705,
    0.2553191489361702,
    0.2077922077922078,
    0.08,
    0.10256410256410256,
    0.40707964601769914,
    0.3655913978494624,
    0.30434782608695654,
    0.6902654867256637,
    0.37398373983739835,
    0.7272727272727273,
    0.6666666666666666,
    0.21505376344086022,
    0.3434343434343434,
    0.40540540540540543,
    0.4752475247524752,
    0.2564102564102564,
    0.3953488372093023,
    0.4222222222222222,
    0.5185185185185185,
    0.46153846153846156,
    0.3829787234042553,
    0.2857142857142857,
    0.23157894736842105,
    0.12307692307692308,
    0.23655913978494625,
    0.27956989247311825,
    0.4489795918367347,
    0.3373493975903614,
    0.4842105263157895,
    0.6451612903225806,
    0.7850467289719626,
    0.4,
    0.07272727272727272,
    0.3225806451612903,
    0.6304347826086957,
    0.4642857142857143,
    0.12962962962962962,
    0.5894736842105263,
    0.3516483516483517,
    0.07272727272727272,
    0.56,
    0.368,
    0.6542056074766355,
    0.19230769230769232,
    0.21505376344086022,
    0.34782608695652173,
    0.4230769230769231,
    0.4878048780487805,
    0.4,
    0.5225225225225225,
    0.47058823529411764,
    0.40476190476190477,
    0.38461538461538464,
    0.5393258426966292,
    0.3950617283950617,
    0.5373134328358209,
    0.4827586206896552,
    0.5755395683453237,
    0.4126984126984127,
    0.40350877192982454,
    0.5423728813559322,
    0.2,
    0.41818181818181815,
    0.2545454545454545
  ],