{
  "accuracy": 0.4282,
  "precision_macro": 0.42858728868865464,
  "recall_macro": 0.4282,
  "f1_macro": 0.4117611134457942,
  "precision_weighted": 0.42858728868865453,
  "recall_weighted": 0.4282,
  "f1_weighted": 0.4117611134457942,
  "per_class_f1": [
    0.7304347826086957,
    0.65,
    0.417910447761194,
    0.25806451612903225,
    0.3709677419354839,
    0.1553398058252427,
    0.5434782608695652,
    0.24742268041237114,
    0.6206896551724138,
    0.366412213740458,
    0.18421052631578946,
    0.5238095238095238,
    0.4696969696969697,
    0.6666666666666666,
    0.5681818181818182,
    0.24,
    0.3013698630136986,
    0.5517241379310345,
    0.33663366336633666,
    0.5714285714285714,
    0.5299145299145299,
    0.6444444444444445,
    0.6608695652173913,
    0.6923076923076923,
    0.25210084033613445,
    0.5441176470588235,
    0.47368421052631576,
    0.12121212121212122,
    0.45544554455445546,
    0.06779661016949153,
    0.4222222222222222,
    0.4462809917355372,
    0.2988505747126437,
    0.05405405405405406,
    0.3875968992248062,
    0.42857142857142855,
    0.7,
    0.391304347826087,
    0.4714285714285714,
    0.32432432432432434,
    0.34146341463414637,
    0.29411764705882354,
    0.38016528925619836,
    0.45045045045045046,
    0.845360824742268,
    0.7090909090909091,
    0.5052631578947369,
    0.45544554455445546,
    0.17142857142857143,
    0.2558139534883721,
    0.56,
    0.37362637362637363,
    0.5871559633027523,
    0.46153846153846156,
    0.42105263157894735,
    0.4397163120567376,
    0.2748091603053435,
    0.5111111111111111,
    0.6862745098039216,
    0.3561643835616438,
    0.48695652173913045,
    0.49557522123893805,
    0.28205128205128205,
    0.32558139534883723,
    0.11940298507462686,
    0.2206896551724138,
    0.5714285714285714,
    0.1935483870967742,
    0.3181818181818182,
    0.2882882882882883,
    0.23376623376623376,
    0.6486486486486487,
    0.3025210084033613,
    0.3548387096774194,
    0.49504950495049505,
    0.25,
    0.358974358974359,
    0.08108108108108109,
    0.76,
    0.38235294117647056,
    0.03389830508474576,
    0.7663551401869159,
    0.42105263157894735,
    0.3076923076923077,
    0.29310344827586204,
    0.2826086956521739,
    0.42857142857142855,
    0.3709677419354839,
    0.06666666666666667,
    0.3711340206185567,
    0.45454545454545453,
    0.5409836065573771,
    0.42105263157894735,
    0.3898305084745763,
    0.40540540540540543,
    0.42718446601941745,
    0.3838383838383838,
    0.37037037037037035,
    0.4835164835164835,
    0.14285714285714285,
    0.08955223880597014,
    0.6373626373626373,
    0.3170731707317073,
    0.74,
    0.33707865168539325,
    0.32142857142857145,
    0.21568627450980393,
    0.5785123966942148,
    0.7391304347826086,
    0.46153846153846156,
    0.22988505747126436,
    0.5390070921985816,
    0.35384615384615387,
    0.29333333333333333,
    0.35051546391752575,
    0.8367346938775511,
    0.44680851063829785,
    0.5,
    0.5891472868217055,
    0.29411764705882354,
    0.3368421052631579,
    0.4878048780487805,
    0.13559322033898305,
    0.265625,
    0.7222222222222222,
    0.25,
    0.46511627906976744,
    0.4367816091954023,
    0.4094488188976378,
    0.5714285714285714,
    0.21951219512195122,
    0.0,
    0.14492753623188406,
    0.6238532110091743,
    0.4044943820224719,
    0.0,
    0.26993865030674846,
    0.3333333333333333,
    0.13861386138613863,
    0.12195121951219512,
    0.44660194174757284,
    0.29850746268656714,
    0.4578313253012048,
    0.6964285714285714,
    0.3300970873786408,
    0.7889908256880734,
    0.7,
    0.224,
    0.34545454545454546,
    0.4772727272727273,
    0.5319148936170213,
    0.3291139240506329,
    0.5306122448979592,
    0.4132231404958678,
    0.4883720930232558,
    0.4230769230769231,
    0.325,
    0.41237113402061853,
    0.23880597014925373,
    0.06666666666666667,
    0.3269230769230769,
    0.34951456310679613,
    0.5,
    0.37777777777777777,
    0.5299145299145299,
    0.7647058823529411,
    0.7818181818181819,
    0.4666666666666667,
    0.06557377049180328,
    0.33663366336633666,
    0.6896551724137931,
    0.4672897196261682,
    0.1935483870967742,
    0.74,
    0.3673469387755102,
    0.0,
    0.5981308411214953,
    0.39316239316239315,
    0.5789473684210527,
    0.19469026548672566,
    0.26373626373626374,
    0.35294117647058826,
    0.3146067415730337,
    0.5263157894736842,
    0.6415094339622641,
    0.5333333333333333,
    0.46938775510204084,
    0.47191011235955055,
    0.3783783783783784,
    0.5849056603773585,
    0.34285714285714286,
    0.6363636363636364,
    0.5040650406504065,
    0.65,
    0.4788732394366197,
    0.36538461538461536,
    0.5671641791044776,
    0.28,
    0.4927536231884058,
    0.2912621359223301
  ],