{
  "accuracy": 0.4472,
  "precision_macro": 0.4550836824902932,
  "recall_macro": 0.4472,
  "f1_macro": 0.42996573688941203,
  "precision_weighted": 0.4550836824902932,
  "recall_weighted": 0.4472,
  "f1_weighted": 0.4299657368894121,
  "per_class_f1": [
    0.7476635514018691,
    0.672566371681416,
    0.43037974683544306,
    0.273972602739726,
    0.36666666666666664,
    0.16666666666666666,
    0.6304347826086957,
    0.22950819672131148,
    0.6804123711340206,
    0.34,
    0.2191780821917808,
    0.4716981132075472,
    0.48854961832061067,
    0.6595744680851063,
    0.5116279069767442,
    0.32558139534883723,
    0.25396825396825395,
    0.5591397849462365,
    0.3595505617977528,
    0.53125,
    0.660377358490566,
    0.6868686868686869,
    0.6101694915254238,
    0.6902654867256637,
    0.2857142857142857,
    0.631578947368421,
    0.5378151260504201,
    0.1111111111111111,
    0.4339622641509434,
    0.20512820512820512,
    0.42105263157894735,
    0.5714285714285714,
    0.21052631578947367,
    0.23214285714285715,
    0.5179856115107914,
    0.43478260869565216,
    0.7128712871287128,
    0.37735849056603776,
    0.5046728971962616,
    0.42016806722689076,
    0.22535211267605634,
    0.29411764705882354,
    0.3870967741935484,
    0.46153846153846156,
    0.82,
    0.6153846153846154,
    0.45652173913043476,
    0.4536082474226804,
    0.13333333333333333,
    0.2597402597402597,
    0.562962962962963,
    0.375,
    0.6476190476190476,
    0.37333333333333335,
    0.4772727272727273,
    0.4566929133858268,
    0.23529411764705882,
    0.576,
    0.6915887850467289,
    0.3188405797101449,
    0.5094339622641509,
    0.4925373134328358,
    0.3130434782608696,
    0.3333333333333333,
    0.1791044776119403,
    0.21052631578947367,
    0.5773195876288659,
    0.18666666666666668,
    0.41134751773049644,
    0.40707964601769914,
    0.23880597014925373,
    0.625,
    0.35294117647058826,
    0.4793388429752066,
    0.48333333333333334,
    0.3684210526315789,
    0.3373493975903614,
    0.0,
    0.7474747474747475,
    0.30303030303030304,
    0.14492753623188406,
    0.7476635514018691,
    0.38461538461538464,
    0.3595505617977528,
    0.32432432432432434,
    0.4489795918367347,
    0.44680851063829785,
    0.3711340206185567,
    0.0,
    0.4375,
    0.43478260869565216,
    0.4444444444444444,
    0.3888888888888889,
    0.4375,
    0.5,
    0.4380952380952381,
    0.37894736842105264,
    0.3466666666666667,
    0.4909090909090909,
    0.11764705882352941,
    0.12121212121212122,
    0.6373626373626373,
    0.2857142857142857,
    0.6964285714285714,
    0.3235294117647059,
    0.29508196721311475,
    0.26804123711340205,
    0.6538461538461539,
    0.6862745098039216,
    0.4423076923076923,
    0.39080459770114945,
    0.4657534246575342,
    0.35135135135135137,
    0.3877551020408163,
    0.41509433962264153,
    0.7766990291262136,
    0.4666666666666667,
    0.4948453608247423,
    0.5982905982905983,
    0.27522935779816515,
    0.3238095238095238,
    0.5102040816326531,
    0.16901408450704225,
    0.2602739726027397,
    0.6511627906976745,
    0.27906976744186046,
    0.5,
    0.37209302325581395,
    0.4411764705882353,
    0.6341463414634146,
    0.32941176470588235,
    0.038461538461538464,
    0.2535211267605634,
    0.5871559633027523,
    0.4235294117647059,
    0.16129032258064516,
    0.27586206896551724,
    0.2153846153846154,
    0.21875,
    0.1643835616438356,
    0.4406779661016949,
    0.22857142857142856,
    0.5116279069767442,
    0.6902654867256637,
    0.3269230769230769,
    0.7964601769911505,
    0.6902654867256637,
    0.3050847457627119,
    0.3434343434343434,
    0.49019607843137253,
    0.4897959183673469,
    0.36619718309859156,
    0.5,
    0.4878048780487805,
    0.5,
    0.5473684210526316,
    0.43243243243243246,
    0.3333333333333333,
    0.1875,
    0.13793103448275862,
    0.41025641025641024,
    0.43859649122807015,
    0.5416666666666666,
    0.5176470588235295,
    0.5,
    0.7321428571428571,
    0.8623853211009175,
    0.4489795918367347,
    0.09836065573770492,
    0.4107142857142857,
    0.6588235294117647,
    0.45652173913043476,
    0.2191780821917808,
    0.6464646464646465,
    0.45217391304347826,
    0.07142857142857142,
    0.6491228070175439,
    0.45901639344262296,
    0.6470588235294118,
    0.3,
    0.27722772277227725,
    0.38636363636363635,
    0.35789473684210527,
    0.5569620253164557,
    0.6875,
    0.5370370370370371,
    0.5185185185185185,
    0.5274725274725275,
    0.4,
    0.6153846153846154,
    0.4444444444444444,
    0.6551724137931034,
    0.5471698113207547,
    0.6551724137931034,
    0.5238095238095238,
    0.40350877192982454,
    0.5714285714285714,
    0.22784810126582278,
    0.4251968503937008,
    0.3125
  ],