{
  "accuracy": 0.4487,
  "precision_macro": 0.4508878226868974,
  "recall_macro": 0.44870000000000004,
  "f1_macro": 0.43395932087177996,
  "precision_weighted": 0.45088782268689737,
  "recall_weighted": 0.4487,
  "f1_weighted": 0.4339593208717799,
  "per_class_f1": [
    0.6942148760330579,
    0.6231884057971014,
    0.49586776859504134,
    0.3218390804597701,
    0.45,
    0.0821917808219178,
    0.5961538461538461,
    0.23076923076923078,
    0.6990291262135923,
    0.366412213740458,
    0.3287671232876712,
    0.46511627906976744,
    0.5401459854014599,
    0.6534653465346535,
    0.5783132530120482,
    0.33707865168539325,
    0.32432432432432434,
    0.5531914893617021,
    0.40404040404040403,
    0.5370370370370371,
    0.5233644859813084,
    0.7191011235955056,
    0.628099173553719,
    0.7222222222222222,
    0.2553191489361702,
    0.5882352941176471,
    0.4117647058823529,
    0.17582417582417584,
    0.4462809917355372,
    0.0625,
    0.449438202247191,
    0.5636363636363636,
    0.3488372093023256,
    0.35514018691588783,
    0.48,
    0.4881889763779528,
    0.7070707070707071,
    0.2926829268292683,
    0.4444444444444444,
    0.4050632911392405,
    0.14285714285714285,
    0.28888888888888886,
    0.45901639344262296,
    0.5111111111111111,
    0.8571428571428571,
    0.7008547008547008,
    0.4731182795698925,
    0.46846846846846846,
    0.2222222222222222,
    0.24719101123595505,
    0.5771812080536913,
    0.2736842105263158,
    0.6095238095238096,
    0.45098039215686275,
    0.44680851063829785,
    0.4838709677419355,
    0.2857142857142857,
    0.5510204081632653,
    0.6666666666666666,
    0.40540540540540543,
    0.4462809917355372,
    0.5892857142857143,
    0.2727272727272727,
    0.36363636363636365,
    0.18181818181818182,
    0.27419354838709675,
    0.5773195876288659,
    0.19672131147540983,
    0.348993288590604,
    0.35294117647058826,
    0.3302752293577982,
    0.6446280991735537,
    0.3300970873786408,
    0.4158415841584158,
    0.4727272727272727,
    0.3116883116883117,
    0.3917525773195876,
    0.13953488372093023,
    0.7378640776699029,
    0.29333333333333333,
    0.1643835616438356,
    0.7213114754098361,
    0.421875,
    0.3883495145631068,
    0.23529411764705882,
    0.38095238095238093,
    0.3373493975903614,
    0.41304347826086957,
    0.07017543859649122,
    0.4186046511627907,
    0.5625,
    0.5227272727272727,
    0.38961038961038963,
    0.5233644859813084,
    0.4247787610619469,
    0.32941176470588235,
    0.33663366336633666,
    0.36496350364963503,
    0.5742574257425742,
    0.12658227848101267,
    0.09411764705882353,
    0.5742574257425742,
    0.30927835051546393,
    0.7708333333333334,
    0.3614457831325301,
    0.36036036036036034,
    0.23333333333333334,
    0.660377358490566,
    0.6792452830188679,
    0.4628099173553719,
    0.35555555555555557,
    0.5362318840579711,
    0.44660194174757284,
    0.3953488372093023,
    0.34408602150537637,
    0.8043478260869565,
    0.46601941747572817,
    0.5636363636363636,
    0.6106870229007634,
    0.2882882882882883,
    0.2608695652173913,
    0.5102040816326531,
    0.12698412698412698,
    0.22018348623853212,
    0.6774193548387096,
    0.2828282828282828,
    0.5360824742268041,
    0.345679012345679,
    0.43902439024390244,
    0.5436893203883495,
    0.30612244897959184,
    0.03278688524590164,
    0.21621621621621623,
    0.7155963302752294,
    0.4731182795698925,
    0.08108108108108109,
    0.2617801047120419,
    0.32941176470588235,
    0.2033898305084746,
    0.15384615384615385,
    0.43478260869565216,
    0.3466666666666667,
    0.45569620253164556,
    0.6964285714285714,
    0.3793103448275862,
    0.7787610619469026,
    0.7021276595744681,
    0.27450980392156865,
    0.3958333333333333,
    0.4948453608247423,
    0.5555555555555556,
    0.3582089552238806,
    0.4807692307692308,
    0.3116883116883117,
    0.4842105263157895,
    0.5106382978723404,
    0.39080459770114945,
    0.2978723404255319,
    0.3157894736842105,
    0.1016949152542373,
    0.3925233644859813,
    0.5227272727272727,
    0.5773195876288659,
    0.40350877192982454,
    0.48739495798319327,
    0.76,
    0.7758620689655172,
    0.45652173913043476,
    0.13333333333333333,
    0.4375,
    0.7021276595744681,
    0.39285714285714285,
    0.2222222222222222,
    0.7272727272727273,
    0.5252525252525253,
    0.10526315789473684,
    0.616822429906542,
    0.3779527559055118,
    0.6666666666666666,
    0.32608695652173914,
    0.2631578947368421,
    0.449438202247191,
    0.39215686274509803,
    0.5490196078431373,
    0.5321100917431193,
    0.6138613861386139,
    0.48695652173913045,
    0.45161290322580644,
    0.34951456310679613,
    0.5365853658536586,
    0.40860215053763443,
    0.6730769230769231,
    0.5192307692307693,
    0.6106870229007634,
    0.5862068965517241,
    0.44,
    0.5755395683453237,
    0.2831858407079646,
    0.5217391304347826,
    0.2926829268292683
  ],