{
  "accuracy": 0.4227,
  "precision_macro": 0.42674237466039117,
  "recall_macro": 0.42269999999999996,
  "f1_macro": 0.40629963853149176,
  "precision_weighted": 0.4267423746603911,
  "recall_weighted": 0.4227,
  "f1_weighted": 0.40629963853149176,
  "per_class_f1": [
    0.7572815533980582,
    0.6212121212121212,
    0.448,
    0.24719101123595505,
    0.40625,
    0.07317073170731707,
    0.5769230769230769,
    0.13793103448275862,
    0.576,
    0.34375,
    0.15151515151515152,
    0.5384615384615384,
    0.5076923076923077,
    0.6938775510204082,
    0.574468085106383,
    0.2894736842105263,
    0.2,
    0.47244094488188976,
    0.375,
    0.5306122448979592,
    0.5669291338582677,
    0.6451612903225806,
    0.631578947368421,
    0.6666666666666666,
    0.21359223300970873,
    0.49230769230769234,
    0.4,
    0.12121212121212122,
    0.3779527559055118,
    0.2191780821917808,
    0.32098765432098764,
    0.484375,
    0.2376237623762376,
    0.27906976744186046,
    0.5,
    0.4672897196261682,
    0.6554621848739496,
    0.4044943820224719,
    0.5217391304347826,
    0.3953488372093023,
    0.20512820512820512,
    0.2736842105263158,
    0.35398230088495575,
    0.43137254901960786,
    0.8247422680412371,
    0.7115384615384616,
    0.37383177570093457,
    0.5287356321839081,
    0.2,
    0.24242424242424243,
    0.5681818181818182,
    0.297029702970297,
    0.5546218487394958,
    0.3883495145631068,
    0.47191011235955055,
    0.39344262295081966,
    0.2692307692307692,
    0.5148514851485149,
    0.75,
    0.4489795918367347,
    0.5098039215686274,
    0.5042016806722689,
    0.2631578947368421,
    0.3883495145631068,
    0.17142857142857143,
    0.224,
    0.5576923076923077,
    0.23880597014925373,
    0.3558282208588957,
    0.36363636363636365,
    0.37383177570093457,
    0.7027027027027027,
    0.2765957446808511,
    0.4166666666666667,
    0.4094488188976378,
    0.30612244897959184,
    0.3037974683544304,
    0.12048192771084337,
    0.7378640776699029,
    0.26865671641791045,
    0.22535211267605634,
    0.7387387387387387,
    0.375,
    0.2988505747126437,
    0.21505376344086022,
    0.47619047619047616,
    0.3893805309734513,
    0.33707865168539325,
    0.03508771929824561,
    0.38636363636363635,
    0.42016806722689076,
    0.47706422018348627,
    0.36363636363636365,
    0.3875968992248062,
    0.4778761061946903,
    0.411214953271028,
    0.3595505617977528,
    0.3670886075949367,
    0.48,
    0.136986301369863,
    0.1,
    0.6292134831460674,
    0.36363636363636365,
    0.7474747474747475,
    0.25,
    0.30434782608695654,
    0.1839080459770115,
    0.6129032258064516,
    0.6371681415929203,
    0.417910447761194,
    0.3373493975903614,
    0.5294117647058824,
    0.40425531914893614,
    0.41975308641975306,
    0.4418604651162791,
    0.7428571428571429,
    0.41975308641975306,
    0.5048543689320388,
    0.6666666666666666,
    0.19753086419753085,
    0.2882882882882883,
    0.43956043956043955,
    0.1111111111111111,
    0.20689655172413793,
    0.7090909090909091,
    0.1702127659574468,
    0.45045045045045046,
    0.42857142857142855,
    0.33766233766233766,
    0.6436781609195402,
    0.3368421052631579,
    0.0,
    0.16393442622950818,
    0.6,
    0.46511627906976744,
    0.0,
    0.26143790849673204,
    0.2857142857142857,
    0.16470588235294117,
    0.16216216216216217,
    0.40601503759398494,
    0.3368421052631579,
    0.4090909090909091,
    0.6153846153846154,
    0.3877551020408163,
    0.7964601769911505,
    0.6666666666666666,
    0.2545454545454545,
    0.36363636363636365,
    0.4883720930232558,
    0.4835164835164835,
    0.3076923076923077,
    0.4782608695652174,
    0.40860215053763443,
    0.44680851063829785,
    0.49523809523809526,
    0.24242424242424243,
    0.40404040404040403,
    0.25,
    0.12121212121212122,
    0.3711340206185567,
    0.4,
    0.49382716049382713,
    0.345679012345679,
    0.47058823529411764,
    0.7446808510638298,
    0.7547169811320755,
    0.4536082474226804,
    0.07272727272727272,
    0.3047619047619048,
    0.6804123711340206,
    0.359375,
    0.11940298507462686,
    0.717391304347826,
    0.38636363636363635,
    0.0392156862745098,
    0.5631067961165048,
    0.3770491803278688,
    0.515625,
    0.2191780821917808,
    0.25,
    0.38461538461538464,
    0.2882882882882883,
    0.5576923076923077,
    0.48936170212765956,
    0.5544554455445545,
    0.5168539325842697,
    0.45871559633027525,
    0.35789473684210527,
    0.5084745762711864,
    0.3008849557522124,
    0.44680851063829785,
    0.48214285714285715,
    0.6065573770491803,
    0.3925233644859813,
    0.37735849056603776,
    0.5611510791366906,
    0.25316455696202533,
    0.4507042253521127,
    0.358974358974359
  ],