{
  "accuracy": 0.4259,
  "precision_macro": 0.42963666510813303,
  "recall_macro": 0.42590000000000006,
  "f1_macro": 0.4066088663141825,
  "precision_weighted": 0.4296366651081331,
  "recall_weighted": 0.4259,
  "f1_weighted": 0.4066088663141825,
  "per_class_f1": [
    0.6851851851851852,
    0.7289719626168224,
    0.40789473684210525,
    0.28846153846153844,
    0.41818181818181815,
    0.09195402298850575,
    0.5098039215686274,
    0.15384615384615385,
    0.6371681415929203,
    0.29577464788732394,
    0.19718309859154928,
    0.4146341463414634,
    0.5535714285714286,
    0.6534653465346535,
    0.5411764705882353,
    0.2692307692307692,
    0.208955223880597,
    0.4909090909090909,
    0.36363636363636365,
    0.5573770491803278,
    0.5196850393700787,
    0.6739130434782609,
    0.5740740740740741,
    0.72,
    0.1724137931034483,
    0.48717948717948717,
    0.48598130841121495,
    0.09523809523809523,
    0.33043478260869563,
    0.1388888888888889,
    0.32558139534883723,
    0.44642857142857145,
    0.28865979381443296,
    0.10810810810810811,
    0.4580152671755725,
    0.423841059602649,
    0.6607142857142857,
    0.40404040404040403,
    0.4689655172413793,
    0.3170731707317073,
    0.28888888888888886,
    0.27586206896551724,
    0.29213483146067415,
    0.38596491228070173,
    0.7927927927927928,
    0.6776859504132231,
    0.4144144144144144,
    0.4122137404580153,
    0.19444444444444445,
    0.19444444444444445,
    0.5714285714285714,
    0.20512820512820512,
    0.6470588235294118,
    0.46153846153846156,
    0.4675324675324675,
    0.4740740740740741,
    0.21978021978021978,
    0.6138613861386139,
    0.6804123711340206,
    0.3055555555555556,
    0.45588235294117646,
    0.48148148148148145,
    0.2,
    0.3409090909090909,
    0.19718309859154928,
    0.2011173184357542,
    0.5050505050505051,
    0.2222222222222222,
    0.37410071942446044,
    0.3146067415730337,
    0.16901408450704225,
    0.6611570247933884,
    0.37735849056603776,
    0.367816091954023,
    0.5454545454545454,
    0.3132530120481928,
    0.33707865168539325,
    0.15,
    0.6796116504854369,
    0.31746031746031744,
    0.0967741935483871,
    0.7850467289719626,
    0.40764331210191085,
    0.22784810126582278,
    0.28865979381443296,
    0.4186046511627907,
    0.46938775510204084,
    0.336283185840708,
    0.0,
    0.3958333333333333,
    0.42857142857142855,
    0.5,
    0.3561643835616438,
    0.43243243243243246,
    0.4566929133858268,
    0.4444444444444444,
    0.45977011494252873,
    0.34375,
    0.49230769230769234,
    0.2,
    0.13333333333333333,
    0.6595744680851063,
    0.3013698630136986,
    0.6728971962616822,
    0.32098765432098764,
    0.2831858407079646,
    0.24390243902439024,
    0.6666666666666666,
    0.6464646464646465,
    0.37209302325581395,
    0.3076923076923077,
    0.5271317829457365,
    0.38028169014084506,
    0.3333333333333333,
    0.35789473684210527,
    0.8076923076923077,
    0.36619718309859156,
    0.4740740740740741,
    0.6178861788617886,
    0.3148148148148148,
    0.3238095238095238,
    0.6170212765957447,
    0.07272727272727272,
    0.1935483870967742,
    0.6106870229007634,
    0.23255813953488372,
    0.5925925925925926,
    0.3950617283950617,
    0.4233576642335766,
    0.5233644859813084,
    0.27906976744186046,
    0.028985507246376812,
    0.15873015873015872,
    0.6666666666666666,
    0.48717948717948717,
    0.09090909090909091,
    0.25862068965517243,
    0.2318840579710145,
    0.1565217391304348,
    0.125,
    0.4307692307692308,
    0.38461538461538464,
    0.42105263157894735,
    0.7090909090909091,
    0.4,
    0.78,
    0.6,
    0.23622047244094488,
    0.36363636363636365,
    0.45977011494252873,
    0.3783783783783784,
    0.29411764705882354,
    0.45569620253164556,
    0.5765765765765766,
    0.46153846153846156,
    0.379746835443038,
    0.35135135135135137,
    0.43902439024390244,
    0.2631578947368421,
    0.10344827586206896,
    0.37254901960784315,
    0.32727272727272727,
    0.46153846153846156,
    0.39285714285714285,
    0.5981308411214953,
    0.76,
    0.819047619047619,
    0.4897959183673469,
    0.05714285714285714,
    0.31007751937984496,
    0.5806451612903226,
    0.4793388429752066,
    0.17142857142857143,
    0.6739130434782609,
    0.34951456310679613,
    0.07407407407407407,
    0.5686274509803921,
    0.36507936507936506,
    0.6407766990291263,
    0.18556701030927836,
    0.2222222222222222,
    0.35714285714285715,
    0.34545454545454546,
    0.5168539325842697,
    0.651685393258427,
    0.594059405940594,
    0.5471698113207547,
    0.47058823529411764,
    0.3146067415730337,
    0.5669291338582677,
    0.33707865168539325,
    0.5161290322580645,
    0.48120300751879697,
    0.6166666666666667,
    0.4852941176470588,
    0.4044943820224719,
    0.5757575757575758,
    0.3058823529411765,
    0.47619047619047616,
    0.2222222222222222
  ],