{
  "accuracy": 0.4348,
  "precision_macro": 0.435201255411918,
  "recall_macro": 0.43479999999999996,
  "f1_macro": 0.4180578965020622,
  "precision_weighted": 0.4352012554119181,
  "recall_weighted": 0.4348,
  "f1_weighted": 0.41805789650206204,
  "per_class_f1": [
    0.7692307692307693,
    0.6779661016949152,
    0.4067796610169492,
    0.36923076923076925,
    0.3508771929824561,
    0.07228915662650602,
    0.6355140186915887,
    0.23157894736842105,
    0.5981308411214953,
    0.3793103448275862,
    0.24691358024691357,
    0.4731182795698925,
    0.47368421052631576,
    0.6436781609195402,
    0.5569620253164557,
    0.29545454545454547,
    0.32432432432432434,
    0.5217391304347826,
    0.40404040404040403,
    0.5714285714285714,
    0.5344827586206896,
    0.6956521739130435,
    0.6065573770491803,
    0.7049180327868853,
    0.2222222222222222,
    0.5794392523364486,
    0.3776223776223776,
    0.0,
    0.38333333333333336,
    0.07407407407407407,
    0.40404040404040403,
    0.4628099173553719,
    0.2,
    0.3275862068965517,
    0.5333333333333333,
    0.4305555555555556,
    0.6464646464646465,
    0.4444444444444444,
    0.48,
    0.35051546391752575,
    0.2222222222222222,
    0.3058823529411765,
    0.35658914728682173,
    0.4117647058823529,
    0.8316831683168316,
    0.6666666666666666,
    0.5274725274725275,
    0.4948453608247423,
    0.13157894736842105,
    0.21686746987951808,
    0.5882352941176471,
    0.3333333333333333,
    0.64,
    0.4888888888888889,
    0.4090909090909091,
    0.46875,
    0.24761904761904763,
    0.6101694915254238,
    0.6782608695652174,
    0.37333333333333335,
    0.47692307692307695,
    0.5,
    0.29545454545454547,
    0.39603960396039606,
    0.25,
    0.25806451612903225,
    0.5154639175257731,
    0.25,
    0.37209302325581395,
    0.3333333333333333,
    0.24096385542168675,
    0.6610169491525424,
    0.32608695652173914,
    0.4146341463414634,
    0.4732824427480916,
    0.32432432432432434,
    0.3917525773195876,
    0.06153846153846154,
    0.6862745098039216,
    0.25,
    0.2,
    0.7192982456140351,
    0.39436619718309857,
    0.26666666666666666,
    0.34,
    0.45977011494252873,
    0.47191011235955055,
    0.4485981308411215,
    0.06779661016949153,
    0.37254901960784315,
    0.42748091603053434,
    0.4864864864864865,
    0.3287671232876712,
    0.3865546218487395,
    0.4094488188976378,
    0.4369747899159664,
    0.4,
    0.35555555555555557,
    0.48695652173913045,
    0.1836734693877551,
    0.16129032258064516,
    0.6138613861386139,
    0.29545454545454547,
    0.7884615384615384,
    0.24324324324324326,
    0.26262626262626265,
    0.24175824175824176,
    0.6481481481481481,
    0.6486486486486487,
    0.4731182795698925,
    0.32653061224489793,
    0.6336633663366337,
    0.336,
    0.4444444444444444,
    0.4186046511627907,
    0.8080808080808081,
    0.43956043956043955,
    0.5321100917431193,
    0.6666666666666666,
    0.24,
    0.2644628099173554,
    0.5714285714285714,
    0.13559322033898305,
    0.23076923076923078,
    0.65625,
    0.16,
    0.5116279069767442,
    0.35294117647058826,
    0.4727272727272727,
    0.56,
    0.32098765432098764,
    0.0,
    0.058823529411764705,
    0.6732673267326733,
    0.4634146341463415,
    0.06060606060606061,
    0.23357664233576642,
    0.2727272727272727,
    0.21428571428571427,
    0.12307692307692308,
    0.4444444444444444,
    0.30985915492957744,
    0.4444444444444444,
    0.7722772277227723,
    0.3865546218487395,
    0.7884615384615384,
    0.6041666666666666,
    0.28368794326241137,
    0.3925233644859813,
    0.375,
    0.411214953271028,
    0.33766233766233766,
    0.4470588235294118,
    0.4318181818181818,
    0.5,
    0.379746835443038,
    0.34285714285714286,
    0.3655913978494624,
    0.24390243902439024,
    0.03571428571428571,
    0.3875968992248062,
    0.3469387755102041,
    0.6041666666666666,
    0.42,
    0.6086956521739131,
    0.7692307692307693,
    0.7916666666666666,
    0.43137254901960786,
    0.03333333333333333,
    0.3300970873786408,
    0.6060606060606061,
    0.4262295081967213,
    0.2153846153846154,
    0.7157894736842105,
    0.41739130434782606,
    0.0,
    0.5576923076923077,
    0.3310344827586207,
    0.6166666666666667,
    0.22857142857142856,
    0.2764227642276423,
    0.4166666666666667,
    0.3409090909090909,
    0.5168539325842697,
    0.6346153846153846,
    0.5765765765765766,
    0.5,
    0.44660194174757284,
    0.4044943820224719,
    0.6346153846153846,
    0.4,
    0.6379310344827587,
    0.5116279069767442,
    0.6666666666666666,
    0.5084745762711864,
    0.3851851851851852,
    0.5142857142857142,
    0.20253164556962025,
    0.4888888888888889,
    0.2708333333333333
  ],