{
  "accuracy": 0.3372,
  "precision_macro": 0.3712097627493931,
  "recall_macro": 0.3372,
  "f1_macro": 0.32444003863817783,
  "precision_weighted": 0.3712097627493931,
  "recall_weighted": 0.3372,
  "f1_weighted": 0.32444003863817783,
  "per_class_f1": [
    0.5535714285714286,
    0.5862068965517241,
    0.2992125984251969,
    0.26666666666666666,
    0.3548387096774194,
    0.049586776859504134,
    0.49411764705882355,
    0.03225806451612903,
    0.5,
    0.17543859649122806,
    0.16129032258064516,
    0.4375,
    0.4161849710982659,
    0.5161290322580645,
    0.43902439024390244,
    0.13559322033898305,
    0.16393442622950818,
    0.4444444444444444,
    0.3047619047619048,
    0.4339622641509434,
    0.3711340206185567,
    0.6326530612244898,
    0.5660377358490566,
    0.6434782608695652,
    0.15384615384615385,
    0.47058823529411764,
    0.3963963963963964,
    0.15625,
    0.3076923076923077,
    0.11594202898550725,
    0.3191489361702128,
    0.4444444444444444,
    0.14634146341463414,
    0.03278688524590164,
    0.3853211009174312,
    0.43103448275862066,
    0.7083333333333334,
    0.16666666666666666,
    0.3893805309734513,
    0.34782608695652173,
    0.17142857142857143,
    0.2,
    0.22608695652173913,
    0.3614457831325301,
    0.7916666666666666,
    0.5,
    0.3333333333333333,
    0.4444444444444444,
    0.07272727272727272,
    0.21052631578947367,
    0.4755244755244755,
    0.11594202898550725,
    0.5952380952380952,
    0.3953488372093023,
    0.34782608695652173,
    0.32286995515695066,
    0.1797752808988764,
    0.4,
    0.6557377049180327,
    0.22580645161290322,
    0.31746031746031744,
    0.4778761061946903,
    0.0,
    0.3037974683544304,
    0.03076923076923077,
    0.1728395061728395,
    0.5393258426966292,
    0.13793103448275862,
    0.3368421052631579,
    0.1388888888888889,
    0.3010752688172043,
    0.6355140186915887,
    0.17391304347826086,
    0.3269230769230769,
    0.43243243243243246,
    0.19672131147540983,
    0.2535211267605634,
    0.14705882352941177,
    0.6213592233009708,
    0.0,
    0.1,
    0.6666666666666666,
    0.3068181818181818,
    0.22784810126582278,
    0.14814814814814814,
    0.22857142857142856,
    0.4,
    0.2833333333333333,
    0.0,
    0.22,
    0.29,
    0.4854368932038835,
    0.2191780821917808,
    0.3838383838383838,
    0.40816326530612246,
    0.3137254901960784,
    0.2191780821917808,
    0.34146341463414637,
    0.4576271186440678,
    0.03125,
    0.13333333333333333,
    0.5116279069767442,
    0.125,
    0.7446808510638298,
    0.2972972972972973,
    0.16279069767441862,
    0.10256410256410256,
    0.5378151260504201,
    0.6538461538461539,
    0.273972602739726,
    0.18181818181818182,
    0.4583333333333333,
    0.27906976744186046,
    0.11764705882352941,
    0.24691358024691357,
    0.7676767676767676,
    0.359375,
    0.379746835443038,
    0.5161290322580645,
    0.21428571428571427,
    0.30612244897959184,
    0.5111111111111111,
    0.08130081300813008,
    0.14814814814814814,
    0.6727272727272727,
    0.05063291139240506,
    0.5045045045045045,
    0.18461538461538463,
    0.33548387096774196,
    0.48484848484848486,
    0.12307692307692308,
    0.029411764705882353,
    0.07407407407407407,
    0.6422018348623854,
    0.358974358974359,
    0.07142857142857142,
    0.136986301369863,
    0.03333333333333333,
    0.112,
    0.10714285714285714,
    0.3695652173913043,
    0.21052631578947367,
    0.29411764705882354,
    0.7222222222222222,
    0.2909090909090909,
    0.7592592592592593,
    0.5957446808510638,
    0.24285714285714285,
    0.367816091954023,
    0.30303030303030304,
    0.42201834862385323,
    0.2222222222222222,
    0.3308270676691729,
    0.46511627906976744,
    0.41975308641975306,
    0.42201834862385323,
    0.11940298507462686,
    0.35294117647058826,
    0.2,
    0.037037037037037035,
    0.2608695652173913,
    0.09375,
    0.43243243243243246,
    0.34710743801652894,
    0.3225806451612903,
    0.7070707070707071,
    0.7128712871287128,
    0.3023255813953488,
    0.0,
    0.2247191011235955,
    0.5897435897435898,
    0.36363636363636365,
    0.11594202898550725,
    0.5454545454545454,
    0.2777777777777778,
    0.0,
    0.5794392523364486,
    0.35555555555555557,
    0.5454545454545454,
    0.1978021978021978,
    0.18867924528301888,
    0.2777777777777778,
    0.4,
    0.42857142857142855,
    0.425531914893617,
    0.47619047619047616,
    0.0890937019969278,
    0.25287356321839083,
    0.1388888888888889,
    0.47058823529411764,
    0.2191780821917808,
    0.44871794871794873,
    0.4369747899159664,
    0.5038167938931297,
    0.313953488372093,
    0.21505376344086022,
    0.4857142857142857,
    0.14705882352941177,
    0.31693989071038253,
    0.24719101123595505
  ],