{
  "accuracy": 0.4115,
  "precision_macro": 0.41424395043107054,
  "recall_macro": 0.4115,
  "f1_macro": 0.39316081117414386,
  "precision_weighted": 0.4142439504310707,
  "recall_weighted": 0.4115,
  "f1_weighted": 0.3931608111741438,
  "per_class_f1": [
    0.7339449541284404,
    0.583941605839416,
    0.34838709677419355,
    0.2692307692307692,
    0.42276422764227645,
    0.08108108108108109,
    0.5714285714285714,
    0.21505376344086022,
    0.5964912280701754,
    0.3793103448275862,
    0.14705882352941177,
    0.46017699115044247,
    0.4852941176470588,
    0.6804123711340206,
    0.4883720930232558,
    0.2597402597402597,
    0.2647058823529412,
    0.4166666666666667,
    0.32967032967032966,
    0.5523809523809524,
    0.47244094488188976,
    0.5818181818181818,
    0.6086956521739131,
    0.7339449541284404,
    0.11494252873563218,
    0.49612403100775193,
    0.45045045045045046,
    0.056338028169014086,
    0.3275862068965517,
    0.1643835616438356,
    0.4948453608247423,
    0.43243243243243246,
    0.16,
    0.16393442622950818,
    0.464,
    0.4148148148148148,
    0.6857142857142857,
    0.43564356435643564,
    0.3763440860215054,
    0.37777777777777777,
    0.18181818181818182,
    0.33707865168539325,
    0.35051546391752575,
    0.3595505617977528,
    0.8349514563106796,
    0.7115384615384616,
    0.3185840707964602,
    0.43902439024390244,
    0.15151515151515152,
    0.1702127659574468,
    0.5135135135135135,
    0.2608695652173913,
    0.5656565656565656,
    0.25,
    0.3956043956043956,
    0.36180904522613067,
    0.2222222222222222,
    0.4380952380952381,
    0.6608695652173913,
    0.46511627906976744,
    0.4370860927152318,
    0.5185185185185185,
    0.3013698630136986,
    0.36363636363636365,
    0.13114754098360656,
    0.26229508196721313,
    0.5393258426966292,
    0.19672131147540983,
    0.3582089552238806,
    0.32608695652173914,
    0.30612244897959184,
    0.6206896551724138,
    0.32608695652173914,
    0.37209302325581395,
    0.3838383838383838,
    0.2857142857142857,
    0.34210526315789475,
    0.06896551724137931,
    0.7956989247311828,
    0.3125,
    0.16,
    0.6842105263157895,
    0.32116788321167883,
    0.2972972972972973,
    0.25,
    0.40476190476190477,
    0.5057471264367817,
    0.40298507462686567,
    0.03508771929824561,
    0.3855421686746988,
    0.46296296296296297,
    0.5128205128205128,
    0.3611111111111111,
    0.38461538461538464,
    0.43243243243243246,
    0.36363636363636365,
    0.29473684210526313,
    0.40425531914893614,
    0.4954128440366973,
    0.17142857142857143,
    0.13333333333333333,
    0.611764705882353,
    0.1935483870967742,
    0.7555555555555555,
    0.3333333333333333,
    0.2857142857142857,
    0.2268041237113402,
    0.5714285714285714,
    0.6728971962616822,
    0.40404040404040403,
    0.37209302325581395,
    0.5390070921985816,
    0.34782608695652173,
    0.3333333333333333,
    0.3238095238095238,
    0.7818181818181819,
    0.375,
    0.45098039215686275,
    0.6792452830188679,
    0.32989690721649484,
    0.3181818181818182,
    0.45098039215686275,
    0.05970149253731343,
    0.22388059701492538,
    0.6972477064220184,
    0.17857142857142858,
    0.45977011494252873,
    0.3711340206185567,
    0.42105263157894735,
    0.5742574257425742,
    0.273972602739726,
    0.0,
    0.11428571428571428,
    0.6153846153846154,
    0.425531914893617,
    0.18604651162790697,
    0.23008849557522124,
    0.26865671641791045,
    0.18181818181818182,
    0.05970149253731343,
    0.4418604651162791,
    0.35714285714285715,
    0.3956043956043956,
    0.5954198473282443,
    0.3838383838383838,
    0.7326732673267327,
    0.6041666666666666,
    0.23076923076923078,
    0.3829787234042553,
    0.47191011235955055,
    0.40384615384615385,
    0.34782608695652173,
    0.43243243243243246,
    0.4716981132075472,
    0.46,
    0.42696629213483145,
    0.36585365853658536,
    0.37894736842105264,
    0.2028985507246377,
    0.0,
    0.2702702702702703,
    0.29473684210526313,
    0.5116279069767442,
    0.37383177570093457,
    0.432,
    0.7102803738317757,
    0.7543859649122807,
    0.509090909090909,
    0.09230769230769231,
    0.3218390804597701,
    0.616822429906542,
    0.4791666666666667,
    0.06451612903225806,
    0.66,
    0.37606837606837606,
    0.07547169811320754,
    0.5528455284552846,
    0.3458646616541353,
    0.5271317829457365,
    0.2318840579710145,
    0.30927835051546393,
    0.3111111111111111,
    0.34285714285714286,
    0.42857142857142855,
    0.5882352941176471,
    0.5544554455445545,
    0.5048543689320388,
    0.43956043956043955,
    0.3673469387755102,
    0.4827586206896552,
    0.33663366336633666,
    0.5588235294117647,
    0.43537414965986393,
    0.7128712871287128,
    0.4444444444444444,
    0.34234234234234234,
    0.5098039215686274,
    0.2028985507246377,
    0.4740740740740741,
    0.3018867924528302
  ],