{
  "accuracy": 0.4087,
  "precision_macro": 0.40951387206953654,
  "recall_macro": 0.40869999999999995,
  "f1_macro": 0.390041324807609,
  "precision_weighted": 0.4095138720695365,
  "recall_weighted": 0.4087,
  "f1_weighted": 0.39004132480760906,
  "per_class_f1": [
    0.6846846846846847,
    0.6724137931034483,
    0.3851851851851852,
    0.3711340206185567,
    0.384,
    0.10526315789473684,
    0.544,
    0.2553191489361702,
    0.6666666666666666,
    0.33112582781456956,
    0.2465753424657534,
    0.46,
    0.5376344086021505,
    0.6813186813186813,
    0.6444444444444445,
    0.3181818181818182,
    0.19718309859154928,
    0.4528301886792453,
    0.3140495867768595,
    0.5283018867924528,
    0.4888888888888889,
    0.5858585858585859,
    0.5555555555555556,
    0.6991869918699187,
    0.20168067226890757,
    0.48,
    0.4666666666666667,
    0.21238938053097345,
    0.3235294117647059,
    0.06666666666666667,
    0.375,
    0.42857142857142855,
    0.24324324324324326,
    0.12698412698412698,
    0.42105263157894735,
    0.4121212121212121,
    0.7027027027027027,
    0.3829787234042553,
    0.4186046511627907,
    0.3541666666666667,
    0.23684210526315788,
    0.30357142857142855,
    0.3516483516483517,
    0.4948453608247423,
    0.7961165048543689,
    0.6776859504132231,
    0.3958333333333333,
    0.47058823529411764,
    0.20253164556962025,
    0.05405405405405406,
    0.559322033898305,
    0.2018348623853211,
    0.576271186440678,
    0.3464566929133858,
    0.2777777777777778,
    0.45161290322580644,
    0.18556701030927836,
    0.5217391304347826,
    0.7128712871287128,
    0.3170731707317073,
    0.43333333333333335,
    0.5378151260504201,
    0.25,
    0.32941176470588235,
    0.1016949152542373,
    0.21428571428571427,
    0.6021505376344086,
    0.15789473684210525,
    0.2639593908629442,
    0.3018867924528302,
    0.24719101123595505,
    0.5925925925925926,
    0.3076923076923077,
    0.3695652173913043,
    0.3148148148148148,
    0.2823529411764706,
    0.275,
    0.136986301369863,
    0.7027027027027027,
    0.3333333333333333,
    0.136986301369863,
    0.7321428571428571,
    0.41818181818181815,
    0.26804123711340205,
    0.2711864406779661,
    0.27586206896551724,
    0.42718446601941745,
    0.3300970873786408,
    0.0,
    0.3925233644859813,
    0.4566929133858268,
    0.5263157894736842,
    0.367816091954023,
    0.4489795918367347,
    0.45925925925925926,
    0.41304347826086957,
    0.3711340206185567,
    0.4,
    0.5161290322580645,
    0.1095890410958904,
    0.14285714285714285,
    0.6304347826086957,
    0.1875,
    0.7333333333333333,
    0.3023255813953488,
    0.32727272727272727,
    0.22413793103448276,
    0.6016260162601627,
    0.7021276595744681,
    0.43478260869565216,
    0.34782608695652173,
    0.5277777777777778,
    0.25225225225225223,
    0.2894736842105263,
    0.28,
    0.7920792079207921,
    0.40860215053763443,
    0.5045045045045045,
    0.6126126126126126,
    0.3111111111111111,
    0.34545454545454546,
    0.4819277108433735,
    0.07142857142857142,
    0.21374045801526717,
    0.6885245901639344,
    0.2191780821917808,
    0.4,
    0.3953488372093023,
    0.45045045045045046,
    0.5176470588235295,
    0.225,
    0.07142857142857142,
    0.16279069767441862,
    0.6206896551724138,
    0.4186046511627907,
    0.1,
    0.22826086956521738,
    0.16129032258064516,
    0.12987012987012986,
    0.03508771929824561,
    0.4444444444444444,
    0.3013698630136986,
    0.45652173913043476,
    0.5,
    0.34951456310679613,
    0.7226890756302521,
    0.6808510638297872,
    0.25925925925925924,
    0.31683168316831684,
    0.4827586206896552,
    0.46153846153846156,
    0.2857142857142857,
    0.45977011494252873,
    0.3373493975903614,
    0.43902439024390244,
    0.5052631578947369,
    0.27450980392156865,
    0.29333333333333333,
    0.2727272727272727,
    0.0,
    0.367816091954023,
    0.36363636363636365,
    0.5,
    0.37168141592920356,
    0.5233644859813084,
    0.7058823529411765,
    0.7346938775510204,
    0.38095238095238093,
    0.09836065573770492,
    0.35294117647058826,
    0.6666666666666666,
    0.3111111111111111,
    0.1875,
    0.574468085106383,
    0.345679012345679,
    0.07142857142857142,
    0.6605504587155964,
    0.36065573770491804,
    0.5100671140939598,
    0.25287356321839083,
    0.21428571428571427,
    0.3838383838383838,
    0.3300970873786408,
    0.46808510638297873,
    0.4909090909090909,
    0.4946236559139785,
    0.34615384615384615,
    0.4144144144144144,
    0.27906976744186046,
    0.6,
    0.3516483516483517,
    0.4868421052631579,
    0.49586776859504134,
    0.6201550387596899,
    0.49572649572649574,
    0.35051546391752575,
    0.5692307692307692,
    0.3058823529411765,
    0.38571428571428573,
    0.2558139534883721
  ],