{
  "accuracy": 0.3798,
  "precision_macro": 0.38247748634586165,
  "recall_macro": 0.3798,
  "f1_macro": 0.36092112946021987,
  "precision_weighted": 0.3824774863458616,
  "recall_weighted": 0.3798,
  "f1_weighted": 0.36092112946021987,
  "per_class_f1": [
    0.6785714285714286,
    0.64,
    0.36363636363636365,
    0.28,
    0.3357664233576642,
    0.1411764705882353,
    0.5660377358490566,
    0.1927710843373494,
    0.5194805194805194,
    0.27522935779816515,
    0.1728395061728395,
    0.46601941747572817,
    0.5272727272727272,
    0.6818181818181818,
    0.5060240963855421,
    0.3218390804597701,
    0.15384615384615385,
    0.5360824742268041,
    0.26,
    0.5087719298245614,
    0.5040650406504065,
    0.5370370370370371,
    0.5825242718446602,
    0.625,
    0.24096385542168675,
    0.4909090909090909,
    0.4485981308411215,
    0.057971014492753624,
    0.39603960396039606,
    0.0,
    0.3564356435643564,
    0.3655913978494624,
    0.18181818181818182,
    0.136986301369863,
    0.3917525773195876,
    0.43010752688172044,
    0.6458333333333334,
    0.44680851063829785,
    0.44680851063829785,
    0.33043478260869563,
    0.13953488372093023,
    0.2916666666666667,
    0.22033898305084745,
    0.4074074074074074,
    0.8235294117647058,
    0.6140350877192983,
    0.38095238095238093,
    0.5,
    0.12658227848101267,
    0.20588235294117646,
    0.49673202614379086,
    0.19607843137254902,
    0.5666666666666667,
    0.3883495145631068,
    0.3488372093023256,
    0.4697986577181208,
    0.18421052631578946,
    0.4948453608247423,
    0.6808510638297872,
    0.3466666666666667,
    0.4507042253521127,
    0.5470085470085471,
    0.3010752688172043,
    0.30303030303030304,
    0.16901408450704225,
    0.14285714285714285,
    0.48484848484848486,
    0.15384615384615385,
    0.37333333333333335,
    0.20454545454545456,
    0.32075471698113206,
    0.6037735849056604,
    0.2028985507246377,
    0.4,
    0.32558139534883723,
    0.24390243902439024,
    0.24,
    0.09090909090909091,
    0.6551724137931034,
    0.15625,
    0.0821917808219178,
    0.6896551724137931,
    0.31343283582089554,
    0.23880597014925373,
    0.3090909090909091,
    0.36585365853658536,
    0.41379310344827586,
    0.3146067415730337,
    0.0,
    0.3853211009174312,
    0.39097744360902253,
    0.41134751773049644,
    0.3055555555555556,
    0.43902439024390244,
    0.32098765432098764,
    0.34782608695652173,
    0.2823529411764706,
    0.3246753246753247,
    0.453781512605042,
    0.14492753623188406,
    0.11428571428571428,
    0.5045045045045045,
    0.24324324324324326,
    0.6476190476190476,
    0.30952380952380953,
    0.23404255319148937,
    0.08955223880597014,
    0.5034965034965035,
    0.47540983606557374,
    0.3486238532110092,
    0.20454545454545456,
    0.4318181818181818,
    0.2978723404255319,
    0.2891566265060241,
    0.26262626262626265,
    0.7592592592592593,
    0.3225806451612903,
    0.3893805309734513,
    0.6542056074766355,
    0.23636363636363636,
    0.21621621621621623,
    0.4691358024691358,
    0.08450704225352113,
    0.1511627906976744,
    0.5985401459854015,
    0.19148936170212766,
    0.4835164835164835,
    0.34782608695652173,
    0.425531914893617,
    0.5714285714285714,
    0.21212121212121213,
    0.0,
    0.0967741935483871,
    0.6363636363636364,
    0.4175824175824176,
    0.18181818181818182,
    0.21476510067114093,
    0.1,
    0.11627906976744186,
    0.13333333333333333,
    0.336,
    0.2465753424657534,
    0.3130434782608696,
    0.7524752475247525,
    0.2689075630252101,
    0.7927927927927928,
    0.6407766990291263,
    0.15,
    0.2894736842105263,
    0.40816326530612246,
    0.4318181818181818,
    0.2028985507246377,
    0.32941176470588235,
    0.4482758620689655,
    0.42201834862385323,
    0.4074074074074074,
    0.20253164556962025,
    0.34285714285714286,
    0.25806451612903225,
    0.037037037037037035,
    0.24390243902439024,
    0.16129032258064516,
    0.46511627906976744,
    0.323943661971831,
    0.4318181818181818,
    0.6666666666666666,
    0.6991869918699187,
    0.3333333333333333,
    0.10714285714285714,
    0.33663366336633666,
    0.5242718446601942,
    0.46511627906976744,
    0.07894736842105263,
    0.5208333333333334,
    0.3466666666666667,
    0.07407407407407407,
    0.5384615384615384,
    0.3724137931034483,
    0.5217391304347826,
    0.17647058823529413,
    0.21176470588235294,
    0.35294117647058826,
    0.3368421052631579,
    0.49382716049382713,
    0.6451612903225806,
    0.5416666666666666,
    0.41509433962264153,
    0.3076923076923077,
    0.2549019607843137,
    0.49382716049382713,
    0.3373493975903614,
    0.5362318840579711,
    0.45,
    0.6666666666666666,
    0.3958333333333333,
    0.35714285714285715,
    0.5510204081632653,
    0.2077922077922078,
    0.25210084033613445,
    0.21176470588235294
  ],