{
  "accuracy": 0.3606,
  "precision_macro": 0.3670930425246993,
  "recall_macro": 0.36060000000000003,
  "f1_macro": 0.3393341536685515,
  "precision_weighted": 0.3670930425246994,
  "recall_weighted": 0.3606,
  "f1_weighted": 0.3393341536685515,
  "per_class_f1": [
    0.5981308411214953,
    0.6538461538461539,
    0.35398230088495575,
    0.19444444444444445,
    0.34782608695652173,
    0.05063291139240506,
    0.46153846153846156,
    0.18461538461538463,
    0.5321100917431193,
    0.28378378378378377,
    0.11594202898550725,
    0.45098039215686275,
    0.4126984126984127,
    0.6588235294117647,
    0.46464646464646464,
    0.13114754098360656,
    0.16,
    0.384,
    0.18691588785046728,
    0.3898305084745763,
    0.43410852713178294,
    0.5535714285714286,
    0.6194690265486725,
    0.6614173228346457,
    0.13333333333333333,
    0.4482758620689655,
    0.3597122302158273,
    0.04938271604938271,
    0.2896551724137931,
    0.031746031746031744,
    0.42424242424242425,
    0.43137254901960786,
    0.15384615384615385,
    0.03508771929824561,
    0.44,
    0.3826086956521739,
    0.6170212765957447,
    0.21333333333333335,
    0.3333333333333333,
    0.31932773109243695,
    0.2,
    0.2727272727272727,
    0.27906976744186046,
    0.3409090909090909,
    0.8,
    0.5416666666666666,
    0.22580645161290322,
    0.3883495145631068,
    0.06451612903225806,
    0.12195121951219512,
    0.4880952380952381,
    0.25882352941176473,
    0.5833333333333334,
    0.3023255813953488,
    0.2857142857142857,
    0.35233160621761656,
    0.21951219512195122,
    0.464,
    0.6333333333333333,
    0.17647058823529413,
    0.4161073825503356,
    0.5178571428571429,
    0.2153846153846154,
    0.2857142857142857,
    0.11594202898550725,
    0.15584415584415584,
    0.45714285714285713,
    0.037037037037037035,
    0.3312883435582822,
    0.20408163265306123,
    0.3008849557522124,
    0.5945945945945946,
    0.26262626262626265,
    0.4146341463414634,
    0.46296296296296297,
    0.20512820512820512,
    0.2,
    0.1518987341772152,
    0.6792452830188679,
    0.21428571428571427,
    0.19047619047619047,
    0.6612903225806451,
    0.3270440251572327,
    0.225,
    0.2524271844660194,
    0.4117647058823529,
    0.4090909090909091,
    0.2553191489361702,
    0.0,
    0.3409090909090909,
    0.3875968992248062,
    0.42028985507246375,
    0.20253164556962025,
    0.3888888888888889,
    0.25,
    0.3333333333333333,
    0.2988505747126437,
    0.2893081761006289,
    0.35772357723577236,
    0.03225806451612903,
    0.2318840579710145,
    0.5909090909090909,
    0.25396825396825395,
    0.6868686868686869,
    0.17142857142857143,
    0.25263157894736843,
    0.16,
    0.5714285714285714,
    0.6060606060606061,
    0.28888888888888886,
    0.2222222222222222,
    0.5535714285714286,
    0.36363636363636365,
    0.15151515151515152,
    0.3013698630136986,
    0.75,
    0.36893203883495146,
    0.41818181818181815,
    0.6666666666666666,
    0.11940298507462686,
    0.3018867924528302,
    0.4444444444444444,
    0.031746031746031744,
    0.14814814814814814,
    0.6972477064220184,
    0.13513513513513514,
    0.4375,
    0.33766233766233766,
    0.44680851063829785,
    0.3958333333333333,
    0.1782178217821782,
    0.0,
    0.1016949152542373,
    0.5365853658536586,
    0.33707865168539325,
    0.1694915254237288,
    0.288,
    0.12698412698412698,
    0.1111111111111111,
    0.03571428571428571,
    0.336283185840708,
    0.2926829268292683,
    0.23655913978494625,
    0.6964285714285714,
    0.26804123711340205,
    0.7350427350427351,
    0.6818181818181818,
    0.22727272727272727,
    0.3469387755102041,
    0.41304347826086957,
    0.3617021276595745,
    0.25806451612903225,
    0.37209302325581395,
    0.45871559633027525,
    0.4578313253012048,
    0.43956043956043955,
    0.16129032258064516,
    0.3,
    0.20930232558139536,
    0.0392156862745098,
    0.25688073394495414,
    0.16,
    0.5102040816326531,
    0.2765957446808511,
    0.45614035087719296,
    0.6274509803921569,
    0.7476635514018691,
    0.40384615384615385,
    0.0,
    0.2631578947368421,
    0.5925925925925926,
    0.42857142857142855,
    0.06153846153846154,
    0.6170212765957447,
    0.41304347826086957,
    0.0,
    0.5494505494505495,
    0.3188405797101449,
    0.5103448275862069,
    0.08108108108108109,
    0.2,
    0.24691358024691357,
    0.2222222222222222,
    0.48484848484848486,
    0.45217391304347826,
    0.5098039215686274,
    0.2706766917293233,
    0.4036697247706422,
    0.2064516129032258,
    0.49504950495049505,
    0.3157894736842105,
    0.4625,
    0.3905325443786982,
    0.6166666666666667,
    0.4186046511627907,
    0.3063063063063063,
    0.4966442953020134,
    0.2127659574468085,
    0.17088607594936708,
    0.2247191011235955
  ],