{
  "accuracy": 0.3374,
  "precision_macro": 0.39029856053541095,
  "recall_macro": 0.33740000000000003,
  "f1_macro": 0.33345222632488586,
  "precision_weighted": 0.39029856053541095,
  "recall_weighted": 0.3374,
  "f1_weighted": 0.33345222632488586,
  "per_class_f1": [
    0.5619834710743802,
    0.5826771653543307,
    0.2857142857142857,
    0.1791044776119403,
    0.23300970873786409,
    0.020942408376963352,
    0.4642857142857143,
    0.1797752808988764,
    0.6078431372549019,
    0.10421836228287841,
    0.0967741935483871,
    0.4146341463414634,
    0.5376344086021505,
    0.5287356321839081,
    0.5,
    0.13114754098360656,
    0.17647058823529413,
    0.5294117647058824,
    0.29213483146067415,
    0.49411764705882355,
    0.36486486486486486,
    0.5773195876288659,
    0.5168539325842697,
    0.5423728813559322,
    0.2191780821917808,
    0.4727272727272727,
    0.453781512605042,
    0.06451612903225806,
    0.3883495145631068,
    0.13114754098360656,
    0.4155844155844156,
    0.43037974683544306,
    0.0967741935483871,
    0.07792207792207792,
    0.43478260869565216,
    0.45901639344262296,
    0.6382978723404256,
    0.2716049382716049,
    0.5263157894736842,
    0.3058823529411765,
    0.09090909090909091,
    0.23529411764705882,
    0.2773722627737226,
    0.38636363636363635,
    0.7789473684210526,
    0.5932203389830508,
    0.13559322033898305,
    0.5434782608695652,
    0.10526315789473684,
    0.2191780821917808,
    0.6166666666666667,
    0.24,
    0.48484848484848486,
    0.36363636363636365,
    0.2898550724637681,
    0.33532934131736525,
    0.12244897959183673,
    0.45045045045045046,
    0.6326530612244898,
    0.3188405797101449,
    0.44285714285714284,
    0.5142857142857142,
    0.1694915254237288,
    0.3902439024390244,
    0.16470588235294117,
    0.15306122448979592,
    0.5168539325842697,
    0.07692307692307693,
    0.3157894736842105,
    0.05263157894736842,
    0.2894736842105263,
    0.5894736842105263,
    0.12987012987012986,
    0.3595505617977528,
    0.39215686274509803,
    0.1935483870967742,
    0.10810810810810811,
    0.02564102564102564,
    0.6981132075471698,
    0.1791044776119403,
    0.10714285714285714,
    0.7047619047619048,
    0.2913907284768212,
    0.30434782608695654,
    0.0975609756097561,
    0.42592592592592593,
    0.35135135135135137,
    0.22857142857142856,
    0.0,
    0.24324324324324326,
    0.43859649122807015,
    0.31724137931034485,
    0.14705882352941177,
    0.3673469387755102,
    0.42857142857142855,
    0.375,
    0.19298245614035087,
    0.31932773109243695,
    0.45161290322580644,
    0.0967741935483871,
    0.0,
    0.5617977528089888,
    0.2535211267605634,
    0.7816091954022989,
    0.4044943820224719,
    0.21138211382113822,
    0.14583333333333334,
    0.5742574257425742,
    0.5476190476190477,
    0.3469387755102041,
    0.27586206896551724,
    0.6111111111111112,
    0.3191489361702128,
    0.37333333333333335,
    0.2916666666666667,
    0.7058823529411765,
    0.3037974683544304,
    0.40425531914893614,
    0.5825242718446602,
    0.14,
    0.275,
    0.4523809523809524,
    0.037037037037037035,
    0.17567567567567569,
    0.6181818181818182,
    0.1728395061728395,
    0.49557522123893805,
    0.22535211267605634,
    0.3787878787878788,
    0.5360824742268041,
    0.15151515151515152,
    0.0,
    0.03773584905660377,
    0.6,
    0.32432432432432434,
    0.03389830508474576,
    0.08923076923076922,
    0.19672131147540983,
    0.09345794392523364,
    0.06779661016949153,
    0.2318840579710145,
    0.2153846153846154,
    0.33766233766233766,
    0.5815602836879432,
    0.23809523809523808,
    0.803921568627451,
    0.5420560747663551,
    0.10638297872340426,
    0.10666666666666667,
    0.358974358974359,
    0.5128205128205128,
    0.13114754098360656,
    0.17647058823529413,
    0.5112781954887218,
    0.345679012345679,
    0.32558139534883723,
    0.23529411764705882,
    0.3181818181818182,
    0.03571428571428571,
    0.0,
    0.16901408450704225,
    0.26666666666666666,
    0.37142857142857144,
    0.42424242424242425,
    0.4380952380952381,
    0.6593406593406593,
    0.8113207547169812,
    0.40476190476190477,
    0.0,
    0.4044943820224719,
    0.5714285714285714,
    0.33707865168539325,
    0.0,
    0.5185185185185185,
    0.4230769230769231,
    0.0,
    0.5283018867924528,
    0.3559322033898305,
    0.524822695035461,
    0.14705882352941177,
    0.18518518518518517,
    0.36893203883495146,
    0.30952380952380953,
    0.40540540540540543,
    0.5494505494505495,
    0.4578313253012048,
    0.3728813559322034,
    0.4166666666666667,
    0.10989010989010989,
    0.5242718446601942,
    0.3,
    0.5555555555555556,
    0.448,
    0.7142857142857143,
    0.375,
    0.09375,
    0.5,
    0.08928571428571429,
    0.24096385542168675,
    0.22727272727272727
  ],