{
  "accuracy": 0.3918,
  "precision_macro": 0.41044221600043856,
  "recall_macro": 0.3918000000000001,
  "f1_macro": 0.37603880093150477,
  "precision_weighted": 0.41044221600043856,
  "recall_weighted": 0.3918,
  "f1_weighted": 0.3760388009315048,
  "per_class_f1": [
    0.7017543859649122,
    0.6422018348623854,
    0.4132231404958678,
    0.25,
    0.4,
    0.17073170731707318,
    0.5681818181818182,
    0.16666666666666666,
    0.68,
    0.27941176470588236,
    0.14492753623188406,
    0.575,
    0.5567010309278351,
    0.6947368421052632,
    0.46511627906976744,
    0.3384615384615385,
    0.2608695652173913,
    0.4578313253012048,
    0.3333333333333333,
    0.4074074074074074,
    0.5607476635514018,
    0.6206896551724138,
    0.6534653465346535,
    0.7155963302752294,
    0.23853211009174313,
    0.49586776859504134,
    0.4258064516129032,
    0.0,
    0.3120567375886525,
    0.06896551724137931,
    0.3877551020408163,
    0.5,
    0.2891566265060241,
    0.175,
    0.47619047619047616,
    0.34532374100719426,
    0.673469387755102,
    0.37777777777777777,
    0.4732824427480916,
    0.3018867924528302,
    0.2826086956521739,
    0.32989690721649484,
    0.3333333333333333,
    0.42735042735042733,
    0.8,
    0.6481481481481481,
    0.2857142857142857,
    0.4943820224719101,
    0.06666666666666667,
    0.23157894736842105,
    0.46357615894039733,
    0.18487394957983194,
    0.5196850393700787,
    0.336,
    0.3333333333333333,
    0.3548387096774194,
    0.14953271028037382,
    0.3673469387755102,
    0.6436781609195402,
    0.325,
    0.41830065359477125,
    0.4909090909090909,
    0.2891566265060241,
    0.2916666666666667,
    0.1724137931034483,
    0.18604651162790697,
    0.4444444444444444,
    0.1935483870967742,
    0.277992277992278,
    0.20869565217391303,
    0.3088235294117647,
    0.6260869565217392,
    0.37362637362637363,
    0.37777777777777777,
    0.3584905660377358,
    0.273972602739726,
    0.21333333333333335,
    0.028985507246376812,
    0.7142857142857143,
    0.208955223880597,
    0.11764705882352941,
    0.7816091954022989,
    0.31901840490797545,
    0.2077922077922078,
    0.24761904761904763,
    0.3561643835616438,
    0.42424242424242425,
    0.3010752688172043,
    0.037037037037037035,
    0.3333333333333333,
    0.4036697247706422,
    0.4117647058823529,
    0.2631578947368421,
    0.43103448275862066,
    0.3170731707317073,
    0.37254901960784315,
    0.3409090909090909,
    0.24875621890547264,
    0.38509316770186336,
    0.06779661016949153,
    0.09876543209876543,
    0.5918367346938775,
    0.17142857142857143,
    0.6990291262135923,
    0.21875,
    0.3018867924528302,
    0.14432989690721648,
    0.6101694915254238,
    0.6818181818181818,
    0.40404040404040403,
    0.3333333333333333,
    0.5357142857142857,
    0.36893203883495146,
    0.40963855421686746,
    0.37333333333333335,
    0.7222222222222222,
    0.32989690721649484,
    0.45045045045045046,
    0.5714285714285714,
    0.23809523809523808,
    0.29508196721311475,
    0.41818181818181815,
    0.06060606060606061,
    0.19402985074626866,
    0.7049180327868853,
    0.2524271844660194,
    0.41509433962264153,
    0.35294117647058826,
    0.4166666666666667,
    0.6046511627906976,
    0.29473684210526313,
    0.0,
    0.09523809523809523,
    0.6136363636363636,
    0.37333333333333335,
    0.07547169811320754,
    0.19607843137254902,
    0.18181818181818182,
    0.14285714285714285,
    0.10344827586206896,
    0.4036697247706422,
    0.27848101265822783,
    0.4444444444444444,
    0.5882352941176471,
    0.3,
    0.7610619469026548,
    0.6037735849056604,
    0.1889763779527559,
    0.4036697247706422,
    0.3855421686746988,
    0.46,
    0.20588235294117646,
    0.4367816091954023,
    0.40425531914893614,
    0.47619047619047616,
    0.3953488372093023,
    0.24324324324324326,
    0.3,
    0.20512820512820512,
    0.06557377049180328,
    0.16470588235294117,
    0.38961038961038963,
    0.4358974358974359,
    0.3185840707964602,
    0.4852941176470588,
    0.60431654676259,
    0.7592592592592593,
    0.38181818181818183,
    0.038461538461538464,
    0.3673469387755102,
    0.5932203389830508,
    0.3055555555555556,
    0.15151515151515152,
    0.6111111111111112,
    0.4,
    0.10344827586206896,
    0.5882352941176471,
    0.3815789473684211,
    0.5210084033613446,
    0.13333333333333333,
    0.2608695652173913,
    0.3333333333333333,
    0.3023255813953488,
    0.5476190476190477,
    0.62,
    0.5882352941176471,
    0.4946236559139785,
    0.5046728971962616,
    0.3090909090909091,
    0.5892857142857143,
    0.3541666666666667,
    0.6481481481481481,
    0.4444444444444444,
    0.639344262295082,
    0.3956043956043956,
    0.39622641509433965,
    0.5737704918032787,
    0.12903225806451613,
    0.45390070921985815,
    0.2916666666666667
  ],