{
  "accuracy": 0.4279,
  "precision_macro": 0.4341138277690436,
  "recall_macro": 0.4279,
  "f1_macro": 0.41263541307248675,
  "precision_weighted": 0.43411382776904356,
  "recall_weighted": 0.4279,
  "f1_weighted": 0.4126354130724867,
  "per_class_f1": [
    0.7027027027027027,
    0.6511627906976745,
    0.44274809160305345,
    0.26666666666666666,
    0.4132231404958678,
    0.10989010989010989,
    0.5714285714285714,
    0.1917808219178082,
    0.5528455284552846,
    0.3013698630136986,
    0.22784810126582278,
    0.4883720930232558,
    0.42758620689655175,
    0.6138613861386139,
    0.5494505494505495,
    0.27941176470588236,
    0.24691358024691357,
    0.5567010309278351,
    0.3492063492063492,
    0.43564356435643564,
    0.5454545454545454,
    0.7191011235955056,
    0.6422018348623854,
    0.6779661016949152,
    0.19047619047619047,
    0.5233644859813084,
    0.4461538461538462,
    0.11428571428571428,
    0.3541666666666667,
    0.12307692307692308,
    0.3333333333333333,
    0.48333333333333334,
    0.2619047619047619,
    0.11764705882352941,
    0.5225225225225225,
    0.5217391304347826,
    0.6534653465346535,
    0.46464646464646464,
    0.5631067961165048,
    0.38596491228070173,
    0.275,
    0.3409090909090909,
    0.36363636363636365,
    0.5052631578947369,
    0.8541666666666666,
    0.7254901960784313,
    0.4036697247706422,
    0.43636363636363634,
    0.09836065573770492,
    0.21052631578947367,
    0.6086956521739131,
    0.2894736842105263,
    0.62,
    0.5172413793103449,
    0.43636363636363634,
    0.49612403100775193,
    0.24691358024691357,
    0.6862745098039216,
    0.6666666666666666,
    0.34285714285714286,
    0.4461538461538462,
    0.5504587155963303,
    0.2465753424657534,
    0.3008849557522124,
    0.2465753424657534,
    0.26,
    0.5684210526315789,
    0.2682926829268293,
    0.4,
    0.2857142857142857,
    0.22727272727272727,
    0.7326732673267327,
    0.3595505617977528,
    0.3010752688172043,
    0.46153846153846156,
    0.3181818181818182,
    0.30612244897959184,
    0.025974025974025976,
    0.7843137254901961,
    0.22950819672131148,
    0.12903225806451613,
    0.7079646017699115,
    0.45217391304347826,
    0.2028985507246377,
    0.2982456140350877,
    0.3898305084745763,
    0.38636363636363635,
    0.37383177570093457,
    0.06666666666666667,
    0.39215686274509803,
    0.3815789473684211,
    0.5142857142857142,
    0.345679012345679,
    0.37383177570093457,
    0.46153846153846156,
    0.4339622641509434,
    0.3584905660377358,
    0.3389830508474576,
    0.5208333333333334,
    0.125,
    0.17777777777777778,
    0.6213592233009708,
    0.3235294117647059,
    0.8085106382978723,
    0.34408602150537637,
    0.28865979381443296,
    0.2376237623762376,
    0.5967741935483871,
    0.7083333333333334,
    0.4946236559139785,
    0.3064516129032258,
    0.6095238095238096,
    0.2912621359223301,
    0.41975308641975306,
    0.26666666666666666,
    0.7777777777777778,
    0.42857142857142855,
    0.5272727272727272,
    0.616822429906542,
    0.32432432432432434,
    0.31724137931034485,
    0.5,
    0.08450704225352113,
    0.19047619047619047,
    0.711864406779661,
    0.21428571428571427,
    0.4444444444444444,
    0.37777777777777777,
    0.44036697247706424,
    0.6222222222222222,
    0.2222222222222222,
    0.037037037037037035,
    0.18181818181818182,
    0.6181818181818182,
    0.4731182795698925,
    0.16,
    0.2857142857142857,
    0.2571428571428571,
    0.16470588235294117,
    0.1875,
    0.4485981308411215,
    0.24242424242424243,
    0.3838383838383838,
    0.6724137931034483,
    0.33557046979865773,
    0.7592592592592593,
    0.6341463414634146,
    0.27522935779816515,
    0.40860215053763443,
    0.4528301886792453,
    0.4406779661016949,
    0.4186046511627907,
    0.5252525252525253,
    0.38202247191011235,
    0.5116279069767442,
    0.5057471264367817,
    0.35555555555555557,
    0.4222222222222222,
    0.27848101265822783,
    0.07547169811320754,
    0.4077669902912621,
    0.3333333333333333,
    0.4444444444444444,
    0.5050505050505051,
    0.48333333333333334,
    0.7058823529411765,
    0.8163265306122449,
    0.4175824175824176,
    0.06666666666666667,
    0.3023255813953488,
    0.6363636363636364,
    0.49411764705882355,
    0.13793103448275862,
    0.6990291262135923,
    0.38202247191011235,
    0.10909090909090909,
    0.5714285714285714,
    0.38181818181818183,
    0.6355140186915887,
    0.1388888888888889,
    0.25925925925925924,
    0.40336134453781514,
    0.3106796116504854,
    0.4791666666666667,
    0.6470588235294118,
    0.627906976744186,
    0.4807692307692308,
    0.42857142857142855,
    0.3953488372093023,
    0.5636363636363636,
    0.4329896907216495,
    0.5964912280701754,
    0.4740740740740741,
    0.6190476190476191,
    0.49586776859504134,
    0.38333333333333336,
    0.5,
    0.12658227848101267,
    0.4142857142857143,
    0.3114754098360656
  ],