{
  "accuracy": 0.4291,
  "precision_macro": 0.42795693203199536,
  "recall_macro": 0.4291,
  "f1_macro": 0.4122659643502498,
  "precision_weighted": 0.42795693203199536,
  "recall_weighted": 0.4291,
  "f1_weighted": 0.41226596435024987,
  "per_class_f1": [
    0.6896551724137931,
    0.7115384615384616,
    0.45,
    0.3157894736842105,
    0.4,
    0.06060606060606061,
    0.5825242718446602,
    0.22988505747126436,
    0.5666666666666667,
    0.36619718309859156,
    0.2222222222222222,
    0.5217391304347826,
    0.423841059602649,
    0.6451612903225806,
    0.574468085106383,
    0.2978723404255319,
    0.21333333333333335,
    0.5547445255474452,
    0.3488372093023256,
    0.5370370370370371,
    0.5892857142857143,
    0.6526315789473685,
    0.6306306306306306,
    0.7027027027027027,
    0.26785714285714285,
    0.5210084033613446,
    0.4827586206896552,
    0.0625,
    0.423728813559322,
    0.03389830508474576,
    0.45652173913043476,
    0.3835616438356164,
    0.23255813953488372,
    0.24719101123595505,
    0.42696629213483145,
    0.4370860927152318,
    0.66,
    0.391304347826087,
    0.5370370370370371,
    0.29545454545454547,
    0.14634146341463414,
    0.2782608695652174,
    0.3709677419354839,
    0.4222222222222222,
    0.8712871287128713,
    0.6774193548387096,
    0.49411764705882355,
    0.5116279069767442,
    0.12307692307692308,
    0.18666666666666668,
    0.592,
    0.28,
    0.6481481481481481,
    0.425531914893617,
    0.52,
    0.4375,
    0.2831858407079646,
    0.5473684210526316,
    0.6491228070175439,
    0.4675324675324675,
    0.44,
    0.5384615384615384,
    0.2631578947368421,
    0.40476190476190477,
    0.1643835616438356,
    0.24285714285714285,
    0.5742574257425742,
    0.24,
    0.4626865671641791,
    0.32,
    0.358974358974359,
    0.6229508196721312,
    0.3063063063063063,
    0.45871559633027525,
    0.42735042735042733,
    0.3283582089552239,
    0.3561643835616438,
    0.03636363636363636,
    0.7037037037037037,
    0.34285714285714286,
    0.19444444444444445,
    0.7636363636363637,
    0.4297520661157025,
    0.25,
    0.3130434782608696,
    0.2564102564102564,
    0.3697478991596639,
    0.36507936507936506,
    0.0,
    0.4175824175824176,
    0.4666666666666667,
    0.4666666666666667,
    0.35051546391752575,
    0.3898305084745763,
    0.3333333333333333,
    0.3655913978494624,
    0.42424242424242425,
    0.4461538461538462,
    0.42016806722689076,
    0.1978021978021978,
    0.13114754098360656,
    0.6,
    0.2571428571428571,
    0.7142857142857143,
    0.32432432432432434,
    0.33043478260869563,
    0.23255813953488372,
    0.5714285714285714,
    0.6037735849056604,
    0.4339622641509434,
    0.2702702702702703,
    0.5806451612903226,
    0.3050847457627119,
    0.345679012345679,
    0.3466666666666667,
    0.7835051546391752,
    0.5,
    0.5523809523809524,
    0.6078431372549019,
    0.2608695652173913,
    0.2833333333333333,
    0.5242718446601942,
    0.11940298507462686,
    0.20634920634920634,
    0.5714285714285714,
    0.24390243902439024,
    0.4,
    0.3561643835616438,
    0.3728813559322034,
    0.6086956521739131,
    0.2692307692307692,
    0.0,
    0.16666666666666666,
    0.6274509803921569,
    0.4444444444444444,
    0.06666666666666667,
    0.2482758620689655,
    0.2777777777777778,
    0.06818181818181818,
    0.14084507042253522,
    0.45614035087719296,
    0.367816091954023,
    0.4,
    0.639344262295082,
    0.3829787234042553,
    0.7647058823529411,
    0.6458333333333334,
    0.3177570093457944,
    0.3673469387755102,
    0.425531914893617,
    0.5,
    0.3333333333333333,
    0.4888888888888889,
    0.5233644859813084,
    0.47619047619047616,
    0.5168539325842697,
    0.32432432432432434,
    0.31683168316831684,
    0.26804123711340205,
    0.12307692307692308,
    0.39215686274509803,
    0.40425531914893614,
    0.5822784810126582,
    0.42105263157894735,
    0.52,
    0.7,
    0.7961165048543689,
    0.46296296296296297,
    0.03333333333333333,
    0.3617021276595745,
    0.6185567010309279,
    0.42857142857142855,
    0.1791044776119403,
    0.7010309278350515,
    0.4583333333333333,
    0.10344827586206896,
    0.5833333333333334,
    0.38596491228070173,
    0.608,
    0.22727272727272727,
    0.21794871794871795,
    0.4186046511627907,
    0.33962264150943394,
    0.5287356321839081,
    0.5319148936170213,
    0.6,
    0.48214285714285715,
    0.4421052631578947,
    0.4,
    0.6055045871559633,
    0.41237113402061853,
    0.6434782608695652,
    0.4915254237288136,
    0.5846153846153846,
    0.5454545454545454,
    0.3711340206185567,
    0.5528455284552846,
    0.2765957446808511,
    0.4507042253521127,
    0.3119266055045872
  ],