{
  "accuracy": 0.4339,
  "precision_macro": 0.43001267149006084,
  "recall_macro": 0.4339,
  "f1_macro": 0.41476508524739236,
  "precision_weighted": 0.4300126714900608,
  "recall_weighted": 0.4339,
  "f1_weighted": 0.41476508524739236,
  "per_class_f1": [
    0.6829268292682927,
    0.6557377049180327,
    0.45390070921985815,
    0.24324324324324326,
    0.43478260869565216,
    0.13186813186813187,
    0.576271186440678,
    0.09876543209876543,
    0.5736434108527132,
    0.3484848484848485,
    0.2077922077922078,
    0.5647058823529412,
    0.5573770491803278,
    0.7142857142857143,
    0.45652173913043476,
    0.3595505617977528,
    0.26666666666666666,
    0.5168539325842697,
    0.4117647058823529,
    0.5688073394495413,
    0.584070796460177,
    0.631578947368421,
    0.5806451612903226,
    0.7288135593220338,
    0.2524271844660194,
    0.5904761904761905,
    0.4583333333333333,
    0.034482758620689655,
    0.4,
    0.06557377049180328,
    0.37037037037037035,
    0.49230769230769234,
    0.2736842105263158,
    0.20618556701030927,
    0.4247787610619469,
    0.48854961832061067,
    0.6464646464646465,
    0.36893203883495146,
    0.5401459854014599,
    0.3225806451612903,
    0.16216216216216217,
    0.27450980392156865,
    0.411214953271028,
    0.4423076923076923,
    0.8543689320388349,
    0.6341463414634146,
    0.40860215053763443,
    0.48695652173913045,
    0.125,
    0.25,
    0.5625,
    0.3404255319148936,
    0.5691056910569106,
    0.4158415841584158,
    0.3956043956043956,
    0.43312101910828027,
    0.22033898305084745,
    0.5042016806722689,
    0.7358490566037735,
    0.379746835443038,
    0.47244094488188976,
    0.49586776859504134,
    0.26865671641791045,
    0.41904761904761906,
    0.21333333333333335,
    0.26490066225165565,
    0.5663716814159292,
    0.22784810126582278,
    0.42424242424242425,
    0.32608695652173914,
    0.39622641509433965,
    0.6065573770491803,
    0.42424242424242425,
    0.39603960396039606,
    0.48695652173913045,
    0.2857142857142857,
    0.391304347826087,
    0.03278688524590164,
    0.6981132075471698,
    0.28125,
    0.11764705882352941,
    0.6896551724137931,
    0.33613445378151263,
    0.3076923076923077,
    0.28888888888888886,
    0.3917525773195876,
    0.46464646464646464,
    0.4036697247706422,
    0.03571428571428571,
    0.46808510638297873,
    0.464,
    0.5081967213114754,
    0.2702702702702703,
    0.4566929133858268,
    0.35294117647058826,
    0.3595505617977528,
    0.2608695652173913,
    0.3698630136986301,
    0.49504950495049505,
    0.11428571428571428,
    0.18461538461538463,
    0.6226415094339622,
    0.36363636363636365,
    0.7254901960784313,
    0.3764705882352941,
    0.30303030303030304,
    0.14736842105263157,
    0.6666666666666666,
    0.6792452830188679,
    0.42424242424242425,
    0.30434782608695654,
    0.5669291338582677,
    0.46153846153846156,
    0.4,
    0.3764705882352941,
    0.75,
    0.410958904109589,
    0.47706422018348627,
    0.6851851851851852,
    0.29310344827586204,
    0.2608695652173913,
    0.5,
    0.13114754098360656,
    0.18705035971223022,
    0.688,
    0.2127659574468085,
    0.48695652173913045,
    0.4155844155844156,
    0.4413793103448276,
    0.6444444444444445,
    0.3300970873786408,
    0.0,
    0.08823529411764706,
    0.6857142857142857,
    0.3764705882352941,
    0.19753086419753085,
    0.25675675675675674,
    0.2608695652173913,
    0.19047619047619047,
    0.27692307692307694,
    0.4716981132075472,
    0.35051546391752575,
    0.3956043956043956,
    0.6915887850467289,
    0.32075471698113206,
    0.7787610619469026,
    0.6938775510204082,
    0.28865979381443296,
    0.3368421052631579,
    0.44,
    0.5043478260869565,
    0.3116883116883117,
    0.4878048780487805,
    0.5645161290322581,
    0.4631578947368421,
    0.46511627906976744,
    0.358974358974359,
    0.3883495145631068,
    0.2891566265060241,
    0.1,
    0.34234234234234234,
    0.34782608695652173,
    0.45569620253164556,
    0.379746835443038,
    0.46774193548387094,
    0.6846846846846847,
    0.7521367521367521,
    0.4107142857142857,
    0.06060606060606061,
    0.3541666666666667,
    0.6666666666666666,
    0.4954128440366973,
    0.2571428571428571,
    0.6966292134831461,
    0.4791666666666667,
    0.038461538461538464,
    0.5739130434782609,
    0.3561643835616438,
    0.5794392523364486,
    0.18421052631578946,
    0.19298245614035087,
    0.42718446601941745,
    0.29473684210526313,
    0.5060240963855421,
    0.5806451612903226,
    0.5523809523809524,
    0.5306122448979592,
    0.4742268041237113,
    0.4117647058823529,
    0.5454545454545454,
    0.42424242424242425,
    0.5862068965517241,
    0.5523809523809524,
    0.6607142857142857,
    0.4482758620689655,
    0.40350877192982454,
    0.5252525252525253,
    0.24444444444444444,
    0.4881889763779528,
    0.24528301886792453
  ],