{
  "accuracy": 0.4327,
  "precision_macro": 0.43529936572636785,
  "recall_macro": 0.4327,
  "f1_macro": 0.4191759087317539,
  "precision_weighted": 0.4352993657263678,
  "recall_weighted": 0.4327,
  "f1_weighted": 0.419175908731754,
  "per_class_f1": [
    0.7676767676767676,
    0.6551724137931034,
    0.4294478527607362,
    0.23376623376623376,
    0.4406779661016949,
    0.15217391304347827,
    0.5378151260504201,
    0.21428571428571427,
    0.6727272727272727,
    0.33587786259541985,
    0.3181818181818182,
    0.4485981308411215,
    0.512,
    0.6530612244897959,
    0.5567010309278351,
    0.28865979381443296,
    0.1917808219178082,
    0.5871559633027523,
    0.29906542056074764,
    0.6285714285714286,
    0.5263157894736842,
    0.6595744680851063,
    0.6,
    0.717948717948718,
    0.30434782608695654,
    0.5689655172413793,
    0.5378151260504201,
    0.16901408450704225,
    0.40404040404040403,
    0.06557377049180328,
    0.1388888888888889,
    0.45544554455445546,
    0.37593984962406013,
    0.30612244897959184,
    0.5370370370370371,
    0.37209302325581395,
    0.7010309278350515,
    0.45714285714285713,
    0.45045045045045046,
    0.3333333333333333,
    0.29333333333333333,
    0.33766233766233766,
    0.37254901960784315,
    0.44660194174757284,
    0.84,
    0.6666666666666666,
    0.46017699115044247,
    0.4528301886792453,
    0.2191780821917808,
    0.2028985507246377,
    0.5818181818181818,
    0.3404255319148936,
    0.6597938144329897,
    0.35555555555555557,
    0.5301204819277109,
    0.43023255813953487,
    0.32653061224489793,
    0.5765765765765766,
    0.7956989247311828,
    0.42105263157894735,
    0.43564356435643564,
    0.4827586206896552,
    0.2553191489361702,
    0.3655913978494624,
    0.2702702702702703,
    0.3137254901960784,
    0.5714285714285714,
    0.24242424242424243,
    0.460431654676259,
    0.36538461538461536,
    0.21052631578947367,
    0.7288135593220338,
    0.35714285714285715,
    0.5116279069767442,
    0.46153846153846156,
    0.3170731707317073,
    0.38,
    0.11764705882352941,
    0.74,
    0.30985915492957744,
    0.18181818181818182,
    0.7304347826086957,
    0.421875,
    0.23076923076923078,
    0.32432432432432434,
    0.4186046511627907,
    0.4842105263157895,
    0.32967032967032966,
    0.03508771929824561,
    0.4186046511627907,
    0.3825136612021858,
    0.4909090909090909,
    0.35,
    0.42201834862385323,
    0.4748201438848921,
    0.3669724770642202,
    0.29213483146067415,
    0.3787878787878788,
    0.411214953271028,
    0.15151515151515152,
    0.14285714285714285,
    0.5535714285714286,
    0.3287671232876712,
    0.7789473684210526,
    0.3157894736842105,
    0.3305785123966942,
    0.3,
    0.6194690265486725,
    0.6666666666666666,
    0.4954128440366973,
    0.38095238095238093,
    0.549618320610687,
    0.2777777777777778,
    0.2962962962962963,
    0.3130434782608696,
    0.7755102040816326,
    0.40476190476190477,
    0.5357142857142857,
    0.6728971962616822,
    0.24719101123595505,
    0.3008849557522124,
    0.4421052631578947,
    0.19444444444444445,
    0.18579234972677597,
    0.6956521739130435,
    0.1728395061728395,
    0.425,
    0.4146341463414634,
    0.5045045045045045,
    0.5625,
    0.21428571428571427,
    0.0,
    0.11940298507462686,
    0.5882352941176471,
    0.48936170212765956,
    0.16666666666666666,
    0.2777777777777778,
    0.22857142857142856,
    0.16806722689075632,
    0.14285714285714285,
    0.45098039215686275,
    0.43243243243243246,
    0.45161290322580644,
    0.7272727272727273,
    0.35384615384615387,
    0.7592592592592593,
    0.6222222222222222,
    0.256,
    0.3516483516483517,
    0.46153846153846156,
    0.43564356435643564,
    0.3466666666666667,
    0.47619047619047616,
    0.35714285714285715,
    0.49411764705882355,
    0.4318181818181818,
    0.3333333333333333,
    0.35714285714285715,
    0.23684210526315788,
    0.03571428571428571,
    0.3389830508474576,
    0.37254901960784315,
    0.5238095238095238,
    0.4948453608247423,
    0.4807692307692308,
    0.7058823529411765,
    0.845360824742268,
    0.4444444444444444,
    0.09523809523809523,
    0.3404255319148936,
    0.6818181818181818,
    0.4418604651162791,
    0.23255813953488372,
    0.6947368421052632,
    0.4489795918367347,
    0.06666666666666667,
    0.6666666666666666,
    0.32679738562091504,
    0.6486486486486487,
    0.20454545454545456,
    0.3023255813953488,
    0.40425531914893614,
    0.37209302325581395,
    0.5714285714285714,
    0.5225225225225225,
    0.5384615384615384,
    0.4067796610169492,
    0.4235294117647059,
    0.40350877192982454,
    0.5333333333333333,
    0.3595505617977528,
    0.59375,
    0.512,
    0.6446280991735537,
    0.46616541353383456,
    0.37254901960784315,
    0.584070796460177,
    0.2926829268292683,
    0.4,
    0.31746031746031744
  ],