{
  "accuracy": 0.4369,
  "precision_macro": 0.434968640930515,
  "recall_macro": 0.43690000000000007,
  "f1_macro": 0.41933681778103093,
  "precision_weighted": 0.434968640930515,
  "recall_weighted": 0.4369,
  "f1_weighted": 0.41933681778103093,
  "per_class_f1": [
    0.7130434782608696,
    0.672566371681416,
    0.3625,
    0.1834862385321101,
    0.45454545454545453,
    0.08571428571428572,
    0.5309734513274337,
    0.23684210526315788,
    0.6610169491525424,
    0.3728813559322034,
    0.10810810810810811,
    0.5666666666666667,
    0.47619047619047616,
    0.6881720430107527,
    0.5714285714285714,
    0.2857142857142857,
    0.25316455696202533,
    0.5686274509803921,
    0.46808510638297873,
    0.5233644859813084,
    0.5409836065573771,
    0.6181818181818182,
    0.6166666666666667,
    0.6730769230769231,
    0.18333333333333332,
    0.6542056074766355,
    0.47244094488188976,
    0.058823529411764705,
    0.5,
    0.23376623376623376,
    0.3170731707317073,
    0.5454545454545454,
    0.2608695652173913,
    0.24444444444444444,
    0.5607476635514018,
    0.4489795918367347,
    0.6938775510204082,
    0.3617021276595745,
    0.45161290322580644,
    0.37777777777777777,
    0.225,
    0.27906976744186046,
    0.43795620437956206,
    0.5052631578947369,
    0.819047619047619,
    0.6792452830188679,
    0.39603960396039606,
    0.4782608695652174,
    0.18421052631578946,
    0.30952380952380953,
    0.583941605839416,
    0.37606837606837606,
    0.5892857142857143,
    0.3953488372093023,
    0.43010752688172044,
    0.4093567251461988,
    0.17142857142857143,
    0.6138613861386139,
    0.6307692307692307,
    0.3291139240506329,
    0.4852941176470588,
    0.484375,
    0.3516483516483517,
    0.3950617283950617,
    0.19444444444444445,
    0.24390243902439024,
    0.5252525252525253,
    0.2777777777777778,
    0.35384615384615387,
    0.3023255813953488,
    0.3157894736842105,
    0.65,
    0.3063063063063063,
    0.4122137404580153,
    0.4697986577181208,
    0.275,
    0.3673469387755102,
    0.07317073170731707,
    0.7155963302752294,
    0.3225806451612903,
    0.12345679012345678,
    0.7551020408163265,
    0.46551724137931033,
    0.32608695652173914,
    0.23622047244094488,
    0.367816091954023,
    0.475,
    0.38461538461538464,
    0.034482758620689655,
    0.4186046511627907,
    0.41818181818181815,
    0.5471698113207547,
    0.32098765432098764,
    0.45045045045045046,
    0.3235294117647059,
    0.38,
    0.3333333333333333,
    0.36923076923076925,
    0.5384615384615384,
    0.16279069767441862,
    0.1388888888888889,
    0.6041666666666666,
    0.4146341463414634,
    0.7551020408163265,
    0.35443037974683544,
    0.21686746987951808,
    0.18823529411764706,
    0.6285714285714286,
    0.6813186813186813,
    0.543859649122807,
    0.4,
    0.5573770491803278,
    0.38461538461538464,
    0.4444444444444444,
    0.34328358208955223,
    0.7636363636363637,
    0.45161290322580644,
    0.5299145299145299,
    0.6481481481481481,
    0.25882352941176473,
    0.3157894736842105,
    0.4578313253012048,
    0.15384615384615385,
    0.18867924528301888,
    0.6902654867256637,
    0.21621621621621623,
    0.4642857142857143,
    0.4175824175824176,
    0.42758620689655175,
    0.5871559633027523,
    0.20224719101123595,
    0.0,
    0.13157894736842105,
    0.6178861788617886,
    0.5432098765432098,
    0.19047619047619047,
    0.2676056338028169,
    0.26865671641791045,
    0.21052631578947367,
    0.15384615384615385,
    0.5168539325842697,
    0.37037037037037035,
    0.4536082474226804,
    0.6611570247933884,
    0.3333333333333333,
    0.6976744186046512,
    0.6530612244897959,
    0.2564102564102564,
    0.3484848484848485,
    0.47619047619047616,
    0.5154639175257731,
    0.3333333333333333,
    0.49382716049382713,
    0.5352112676056338,
    0.5333333333333333,
    0.4954128440366973,
    0.29333333333333333,
    0.4,
    0.12903225806451613,
    0.0625,
    0.36893203883495146,
    0.3673469387755102,
    0.5,
    0.41237113402061853,
    0.5344827586206896,
    0.7291666666666666,
    0.8440366972477065,
    0.4631578947368421,
    0.03508771929824561,
    0.3684210526315789,
    0.6526315789473685,
    0.36363636363636365,
    0.21212121212121213,
    0.7184466019417476,
    0.3870967741935484,
    0.10526315789473684,
    0.6055045871559633,
    0.3853211009174312,
    0.6611570247933884,
    0.21052631578947367,
    0.23728813559322035,
    0.3157894736842105,
    0.4090909090909091,
    0.5454545454545454,
    0.6730769230769231,
    0.5287356321839081,
    0.4489795918367347,
    0.5048543689320388,
    0.21951219512195122,
    0.6037735849056604,
    0.40425531914893614,
    0.6206896551724138,
    0.5,
    0.6666666666666666,
    0.43243243243243246,
    0.4,
    0.5401459854014599,
    0.3146067415730337,
    0.484375,
    0.3283582089552239
  ],