{
  "accuracy": 0.4121,
  "precision_macro": 0.41618432774182645,
  "recall_macro": 0.4120999999999999,
  "f1_macro": 0.39679554169448245,
  "precision_weighted": 0.41618432774182645,
  "recall_weighted": 0.4121,
  "f1_weighted": 0.39679554169448245,
  "per_class_f1": [
    0.7102803738317757,
    0.7647058823529411,
    0.4778761061946903,
    0.34146341463414637,
    0.375,
    0.075,
    0.5607476635514018,
    0.23809523809523808,
    0.7865168539325843,
    0.3302752293577982,
    0.21176470588235294,
    0.4098360655737705,
    0.5409836065573771,
    0.627906976744186,
    0.5135135135135135,
    0.35443037974683544,
    0.14492753623188406,
    0.4888888888888889,
    0.45217391304347826,
    0.6236559139784946,
    0.5631067961165048,
    0.6336633663366337,
    0.5309734513274337,
    0.672566371681416,
    0.26666666666666666,
    0.5121951219512195,
    0.49206349206349204,
    0.14893617021276595,
    0.37168141592920356,
    0.06060606060606061,
    0.36,
    0.43478260869565216,
    0.1839080459770115,
    0.3218390804597701,
    0.5045045045045045,
    0.3945578231292517,
    0.6346153846153846,
    0.36363636363636365,
    0.49411764705882355,
    0.2524271844660194,
    0.2571428571428571,
    0.3404255319148936,
    0.29411764705882354,
    0.4,
    0.8269230769230769,
    0.6206896551724138,
    0.34782608695652173,
    0.5,
    0.10256410256410256,
    0.15384615384615385,
    0.6296296296296297,
    0.24,
    0.5686274509803921,
    0.33962264150943394,
    0.4383561643835616,
    0.4909090909090909,
    0.18181818181818182,
    0.45962732919254656,
    0.7628865979381443,
    0.391304347826087,
    0.43312101910828027,
    0.42962962962962964,
    0.3170731707317073,
    0.41237113402061853,
    0.15384615384615385,
    0.18705035971223022,
    0.5142857142857142,
    0.24242424242424243,
    0.3114754098360656,
    0.23529411764705882,
    0.23809523809523808,
    0.5873015873015873,
    0.34210526315789475,
    0.4,
    0.44036697247706424,
    0.3148148148148148,
    0.3170731707317073,
    0.06349206349206349,
    0.7472527472527473,
    0.16393442622950818,
    0.1518987341772152,
    0.6511627906976745,
    0.4074074074074074,
    0.2894736842105263,
    0.2553191489361702,
    0.4117647058823529,
    0.4731182795698925,
    0.3177570093457944,
    0.0,
    0.36538461538461536,
    0.4,
    0.42748091603053434,
    0.24,
    0.3877551020408163,
    0.39655172413793105,
    0.30434782608695654,
    0.4489795918367347,
    0.35294117647058826,
    0.4489795918367347,
    0.17647058823529413,
    0.12698412698412698,
    0.5542168674698795,
    0.3,
    0.723404255319149,
    0.35294117647058826,
    0.2882882882882883,
    0.21052631578947367,
    0.5857142857142857,
    0.631578947368421,
    0.46,
    0.35714285714285715,
    0.4740740740740741,
    0.34408602150537637,
    0.3835616438356164,
    0.3010752688172043,
    0.7878787878787878,
    0.3877551020408163,
    0.5,
    0.6336633663366337,
    0.20618556701030927,
    0.3089430894308943,
    0.46601941747572817,
    0.11267605633802817,
    0.17777777777777778,
    0.6101694915254238,
    0.20689655172413793,
    0.47619047619047616,
    0.4,
    0.4375,
    0.5192307692307693,
    0.3116883116883117,
    0.03333333333333333,
    0.14084507042253522,
    0.6226415094339622,
    0.5287356321839081,
    0.2,
    0.22346368715083798,
    0.12698412698412698,
    0.12371134020618557,
    0.11764705882352941,
    0.33663366336633666,
    0.358974358974359,
    0.3469387755102041,
    0.5942028985507246,
    0.3434343434343434,
    0.7706422018348624,
    0.6666666666666666,
    0.24528301886792453,
    0.3170731707317073,
    0.4,
    0.4583333333333333,
    0.2631578947368421,
    0.39215686274509803,
    0.484375,
    0.4946236559139785,
    0.4166666666666667,
    0.3125,
    0.3764705882352941,
    0.26804123711340205,
    0.03389830508474576,
    0.3177570093457944,
    0.3953488372093023,
    0.5714285714285714,
    0.37037037037037035,
    0.4752475247524752,
    0.7647058823529411,
    0.8440366972477065,
    0.42857142857142855,
    0.0,
    0.2926829268292683,
    0.6476190476190476,
    0.42105263157894735,
    0.15584415584415584,
    0.6666666666666666,
    0.4117647058823529,
    0.1111111111111111,
    0.6371681415929203,
    0.39344262295081966,
    0.5925925925925926,
    0.09195402298850575,
    0.2727272727272727,
    0.4948453608247423,
    0.44036697247706424,
    0.4742268041237113,
    0.6181818181818182,
    0.6170212765957447,
    0.42990654205607476,
    0.19753086419753085,
    0.34,
    0.5227272727272727,
    0.38095238095238093,
    0.6,
    0.5225225225225225,
    0.6608695652173913,
    0.3968253968253968,
    0.36363636363636365,
    0.5079365079365079,
    0.19672131147540983,
    0.4788732394366197,
    0.2912621359223301
  ],