{
  "accuracy": 0.3548,
  "precision_macro": 0.4009859021868954,
  "recall_macro": 0.35480000000000006,
  "f1_macro": 0.3527919937879062,
  "precision_weighted": 0.4009859021868954,
  "recall_weighted": 0.3548,
  "f1_weighted": 0.35279199378790616,
  "per_class_f1": [
    0.5691056910569106,
    0.7058823529411765,
    0.38095238095238093,
    0.24096385542168675,
    0.33043478260869563,
    0.11940298507462686,
    0.4418604651162791,
    0.208955223880597,
    0.5964912280701754,
    0.2608695652173913,
    0.21052631578947367,
    0.3595505617977528,
    0.5486725663716814,
    0.5045045045045045,
    0.5,
    0.2597402597402597,
    0.2702702702702703,
    0.4297520661157025,
    0.32323232323232326,
    0.379746835443038,
    0.4132231404958678,
    0.5436893203883495,
    0.594059405940594,
    0.49056603773584906,
    0.2553191489361702,
    0.4842105263157895,
    0.453125,
    0.13559322033898305,
    0.35398230088495575,
    0.037037037037037035,
    0.4367816091954023,
    0.42857142857142855,
    0.21333333333333335,
    0.10810810810810811,
    0.35772357723577236,
    0.4696969696969697,
    0.7111111111111111,
    0.35555555555555557,
    0.4375,
    0.19444444444444445,
    0.18181818181818182,
    0.18181818181818182,
    0.24175824175824176,
    0.4888888888888889,
    0.8333333333333334,
    0.7378640776699029,
    0.19718309859154928,
    0.4716981132075472,
    0.0,
    0.125,
    0.583941605839416,
    0.29333333333333333,
    0.47058823529411764,
    0.3333333333333333,
    0.3950617283950617,
    0.38271604938271603,
    0.125,
    0.4909090909090909,
    0.7142857142857143,
    0.2972972972972973,
    0.40601503759398494,
    0.42016806722689076,
    0.18181818181818182,
    0.2891566265060241,
    0.14925373134328357,
    0.026046511627906978,
    0.45652173913043476,
    0.14035087719298245,
    0.390625,
    0.10810810810810811,
    0.30303030303030304,
    0.660377358490566,
    0.2564102564102564,
    0.41379310344827586,
    0.43564356435643564,
    0.3409090909090909,
    0.2191780821917808,
    0.14457831325301204,
    0.5853658536585366,
    0.07692307692307693,
    0.10126582278481013,
    0.6728971962616822,
    0.3697478991596639,
    0.3404255319148936,
    0.2641509433962264,
    0.25316455696202533,
    0.3695652173913043,
    0.3119266055045872,
    0.037037037037037035,
    0.3076923076923077,
    0.43902439024390244,
    0.5102040816326531,
    0.28205128205128205,
    0.3953488372093023,
    0.35294117647058826,
    0.35294117647058826,
    0.34782608695652173,
    0.32558139534883723,
    0.4444444444444444,
    0.09523809523809523,
    0.19047619047619047,
    0.5523809523809524,
    0.2,
    0.7272727272727273,
    0.32432432432432434,
    0.16,
    0.21176470588235294,
    0.5074626865671642,
    0.611764705882353,
    0.30985915492957744,
    0.16,
    0.5045045045045045,
    0.3130434782608696,
    0.3235294117647059,
    0.2962962962962963,
    0.7608695652173914,
    0.41304347826086957,
    0.4642857142857143,
    0.6363636363636364,
    0.23809523809523808,
    0.20253164556962025,
    0.40404040404040403,
    0.0,
    0.1864406779661017,
    0.6140350877192983,
    0.1875,
    0.43902439024390244,
    0.24,
    0.3443708609271523,
    0.45652173913043476,
    0.0821917808219178,
    0.0,
    0.034482758620689655,
    0.5648854961832062,
    0.38,
    0.1016949152542373,
    0.16483516483516483,
    0.07272727272727272,
    0.15789473684210525,
    0.0967741935483871,
    0.3404255319148936,
    0.3469387755102041,
    0.34210526315789475,
    0.7407407407407407,
    0.20512820512820512,
    0.7592592592592593,
    0.6306306306306306,
    0.18867924528301888,
    0.3364485981308411,
    0.47058823529411764,
    0.46,
    0.16666666666666666,
    0.18292682926829268,
    0.4909090909090909,
    0.39603960396039606,
    0.4,
    0.2962962962962963,
    0.3132530120481928,
    0.2535211267605634,
    0.07272727272727272,
    0.21333333333333335,
    0.3333333333333333,
    0.4358974358974359,
    0.3188405797101449,
    0.49504950495049505,
    0.6422018348623854,
    0.7603305785123967,
    0.30434782608695654,
    0.03508771929824561,
    0.3170731707317073,
    0.5319148936170213,
    0.4247787610619469,
    0.0,
    0.5555555555555556,
    0.49504950495049505,
    0.0,
    0.3614457831325301,
    0.3157894736842105,
    0.543859649122807,
    0.13513513513513514,
    0.21238938053097345,
    0.3333333333333333,
    0.2988505747126437,
    0.4935064935064935,
    0.5952380952380952,
    0.5,
    0.4943820224719101,
    0.4117647058823529,
    0.3132530120481928,
    0.575,
    0.29333333333333333,
    0.5714285714285714,
    0.425531914893617,
    0.672566371681416,
    0.3473684210526316,
    0.205607476635514,
    0.496551724137931,
    0.21176470588235294,
    0.3492063492063492,
    0.2716049382716049
  ],