{
  "accuracy": 0.4301,
  "precision_macro": 0.4315771282874121,
  "recall_macro": 0.43010000000000004,
  "f1_macro": 0.41254321423993545,
  "precision_weighted": 0.43157712828741207,
  "recall_weighted": 0.4301,
  "f1_weighted": 0.4125432142399354,
  "per_class_f1": [
    0.7115384615384616,
    0.7079646017699115,
    0.40540540540540543,
    0.2018348623853211,
    0.416,
    0.14736842105263157,
    0.5684210526315789,
    0.3010752688172043,
    0.5862068965517241,
    0.24193548387096775,
    0.13559322033898305,
    0.5370370370370371,
    0.4897959183673469,
    0.7083333333333334,
    0.5977011494252874,
    0.29333333333333333,
    0.19718309859154928,
    0.49523809523809526,
    0.3508771929824561,
    0.5652173913043478,
    0.5882352941176471,
    0.7157894736842105,
    0.6391752577319587,
    0.6842105263157895,
    0.1686746987951807,
    0.47619047619047616,
    0.4915254237288136,
    0.1016949152542373,
    0.3883495145631068,
    0.12121212121212122,
    0.367816091954023,
    0.5137614678899083,
    0.25742574257425743,
    0.27906976744186046,
    0.5619834710743802,
    0.4566929133858268,
    0.66,
    0.44642857142857145,
    0.45,
    0.41304347826086957,
    0.27956989247311825,
    0.14814814814814814,
    0.3829787234042553,
    0.4146341463414634,
    0.8155339805825242,
    0.6717557251908397,
    0.39705882352941174,
    0.46153846153846156,
    0.15384615384615385,
    0.2191780821917808,
    0.5982905982905983,
    0.4470588235294118,
    0.6017699115044248,
    0.44,
    0.36363636363636365,
    0.4503311258278146,
    0.2909090909090909,
    0.5405405405405406,
    0.723404255319149,
    0.34285714285714286,
    0.44594594594594594,
    0.5217391304347826,
    0.24324324324324326,
    0.2909090909090909,
    0.1794871794871795,
    0.2702702702702703,
    0.5346534653465347,
    0.3013698630136986,
    0.49557522123893805,
    0.1978021978021978,
    0.2926829268292683,
    0.65,
    0.3090909090909091,
    0.4367816091954023,
    0.49019607843137253,
    0.2962962962962963,
    0.4634146341463415,
    0.06060606060606061,
    0.7216494845360825,
    0.3076923076923077,
    0.11428571428571428,
    0.7079646017699115,
    0.4,
    0.26666666666666666,
    0.2975206611570248,
    0.273972602739726,
    0.4742268041237113,
    0.4,
    0.037037037037037035,
    0.33070866141732286,
    0.5254237288135594,
    0.512396694214876,
    0.3218390804597701,
    0.43859649122807015,
    0.22535211267605634,
    0.36923076923076925,
    0.3333333333333333,
    0.32,
    0.42735042735042733,
    0.15384615384615385,
    0.09836065573770492,
    0.5531914893617021,
    0.3023255813953488,
    0.7047619047619048,
    0.3132530120481928,
    0.24719101123595505,
    0.2542372881355932,
    0.6129032258064516,
    0.6666666666666666,
    0.4909090909090909,
    0.38,
    0.49612403100775193,
    0.3357664233576642,
    0.4444444444444444,
    0.375,
    0.7524752475247525,
    0.4230769230769231,
    0.46017699115044247,
    0.6542056074766355,
    0.3103448275862069,
    0.3076923076923077,
    0.4742268041237113,
    0.15873015873015872,
    0.20634920634920634,
    0.6837606837606838,
    0.21978021978021978,
    0.4358974358974359,
    0.3764705882352941,
    0.3971631205673759,
    0.5,
    0.28205128205128205,
    0.0,
    0.17647058823529413,
    0.6218487394957983,
    0.46846846846846846,
    0.21052631578947367,
    0.2982456140350877,
    0.21212121212121213,
    0.1836734693877551,
    0.09230769230769231,
    0.40963855421686746,
    0.37142857142857144,
    0.37209302325581395,
    0.7428571428571429,
    0.35294117647058826,
    0.7272727272727273,
    0.6990291262135923,
    0.22727272727272727,
    0.3333333333333333,
    0.4691358024691358,
    0.47619047619047616,
    0.3835616438356164,
    0.4827586206896552,
    0.5894736842105263,
    0.4375,
    0.48598130841121495,
    0.425,
    0.448,
    0.29333333333333333,
    0.037037037037037035,
    0.3157894736842105,
    0.3711340206185567,
    0.4888888888888889,
    0.42735042735042733,
    0.5210084033613446,
    0.7289719626168224,
    0.7457627118644068,
    0.3356643356643357,
    0.12121212121212122,
    0.41025641025641024,
    0.625,
    0.42857142857142855,
    0.13333333333333333,
    0.6407766990291263,
    0.5048543689320388,
    0.03571428571428571,
    0.5858585858585859,
    0.38333333333333336,
    0.6722689075630253,
    0.24691358024691357,
    0.2553191489361702,
    0.41304347826086957,
    0.4044943820224719,
    0.6041666666666666,
    0.6274509803921569,
    0.5714285714285714,
    0.4672897196261682,
    0.46511627906976744,
    0.3404255319148936,
    0.5794392523364486,
    0.3793103448275862,
    0.5818181818181818,
    0.5087719298245614,
    0.6666666666666666,
    0.464,
    0.37735849056603776,
    0.5734265734265734,
    0.2535211267605634,
    0.42105263157894735,
    0.2653061224489796
  ],