{
  "accuracy": 0.3312,
  "precision_macro": 0.38630909409841896,
  "recall_macro": 0.33120000000000005,
  "f1_macro": 0.3263466200822925,
  "precision_weighted": 0.38630909409841896,
  "recall_weighted": 0.3312,
  "f1_weighted": 0.3263466200822925,
  "per_class_f1": [
    0.5263157894736842,
    0.5714285714285714,
    0.3148148148148148,
    0.26373626373626374,
    0.23783783783783785,
    0.08247422680412371,
    0.31746031746031744,
    0.0,
    0.5365853658536586,
    0.27956989247311825,
    0.0,
    0.36363636363636365,
    0.4714285714285714,
    0.5454545454545454,
    0.4418604651162791,
    0.2033898305084746,
    0.25,
    0.3137254901960784,
    0.3103448275862069,
    0.34210526315789475,
    0.41904761904761906,
    0.6105263157894737,
    0.5,
    0.5652173913043478,
    0.24,
    0.5360824742268041,
    0.47619047619047616,
    0.07407407407407407,
    0.3333333333333333,
    0.03278688524590164,
    0.4146341463414634,
    0.4421052631578947,
    0.09836065573770492,
    0.18666666666666668,
    0.48695652173913045,
    0.45255474452554745,
    0.7111111111111111,
    0.28169014084507044,
    0.47191011235955055,
    0.2696629213483146,
    0.03508771929824561,
    0.22535211267605634,
    0.29473684210526313,
    0.4,
    0.7878787878787878,
    0.624,
    0.1651376146788991,
    0.45977011494252873,
    0.0,
    0.136986301369863,
    0.5050505050505051,
    0.2222222222222222,
    0.6666666666666666,
    0.4752475247524752,
    0.25396825396825395,
    0.4161073825503356,
    0.1414141414141414,
    0.48936170212765956,
    0.6324786324786325,
    0.3125,
    0.42748091603053434,
    0.49572649572649574,
    0.2153846153846154,
    0.2535211267605634,
    0.0625,
    0.2085889570552147,
    0.4603174603174603,
    0.13333333333333333,
    0.3128491620111732,
    0.1794871794871795,
    0.25263157894736843,
    0.5952380952380952,
    0.18421052631578946,
    0.3877551020408163,
    0.3404255319148936,
    0.22857142857142856,
    0.13157894736842105,
    0.07894736842105263,
    0.6582278481012658,
    0.11320754716981132,
    0.0,
    0.75,
    0.36893203883495146,
    0.225,
    0.13559322033898305,
    0.3684210526315789,
    0.36538461538461536,
    0.21176470588235294,
    0.03773584905660377,
    0.2,
    0.3917525773195876,
    0.29850746268656714,
    0.18461538461538463,
    0.3829787234042553,
    0.2619047619047619,
    0.3010752688172043,
    0.0755813953488372,
    0.27586206896551724,
    0.425,
    0.07142857142857142,
    0.0,
    0.5057471264367817,
    0.1388888888888889,
    0.7047619047619048,
    0.27586206896551724,
    0.20689655172413793,
    0.17475728155339806,
    0.5161290322580645,
    0.5957446808510638,
    0.3373493975903614,
    0.2553191489361702,
    0.5166666666666667,
    0.23423423423423423,
    0.3561643835616438,
    0.2823529411764706,
    0.6966292134831461,
    0.35714285714285715,
    0.4,
    0.5546218487394958,
    0.17204301075268819,
    0.18421052631578946,
    0.267515923566879,
    0.0,
    0.22033898305084745,
    0.6285714285714286,
    0.17721518987341772,
    0.44680851063829785,
    0.2631578947368421,
    0.39416058394160586,
    0.48717948717948717,
    0.1,
    0.023255813953488372,
    0.06557377049180328,
    0.6260869565217392,
    0.3561643835616438,
    0.18181818181818182,
    0.11083123425692695,
    0.15873015873015872,
    0.12631578947368421,
    0.14492753623188406,
    0.28888888888888886,
    0.3157894736842105,
    0.2898550724637681,
    0.6495726495726496,
    0.1590909090909091,
    0.7563025210084033,
    0.544,
    0.10365853658536585,
    0.1935483870967742,
    0.3695652173913043,
    0.4888888888888889,
    0.21212121212121213,
    0.19333333333333333,
    0.46835443037974683,
    0.3409090909090909,
    0.45161290322580644,
    0.16393442622950818,
    0.2857142857142857,
    0.17721518987341772,
    0.034482758620689655,
    0.23376623376623376,
    0.2564102564102564,
    0.3684210526315789,
    0.39316239316239315,
    0.4536082474226804,
    0.6506024096385542,
    0.7678571428571429,
    0.3855421686746988,
    0.0,
    0.3146067415730337,
    0.6419753086419753,
    0.3652173913043478,
    0.0,
    0.6105263157894737,
    0.37894736842105264,
    0.0,
    0.5,
    0.2711864406779661,
    0.5068493150684932,
    0.07792207792207792,
    0.22764227642276422,
    0.3116883116883117,
    0.26804123711340205,
    0.45714285714285713,
    0.5714285714285714,
    0.5161290322580645,
    0.46,
    0.2647058823529412,
    0.22950819672131148,
    0.4782608695652174,
    0.26666666666666666,
    0.5405405405405406,
    0.4807692307692308,
    0.6138613861386139,
    0.2833333333333333,
    0.16666666666666666,
    0.4025974025974026,
    0.06779661016949153,
    0.19310344827586207,
    0.2912621359223301
  ],