{
  "accuracy": 0.3049,
  "precision_macro": 0.4033338925235606,
  "recall_macro": 0.3049,
  "f1_macro": 0.3086804640491718,
  "precision_weighted": 0.40333389252356067,
  "recall_weighted": 0.3049,
  "f1_weighted": 0.3086804640491718,
  "per_class_f1": [
    0.41509433962264153,
    0.5964912280701754,
    0.2716049382716049,
    0.1694915254237288,
    0.12154696132596685,
    0.13157894736842105,
    0.4810126582278481,
    0.06349206349206349,
    0.4666666666666667,
    0.2857142857142857,
    0.10344827586206896,
    0.3055555555555556,
    0.34831460674157305,
    0.45,
    0.40540540540540543,
    0.21333333333333335,
    0.13333333333333333,
    0.5301204819277109,
    0.3448275862068966,
    0.37333333333333335,
    0.3235294117647059,
    0.43410852713178294,
    0.5316455696202531,
    0.3466666666666667,
    0.23404255319148937,
    0.48175182481751827,
    0.46938775510204084,
    0.14285714285714285,
    0.35,
    0.03636363636363636,
    0.13333333333333333,
    0.26506024096385544,
    0.2857142857142857,
    0.136986301369863,
    0.43956043956043955,
    0.4175824175824176,
    0.7045454545454546,
    0.10714285714285714,
    0.4631578947368421,
    0.09523809523809523,
    0.08955223880597014,
    0.06779661016949153,
    0.273972602739726,
    0.4318181818181818,
    0.8541666666666666,
    0.6730769230769231,
    0.0,
    0.4631578947368421,
    0.06779661016949153,
    0.22535211267605634,
    0.5585585585585585,
    0.14457831325301204,
    0.5384615384615384,
    0.3466666666666667,
    0.3238095238095238,
    0.38848920863309355,
    0.11818181818181818,
    0.4247787610619469,
    0.6262626262626263,
    0.29411764705882354,
    0.4,
    0.4954128440366973,
    0.15384615384615385,
    0.20512820512820512,
    0.10526315789473684,
    0.096,
    0.46296296296296297,
    0.1111111111111111,
    0.35526315789473684,
    0.13114754098360656,
    0.13559322033898305,
    0.5376344086021505,
    0.16129032258064516,
    0.42105263157894735,
    0.3424657534246575,
    0.34285714285714286,
    0.12903225806451613,
    0.0,
    0.5,
    0.07692307692307693,
    0.034482758620689655,
    0.5739130434782609,
    0.28735632183908044,
    0.19047619047619047,
    0.18,
    0.35135135135135137,
    0.26865671641791045,
    0.1893491124260355,
    0.0,
    0.13114754098360656,
    0.3409090909090909,
    0.2911392405063291,
    0.27692307692307694,
    0.37037037037037035,
    0.4631578947368421,
    0.33663366336633666,
    0.18181818181818182,
    0.29473684210526313,
    0.43478260869565216,
    0.09836065573770492,
    0.12903225806451613,
    0.55,
    0.23809523809523808,
    0.7674418604651163,
    0.2535211267605634,
    0.21794871794871795,
    0.18691588785046728,
    0.5688073394495413,
    0.5581395348837209,
    0.37333333333333335,
    0.2857142857142857,
    0.4189189189189189,
    0.3025210084033613,
    0.29411764705882354,
    0.23076923076923078,
    0.7333333333333333,
    0.39603960396039606,
    0.37209302325581395,
    0.5333333333333333,
    0.14634146341463414,
    0.18867924528301888,
    0.4,
    0.0,
    0.1566265060240964,
    0.7272727272727273,
    0.19047619047619047,
    0.4074074074074074,
    0.1724137931034483,
    0.3815789473684211,
    0.4225352112676056,
    0.12307692307692308,
    0.0,
    0.10909090909090909,
    0.5581395348837209,
    0.2898550724637681,
    0.0,
    0.14349775784753363,
    0.0,
    0.13432835820895522,
    0.07407407407407407,
    0.23076923076923078,
    0.23728813559322035,
    0.2608695652173913,
    0.6981132075471698,
    0.1323529411764706,
    0.7476635514018691,
    0.6666666666666666,
    0.11666666666666667,
    0.14925373134328357,
    0.3764705882352941,
    0.47191011235955055,
    0.16666666666666666,
    0.09836065573770492,
    0.5137614678899083,
    0.4050632911392405,
    0.3711340206185567,
    0.22857142857142856,
    0.18666666666666668,
    0.208955223880597,
    0.0,
    0.12121212121212122,
    0.2647058823529412,
    0.4,
    0.32653061224489793,
    0.4772727272727273,
    0.7272727272727273,
    0.7735849056603774,
    0.37209302325581395,
    0.03571428571428571,
    0.24691358024691357,
    0.547945205479452,
    0.43243243243243246,
    0.13793103448275862,
    0.5301204819277109,
    0.29411764705882354,
    0.0,
    0.4852941176470588,
    0.29545454545454547,
    0.5,
    0.06557377049180328,
    0.19148936170212766,
    0.36,
    0.20588235294117646,
    0.39436619718309857,
    0.5263157894736842,
    0.4691358024691358,
    0.4727272727272727,
    0.3055555555555556,
    0.06779661016949153,
    0.5,
    0.1791044776119403,
    0.515625,
    0.4117647058823529,
    0.5873015873015873,
    0.32989690721649484,
    0.23255813953488372,
    0.44155844155844154,
    0.0625,
    0.05637773079633545,
    0.1111111111111111
  ],