{
  "accuracy": 0.3731,
  "precision_macro": 0.38020142459434025,
  "recall_macro": 0.37310000000000004,
  "f1_macro": 0.3560820957908256,
  "precision_weighted": 0.38020142459434025,
  "recall_weighted": 0.3731,
  "f1_weighted": 0.3560820957908256,
  "per_class_f1": [
    0.528,
    0.5733333333333334,
    0.4,
    0.25287356321839083,
    0.37168141592920356,
    0.08421052631578947,
    0.5242718446601942,
    0.21686746987951808,
    0.6181818181818182,
    0.30303030303030304,
    0.17142857142857143,
    0.3469387755102041,
    0.5631067961165048,
    0.5591397849462365,
    0.5063291139240507,
    0.24691358024691357,
    0.1794871794871795,
    0.5,
    0.26506024096385544,
    0.4778761061946903,
    0.3925233644859813,
    0.6590909090909091,
    0.4948453608247423,
    0.5573770491803278,
    0.15384615384615385,
    0.4126984126984127,
    0.38235294117647056,
    0.03278688524590164,
    0.27848101265822783,
    0.034482758620689655,
    0.40476190476190477,
    0.4470588235294118,
    0.2682926829268293,
    0.15384615384615385,
    0.43478260869565216,
    0.35555555555555557,
    0.6666666666666666,
    0.40963855421686746,
    0.47761194029850745,
    0.3300970873786408,
    0.10810810810810811,
    0.35294117647058826,
    0.34782608695652173,
    0.40816326530612246,
    0.8247422680412371,
    0.7096774193548387,
    0.3619047619047619,
    0.38181818181818183,
    0.08823529411764706,
    0.14457831325301204,
    0.48,
    0.28865979381443296,
    0.5070422535211268,
    0.3695652173913043,
    0.367816091954023,
    0.37735849056603776,
    0.11347517730496454,
    0.5208333333333334,
    0.5909090909090909,
    0.3333333333333333,
    0.42105263157894735,
    0.4878048780487805,
    0.2,
    0.21951219512195122,
    0.0967741935483871,
    0.15859030837004406,
    0.5348837209302325,
    0.1935483870967742,
    0.35384615384615387,
    0.29411764705882354,
    0.2857142857142857,
    0.6122448979591837,
    0.18421052631578946,
    0.43564356435643564,
    0.40425531914893614,
    0.22580645161290322,
    0.1917808219178082,
    0.08333333333333333,
    0.6666666666666666,
    0.2033898305084746,
    0.06349206349206349,
    0.6491228070175439,
    0.3389830508474576,
    0.32653061224489793,
    0.2857142857142857,
    0.275,
    0.43956043956043955,
    0.29411764705882354,
    0.0,
    0.297029702970297,
    0.4067796610169492,
    0.4230769230769231,
    0.25,
    0.38333333333333336,
    0.27848101265822783,
    0.41237113402061853,
    0.2631578947368421,
    0.2913907284768212,
    0.4132231404958678,
    0.06060606060606061,
    0.1,
    0.4888888888888889,
    0.3235294117647059,
    0.6601941747572816,
    0.3218390804597701,
    0.21818181818181817,
    0.18181818181818182,
    0.5619834710743802,
    0.6037735849056604,
    0.2988505747126437,
    0.32142857142857145,
    0.48226950354609927,
    0.3130434782608696,
    0.19444444444444445,
    0.35789473684210527,
    0.7272727272727273,
    0.36363636363636365,
    0.44660194174757284,
    0.6666666666666666,
    0.21782178217821782,
    0.29411764705882354,
    0.43137254901960786,
    0.0,
    0.17341040462427745,
    0.6779661016949152,
    0.20689655172413793,
    0.46601941747572817,
    0.3373493975903614,
    0.373134328358209,
    0.5217391304347826,
    0.2222222222222222,
    0.0,
    0.19444444444444445,
    0.5619834710743802,
    0.39622641509433965,
    0.07017543859649122,
    0.23529411764705882,
    0.07017543859649122,
    0.1348314606741573,
    0.07142857142857142,
    0.2978723404255319,
    0.17391304347826086,
    0.36,
    0.7358490566037735,
    0.32323232323232326,
    0.7368421052631579,
    0.6105263157894737,
    0.22608695652173913,
    0.2857142857142857,
    0.43373493975903615,
    0.4583333333333333,
    0.2222222222222222,
    0.24444444444444444,
    0.32075471698113206,
    0.4358974358974359,
    0.4155844155844156,
    0.2558139534883721,
    0.3333333333333333,
    0.3037974683544304,
    0.1,
    0.21686746987951808,
    0.12121212121212122,
    0.46938775510204084,
    0.3458646616541353,
    0.4444444444444444,
    0.6206896551724138,
    0.7835051546391752,
    0.4090909090909091,
    0.0,
    0.24444444444444444,
    0.6041666666666666,
    0.4233576642335766,
    0.03333333333333333,
    0.631578947368421,
    0.24096385542168675,
    0.03508771929824561,
    0.5544554455445545,
    0.3333333333333333,
    0.5765765765765766,
    0.19718309859154928,
    0.20689655172413793,
    0.4,
    0.34782608695652173,
    0.4,
    0.5544554455445545,
    0.5111111111111111,
    0.4631578947368421,
    0.39080459770114945,
    0.40860215053763443,
    0.5378151260504201,
    0.3711340206185567,
    0.5035971223021583,
    0.5,
    0.5655172413793104,
    0.42,
    0.3238095238095238,
    0.5378151260504201,
    0.21052631578947367,
    0.30097087378640774,
    0.2962962962962963
  ],