{
  "accuracy": 0.4152,
  "precision_macro": 0.42196444044083675,
  "recall_macro": 0.4152,
  "f1_macro": 0.39699149266416695,
  "precision_weighted": 0.42196444044083675,
  "recall_weighted": 0.4152,
  "f1_weighted": 0.396991492664167,
  "per_class_f1": [
    0.7184466019417476,
    0.6601941747572816,
    0.41025641025641024,
    0.27350427350427353,
    0.4186046511627907,
    0.11904761904761904,
    0.6153846153846154,
    0.25287356321839083,
    0.7032967032967034,
    0.33557046979865773,
    0.23684210526315788,
    0.5609756097560976,
    0.4171779141104294,
    0.7111111111111111,
    0.55,
    0.23655913978494625,
    0.14925373134328357,
    0.4473684210526316,
    0.3790849673202614,
    0.5344827586206896,
    0.5585585585585585,
    0.6746987951807228,
    0.6379310344827587,
    0.7387387387387387,
    0.24,
    0.5416666666666666,
    0.48598130841121495,
    0.03773584905660377,
    0.39285714285714285,
    0.21212121212121213,
    0.4090909090909091,
    0.4807692307692308,
    0.2545454545454545,
    0.19753086419753085,
    0.5142857142857142,
    0.40522875816993464,
    0.6526315789473685,
    0.3146067415730337,
    0.42735042735042733,
    0.359375,
    0.14705882352941177,
    0.32558139534883723,
    0.40425531914893614,
    0.43373493975903615,
    0.7747747747747747,
    0.6341463414634146,
    0.4745762711864407,
    0.42735042735042733,
    0.2191780821917808,
    0.2571428571428571,
    0.556390977443609,
    0.2619047619047619,
    0.6078431372549019,
    0.42857142857142855,
    0.4044943820224719,
    0.4881889763779528,
    0.20253164556962025,
    0.5871559633027523,
    0.6947368421052632,
    0.3,
    0.48333333333333334,
    0.5223880597014925,
    0.2222222222222222,
    0.4186046511627907,
    0.06896551724137931,
    0.256,
    0.5274725274725275,
    0.21212121212121213,
    0.45161290322580644,
    0.3302752293577982,
    0.3333333333333333,
    0.6666666666666666,
    0.24489795918367346,
    0.43636363636363634,
    0.3956043956043956,
    0.3188405797101449,
    0.24444444444444444,
    0.10526315789473684,
    0.6788990825688074,
    0.27692307692307694,
    0.125,
    0.6788990825688074,
    0.3522727272727273,
    0.25,
    0.2765957446808511,
    0.3917525773195876,
    0.45714285714285713,
    0.3673469387755102,
    0.07142857142857142,
    0.3838383838383838,
    0.391304347826087,
    0.48,
    0.21621621621621623,
    0.3968253968253968,
    0.42424242424242425,
    0.35789473684210527,
    0.3225806451612903,
    0.38571428571428573,
    0.4793388429752066,
    0.11764705882352941,
    0.10666666666666667,
    0.574468085106383,
    0.3157894736842105,
    0.6739130434782609,
    0.3287671232876712,
    0.17391304347826086,
    0.21782178217821782,
    0.6181818181818182,
    0.6666666666666666,
    0.42105263157894735,
    0.2556390977443609,
    0.5862068965517241,
    0.2857142857142857,
    0.3611111111111111,
    0.3434343434343434,
    0.7647058823529411,
    0.37254901960784315,
    0.3893805309734513,
    0.6486486486486487,
    0.23853211009174313,
    0.32142857142857145,
    0.38095238095238093,
    0.15384615384615385,
    0.23448275862068965,
    0.6833333333333333,
    0.2826086956521739,
    0.45098039215686275,
    0.3125,
    0.4172661870503597,
    0.5333333333333333,
    0.19753086419753085,
    0.0,
    0.17647058823529413,
    0.5785123966942148,
    0.47058823529411764,
    0.06451612903225806,
    0.3220338983050847,
    0.27692307692307694,
    0.16091954022988506,
    0.06153846153846154,
    0.36363636363636365,
    0.17391304347826086,
    0.3617021276595745,
    0.7428571428571429,
    0.26865671641791045,
    0.7636363636363637,
    0.6526315789473685,
    0.265625,
    0.3877551020408163,
    0.42424242424242425,
    0.49504950495049505,
    0.3125,
    0.4266666666666667,
    0.5079365079365079,
    0.4883720930232558,
    0.4166666666666667,
    0.23376623376623376,
    0.3541666666666667,
    0.2,
    0.15384615384615385,
    0.3025210084033613,
    0.39080459770114945,
    0.42857142857142855,
    0.3855421686746988,
    0.4714285714285714,
    0.7192982456140351,
    0.7107438016528925,
    0.3711340206185567,
    0.06896551724137931,
    0.3302752293577982,
    0.6304347826086957,
    0.42718446601941745,
    0.13513513513513514,
    0.7010309278350515,
    0.45,
    0.07547169811320754,
    0.5321100917431193,
    0.40601503759398494,
    0.6078431372549019,
    0.0975609756097561,
    0.22641509433962265,
    0.35294117647058826,
    0.3448275862068966,
    0.4523809523809524,
    0.5950413223140496,
    0.5,
    0.5050505050505051,
    0.5473684210526316,
    0.3548387096774194,
    0.5636363636363636,
    0.3448275862068966,
    0.5301204819277109,
    0.5272727272727272,
    0.5755395683453237,
    0.49557522123893805,
    0.37168141592920356,
    0.5619834710743802,
    0.20253164556962025,
    0.46511627906976744,
    0.20689655172413793
  ],