{
  "accuracy": 0.4291,
  "precision_macro": 0.4368076223253381,
  "recall_macro": 0.42910000000000004,
  "f1_macro": 0.41490882099768894,
  "precision_weighted": 0.43680762232533815,
  "recall_weighted": 0.4291,
  "f1_weighted": 0.4149088209976889,
  "per_class_f1": [
    0.7522935779816514,
    0.7070707070707071,
    0.4424778761061947,
    0.3541666666666667,
    0.4444444444444444,
    0.12345679012345678,
    0.6415094339622641,
    0.22988505747126436,
    0.6363636363636364,
    0.29333333333333333,
    0.22988505747126436,
    0.5050505050505051,
    0.45517241379310347,
    0.7142857142857143,
    0.5473684210526316,
    0.3373493975903614,
    0.2972972972972973,
    0.49504950495049505,
    0.2875,
    0.5636363636363636,
    0.543859649122807,
    0.6346153846153846,
    0.5625,
    0.6724137931034483,
    0.19753086419753085,
    0.5663716814159292,
    0.5343511450381679,
    0.23076923076923078,
    0.36065573770491804,
    0.14285714285714285,
    0.4077669902912621,
    0.5042016806722689,
    0.15384615384615385,
    0.21978021978021978,
    0.5196850393700787,
    0.4888888888888889,
    0.660377358490566,
    0.38202247191011235,
    0.5544554455445545,
    0.3409090909090909,
    0.2857142857142857,
    0.3404255319148936,
    0.3392857142857143,
    0.4074074074074074,
    0.7789473684210526,
    0.6857142857142857,
    0.40707964601769914,
    0.5,
    0.15384615384615385,
    0.2972972972972973,
    0.625,
    0.27906976744186046,
    0.5871559633027523,
    0.45714285714285713,
    0.4827586206896552,
    0.5,
    0.2127659574468085,
    0.591304347826087,
    0.672566371681416,
    0.34210526315789475,
    0.5,
    0.5271317829457365,
    0.37142857142857144,
    0.3956043956043956,
    0.1,
    0.2375,
    0.6206896551724138,
    0.34285714285714286,
    0.41333333333333333,
    0.31007751937984496,
    0.13793103448275862,
    0.6440677966101694,
    0.37254901960784315,
    0.44680851063829785,
    0.43548387096774194,
    0.35294117647058826,
    0.425,
    0.0625,
    0.7037037037037037,
    0.2727272727272727,
    0.08108108108108109,
    0.7272727272727273,
    0.3352601156069364,
    0.23809523809523808,
    0.28865979381443296,
    0.46808510638297873,
    0.4,
    0.375,
    0.03571428571428571,
    0.4074074074074074,
    0.46153846153846156,
    0.4316546762589928,
    0.38095238095238093,
    0.3673469387755102,
    0.4748201438848921,
    0.4158415841584158,
    0.3373493975903614,
    0.3609022556390977,
    0.4462809917355372,
    0.1282051282051282,
    0.19444444444444445,
    0.5957446808510638,
    0.3116883116883117,
    0.7391304347826086,
    0.2647058823529412,
    0.3728813559322034,
    0.1686746987951807,
    0.6015037593984962,
    0.7096774193548387,
    0.4946236559139785,
    0.3783783783783784,
    0.5428571428571428,
    0.3434343434343434,
    0.3561643835616438,
    0.39080459770114945,
    0.7924528301886793,
    0.4065040650406504,
    0.49557522123893805,
    0.6530612244897959,
    0.24742268041237114,
    0.2727272727272727,
    0.4367816091954023,
    0.15789473684210525,
    0.2222222222222222,
    0.7079646017699115,
    0.2716049382716049,
    0.4367816091954023,
    0.4,
    0.44680851063829785,
    0.6206896551724138,
    0.2926829268292683,
    0.0,
    0.09230769230769231,
    0.5849056603773585,
    0.4897959183673469,
    0.03508771929824561,
    0.20175438596491227,
    0.3,
    0.14285714285714285,
    0.16393442622950818,
    0.41509433962264153,
    0.3157894736842105,
    0.4842105263157895,
    0.656,
    0.38333333333333336,
    0.7722772277227723,
    0.6419753086419753,
    0.2882882882882883,
    0.37894736842105264,
    0.40963855421686746,
    0.5287356321839081,
    0.34782608695652173,
    0.40425531914893614,
    0.47619047619047616,
    0.5060240963855421,
    0.4878048780487805,
    0.2962962962962963,
    0.391304347826087,
    0.2926829268292683,
    0.0967741935483871,
    0.31932773109243695,
    0.33707865168539325,
    0.5287356321839081,
    0.4,
    0.5252525252525253,
    0.7708333333333334,
    0.7572815533980582,
    0.449438202247191,
    0.1,
    0.32653061224489793,
    0.6590909090909091,
    0.3893805309734513,
    0.08571428571428572,
    0.7191011235955056,
    0.3877551020408163,
    0.0,
    0.5894736842105263,
    0.34594594594594597,
    0.5357142857142857,
    0.2127659574468085,
    0.2184873949579832,
    0.40476190476190477,
    0.35555555555555557,
    0.5813953488372093,
    0.5454545454545454,
    0.6363636363636364,
    0.5684210526315789,
    0.5054945054945055,
    0.39316239316239315,
    0.45161290322580644,
    0.4,
    0.5714285714285714,
    0.47619047619047616,
    0.6666666666666666,
    0.5151515151515151,
    0.3619047619047619,
    0.5413533834586466,
    0.25,
    0.410958904109589,
    0.2631578947368421
  ],