{
  "accuracy": 0.4294,
  "precision_macro": 0.4263815548571486,
  "recall_macro": 0.4294,
  "f1_macro": 0.4109836548604342,
  "precision_weighted": 0.4263815548571486,
  "recall_weighted": 0.4294,
  "f1_weighted": 0.41098365486043403,
  "per_class_f1": [
    0.6607142857142857,
    0.6915887850467289,
    0.46616541353383456,
    0.3132530120481928,
    0.4409448818897638,
    0.06060606060606061,
    0.5252525252525253,
    0.2,
    0.6601941747572816,
    0.33613445378151263,
    0.2898550724637681,
    0.5054945054945055,
    0.5663716814159292,
    0.6923076923076923,
    0.5542168674698795,
    0.26666666666666666,
    0.2891566265060241,
    0.49523809523809526,
    0.3584905660377358,
    0.5555555555555556,
    0.5043478260869565,
    0.6451612903225806,
    0.6050420168067226,
    0.6837606837606838,
    0.2708333333333333,
    0.46835443037974683,
    0.4217687074829932,
    0.037037037037037035,
    0.3584905660377358,
    0.06153846153846154,
    0.34,
    0.4745762711864407,
    0.136986301369863,
    0.23255813953488372,
    0.5087719298245614,
    0.41450777202072536,
    0.7454545454545455,
    0.36585365853658536,
    0.532258064516129,
    0.39603960396039606,
    0.10126582278481013,
    0.3157894736842105,
    0.32653061224489793,
    0.47706422018348627,
    0.7920792079207921,
    0.639344262295082,
    0.4262295081967213,
    0.432,
    0.09230769230769231,
    0.17391304347826086,
    0.5396825396825397,
    0.2535211267605634,
    0.6923076923076923,
    0.391304347826087,
    0.49557522123893805,
    0.448,
    0.2222222222222222,
    0.5576923076923077,
    0.6229508196721312,
    0.4878048780487805,
    0.4715447154471545,
    0.5038167938931297,
    0.23684210526315788,
    0.3870967741935484,
    0.20512820512820512,
    0.22413793103448276,
    0.6222222222222222,
    0.34146341463414637,
    0.46715328467153283,
    0.297029702970297,
    0.4297520661157025,
    0.6792452830188679,
    0.4,
    0.42748091603053434,
    0.4065040650406504,
    0.35443037974683544,
    0.3469387755102041,
    0.08955223880597014,
    0.7326732673267327,
    0.35294117647058826,
    0.1643835616438356,
    0.8,
    0.34285714285714286,
    0.20253164556962025,
    0.27586206896551724,
    0.35294117647058826,
    0.45217391304347826,
    0.3853211009174312,
    0.03636363636363636,
    0.3883495145631068,
    0.4918032786885246,
    0.49122807017543857,
    0.4050632911392405,
    0.41935483870967744,
    0.3902439024390244,
    0.411214953271028,
    0.38636363636363635,
    0.3684210526315789,
    0.5142857142857142,
    0.12658227848101267,
    0.17647058823529413,
    0.5416666666666666,
    0.3695652173913043,
    0.7446808510638298,
    0.2894736842105263,
    0.3333333333333333,
    0.13793103448275862,
    0.592,
    0.7,
    0.4631578947368421,
    0.3119266055045872,
    0.6486486486486487,
    0.32653061224489793,
    0.3023255813953488,
    0.3617021276595745,
    0.7476635514018691,
    0.3902439024390244,
    0.4854368932038835,
    0.6868686868686869,
    0.25263157894736843,
    0.2987012987012987,
    0.4666666666666667,
    0.14285714285714285,
    0.21138211382113822,
    0.6788990825688074,
    0.16470588235294117,
    0.4583333333333333,
    0.3516483516483517,
    0.4444444444444444,
    0.6041666666666666,
    0.24242424242424243,
    0.06060606060606061,
    0.11267605633802817,
    0.6271186440677966,
    0.4044943820224719,
    0.03278688524590164,
    0.2727272727272727,
    0.2571428571428571,
    0.18867924528301888,
    0.21621621621621623,
    0.3937007874015748,
    0.35294117647058826,
    0.46153846153846156,
    0.7572815533980582,
    0.30434782608695654,
    0.7130434782608696,
    0.6732673267326733,
    0.2601626016260163,
    0.34,
    0.3956043956043956,
    0.4126984126984127,
    0.3287671232876712,
    0.5194805194805194,
    0.616822429906542,
    0.44,
    0.5346534653465347,
    0.39436619718309857,
    0.3673469387755102,
    0.24444444444444444,
    0.0,
    0.34545454545454546,
    0.37209302325581395,
    0.4666666666666667,
    0.3816793893129771,
    0.5043478260869565,
    0.7474747474747475,
    0.7758620689655172,
    0.3448275862068966,
    0.06896551724137931,
    0.40404040404040403,
    0.6744186046511628,
    0.4752475247524752,
    0.16129032258064516,
    0.6728971962616822,
    0.46153846153846156,
    0.03773584905660377,
    0.594059405940594,
    0.3458646616541353,
    0.6434782608695652,
    0.17721518987341772,
    0.205607476635514,
    0.42424242424242425,
    0.358974358974359,
    0.48717948717948717,
    0.6021505376344086,
    0.5168539325842697,
    0.5132743362831859,
    0.40963855421686746,
    0.34951456310679613,
    0.4897959183673469,
    0.35185185185185186,
    0.660377358490566,
    0.45714285714285713,
    0.6307692307692307,
    0.48148148148148145,
    0.44036697247706424,
    0.5379310344827586,
    0.2696629213483146,
    0.4696969696969697,
    0.27522935779816515
  ],