{
  "accuracy": 0.4327,
  "precision_macro": 0.43429728097274933,
  "recall_macro": 0.4327,
  "f1_macro": 0.41563278578596197,
  "precision_weighted": 0.43429728097274944,
  "recall_weighted": 0.4327,
  "f1_weighted": 0.415632785785962,
  "per_class_f1": [
    0.7272727272727273,
    0.6481481481481481,
    0.46846846846846846,
    0.3191489361702128,
    0.42105263157894735,
    0.056338028169014086,
    0.616822429906542,
    0.2857142857142857,
    0.576,
    0.3384615384615385,
    0.23880597014925373,
    0.4954128440366973,
    0.5192307692307693,
    0.660377358490566,
    0.5393258426966292,
    0.3181818181818182,
    0.3561643835616438,
    0.4716981132075472,
    0.37037037037037035,
    0.5454545454545454,
    0.5585585585585585,
    0.6382978723404256,
    0.625,
    0.7272727272727273,
    0.2127659574468085,
    0.42962962962962964,
    0.4943820224719101,
    0.23076923076923078,
    0.3103448275862069,
    0.17391304347826086,
    0.3037974683544304,
    0.46153846153846156,
    0.30434782608695654,
    0.225,
    0.49504950495049505,
    0.4583333333333333,
    0.631578947368421,
    0.37894736842105264,
    0.4126984126984127,
    0.34210526315789475,
    0.16091954022988506,
    0.2376237623762376,
    0.38095238095238093,
    0.4731182795698925,
    0.8,
    0.6222222222222222,
    0.5154639175257731,
    0.4262295081967213,
    0.0,
    0.2028985507246377,
    0.5441176470588235,
    0.2891566265060241,
    0.64,
    0.46601941747572817,
    0.45569620253164556,
    0.47761194029850745,
    0.25225225225225223,
    0.5904761904761905,
    0.74,
    0.29508196721311475,
    0.4406779661016949,
    0.528,
    0.28205128205128205,
    0.40707964601769914,
    0.18181818181818182,
    0.2602739726027397,
    0.5210084033613446,
    0.28205128205128205,
    0.4126984126984127,
    0.288135593220339,
    0.28846153846153844,
    0.608,
    0.3333333333333333,
    0.3855421686746988,
    0.5454545454545454,
    0.3076923076923077,
    0.40425531914893614,
    0.09411764705882353,
    0.6440677966101694,
    0.19047619047619047,
    0.12121212121212122,
    0.7017543859649122,
    0.3851851851851852,
    0.36363636363636365,
    0.21978021978021978,
    0.3956043956043956,
    0.4731182795698925,
    0.4158415841584158,
    0.07142857142857142,
    0.41818181818181815,
    0.44755244755244755,
    0.6,
    0.3291139240506329,
    0.35714285714285715,
    0.3711340206185567,
    0.39215686274509803,
    0.46938775510204084,
    0.37894736842105264,
    0.5,
    0.12698412698412698,
    0.14925373134328357,
    0.5679012345679012,
    0.32432432432432434,
    0.7572815533980582,
    0.32098765432098764,
    0.32061068702290074,
    0.2564102564102564,
    0.6071428571428571,
    0.6666666666666666,
    0.5523809523809524,
    0.297029702970297,
    0.5,
    0.37209302325581395,
    0.4536082474226804,
    0.36,
    0.7407407407407407,
    0.4752475247524752,
    0.49572649572649574,
    0.6938775510204082,
    0.23300970873786409,
    0.38636363636363635,
    0.43956043956043955,
    0.14705882352941177,
    0.2222222222222222,
    0.7128712871287128,
    0.275,
    0.4731182795698925,
    0.37333333333333335,
    0.4444444444444444,
    0.5858585858585859,
    0.28205128205128205,
    0.0,
    0.1956521739130435,
    0.5981308411214953,
    0.4444444444444444,
    0.2391304347826087,
    0.24074074074074073,
    0.1935483870967742,
    0.15,
    0.11428571428571428,
    0.4489795918367347,
    0.2972972972972973,
    0.4791666666666667,
    0.7428571428571429,
    0.36666666666666664,
    0.8108108108108109,
    0.6545454545454545,
    0.3185840707964602,
    0.3302752293577982,
    0.5054945054945055,
    0.5192307692307693,
    0.3287671232876712,
    0.5581395348837209,
    0.4782608695652174,
    0.46,
    0.46,
    0.25806451612903225,
    0.36363636363636365,
    0.28205128205128205,
    0.07272727272727272,
    0.4067796610169492,
    0.3418803418803419,
    0.43373493975903615,
    0.42,
    0.4148148148148148,
    0.8,
    0.7894736842105263,
    0.41739130434782606,
    0.09523809523809523,
    0.33707865168539325,
    0.7047619047619048,
    0.4631578947368421,
    0.0967741935483871,
    0.6666666666666666,
    0.3617021276595745,
    0.1111111111111111,
    0.631578947368421,
    0.3888888888888889,
    0.5964912280701754,
    0.25287356321839083,
    0.26666666666666666,
    0.4878048780487805,
    0.36363636363636365,
    0.5106382978723404,
    0.6262626262626263,
    0.5714285714285714,
    0.4807692307692308,
    0.5128205128205128,
    0.35789473684210527,
    0.4496124031007752,
    0.3106796116504854,
    0.6842105263157895,
    0.4805194805194805,
    0.6557377049180327,
    0.5360824742268041,
    0.3305785123966942,
    0.5409836065573771,
    0.23255813953488372,
    0.4358974358974359,
    0.26373626373626374
  ],