{
  "accuracy": 0.4177,
  "precision_macro": 0.4362559587296077,
  "recall_macro": 0.41769999999999996,
  "f1_macro": 0.405363672667959,
  "precision_weighted": 0.43625595872960765,
  "recall_weighted": 0.4177,
  "f1_weighted": 0.405363672667959,
  "per_class_f1": [
    0.6495726495726496,
    0.6608695652173913,
    0.42276422764227645,
    0.35,
    0.42028985507246375,
    0.13333333333333333,
    0.5428571428571428,
    0.2916666666666667,
    0.6037735849056604,
    0.25668449197860965,
    0.2,
    0.4897959183673469,
    0.5225225225225225,
    0.7126436781609196,
    0.5316455696202531,
    0.30612244897959184,
    0.208955223880597,
    0.4897959183673469,
    0.3047619047619048,
    0.5773195876288659,
    0.5636363636363636,
    0.6185567010309279,
    0.5984251968503937,
    0.7130434782608696,
    0.17567567567567569,
    0.4768211920529801,
    0.4,
    0.15151515151515152,
    0.2911392405063291,
    0.2191780821917808,
    0.3853211009174312,
    0.4752475247524752,
    0.2564102564102564,
    0.25316455696202533,
    0.512,
    0.42038216560509556,
    0.6792452830188679,
    0.3392857142857143,
    0.5686274509803921,
    0.3917525773195876,
    0.15584415584415584,
    0.26666666666666666,
    0.3488372093023256,
    0.4583333333333333,
    0.819047619047619,
    0.6601941747572816,
    0.46153846153846156,
    0.4036697247706422,
    0.13114754098360656,
    0.21052631578947367,
    0.6666666666666666,
    0.3364485981308411,
    0.49635036496350365,
    0.4077669902912621,
    0.37362637362637363,
    0.4496124031007752,
    0.2524271844660194,
    0.5684210526315789,
    0.7010309278350515,
    0.42105263157894735,
    0.39705882352941174,
    0.5535714285714286,
    0.3561643835616438,
    0.32,
    0.17391304347826086,
    0.21153846153846154,
    0.5106382978723404,
    0.3283582089552239,
    0.3146067415730337,
    0.3146067415730337,
    0.379746835443038,
    0.6846846846846847,
    0.35,
    0.35555555555555557,
    0.41333333333333333,
    0.29333333333333333,
    0.3,
    0.1038961038961039,
    0.7169811320754716,
    0.3076923076923077,
    0.1095890410958904,
    0.7572815533980582,
    0.4094488188976378,
    0.2564102564102564,
    0.2956521739130435,
    0.3409090909090909,
    0.3902439024390244,
    0.3595505617977528,
    0.07142857142857142,
    0.3595505617977528,
    0.4778761061946903,
    0.4444444444444444,
    0.3380281690140845,
    0.40860215053763443,
    0.5,
    0.5,
    0.4090909090909091,
    0.42748091603053434,
    0.48148148148148145,
    0.1917808219178082,
    0.16,
    0.5769230769230769,
    0.32432432432432434,
    0.7391304347826086,
    0.28169014084507044,
    0.30344827586206896,
    0.22448979591836735,
    0.5826771653543307,
    0.6122448979591837,
    0.38961038961038963,
    0.275,
    0.42162162162162165,
    0.2857142857142857,
    0.32941176470588235,
    0.37623762376237624,
    0.8080808080808081,
    0.3829787234042553,
    0.45255474452554745,
    0.6428571428571429,
    0.33613445378151263,
    0.25,
    0.47058823529411764,
    0.08108108108108109,
    0.15384615384615385,
    0.7476635514018691,
    0.29545454545454547,
    0.46,
    0.3384615384615385,
    0.4426229508196721,
    0.5274725274725275,
    0.35714285714285715,
    0.03278688524590164,
    0.15625,
    0.6666666666666666,
    0.411214953271028,
    0.22535211267605634,
    0.22115384615384615,
    0.29411764705882354,
    0.1724137931034483,
    0.19444444444444445,
    0.37254901960784315,
    0.3037974683544304,
    0.4090909090909091,
    0.6153846153846154,
    0.3464566929133858,
    0.8037383177570093,
    0.6588235294117647,
    0.25,
    0.3877551020408163,
    0.45652173913043476,
    0.4883720930232558,
    0.2857142857142857,
    0.46938775510204084,
    0.5294117647058824,
    0.4266666666666667,
    0.5,
    0.21875,
    0.39080459770114945,
    0.18823529411764706,
    0.09836065573770492,
    0.40384615384615385,
    0.29545454545454547,
    0.5393258426966292,
    0.4583333333333333,
    0.43564356435643564,
    0.7628865979381443,
    0.7526881720430108,
    0.4444444444444444,
    0.03636363636363636,
    0.3132530120481928,
    0.6041666666666666,
    0.3669724770642202,
    0.15384615384615385,
    0.6190476190476191,
    0.5054945054945055,
    0.07407407407407407,
    0.5979381443298969,
    0.37267080745341613,
    0.5932203389830508,
    0.1794871794871795,
    0.2830188679245283,
    0.40384615384615385,
    0.3302752293577982,
    0.5301204819277109,
    0.5294117647058824,
    0.6,
    0.3541666666666667,
    0.5272727272727272,
    0.38596491228070173,
    0.5370370370370371,
    0.28205128205128205,
    0.5423728813559322,
    0.47368421052631576,
    0.6271186440677966,
    0.46715328467153283,
    0.36363636363636365,
    0.5426356589147286,
    0.2247191011235955,
    0.4090909090909091,
    0.2777777777777778
  ],