{
  "accuracy": 0.3994,
  "precision_macro": 0.413315558594182,
  "recall_macro": 0.3994,
  "f1_macro": 0.38267527036087784,
  "precision_weighted": 0.41331555859418206,
  "recall_weighted": 0.3994,
  "f1_weighted": 0.38267527036087784,
  "per_class_f1": [
    0.6902654867256637,
    0.7272727272727273,
    0.44,
    0.1891891891891892,
    0.3559322033898305,
    0.02531645569620253,
    0.5185185185185185,
    0.225,
    0.584070796460177,
    0.3418803418803419,
    0.1951219512195122,
    0.45454545454545453,
    0.47619047619047616,
    0.58,
    0.5681818181818182,
    0.24444444444444444,
    0.2702702702702703,
    0.5517241379310345,
    0.2689075630252101,
    0.5046728971962616,
    0.5102040816326531,
    0.6373626373626373,
    0.6597938144329897,
    0.6428571428571429,
    0.21621621621621623,
    0.5,
    0.45588235294117646,
    0.07017543859649122,
    0.4583333333333333,
    0.1095890410958904,
    0.3488372093023256,
    0.4672897196261682,
    0.32558139534883723,
    0.18604651162790697,
    0.5306122448979592,
    0.512,
    0.7157894736842105,
    0.22784810126582278,
    0.5178571428571429,
    0.16666666666666666,
    0.19718309859154928,
    0.28205128205128205,
    0.3669724770642202,
    0.4666666666666667,
    0.7735849056603774,
    0.6451612903225806,
    0.4,
    0.47619047619047616,
    0.14492753623188406,
    0.24096385542168675,
    0.6422018348623854,
    0.26666666666666666,
    0.5918367346938775,
    0.2692307692307692,
    0.4383561643835616,
    0.5079365079365079,
    0.19469026548672566,
    0.6031746031746031,
    0.7450980392156863,
    0.28125,
    0.40268456375838924,
    0.5357142857142857,
    0.12698412698412698,
    0.3247863247863248,
    0.2153846153846154,
    0.19642857142857142,
    0.5178571428571429,
    0.1016949152542373,
    0.3434343434343434,
    0.15126050420168066,
    0.2882882882882883,
    0.5691056910569106,
    0.2727272727272727,
    0.38095238095238093,
    0.35185185185185186,
    0.2898550724637681,
    0.2716049382716049,
    0.14492753623188406,
    0.6915887850467289,
    0.16393442622950818,
    0.08955223880597014,
    0.6909090909090909,
    0.39097744360902253,
    0.15151515151515152,
    0.3008849557522124,
    0.43137254901960786,
    0.4230769230769231,
    0.29411764705882354,
    0.0,
    0.3516483516483517,
    0.4,
    0.4460431654676259,
    0.30985915492957744,
    0.46808510638297873,
    0.17391304347826086,
    0.4,
    0.3695652173913043,
    0.39215686274509803,
    0.4778761061946903,
    0.11764705882352941,
    0.10526315789473684,
    0.5679012345679012,
    0.20512820512820512,
    0.7311827956989247,
    0.2988505747126437,
    0.3088235294117647,
    0.21951219512195122,
    0.5573770491803278,
    0.576271186440678,
    0.43037974683544306,
    0.3333333333333333,
    0.4931506849315068,
    0.31746031746031744,
    0.37209302325581395,
    0.2682926829268293,
    0.7476635514018691,
    0.44,
    0.4715447154471545,
    0.5416666666666666,
    0.23636363636363636,
    0.25396825396825395,
    0.4915254237288136,
    0.12698412698412698,
    0.21487603305785125,
    0.64,
    0.225,
    0.42424242424242425,
    0.25,
    0.40816326530612246,
    0.6292134831460674,
    0.1388888888888889,
    0.0,
    0.20588235294117646,
    0.6595744680851063,
    0.3614457831325301,
    0.09836065573770492,
    0.21238938053097345,
    0.13793103448275862,
    0.12244897959183673,
    0.07272727272727272,
    0.43636363636363634,
    0.3548387096774194,
    0.45544554455445546,
    0.7872340425531915,
    0.3125,
    0.7627118644067796,
    0.6538461538461539,
    0.2222222222222222,
    0.3368421052631579,
    0.46464646464646464,
    0.4247787610619469,
    0.2898550724637681,
    0.11441647597254005,
    0.49612403100775193,
    0.40384615384615385,
    0.3488372093023256,
    0.16666666666666666,
    0.39655172413793105,
    0.16822429906542055,
    0.07407407407407407,
    0.2702702702702703,
    0.3076923076923077,
    0.4523809523809524,
    0.38461538461538464,
    0.46774193548387094,
    0.6923076923076923,
    0.8113207547169812,
    0.32989690721649484,
    0.0,
    0.3076923076923077,
    0.6595744680851063,
    0.4740740740740741,
    0.06153846153846154,
    0.6736842105263158,
    0.3,
    0.03773584905660377,
    0.6,
    0.4,
    0.6363636363636364,
    0.26666666666666666,
    0.19548872180451127,
    0.40425531914893614,
    0.38181818181818183,
    0.5411764705882353,
    0.6464646464646465,
    0.5813953488372093,
    0.5384615384615384,
    0.5052631578947369,
    0.2830188679245283,
    0.559322033898305,
    0.3958333333333333,
    0.608,
    0.4462809917355372,
    0.6201550387596899,
    0.3333333333333333,
    0.373134328358209,
    0.59375,
    0.18181818181818182,
    0.3229166666666667,
    0.2988505747126437
  ],