{
  "accuracy": 0.4013,
  "precision_macro": 0.4104988242672455,
  "recall_macro": 0.40130000000000005,
  "f1_macro": 0.3854838990370662,
  "precision_weighted": 0.41049882426724554,
  "recall_weighted": 0.4013,
  "f1_weighted": 0.3854838990370662,
  "per_class_f1": [
    0.6534653465346535,
    0.6607142857142857,
    0.35036496350364965,
    0.23076923076923078,
    0.34146341463414637,
    0.18181818181818182,
    0.5849056603773585,
    0.1794871794871795,
    0.6458333333333334,
    0.35398230088495575,
    0.1794871794871795,
    0.4854368932038835,
    0.4892086330935252,
    0.5510204081632653,
    0.4731182795698925,
    0.3116883116883117,
    0.2153846153846154,
    0.5309734513274337,
    0.3655913978494624,
    0.4489795918367347,
    0.46153846153846156,
    0.6588235294117647,
    0.6666666666666666,
    0.6238532110091743,
    0.18181818181818182,
    0.5523809523809524,
    0.4411764705882353,
    0.12698412698412698,
    0.42105263157894735,
    0.1111111111111111,
    0.24,
    0.4186046511627907,
    0.2222222222222222,
    0.21428571428571427,
    0.5289256198347108,
    0.38,
    0.6868686868686869,
    0.42857142857142855,
    0.5137614678899083,
    0.25,
    0.2191780821917808,
    0.24096385542168675,
    0.37894736842105264,
    0.49056603773584906,
    0.7272727272727273,
    0.6785714285714286,
    0.42990654205607476,
    0.4666666666666667,
    0.17073170731707318,
    0.24324324324324326,
    0.5170068027210885,
    0.35294117647058826,
    0.5573770491803278,
    0.39080459770114945,
    0.38961038961038963,
    0.40476190476190477,
    0.16981132075471697,
    0.5185185185185185,
    0.5871559633027523,
    0.2465753424657534,
    0.4580152671755725,
    0.5081967213114754,
    0.2619047619047619,
    0.3047619047619048,
    0.16129032258064516,
    0.23140495867768596,
    0.5048543689320388,
    0.13559322033898305,
    0.4,
    0.2682926829268293,
    0.1891891891891892,
    0.5794392523364486,
    0.3300970873786408,
    0.32142857142857145,
    0.41379310344827586,
    0.21686746987951808,
    0.32727272727272727,
    0.1,
    0.74,
    0.2857142857142857,
    0.16216216216216217,
    0.75,
    0.3783783783783784,
    0.27848101265822783,
    0.2857142857142857,
    0.325,
    0.40707964601769914,
    0.2736842105263158,
    0.06779661016949153,
    0.43373493975903615,
    0.43564356435643564,
    0.48695652173913045,
    0.208955223880597,
    0.3902439024390244,
    0.4482758620689655,
    0.3711340206185567,
    0.21686746987951808,
    0.3404255319148936,
    0.5168539325842697,
    0.07692307692307693,
    0.09230769230769231,
    0.6046511627906976,
    0.1917808219178082,
    0.7628865979381443,
    0.35135135135135137,
    0.23809523809523808,
    0.2222222222222222,
    0.6363636363636364,
    0.5825242718446602,
    0.5054945054945055,
    0.30434782608695654,
    0.5068493150684932,
    0.26666666666666666,
    0.39473684210526316,
    0.3652173913043478,
    0.7920792079207921,
    0.4594594594594595,
    0.5299145299145299,
    0.6178861788617886,
    0.2,
    0.35294117647058826,
    0.49523809523809526,
    0.13114754098360656,
    0.17518248175182483,
    0.6949152542372882,
    0.3170731707317073,
    0.4782608695652174,
    0.2564102564102564,
    0.39106145251396646,
    0.5555555555555556,
    0.1927710843373494,
    0.0,
    0.17142857142857143,
    0.6336633663366337,
    0.42857142857142855,
    0.12698412698412698,
    0.23943661971830985,
    0.1935483870967742,
    0.12631578947368421,
    0.10344827586206896,
    0.33613445378151263,
    0.2535211267605634,
    0.39473684210526316,
    0.6349206349206349,
    0.3218390804597701,
    0.8,
    0.6238532110091743,
    0.2482758620689655,
    0.2912621359223301,
    0.40963855421686746,
    0.41379310344827586,
    0.2898550724637681,
    0.25,
    0.5901639344262295,
    0.411214953271028,
    0.4186046511627907,
    0.23880597014925373,
    0.3302752293577982,
    0.23376623376623376,
    0.06779661016949153,
    0.32075471698113206,
    0.3404255319148936,
    0.47058823529411764,
    0.49019607843137253,
    0.5166666666666667,
    0.6608695652173913,
    0.7258064516129032,
    0.42696629213483145,
    0.03076923076923077,
    0.2608695652173913,
    0.6019417475728155,
    0.4,
    0.12903225806451613,
    0.6601941747572816,
    0.42105263157894735,
    0.0,
    0.6554621848739496,
    0.3620689655172414,
    0.5925925925925926,
    0.1411764705882353,
    0.25,
    0.35443037974683544,
    0.33043478260869563,
    0.5252525252525253,
    0.5945945945945946,
    0.5420560747663551,
    0.449438202247191,
    0.47619047619047616,
    0.4158415841584158,
    0.5822784810126582,
    0.4444444444444444,
    0.5945945945945946,
    0.4383561643835616,
    0.6046511627906976,
    0.45045045045045046,
    0.2803738317757009,
    0.5581395348837209,
    0.14814814814814814,
    0.14446952595936793,
    0.3225806451612903
  ],