{
  "accuracy": 0.417,
  "precision_macro": 0.421757331981904,
  "recall_macro": 0.41700000000000004,
  "f1_macro": 0.4023810406016036,
  "precision_weighted": 0.421757331981904,
  "recall_weighted": 0.417,
  "f1_weighted": 0.40238104060160357,
  "per_class_f1": [
    0.7368421052631579,
    0.6115702479338843,
    0.38823529411764707,
    0.30434782608695654,
    0.411214953271028,
    0.10526315789473684,
    0.5714285714285714,
    0.11764705882352941,
    0.68,
    0.30857142857142855,
    0.2077922077922078,
    0.5,
    0.46875,
    0.6666666666666666,
    0.5473684210526316,
    0.3291139240506329,
    0.2535211267605634,
    0.48148148148148145,
    0.28846153846153844,
    0.5454545454545454,
    0.4444444444444444,
    0.7058823529411765,
    0.6115702479338843,
    0.6779661016949152,
    0.1956521739130435,
    0.44755244755244755,
    0.411214953271028,
    0.15,
    0.34710743801652894,
    0.07692307692307693,
    0.2716049382716049,
    0.4854368932038835,
    0.2828282828282828,
    0.16666666666666666,
    0.47058823529411764,
    0.4915254237288136,
    0.6990291262135923,
    0.3953488372093023,
    0.5190839694656488,
    0.3516483516483517,
    0.2564102564102564,
    0.3673469387755102,
    0.39215686274509803,
    0.5294117647058824,
    0.851063829787234,
    0.736,
    0.3564356435643564,
    0.43478260869565216,
    0.06666666666666667,
    0.2597402597402597,
    0.6292134831460674,
    0.3302752293577982,
    0.5739130434782609,
    0.4122137404580153,
    0.3287671232876712,
    0.423841059602649,
    0.23655913978494625,
    0.5172413793103449,
    0.5742574257425742,
    0.43902439024390244,
    0.5217391304347826,
    0.5660377358490566,
    0.2857142857142857,
    0.34615384615384615,
    0.15151515151515152,
    0.26153846153846155,
    0.5714285714285714,
    0.22857142857142856,
    0.3380281690140845,
    0.2912621359223301,
    0.3516483516483517,
    0.693069306930693,
    0.3368421052631579,
    0.46,
    0.4230769230769231,
    0.2,
    0.32558139534883723,
    0.19607843137254902,
    0.7472527472527473,
    0.19672131147540983,
    0.12307692307692308,
    0.7169811320754716,
    0.43548387096774194,
    0.18181818181818182,
    0.22764227642276422,
    0.4065040650406504,
    0.4782608695652174,
    0.37777777777777777,
    0.10344827586206896,
    0.3614457831325301,
    0.46956521739130436,
    0.5128205128205128,
    0.2222222222222222,
    0.37735849056603776,
    0.36363636363636365,
    0.3829787234042553,
    0.30434782608695654,
    0.3939393939393939,
    0.5172413793103449,
    0.14285714285714285,
    0.11764705882352941,
    0.6086956521739131,
    0.273972602739726,
    0.7741935483870968,
    0.3291139240506329,
    0.32075471698113206,
    0.1797752808988764,
    0.660377358490566,
    0.7096774193548387,
    0.46464646464646464,
    0.3291139240506329,
    0.5211267605633803,
    0.2857142857142857,
    0.37333333333333335,
    0.3516483516483517,
    0.8210526315789474,
    0.3870967741935484,
    0.4262295081967213,
    0.6857142857142857,
    0.273972602739726,
    0.2692307692307692,
    0.5227272727272727,
    0.11594202898550725,
    0.24175824175824176,
    0.7241379310344828,
    0.1978021978021978,
    0.4897959183673469,
    0.3950617283950617,
    0.48739495798319327,
    0.46017699115044247,
    0.2912621359223301,
    0.0,
    0.11428571428571428,
    0.6373626373626373,
    0.38961038961038963,
    0.2077922077922078,
    0.25,
    0.21333333333333335,
    0.15625,
    0.03278688524590164,
    0.4375,
    0.33766233766233766,
    0.375,
    0.6666666666666666,
    0.3469387755102041,
    0.7962962962962963,
    0.6666666666666666,
    0.2608695652173913,
    0.36363636363636365,
    0.4523809523809524,
    0.4791666666666667,
    0.29411764705882354,
    0.47368421052631576,
    0.5194805194805194,
    0.5227272727272727,
    0.375,
    0.33766233766233766,
    0.3516483516483517,
    0.18421052631578946,
    0.034482758620689655,
    0.3191489361702128,
    0.3010752688172043,
    0.47058823529411764,
    0.425,
    0.5098039215686274,
    0.7304347826086957,
    0.8076923076923077,
    0.43137254901960786,
    0.06896551724137931,
    0.3076923076923077,
    0.6382978723404256,
    0.3434343434343434,
    0.12903225806451613,
    0.6355140186915887,
    0.4423076923076923,
    0.0,
    0.6382978723404256,
    0.3387096774193548,
    0.5037037037037037,
    0.2222222222222222,
    0.21212121212121213,
    0.38202247191011235,
    0.34782608695652173,
    0.47706422018348627,
    0.5714285714285714,
    0.4827586206896552,
    0.4222222222222222,
    0.5294117647058824,
    0.3559322033898305,
    0.5210084033613446,
    0.3448275862068966,
    0.559322033898305,
    0.5070422535211268,
    0.6923076923076923,
    0.42962962962962964,
    0.37894736842105264,
    0.5631067961165048,
    0.2962962962962963,
    0.47244094488188976,
    0.26804123711340205
  ],