{
  "accuracy": 0.3026,
  "precision_macro": 0.4128724315184938,
  "recall_macro": 0.3026,
  "f1_macro": 0.3163453018614041,
  "precision_weighted": 0.4128724315184938,
  "recall_weighted": 0.3026,
  "f1_weighted": 0.3163453018614041,
  "per_class_f1": [
    0.46464646464646464,
    0.6296296296296297,
    0.34408602150537637,
    0.22535211267605634,
    0.15602836879432624,
    0.13829787234042554,
    0.3835616438356164,
    0.057971014492753624,
    0.5641025641025641,
    0.29310344827586204,
    0.03125,
    0.4444444444444444,
    0.46938775510204084,
    0.4864864864864865,
    0.4507042253521127,
    0.15873015873015872,
    0.1875,
    0.4782608695652174,
    0.25287356321839083,
    0.35294117647058826,
    0.3013698630136986,
    0.5434782608695652,
    0.5783132530120482,
    0.41836734693877553,
    0.21333333333333335,
    0.4631578947368421,
    0.40816326530612246,
    0.15625,
    0.29545454545454547,
    0.07017543859649122,
    0.35135135135135137,
    0.4,
    0.16129032258064516,
    0.11267605633802817,
    0.5510204081632653,
    0.5111111111111111,
    0.7111111111111111,
    0.24615384615384617,
    0.46808510638297873,
    0.11594202898550725,
    0.09523809523809523,
    0.07142857142857142,
    0.23076923076923078,
    0.40860215053763443,
    0.8172043010752689,
    0.6721311475409836,
    0.03571428571428571,
    0.4,
    0.07272727272727272,
    0.15873015873015872,
    0.6285714285714286,
    0.24691358024691357,
    0.5783132530120482,
    0.4935064935064935,
    0.4222222222222222,
    0.3458646616541353,
    0.1452991452991453,
    0.4634146341463415,
    0.5785123966942148,
    0.23880597014925373,
    0.40625,
    0.3793103448275862,
    0.29411764705882354,
    0.2564102564102564,
    0.10344827586206896,
    0.14285714285714285,
    0.5168539325842697,
    0.10526315789473684,
    0.33070866141732286,
    0.0967741935483871,
    0.336283185840708,
    0.5842696629213483,
    0.2028985507246377,
    0.4,
    0.4380952380952381,
    0.16393442622950818,
    0.1095890410958904,
    0.08695652173913043,
    0.5352112676056338,
    0.11320754716981132,
    0.037037037037037035,
    0.6534653465346535,
    0.22077922077922077,
    0.26666666666666666,
    0.17073170731707318,
    0.2898550724637681,
    0.2972972972972973,
    0.32098765432098764,
    0.0,
    0.10714285714285714,
    0.3655913978494624,
    0.2835820895522388,
    0.22950819672131148,
    0.32989690721649484,
    0.325,
    0.35294117647058826,
    0.030677882236516577,
    0.3333333333333333,
    0.3170731707317073,
    0.09836065573770492,
    0.03571428571428571,
    0.4523809523809524,
    0.1694915254237288,
    0.7777777777777778,
    0.23076923076923078,
    0.1728395061728395,
    0.11940298507462686,
    0.5504587155963303,
    0.5714285714285714,
    0.2894736842105263,
    0.2465753424657534,
    0.496,
    0.3516483516483517,
    0.30303030303030304,
    0.2535211267605634,
    0.6896551724137931,
    0.3287671232876712,
    0.375,
    0.6352941176470588,
    0.19718309859154928,
    0.25882352941176473,
    0.5,
    0.0,
    0.1935483870967742,
    0.5319148936170213,
    0.23376623376623376,
    0.27956989247311825,
    0.21875,
    0.33962264150943394,
    0.5393258426966292,
    0.15151515151515152,
    0.0,
    0.03636363636363636,
    0.6605504587155964,
    0.3157894736842105,
    0.07017543859649122,
    0.10434782608695652,
    0.18947368421052632,
    0.1095890410958904,
    0.06451612903225806,
    0.2518518518518518,
    0.19672131147540983,
    0.3142857142857143,
    0.6851851851851852,
    0.14736842105263157,
    0.7130434782608696,
    0.5666666666666667,
    0.12962962962962962,
    0.10666666666666667,
    0.48717948717948717,
    0.4528301886792453,
    0.13333333333333333,
    0.175,
    0.41904761904761906,
    0.29850746268656714,
    0.4146341463414634,
    0.21333333333333335,
    0.273972602739726,
    0.12903225806451613,
    0.0,
    0.2153846153846154,
    0.3106796116504854,
    0.4166666666666667,
    0.3114754098360656,
    0.47191011235955055,
    0.6888888888888889,
    0.7032967032967034,
    0.3333333333333333,
    0.0,
    0.2926829268292683,
    0.5617977528089888,
    0.4144144144144144,
    0.07547169811320754,
    0.5631067961165048,
    0.345679012345679,
    0.0,
    0.45217391304347826,
    0.3291139240506329,
    0.5,
    0.0759493670886076,
    0.1643835616438356,
    0.47619047619047616,
    0.1694915254237288,
    0.4117647058823529,
    0.5057471264367817,
    0.42696629213483145,
    0.37142857142857144,
    0.40816326530612246,
    0.32432432432432434,
    0.4329896907216495,
    0.3132530120481928,
    0.49673202614379086,
    0.42276422764227645,
    0.6440677966101694,
    0.12203389830508475,
    0.1791044776119403,
    0.4909090909090909,
    0.09345794392523364,
    0.15492957746478872,
    0.06349206349206349
  ],