{
  "accuracy": 0.4277,
  "precision_macro": 0.4283672282176751,
  "recall_macro": 0.42769999999999997,
  "f1_macro": 0.4099790282492707,
  "precision_weighted": 0.4283672282176751,
  "recall_weighted": 0.4277,
  "f1_weighted": 0.4099790282492708,
  "per_class_f1": [
    0.6796116504854369,
    0.7192982456140351,
    0.47058823529411764,
    0.33663366336633666,
    0.42276422764227645,
    0.18556701030927836,
    0.6262626262626263,
    0.21428571428571427,
    0.6481481481481481,
    0.3458646616541353,
    0.15873015873015872,
    0.46938775510204084,
    0.5289256198347108,
    0.6521739130434783,
    0.5176470588235295,
    0.3291139240506329,
    0.2191780821917808,
    0.5614035087719298,
    0.37037037037037035,
    0.5567010309278351,
    0.5981308411214953,
    0.6185567010309279,
    0.6,
    0.7142857142857143,
    0.23255813953488372,
    0.5573770491803278,
    0.43356643356643354,
    0.0,
    0.3333333333333333,
    0.13793103448275862,
    0.3076923076923077,
    0.5178571428571429,
    0.34285714285714286,
    0.1702127659574468,
    0.4807692307692308,
    0.4117647058823529,
    0.6730769230769231,
    0.40963855421686746,
    0.45045045045045046,
    0.37894736842105264,
    0.21686746987951808,
    0.2912621359223301,
    0.453781512605042,
    0.5094339622641509,
    0.803921568627451,
    0.6557377049180327,
    0.40476190476190477,
    0.46808510638297873,
    0.06666666666666667,
    0.2597402597402597,
    0.5426356589147286,
    0.38016528925619836,
    0.5483870967741935,
    0.3963963963963964,
    0.42857142857142855,
    0.4492753623188406,
    0.16666666666666666,
    0.5132743362831859,
    0.7,
    0.39436619718309857,
    0.5263157894736842,
    0.5039370078740157,
    0.2988505747126437,
    0.3404255319148936,
    0.15384615384615385,
    0.2773722627737226,
    0.5178571428571429,
    0.2898550724637681,
    0.3880597014925373,
    0.26262626262626265,
    0.3302752293577982,
    0.6666666666666666,
    0.25,
    0.3614457831325301,
    0.4444444444444444,
    0.32432432432432434,
    0.30952380952380953,
    0.030303030303030304,
    0.7647058823529411,
    0.3333333333333333,
    0.06666666666666667,
    0.704,
    0.3546099290780142,
    0.1891891891891892,
    0.32727272727272727,
    0.5227272727272727,
    0.44680851063829785,
    0.3684210526315789,
    0.037037037037037035,
    0.42,
    0.39316239316239315,
    0.4689655172413793,
    0.27956989247311825,
    0.3893805309734513,
    0.35135135135135137,
    0.32653061224489793,
    0.3853211009174312,
    0.36666666666666664,
    0.4460431654676259,
    0.11428571428571428,
    0.21212121212121213,
    0.6078431372549019,
    0.36619718309859156,
    0.7526881720430108,
    0.3870967741935484,
    0.39669421487603307,
    0.20224719101123595,
    0.6407766990291263,
    0.7311827956989247,
    0.46153846153846156,
    0.32075471698113206,
    0.5354330708661418,
    0.3595505617977528,
    0.33707865168539325,
    0.3619047619047619,
    0.8118811881188119,
    0.45161290322580644,
    0.48,
    0.6785714285714286,
    0.3137254901960784,
    0.29850746268656714,
    0.45454545454545453,
    0.1095890410958904,
    0.18461538461538463,
    0.6722689075630253,
    0.22988505747126436,
    0.40707964601769914,
    0.3157894736842105,
    0.41509433962264153,
    0.5656565656565656,
    0.2891566265060241,
    0.0,
    0.14084507042253522,
    0.6019417475728155,
    0.48717948717948717,
    0.17647058823529413,
    0.27956989247311825,
    0.3076923076923077,
    0.13333333333333333,
    0.06153846153846154,
    0.4,
    0.15873015873015872,
    0.44680851063829785,
    0.7027027027027027,
    0.3816793893129771,
    0.7543859649122807,
    0.6818181818181818,
    0.3508771929824561,
    0.3486238532110092,
    0.45652173913043476,
    0.4329896907216495,
    0.32432432432432434,
    0.5194805194805194,
    0.5343511450381679,
    0.4,
    0.4421052631578947,
    0.23255813953488372,
    0.42105263157894735,
    0.21052631578947367,
    0.1016949152542373,
    0.3695652173913043,
    0.4,
    0.4819277108433735,
    0.4375,
    0.47706422018348627,
    0.7678571428571429,
    0.7884615384615384,
    0.3050847457627119,
    0.11940298507462686,
    0.36363636363636365,
    0.6585365853658537,
    0.48214285714285715,
    0.12121212121212122,
    0.6548672566371682,
    0.36363636363636365,
    0.07407407407407407,
    0.6530612244897959,
    0.32,
    0.608,
    0.16494845360824742,
    0.2765957446808511,
    0.34210526315789475,
    0.35514018691588783,
    0.425531914893617,
    0.6990291262135923,
    0.5636363636363636,
    0.5106382978723404,
    0.5233644859813084,
    0.3883495145631068,
    0.6086956521739131,
    0.391304347826087,
    0.603448275862069,
    0.4740740740740741,
    0.6165413533834586,
    0.4838709677419355,
    0.36363636363636365,
    0.5692307692307692,
    0.32608695652173914,
    0.39215686274509803,
    0.26666666666666666
  ],