{
  "accuracy": 0.4249,
  "precision_macro": 0.42554960799844166,
  "recall_macro": 0.4249,
  "f1_macro": 0.4072755807306408,
  "precision_weighted": 0.42554960799844177,
  "recall_weighted": 0.4249,
  "f1_weighted": 0.40727558073064085,
  "per_class_f1": [
    0.6727272727272727,
    0.6938775510204082,
    0.42592592592592593,
    0.38095238095238093,
    0.4426229508196721,
    0.11764705882352941,
    0.5636363636363636,
    0.2,
    0.6422018348623854,
    0.3333333333333333,
    0.3132530120481928,
    0.46808510638297873,
    0.4594594594594595,
    0.7128712871287128,
    0.49411764705882355,
    0.32941176470588235,
    0.2608695652173913,
    0.5614035087719298,
    0.26,
    0.5773195876288659,
    0.5230769230769231,
    0.6530612244897959,
    0.6,
    0.6610169491525424,
    0.25862068965517243,
    0.5217391304347826,
    0.4444444444444444,
    0.07142857142857142,
    0.37168141592920356,
    0.03571428571428571,
    0.44036697247706424,
    0.47540983606557374,
    0.1794871794871795,
    0.1917808219178082,
    0.43548387096774194,
    0.40476190476190477,
    0.6857142857142857,
    0.43373493975903615,
    0.5102040816326531,
    0.3958333333333333,
    0.16161616161616163,
    0.32558139534883723,
    0.36,
    0.4888888888888889,
    0.851063829787234,
    0.6837606837606838,
    0.45161290322580644,
    0.40625,
    0.25806451612903225,
    0.21428571428571427,
    0.5535714285714286,
    0.30612244897959184,
    0.5932203389830508,
    0.45098039215686275,
    0.4146341463414634,
    0.5245901639344263,
    0.24561403508771928,
    0.5343511450381679,
    0.7207207207207207,
    0.40540540540540543,
    0.463768115942029,
    0.47058823529411764,
    0.30952380952380953,
    0.35555555555555557,
    0.14925373134328357,
    0.22857142857142856,
    0.56,
    0.2564102564102564,
    0.35135135135135137,
    0.2972972972972973,
    0.15873015873015872,
    0.65,
    0.4230769230769231,
    0.4132231404958678,
    0.391304347826087,
    0.30985915492957744,
    0.29333333333333333,
    0.05555555555555555,
    0.7692307692307693,
    0.3,
    0.125,
    0.7058823529411765,
    0.37681159420289856,
    0.2682926829268293,
    0.2830188679245283,
    0.36363636363636365,
    0.5,
    0.30357142857142855,
    0.0,
    0.42,
    0.4854368932038835,
    0.5555555555555556,
    0.27956989247311825,
    0.39097744360902253,
    0.43243243243243246,
    0.43478260869565216,
    0.3125,
    0.30303030303030304,
    0.5037037037037037,
    0.1794871794871795,
    0.1836734693877551,
    0.5517241379310345,
    0.29333333333333333,
    0.7272727272727273,
    0.30952380952380953,
    0.3,
    0.14,
    0.6666666666666666,
    0.6262626262626263,
    0.48,
    0.2696629213483146,
    0.6185567010309279,
    0.2826086956521739,
    0.36585365853658536,
    0.3373493975903614,
    0.8514851485148515,
    0.4144144144144144,
    0.4583333333333333,
    0.6181818181818182,
    0.3,
    0.23853211009174313,
    0.5,
    0.14492753623188406,
    0.21428571428571427,
    0.7027027027027027,
    0.10526315789473684,
    0.4807692307692308,
    0.3170731707317073,
    0.36923076923076925,
    0.5,
    0.2765957446808511,
    0.0,
    0.15789473684210525,
    0.6605504587155964,
    0.42857142857142855,
    0.10526315789473684,
    0.26573426573426573,
    0.19047619047619047,
    0.18556701030927836,
    0.06896551724137931,
    0.41904761904761906,
    0.2597402597402597,
    0.37209302325581395,
    0.6964285714285714,
    0.3793103448275862,
    0.7636363636363637,
    0.6037735849056604,
    0.25396825396825395,
    0.3619047619047619,
    0.46153846153846156,
    0.4742268041237113,
    0.2857142857142857,
    0.47058823529411764,
    0.6238532110091743,
    0.45652173913043476,
    0.4666666666666667,
    0.29333333333333333,
    0.3655913978494624,
    0.2727272727272727,
    0.10909090909090909,
    0.2692307692307692,
    0.3614457831325301,
    0.5094339622641509,
    0.42718446601941745,
    0.45098039215686275,
    0.7692307692307693,
    0.7962962962962963,
    0.4375,
    0.07272727272727272,
    0.35658914728682173,
    0.6597938144329897,
    0.46774193548387094,
    0.1518987341772152,
    0.6666666666666666,
    0.36538461538461536,
    0.10344827586206896,
    0.6170212765957447,
    0.4084507042253521,
    0.6434782608695652,
    0.23655913978494625,
    0.22608695652173913,
    0.42857142857142855,
    0.36893203883495146,
    0.5102040816326531,
    0.6391752577319587,
    0.6190476190476191,
    0.4716981132075472,
    0.5168539325842697,
    0.3673469387755102,
    0.48,
    0.3076923076923077,
    0.6356589147286822,
    0.484375,
    0.6259541984732825,
    0.4672897196261682,
    0.4421052631578947,
    0.56,
    0.1891891891891892,
    0.45454545454545453,
    0.20833333333333334
  ],