{
  "accuracy": 0.3932,
  "precision_macro": 0.4060402429142822,
  "recall_macro": 0.3932,
  "f1_macro": 0.37779284973036864,
  "precision_weighted": 0.40604024291428215,
  "recall_weighted": 0.3932,
  "f1_weighted": 0.37779284973036864,
  "per_class_f1": [
    0.64,
    0.6306306306306306,
    0.4838709677419355,
    0.24242424242424243,
    0.391304347826087,
    0.08333333333333333,
    0.6095238095238096,
    0.2891566265060241,
    0.6185567010309279,
    0.30656934306569344,
    0.08695652173913043,
    0.5306122448979592,
    0.5172413793103449,
    0.6428571428571429,
    0.5111111111111111,
    0.29333333333333333,
    0.15384615384615385,
    0.5172413793103449,
    0.35772357723577236,
    0.47619047619047616,
    0.4305555555555556,
    0.6222222222222222,
    0.5842696629213483,
    0.22941176470588234,
    0.21333333333333335,
    0.46296296296296297,
    0.42424242424242425,
    0.10526315789473684,
    0.384,
    0.10526315789473684,
    0.4144144144144144,
    0.5094339622641509,
    0.10344827586206896,
    0.12307692307692308,
    0.4444444444444444,
    0.47058823529411764,
    0.6739130434782609,
    0.3448275862068966,
    0.3883495145631068,
    0.32432432432432434,
    0.2631578947368421,
    0.32967032967032966,
    0.34074074074074073,
    0.40963855421686746,
    0.8041237113402062,
    0.631578947368421,
    0.3870967741935484,
    0.5,
    0.14705882352941177,
    0.175,
    0.5765765765765766,
    0.3010752688172043,
    0.5739130434782609,
    0.36065573770491804,
    0.4235294117647059,
    0.4528301886792453,
    0.22988505747126436,
    0.528,
    0.66,
    0.37037037037037035,
    0.40816326530612246,
    0.5217391304347826,
    0.24,
    0.3333333333333333,
    0.2028985507246377,
    0.14130434782608695,
    0.5348837209302325,
    0.18666666666666668,
    0.32098765432098764,
    0.18947368421052632,
    0.25,
    0.660377358490566,
    0.11940298507462686,
    0.43902439024390244,
    0.4424778761061947,
    0.3076923076923077,
    0.19718309859154928,
    0.034482758620689655,
    0.76,
    0.23333333333333334,
    0.11594202898550725,
    0.7592592592592593,
    0.366412213740458,
    0.3333333333333333,
    0.2786885245901639,
    0.39473684210526316,
    0.4,
    0.2978723404255319,
    0.0,
    0.449438202247191,
    0.3893805309734513,
    0.42748091603053434,
    0.24,
    0.40384615384615385,
    0.391304347826087,
    0.3709677419354839,
    0.3076923076923077,
    0.37037037037037035,
    0.5454545454545454,
    0.10256410256410256,
    0.11594202898550725,
    0.5365853658536586,
    0.2,
    0.7252747252747253,
    0.3191489361702128,
    0.3103448275862069,
    0.20224719101123595,
    0.5106382978723404,
    0.6185567010309279,
    0.4090909090909091,
    0.21333333333333335,
    0.5882352941176471,
    0.37735849056603776,
    0.3783783783783784,
    0.275,
    0.7843137254901961,
    0.3434343434343434,
    0.4603174603174603,
    0.609375,
    0.2037037037037037,
    0.2545454545454545,
    0.34710743801652894,
    0.10843373493975904,
    0.16304347826086957,
    0.624,
    0.2222222222222222,
    0.4,
    0.21052631578947367,
    0.34517766497461927,
    0.5306122448979592,
    0.15384615384615385,
    0.0,
    0.1978021978021978,
    0.5648854961832062,
    0.4948453608247423,
    0.10344827586206896,
    0.20238095238095238,
    0.15625,
    0.15217391304347827,
    0.08955223880597014,
    0.43478260869565216,
    0.26373626373626374,
    0.3917525773195876,
    0.6837606837606838,
    0.3125,
    0.7358490566037735,
    0.7368421052631579,
    0.11764705882352941,
    0.27956989247311825,
    0.4090909090909091,
    0.5306122448979592,
    0.28169014084507044,
    0.3146067415730337,
    0.45217391304347826,
    0.43373493975903615,
    0.3917525773195876,
    0.3373493975903614,
    0.2857142857142857,
    0.30952380952380953,
    0.0,
    0.38095238095238093,
    0.2823529411764706,
    0.42857142857142855,
    0.41379310344827586,
    0.5045045045045045,
    0.7272727272727273,
    0.7457627118644068,
    0.32967032967032966,
    0.06349206349206349,
    0.3148148148148148,
    0.6262626262626263,
    0.4297520661157025,
    0.06896551724137931,
    0.6170212765957447,
    0.358974358974359,
    0.03773584905660377,
    0.5666666666666667,
    0.3779527559055118,
    0.6545454545454545,
    0.1590909090909091,
    0.3137254901960784,
    0.37623762376237624,
    0.32323232323232326,
    0.5360824742268041,
    0.5384615384615384,
    0.5168539325842697,
    0.4421052631578947,
    0.46,
    0.3373493975903614,
    0.611764705882353,
    0.37623762376237624,
    0.5454545454545454,
    0.5546218487394958,
    0.6607142857142857,
    0.34375,
    0.29906542056074764,
    0.4778761061946903,
    0.19047619047619047,
    0.4444444444444444,
    0.24324324324324326
  ],