{
  "accuracy": 0.4189,
  "precision_macro": 0.4226522495013246,
  "recall_macro": 0.4189,
  "f1_macro": 0.40088836239393333,
  "precision_weighted": 0.42265224950132463,
  "recall_weighted": 0.4189,
  "f1_weighted": 0.4008883623939334,
  "per_class_f1": [
    0.671875,
    0.5669291338582677,
    0.4217687074829932,
    0.34951456310679613,
    0.3486238532110092,
    0.13157894736842105,
    0.6170212765957447,
    0.06349206349206349,
    0.6486486486486487,
    0.3185840707964602,
    0.1891891891891892,
    0.49122807017543857,
    0.48854961832061067,
    0.6336633663366337,
    0.5411764705882353,
    0.21505376344086022,
    0.3142857142857143,
    0.5057471264367817,
    0.3333333333333333,
    0.5142857142857142,
    0.5046728971962616,
    0.6391752577319587,
    0.6238532110091743,
    0.7256637168141593,
    0.25806451612903225,
    0.4948453608247423,
    0.464,
    0.11764705882352941,
    0.35398230088495575,
    0.18181818181818182,
    0.38181818181818183,
    0.4715447154471545,
    0.18181818181818182,
    0.15584415584415584,
    0.4603174603174603,
    0.48854961832061067,
    0.6923076923076923,
    0.4842105263157895,
    0.4909090909090909,
    0.39622641509433965,
    0.2,
    0.3148148148148148,
    0.37362637362637363,
    0.5473684210526316,
    0.8367346938775511,
    0.631578947368421,
    0.4,
    0.46846846846846846,
    0.0625,
    0.23880597014925373,
    0.5882352941176471,
    0.2736842105263158,
    0.6153846153846154,
    0.3925233644859813,
    0.35294117647058826,
    0.42962962962962964,
    0.368,
    0.5319148936170213,
    0.6851851851851852,
    0.2903225806451613,
    0.4172661870503597,
    0.5950413223140496,
    0.3037974683544304,
    0.34782608695652173,
    0.08823529411764706,
    0.1893491124260355,
    0.5252525252525253,
    0.2857142857142857,
    0.359375,
    0.27722772277227725,
    0.3888888888888889,
    0.6190476190476191,
    0.29545454545454547,
    0.42696629213483145,
    0.42735042735042733,
    0.2571428571428571,
    0.22857142857142856,
    0.08823529411764706,
    0.7551020408163265,
    0.26666666666666666,
    0.0547945205479452,
    0.7678571428571429,
    0.39097744360902253,
    0.2716049382716049,
    0.34285714285714286,
    0.36363636363636365,
    0.41379310344827586,
    0.40384615384615385,
    0.037037037037037035,
    0.3492063492063492,
    0.421875,
    0.48484848484848486,
    0.3218390804597701,
    0.45,
    0.3611111111111111,
    0.36538461538461536,
    0.3855421686746988,
    0.28415300546448086,
    0.4230769230769231,
    0.12345679012345678,
    0.21875,
    0.5081967213114754,
    0.32558139534883723,
    0.7272727272727273,
    0.16901408450704225,
    0.3018867924528302,
    0.175,
    0.5441176470588235,
    0.7126436781609196,
    0.45454545454545453,
    0.3238095238095238,
    0.5785123966942148,
    0.3448275862068966,
    0.34146341463414637,
    0.27184466019417475,
    0.7843137254901961,
    0.4672897196261682,
    0.49504950495049505,
    0.6166666666666667,
    0.32967032967032966,
    0.38596491228070173,
    0.45098039215686275,
    0.15151515151515152,
    0.1910828025477707,
    0.625,
    0.2926829268292683,
    0.4819277108433735,
    0.3488372093023256,
    0.4375,
    0.5420560747663551,
    0.1794871794871795,
    0.0,
    0.1686746987951807,
    0.6238532110091743,
    0.4528301886792453,
    0.16901408450704225,
    0.3142857142857143,
    0.22580645161290322,
    0.19801980198019803,
    0.14285714285714285,
    0.34375,
    0.23333333333333334,
    0.46153846153846156,
    0.7155963302752294,
    0.3697478991596639,
    0.7924528301886793,
    0.6129032258064516,
    0.25925925925925924,
    0.3673469387755102,
    0.4742268041237113,
    0.4835164835164835,
    0.27692307692307694,
    0.4881889763779528,
    0.5436893203883495,
    0.4329896907216495,
    0.5168539325842697,
    0.16129032258064516,
    0.375,
    0.20454545454545456,
    0.030303030303030304,
    0.30927835051546393,
    0.35443037974683544,
    0.5494505494505495,
    0.3902439024390244,
    0.43137254901960786,
    0.7722772277227723,
    0.7586206896551724,
    0.4329896907216495,
    0.14084507042253522,
    0.32967032967032966,
    0.6097560975609756,
    0.4409448818897638,
    0.2222222222222222,
    0.6597938144329897,
    0.43373493975903615,
    0.0,
    0.6296296296296297,
    0.31654676258992803,
    0.65,
    0.14084507042253522,
    0.2736842105263158,
    0.3181818181818182,
    0.3106796116504854,
    0.41304347826086957,
    0.6097560975609756,
    0.6138613861386139,
    0.47863247863247865,
    0.46153846153846156,
    0.275,
    0.5263157894736842,
    0.3770491803278688,
    0.55,
    0.46808510638297873,
    0.6434782608695652,
    0.4909090909090909,
    0.4,
    0.576,
    0.2647058823529412,
    0.3795620437956204,
    0.2653061224489796
  ],