{
  "accuracy": 0.4302,
  "precision_macro": 0.4349679677408804,
  "recall_macro": 0.4302,
  "f1_macro": 0.41534535839611086,
  "precision_weighted": 0.4349679677408804,
  "recall_weighted": 0.4302,
  "f1_weighted": 0.4153453583961109,
  "per_class_f1": [
    0.6991869918699187,
    0.7207207207207207,
    0.421875,
    0.2692307692307692,
    0.41134751773049644,
    0.1891891891891892,
    0.5681818181818182,
    0.2619047619047619,
    0.6601941747572816,
    0.3382352941176471,
    0.16393442622950818,
    0.5106382978723404,
    0.47244094488188976,
    0.7058823529411765,
    0.5128205128205128,
    0.2972972972972973,
    0.30303030303030304,
    0.5142857142857142,
    0.3220338983050847,
    0.5806451612903226,
    0.5365853658536586,
    0.6415094339622641,
    0.6666666666666666,
    0.7216494845360825,
    0.2524271844660194,
    0.5384615384615384,
    0.47761194029850745,
    0.13333333333333333,
    0.3194444444444444,
    0.11940298507462686,
    0.2727272727272727,
    0.5631067961165048,
    0.2708333333333333,
    0.23300970873786409,
    0.49122807017543857,
    0.42201834862385323,
    0.6890756302521008,
    0.4835164835164835,
    0.48214285714285715,
    0.34951456310679613,
    0.2891566265060241,
    0.35294117647058826,
    0.3434343434343434,
    0.5,
    0.8541666666666666,
    0.7142857142857143,
    0.3595505617977528,
    0.49382716049382713,
    0.136986301369863,
    0.2727272727272727,
    0.5871559633027523,
    0.29473684210526313,
    0.6153846153846154,
    0.3111111111111111,
    0.410958904109589,
    0.48333333333333334,
    0.27692307692307694,
    0.5254237288135594,
    0.6862745098039216,
    0.4473684210526316,
    0.5137614678899083,
    0.5,
    0.2571428571428571,
    0.3469387755102041,
    0.2222222222222222,
    0.27692307692307694,
    0.5360824742268041,
    0.2571428571428571,
    0.2988505747126437,
    0.29906542056074764,
    0.29473684210526313,
    0.6218487394957983,
    0.34615384615384615,
    0.4297520661157025,
    0.4460431654676259,
    0.2891566265060241,
    0.35714285714285715,
    0.05333333333333334,
    0.7307692307692307,
    0.3235294117647059,
    0.1388888888888889,
    0.6846846846846847,
    0.36923076923076925,
    0.2736842105263158,
    0.2828282828282828,
    0.4666666666666667,
    0.41975308641975306,
    0.3853211009174312,
    0.10344827586206896,
    0.3883495145631068,
    0.4580152671755725,
    0.46153846153846156,
    0.35443037974683544,
    0.37606837606837606,
    0.43859649122807015,
    0.391304347826087,
    0.41304347826086957,
    0.37037037037037035,
    0.5,
    0.1590909090909091,
    0.18181818181818182,
    0.64,
    0.3333333333333333,
    0.7378640776699029,
    0.208955223880597,
    0.3269230769230769,
    0.23529411764705882,
    0.5228758169934641,
    0.6804123711340206,
    0.5476190476190477,
    0.3170731707317073,
    0.5066666666666667,
    0.3089430894308943,
    0.4358974358974359,
    0.32558139534883723,
    0.7647058823529411,
    0.367816091954023,
    0.4888888888888889,
    0.6808510638297872,
    0.1981981981981982,
    0.26666666666666666,
    0.5576923076923077,
    0.15384615384615385,
    0.1652892561983471,
    0.6461538461538462,
    0.25316455696202533,
    0.5102040816326531,
    0.36363636363636365,
    0.4297520661157025,
    0.6067415730337079,
    0.28,
    0.03571428571428571,
    0.03278688524590164,
    0.6481481481481481,
    0.46511627906976744,
    0.10344827586206896,
    0.2732919254658385,
    0.1891891891891892,
    0.10204081632653061,
    0.09375,
    0.5046728971962616,
    0.3333333333333333,
    0.39080459770114945,
    0.6060606060606061,
    0.37398373983739835,
    0.8,
    0.6857142857142857,
    0.2857142857142857,
    0.425531914893617,
    0.4418604651162791,
    0.5607476635514018,
    0.34285714285714286,
    0.47191011235955055,
    0.5263157894736842,
    0.4523809523809524,
    0.5434782608695652,
    0.29473684210526313,
    0.3023255813953488,
    0.24444444444444444,
    0.06349206349206349,
    0.36666666666666664,
    0.41904761904761906,
    0.4782608695652174,
    0.43103448275862066,
    0.5185185185185185,
    0.6607142857142857,
    0.803921568627451,
    0.46808510638297873,
    0.037037037037037035,
    0.40425531914893614,
    0.6881720430107527,
    0.3939393939393939,
    0.11428571428571428,
    0.6741573033707865,
    0.5,
    0.0,
    0.6741573033707865,
    0.36363636363636365,
    0.6,
    0.21739130434782608,
    0.25925925925925924,
    0.34951456310679613,
    0.32989690721649484,
    0.5238095238095238,
    0.5769230769230769,
    0.5979381443298969,
    0.5393258426966292,
    0.49019607843137253,
    0.411214953271028,
    0.543859649122807,
    0.3116883116883117,
    0.5909090909090909,
    0.5225225225225225,
    0.6607142857142857,
    0.5467625899280576,
    0.3392857142857143,
    0.5633802816901409,
    0.3076923076923077,
    0.4626865671641791,
    0.3125
  ],