{
  "accuracy": 0.433,
  "precision_macro": 0.432076742164056,
  "recall_macro": 0.433,
  "f1_macro": 0.41521432922761675,
  "precision_weighted": 0.432076742164056,
  "recall_weighted": 0.433,
  "f1_weighted": 0.41521432922761686,
  "per_class_f1": [
    0.7169811320754716,
    0.6842105263157895,
    0.42748091603053434,
    0.1927710843373494,
    0.40601503759398494,
    0.14893617021276595,
    0.5904761904761905,
    0.22916666666666666,
    0.6194690265486725,
    0.29310344827586204,
    0.22988505747126436,
    0.46511627906976744,
    0.5081967213114754,
    0.6736842105263158,
    0.6021505376344086,
    0.25882352941176473,
    0.3142857142857143,
    0.5961538461538461,
    0.35036496350364965,
    0.5,
    0.6274509803921569,
    0.6590909090909091,
    0.6595744680851063,
    0.7350427350427351,
    0.3025210084033613,
    0.5918367346938775,
    0.4806201550387597,
    0.10714285714285714,
    0.411214953271028,
    0.13333333333333333,
    0.3870967741935484,
    0.5714285714285714,
    0.275,
    0.23529411764705882,
    0.5,
    0.5441176470588235,
    0.7,
    0.4235294117647059,
    0.47761194029850745,
    0.4175824175824176,
    0.2222222222222222,
    0.33707865168539325,
    0.3300970873786408,
    0.5511811023622047,
    0.8235294117647058,
    0.7254901960784313,
    0.45045045045045046,
    0.4897959183673469,
    0.08695652173913043,
    0.2631578947368421,
    0.5785123966942148,
    0.35294117647058826,
    0.5528455284552846,
    0.46296296296296297,
    0.410958904109589,
    0.45925925925925926,
    0.225,
    0.6019417475728155,
    0.6804123711340206,
    0.34285714285714286,
    0.40540540540540543,
    0.47761194029850745,
    0.2647058823529412,
    0.30612244897959184,
    0.1643835616438356,
    0.27419354838709675,
    0.5517241379310345,
    0.21621621621621623,
    0.391304347826087,
    0.29906542056074764,
    0.35294117647058826,
    0.6611570247933884,
    0.3368421052631579,
    0.36065573770491804,
    0.4745762711864407,
    0.2631578947368421,
    0.42105263157894735,
    0.0,
    0.6981132075471698,
    0.25806451612903225,
    0.08571428571428572,
    0.7339449541284404,
    0.3968253968253968,
    0.3191489361702128,
    0.3,
    0.3855421686746988,
    0.47706422018348627,
    0.4380952380952381,
    0.07017543859649122,
    0.37606837606837606,
    0.4393939393939394,
    0.43356643356643354,
    0.34285714285714286,
    0.41025641025641024,
    0.4166666666666667,
    0.35398230088495575,
    0.4,
    0.4142857142857143,
    0.47863247863247865,
    0.16901408450704225,
    0.17647058823529413,
    0.5769230769230769,
    0.3037974683544304,
    0.7216494845360825,
    0.20512820512820512,
    0.3269230769230769,
    0.26666666666666666,
    0.5901639344262295,
    0.723404255319149,
    0.37777777777777777,
    0.35714285714285715,
    0.5245901639344263,
    0.3783783783783784,
    0.43902439024390244,
    0.35185185185185186,
    0.7961165048543689,
    0.42105263157894735,
    0.46846846846846846,
    0.6605504587155964,
    0.26373626373626374,
    0.25925925925925924,
    0.4318181818181818,
    0.12121212121212122,
    0.17142857142857143,
    0.6875,
    0.1388888888888889,
    0.44680851063829785,
    0.4090909090909091,
    0.3697478991596639,
    0.5555555555555556,
    0.22535211267605634,
    0.0,
    0.16901408450704225,
    0.660377358490566,
    0.45161290322580644,
    0.17391304347826086,
    0.35135135135135137,
    0.15625,
    0.1414141414141414,
    0.20588235294117646,
    0.39603960396039606,
    0.41025641025641024,
    0.4,
    0.7115384615384616,
    0.3053435114503817,
    0.7818181818181819,
    0.6071428571428571,
    0.3018867924528302,
    0.3870967741935484,
    0.5263157894736842,
    0.4727272727272727,
    0.35294117647058826,
    0.5416666666666666,
    0.5528455284552846,
    0.47058823529411764,
    0.425531914893617,
    0.3619047619047619,
    0.425,
    0.3076923076923077,
    0.125,
    0.29310344827586204,
    0.4117647058823529,
    0.45652173913043476,
    0.4074074074074074,
    0.4307692307692308,
    0.7272727272727273,
    0.7843137254901961,
    0.45098039215686275,
    0.0967741935483871,
    0.35051546391752575,
    0.6526315789473685,
    0.5128205128205128,
    0.15625,
    0.6868686868686869,
    0.38095238095238093,
    0.07142857142857142,
    0.5740740740740741,
    0.36363636363636365,
    0.6290322580645161,
    0.1643835616438356,
    0.23655913978494625,
    0.4,
    0.2857142857142857,
    0.46808510638297873,
    0.625,
    0.5567010309278351,
    0.5217391304347826,
    0.48484848484848486,
    0.4426229508196721,
    0.5217391304347826,
    0.3584905660377358,
    0.6031746031746031,
    0.5042016806722689,
    0.6554621848739496,
    0.5132743362831859,
    0.39316239316239315,
    0.515625,
    0.1282051282051282,
    0.4233576642335766,
    0.2708333333333333
  ],