{
  "accuracy": 0.4249,
  "precision_macro": 0.4240113609228953,
  "recall_macro": 0.42489999999999994,
  "f1_macro": 0.41017291689861557,
  "precision_weighted": 0.42401136092289543,
  "recall_weighted": 0.4249,
  "f1_weighted": 0.41017291689861557,
  "per_class_f1": [
    0.7068965517241379,
    0.72,
    0.46551724137931033,
    0.3220338983050847,
    0.45871559633027525,
    0.11627906976744186,
    0.5555555555555556,
    0.2972972972972973,
    0.6888888888888889,
    0.4,
    0.21333333333333335,
    0.4943820224719101,
    0.48598130841121495,
    0.6666666666666666,
    0.5494505494505495,
    0.2909090909090909,
    0.21621621621621623,
    0.43956043956043955,
    0.31496062992125984,
    0.5504587155963303,
    0.54,
    0.6222222222222222,
    0.6446280991735537,
    0.6776859504132231,
    0.19642857142857142,
    0.5684210526315789,
    0.49122807017543857,
    0.07142857142857142,
    0.4666666666666667,
    0.16666666666666666,
    0.39603960396039606,
    0.48214285714285715,
    0.27184466019417475,
    0.25316455696202533,
    0.543859649122807,
    0.48520710059171596,
    0.6851851851851852,
    0.3673469387755102,
    0.5576923076923077,
    0.3564356435643564,
    0.25806451612903225,
    0.3541666666666667,
    0.3305785123966942,
    0.5154639175257731,
    0.8666666666666667,
    0.7047619047619048,
    0.37037037037037035,
    0.5306122448979592,
    0.20588235294117646,
    0.2682926829268293,
    0.5470085470085471,
    0.30612244897959184,
    0.603448275862069,
    0.32941176470588235,
    0.35714285714285715,
    0.4897959183673469,
    0.2702702702702703,
    0.4827586206896552,
    0.640625,
    0.4533333333333333,
    0.4827586206896552,
    0.5283018867924528,
    0.2828282828282828,
    0.3877551020408163,
    0.15151515151515152,
    0.23255813953488372,
    0.5048543689320388,
    0.2191780821917808,
    0.41379310344827586,
    0.297029702970297,
    0.3157894736842105,
    0.7326732673267327,
    0.3333333333333333,
    0.46938775510204084,
    0.45045045045045046,
    0.2702702702702703,
    0.2727272727272727,
    0.03278688524590164,
    0.7358490566037735,
    0.24242424242424243,
    0.12195121951219512,
    0.7387387387387387,
    0.46846846846846846,
    0.3291139240506329,
    0.3619047619047619,
    0.32989690721649484,
    0.3711340206185567,
    0.3826086956521739,
    0.037037037037037035,
    0.38095238095238093,
    0.4094488188976378,
    0.4727272727272727,
    0.3,
    0.43243243243243246,
    0.24,
    0.4528301886792453,
    0.34782608695652173,
    0.325,
    0.4329896907216495,
    0.17721518987341772,
    0.20512820512820512,
    0.6304347826086957,
    0.3855421686746988,
    0.7307692307692307,
    0.2891566265060241,
    0.3063063063063063,
    0.2,
    0.5981308411214953,
    0.62,
    0.43478260869565216,
    0.3486238532110092,
    0.512,
    0.37362637362637363,
    0.26262626262626265,
    0.35294117647058826,
    0.7522935779816514,
    0.44,
    0.45161290322580644,
    0.625,
    0.3225806451612903,
    0.3888888888888889,
    0.46808510638297873,
    0.15873015873015872,
    0.18064516129032257,
    0.7378640776699029,
    0.24096385542168675,
    0.47191011235955055,
    0.3333333333333333,
    0.4424778761061947,
    0.5714285714285714,
    0.26373626373626374,
    0.0,
    0.15384615384615385,
    0.6428571428571429,
    0.39080459770114945,
    0.09090909090909091,
    0.23225806451612904,
    0.30303030303030304,
    0.16981132075471697,
    0.12121212121212122,
    0.3898305084745763,
    0.2898550724637681,
    0.45714285714285713,
    0.7547169811320755,
    0.3684210526315789,
    0.6818181818181818,
    0.6542056074766355,
    0.19117647058823528,
    0.32989690721649484,
    0.3865546218487395,
    0.43478260869565216,
    0.3116883116883117,
    0.4050632911392405,
    0.5,
    0.48936170212765956,
    0.3917525773195876,
    0.32608695652173914,
    0.2894736842105263,
    0.28888888888888886,
    0.0,
    0.46153846153846156,
    0.3076923076923077,
    0.5137614678899083,
    0.41904761904761906,
    0.5849056603773585,
    0.7358490566037735,
    0.7735849056603774,
    0.4235294117647059,
    0.11940298507462686,
    0.3673469387755102,
    0.6363636363636364,
    0.42424242424242425,
    0.15151515151515152,
    0.693069306930693,
    0.375,
    0.03571428571428571,
    0.6329113924050633,
    0.3382352941176471,
    0.631578947368421,
    0.205607476635514,
    0.24285714285714285,
    0.36538461538461536,
    0.3333333333333333,
    0.5106382978723404,
    0.5686274509803921,
    0.5769230769230769,
    0.4842105263157895,
    0.4854368932038835,
    0.4144144144144144,
    0.5454545454545454,
    0.32989690721649484,
    0.576,
    0.45588235294117646,
    0.6323529411764706,
    0.4528301886792453,
    0.3617021276595745,
    0.5178571428571429,
    0.18947368421052632,
    0.5081967213114754,
    0.3564356435643564
  ],