{
  "accuracy": 0.4045,
  "precision_macro": 0.40837672967209654,
  "recall_macro": 0.4045,
  "f1_macro": 0.3896087312368776,
  "precision_weighted": 0.40837672967209654,
  "recall_weighted": 0.4045,
  "f1_weighted": 0.3896087312368776,
  "per_class_f1": [
    0.7291666666666666,
    0.6371681415929203,
    0.4307692307692308,
    0.3614457831325301,
    0.448,
    0.07894736842105263,
    0.5076923076923077,
    0.23376623376623376,
    0.6355140186915887,
    0.35294117647058826,
    0.21951219512195122,
    0.4842105263157895,
    0.5230769230769231,
    0.5925925925925926,
    0.5822784810126582,
    0.3076923076923077,
    0.15873015873015872,
    0.5517241379310345,
    0.43564356435643564,
    0.5645161290322581,
    0.4745762711864407,
    0.6352941176470588,
    0.5882352941176471,
    0.7551020408163265,
    0.13186813186813187,
    0.47058823529411764,
    0.37168141592920356,
    0.16161616161616163,
    0.3851851851851852,
    0.16091954022988506,
    0.4158415841584158,
    0.5210084033613446,
    0.20588235294117646,
    0.1978021978021978,
    0.45161290322580644,
    0.43548387096774194,
    0.6236559139784946,
    0.3917525773195876,
    0.47706422018348627,
    0.36363636363636365,
    0.15,
    0.3146067415730337,
    0.38,
    0.5217391304347826,
    0.8125,
    0.5826771653543307,
    0.42424242424242425,
    0.4426229508196721,
    0.12121212121212122,
    0.2608695652173913,
    0.5815602836879432,
    0.3119266055045872,
    0.5365853658536586,
    0.3252032520325203,
    0.4742268041237113,
    0.4794520547945205,
    0.16,
    0.5225225225225225,
    0.7474747474747475,
    0.37037037037037035,
    0.35294117647058826,
    0.5172413793103449,
    0.3269230769230769,
    0.34782608695652173,
    0.17204301075268819,
    0.1893491124260355,
    0.49557522123893805,
    0.21686746987951808,
    0.42735042735042733,
    0.27722772277227725,
    0.35555555555555557,
    0.6458333333333334,
    0.19753086419753085,
    0.3076923076923077,
    0.4444444444444444,
    0.225,
    0.2956521739130435,
    0.06349206349206349,
    0.6915887850467289,
    0.24242424242424243,
    0.15789473684210525,
    0.7142857142857143,
    0.46,
    0.24242424242424243,
    0.2777777777777778,
    0.4523809523809524,
    0.39473684210526316,
    0.35714285714285715,
    0.0,
    0.4158415841584158,
    0.4247787610619469,
    0.5360824742268041,
    0.16129032258064516,
    0.4793388429752066,
    0.379746835443038,
    0.32653061224489793,
    0.2857142857142857,
    0.3357664233576642,
    0.5,
    0.125,
    0.07272727272727272,
    0.5581395348837209,
    0.2535211267605634,
    0.7307692307692307,
    0.208955223880597,
    0.3120567375886525,
    0.1411764705882353,
    0.5535714285714286,
    0.6194690265486725,
    0.4523809523809524,
    0.3157894736842105,
    0.5271317829457365,
    0.32098765432098764,
    0.3291139240506329,
    0.37623762376237624,
    0.7346938775510204,
    0.3883495145631068,
    0.4424778761061947,
    0.6050420168067226,
    0.22695035460992907,
    0.2803738317757009,
    0.41237113402061853,
    0.11594202898550725,
    0.2204724409448819,
    0.6610169491525424,
    0.23529411764705882,
    0.5094339622641509,
    0.37037037037037035,
    0.4411764705882353,
    0.45901639344262296,
    0.11594202898550725,
    0.0,
    0.09523809523809523,
    0.5686274509803921,
    0.40425531914893614,
    0.1111111111111111,
    0.23529411764705882,
    0.19047619047619047,
    0.1875,
    0.125,
    0.3023255813953488,
    0.3466666666666667,
    0.3619047619047619,
    0.6885245901639344,
    0.4,
    0.7321428571428571,
    0.6105263157894737,
    0.2857142857142857,
    0.24691358024691357,
    0.4235294117647059,
    0.4897959183673469,
    0.3055555555555556,
    0.38461538461538464,
    0.3695652173913043,
    0.4666666666666667,
    0.35714285714285715,
    0.2702702702702703,
    0.30612244897959184,
    0.24691358024691357,
    0.0,
    0.36538461538461536,
    0.3877551020408163,
    0.5,
    0.43956043956043955,
    0.3841059602649007,
    0.6857142857142857,
    0.7317073170731707,
    0.3125,
    0.03571428571428571,
    0.37623762376237624,
    0.5871559633027523,
    0.5,
    0.16216216216216217,
    0.6464646464646465,
    0.4897959183673469,
    0.1016949152542373,
    0.6304347826086957,
    0.3492063492063492,
    0.616822429906542,
    0.2465753424657534,
    0.22,
    0.39080459770114945,
    0.3669724770642202,
    0.46808510638297873,
    0.5904761904761905,
    0.46938775510204084,
    0.5454545454545454,
    0.44680851063829785,
    0.1564245810055866,
    0.5869565217391305,
    0.41304347826086957,
    0.6470588235294118,
    0.42424242424242425,
    0.7222222222222222,
    0.3541666666666667,
    0.36,
    0.46938775510204084,
    0.21176470588235294,
    0.40298507462686567,
    0.22988505747126436
  ],