{
  "accuracy": 0.4348,
  "precision_macro": 0.4406075075110008,
  "recall_macro": 0.4348,
  "f1_macro": 0.41923431348207885,
  "precision_weighted": 0.44060750751100075,
  "recall_weighted": 0.4348,
  "f1_weighted": 0.41923431348207885,
  "per_class_f1": [
    0.6890756302521008,
    0.672,
    0.5,
    0.3,
    0.4,
    0.1411764705882353,
    0.6373626373626373,
    0.1643835616438356,
    0.6074074074074074,
    0.3375,
    0.2972972972972973,
    0.47058823529411764,
    0.5636363636363636,
    0.6744186046511628,
    0.48717948717948717,
    0.2696629213483146,
    0.19444444444444445,
    0.42592592592592593,
    0.3728813559322034,
    0.6078431372549019,
    0.5470085470085471,
    0.6875,
    0.6407766990291263,
    0.6792452830188679,
    0.23255813953488372,
    0.631578947368421,
    0.5384615384615384,
    0.16393442622950818,
    0.39215686274509803,
    0.17721518987341772,
    0.5081967213114754,
    0.5242718446601942,
    0.06349206349206349,
    0.2857142857142857,
    0.5,
    0.4482758620689655,
    0.6788990825688074,
    0.4444444444444444,
    0.45098039215686275,
    0.3584905660377358,
    0.32,
    0.22,
    0.40476190476190477,
    0.4838709677419355,
    0.8,
    0.7272727272727273,
    0.4230769230769231,
    0.5054945054945055,
    0.10810810810810811,
    0.14925373134328357,
    0.5833333333333334,
    0.3582089552238806,
    0.6336633663366337,
    0.40404040404040403,
    0.38235294117647056,
    0.4585987261146497,
    0.30927835051546393,
    0.5625,
    0.68,
    0.3783783783783784,
    0.4084507042253521,
    0.6017699115044248,
    0.34,
    0.30927835051546393,
    0.2597402597402597,
    0.21052631578947367,
    0.5591397849462365,
    0.2191780821917808,
    0.43037974683544306,
    0.36893203883495146,
    0.35051546391752575,
    0.6837606837606838,
    0.38095238095238093,
    0.3541666666666667,
    0.5225225225225225,
    0.2777777777777778,
    0.3888888888888889,
    0.10204081632653061,
    0.7010309278350515,
    0.28125,
    0.11594202898550725,
    0.672566371681416,
    0.3829787234042553,
    0.2857142857142857,
    0.3114754098360656,
    0.37894736842105264,
    0.4594594594594595,
    0.3404255319148936,
    0.16129032258064516,
    0.40816326530612246,
    0.4411764705882353,
    0.4715447154471545,
    0.30303030303030304,
    0.37209302325581395,
    0.45925925925925926,
    0.36220472440944884,
    0.37168141592920356,
    0.34782608695652173,
    0.5048543689320388,
    0.12987012987012986,
    0.208955223880597,
    0.5490196078431373,
    0.22580645161290322,
    0.7272727272727273,
    0.3333333333333333,
    0.29473684210526313,
    0.18691588785046728,
    0.5737704918032787,
    0.6666666666666666,
    0.44660194174757284,
    0.3838383838383838,
    0.5571428571428572,
    0.39622641509433965,
    0.45569620253164556,
    0.3238095238095238,
    0.7676767676767676,
    0.4329896907216495,
    0.48484848484848486,
    0.6938775510204082,
    0.2992125984251969,
    0.40404040404040403,
    0.5714285714285714,
    0.14925373134328357,
    0.1188118811881188,
    0.6785714285714286,
    0.21487603305785125,
    0.47191011235955055,
    0.4,
    0.41134751773049644,
    0.5894736842105263,
    0.2830188679245283,
    0.0,
    0.11594202898550725,
    0.6296296296296297,
    0.4583333333333333,
    0.08823529411764706,
    0.26666666666666666,
    0.2898550724637681,
    0.14814814814814814,
    0.11594202898550725,
    0.4444444444444444,
    0.34285714285714286,
    0.37209302325581395,
    0.6779661016949152,
    0.3333333333333333,
    0.7961165048543689,
    0.6481481481481481,
    0.3050847457627119,
    0.35185185185185186,
    0.5,
    0.49056603773584906,
    0.3235294117647059,
    0.5656565656565656,
    0.26666666666666666,
    0.4752475247524752,
    0.4842105263157895,
    0.37383177570093457,
    0.44,
    0.16666666666666666,
    0.15384615384615385,
    0.31683168316831684,
    0.4778761061946903,
    0.5057471264367817,
    0.4166666666666667,
    0.453125,
    0.7843137254901961,
    0.8,
    0.3614457831325301,
    0.09375,
    0.352,
    0.6206896551724138,
    0.47058823529411764,
    0.16216216216216217,
    0.7191011235955056,
    0.4444444444444444,
    0.1016949152542373,
    0.5576923076923077,
    0.34108527131782945,
    0.5982905982905983,
    0.22784810126582278,
    0.2222222222222222,
    0.3516483516483517,
    0.42696629213483145,
    0.49504950495049505,
    0.6521739130434783,
    0.5858585858585859,
    0.4897959183673469,
    0.5168539325842697,
    0.39669421487603307,
    0.5979381443298969,
    0.41509433962264153,
    0.603448275862069,
    0.5420560747663551,
    0.6201550387596899,
    0.5321100917431193,
    0.3770491803278688,
    0.5945945945945946,
    0.23529411764705882,
    0.5362318840579711,
    0.23529411764705882
  ],