{
  "accuracy": 0.4163,
  "precision_macro": 0.4256022529526401,
  "recall_macro": 0.4163000000000001,
  "f1_macro": 0.3989714762944766,
  "precision_weighted": 0.4256022529526401,
  "recall_weighted": 0.4163,
  "f1_weighted": 0.39897147629447666,
  "per_class_f1": [
    0.7192982456140351,
    0.6785714285714286,
    0.4696969696969697,
    0.3469387755102041,
    0.423728813559322,
    0.12195121951219512,
    0.5977011494252874,
    0.2631578947368421,
    0.5862068965517241,
    0.2967741935483871,
    0.19718309859154928,
    0.5,
    0.49673202614379086,
    0.631578947368421,
    0.45569620253164556,
    0.375,
    0.25,
    0.5490196078431373,
    0.32786885245901637,
    0.4631578947368421,
    0.5862068965517241,
    0.6739130434782609,
    0.5954198473282443,
    0.6956521739130435,
    0.21052631578947367,
    0.4909090909090909,
    0.40764331210191085,
    0.0,
    0.33557046979865773,
    0.06557377049180328,
    0.35051546391752575,
    0.47863247863247865,
    0.26373626373626374,
    0.18421052631578946,
    0.4444444444444444,
    0.4580152671755725,
    0.7289719626168224,
    0.4418604651162791,
    0.49230769230769234,
    0.3559322033898305,
    0.2823529411764706,
    0.2597402597402597,
    0.4528301886792453,
    0.32432432432432434,
    0.8210526315789474,
    0.6842105263157895,
    0.367816091954023,
    0.4339622641509434,
    0.2028985507246377,
    0.2619047619047619,
    0.5625,
    0.2524271844660194,
    0.5964912280701754,
    0.43478260869565216,
    0.3958333333333333,
    0.4444444444444444,
    0.21176470588235294,
    0.5391304347826087,
    0.6530612244897959,
    0.3783783783783784,
    0.5074626865671642,
    0.48120300751879697,
    0.3684210526315789,
    0.32323232323232326,
    0.1,
    0.2602739726027397,
    0.5050505050505051,
    0.1935483870967742,
    0.34065934065934067,
    0.2711864406779661,
    0.22988505747126436,
    0.5950413223140496,
    0.3838383838383838,
    0.4158415841584158,
    0.4666666666666667,
    0.345679012345679,
    0.17142857142857143,
    0.13333333333333333,
    0.7722772277227723,
    0.22950819672131148,
    0.09375,
    0.7272727272727273,
    0.325,
    0.23300970873786409,
    0.24299065420560748,
    0.3368421052631579,
    0.4144144144144144,
    0.3037974683544304,
    0.03389830508474576,
    0.40816326530612246,
    0.45098039215686275,
    0.4642857142857143,
    0.2962962962962963,
    0.34408602150537637,
    0.43333333333333335,
    0.3333333333333333,
    0.34408602150537637,
    0.41333333333333333,
    0.463768115942029,
    0.11594202898550725,
    0.2,
    0.611764705882353,
    0.28169014084507044,
    0.7254901960784313,
    0.325,
    0.24817518248175183,
    0.22784810126582278,
    0.65,
    0.625,
    0.32142857142857145,
    0.2823529411764706,
    0.5555555555555556,
    0.3392857142857143,
    0.391304347826087,
    0.4,
    0.7428571428571429,
    0.43373493975903615,
    0.5636363636363636,
    0.5789473684210527,
    0.2549019607843137,
    0.288,
    0.4946236559139785,
    0.08108108108108109,
    0.18705035971223022,
    0.6349206349206349,
    0.1839080459770115,
    0.5054945054945055,
    0.25,
    0.35443037974683544,
    0.5411764705882353,
    0.19444444444444445,
    0.03508771929824561,
    0.1791044776119403,
    0.639344262295082,
    0.35714285714285715,
    0.1,
    0.2706766917293233,
    0.21052631578947367,
    0.1797752808988764,
    0.15625,
    0.4,
    0.3,
    0.3595505617977528,
    0.6727272727272727,
    0.3300970873786408,
    0.7722772277227723,
    0.6736842105263158,
    0.2689075630252101,
    0.38181818181818183,
    0.45652173913043476,
    0.5416666666666666,
    0.2222222222222222,
    0.49411764705882355,
    0.43010752688172044,
    0.4418604651162791,
    0.45454545454545453,
    0.2564102564102564,
    0.3116883116883117,
    0.2597402597402597,
    0.07272727272727272,
    0.3333333333333333,
    0.35294117647058826,
    0.5168539325842697,
    0.3684210526315789,
    0.5,
    0.7155963302752294,
    0.8380952380952381,
    0.425531914893617,
    0.07142857142857142,
    0.3076923076923077,
    0.6588235294117647,
    0.40384615384615385,
    0.13333333333333333,
    0.6597938144329897,
    0.3191489361702128,
    0.07692307692307693,
    0.6122448979591837,
    0.3973509933774834,
    0.6181818181818182,
    0.21359223300970873,
    0.24347826086956523,
    0.4473684210526316,
    0.3076923076923077,
    0.49504950495049505,
    0.5918367346938775,
    0.54,
    0.4842105263157895,
    0.5046728971962616,
    0.2828282828282828,
    0.6373626373626373,
    0.3564356435643564,
    0.528,
    0.5470085470085471,
    0.6851851851851852,
    0.47368421052631576,
    0.358974358974359,
    0.5481481481481482,
    0.3116883116883117,
    0.43537414965986393,
    0.34615384615384615
  ],