{
  "accuracy": 0.4145,
  "precision_macro": 0.41858352245248825,
  "recall_macro": 0.41450000000000004,
  "f1_macro": 0.3939247600409725,
  "precision_weighted": 0.41858352245248825,
  "recall_weighted": 0.4145,
  "f1_weighted": 0.39392476004097243,
  "per_class_f1": [
    0.6915887850467289,
    0.7115384615384616,
    0.43333333333333335,
    0.3181818181818182,
    0.4576271186440678,
    0.12345679012345678,
    0.55,
    0.22784810126582278,
    0.6055045871559633,
    0.2857142857142857,
    0.21212121212121213,
    0.52,
    0.549618320610687,
    0.6956521739130435,
    0.5252525252525253,
    0.2077922077922078,
    0.18461538461538463,
    0.5652173913043478,
    0.3937007874015748,
    0.5132743362831859,
    0.464,
    0.6666666666666666,
    0.6050420168067226,
    0.7333333333333333,
    0.24444444444444444,
    0.4915254237288136,
    0.48226950354609927,
    0.13793103448275862,
    0.3783783783783784,
    0.11428571428571428,
    0.17391304347826086,
    0.46464646464646464,
    0.3148148148148148,
    0.09230769230769231,
    0.423728813559322,
    0.40522875816993464,
    0.72,
    0.3655913978494624,
    0.4580152671755725,
    0.4175824175824176,
    0.22988505747126436,
    0.3300970873786408,
    0.31683168316831684,
    0.46808510638297873,
    0.8235294117647058,
    0.7155963302752294,
    0.3655913978494624,
    0.45098039215686275,
    0.031746031746031744,
    0.15789473684210525,
    0.5396825396825397,
    0.24691358024691357,
    0.6371681415929203,
    0.3508771929824561,
    0.3373493975903614,
    0.5344827586206896,
    0.20689655172413793,
    0.4413793103448276,
    0.6788990825688074,
    0.28205128205128205,
    0.453125,
    0.512396694214876,
    0.3409090909090909,
    0.30357142857142855,
    0.14634146341463414,
    0.23140495867768596,
    0.5102040816326531,
    0.20588235294117646,
    0.4,
    0.288135593220339,
    0.39215686274509803,
    0.6915887850467289,
    0.2909090909090909,
    0.48936170212765956,
    0.4409448818897638,
    0.3283582089552239,
    0.2535211267605634,
    0.0975609756097561,
    0.6551724137931034,
    0.2318840579710145,
    0.05970149253731343,
    0.7272727272727273,
    0.37037037037037035,
    0.1927710843373494,
    0.32323232323232326,
    0.36893203883495146,
    0.4536082474226804,
    0.38636363636363635,
    0.038461538461538464,
    0.304,
    0.42962962962962964,
    0.453125,
    0.32323232323232326,
    0.4496124031007752,
    0.38461538461538464,
    0.3111111111111111,
    0.38202247191011235,
    0.38235294117647056,
    0.4528301886792453,
    0.14492753623188406,
    0.2033898305084746,
    0.5656565656565656,
    0.20588235294117646,
    0.6666666666666666,
    0.2631578947368421,
    0.2956521739130435,
    0.21686746987951808,
    0.5984251968503937,
    0.6274509803921569,
    0.47058823529411764,
    0.2891566265060241,
    0.5245901639344263,
    0.30303030303030304,
    0.35443037974683544,
    0.32558139534883723,
    0.7524752475247525,
    0.4166666666666667,
    0.45161290322580644,
    0.6486486486486487,
    0.21951219512195122,
    0.2127659574468085,
    0.42696629213483145,
    0.1791044776119403,
    0.17543859649122806,
    0.64,
    0.2,
    0.43795620437956206,
    0.30952380952380953,
    0.4838709677419355,
    0.5858585858585859,
    0.2702702702702703,
    0.0392156862745098,
    0.09836065573770492,
    0.6851851851851852,
    0.3958333333333333,
    0.03389830508474576,
    0.1956521739130435,
    0.29333333333333333,
    0.17857142857142858,
    0.14035087719298245,
    0.38848920863309355,
    0.32432432432432434,
    0.32967032967032966,
    0.6557377049180327,
    0.3275862068965517,
    0.7663551401869159,
    0.6391752577319587,
    0.1565217391304348,
    0.37254901960784315,
    0.41818181818181815,
    0.49411764705882355,
    0.35135135135135137,
    0.5274725274725275,
    0.5303030303030303,
    0.40816326530612246,
    0.5454545454545454,
    0.15873015873015872,
    0.26666666666666666,
    0.1518987341772152,
    0.0,
    0.3418803418803419,
    0.32989690721649484,
    0.5,
    0.3404255319148936,
    0.48598130841121495,
    0.7289719626168224,
    0.780952380952381,
    0.43137254901960786,
    0.06451612903225806,
    0.3364485981308411,
    0.673469387755102,
    0.45390070921985815,
    0.14705882352941177,
    0.6597938144329897,
    0.4819277108433735,
    0.07547169811320754,
    0.6444444444444445,
    0.3816793893129771,
    0.5040650406504065,
    0.18421052631578946,
    0.21875,
    0.40425531914893614,
    0.31746031746031744,
    0.48484848484848486,
    0.6140350877192983,
    0.5806451612903226,
    0.4716981132075472,
    0.4819277108433735,
    0.3877551020408163,
    0.5504587155963303,
    0.32653061224489793,
    0.5693430656934306,
    0.4696969696969697,
    0.6031746031746031,
    0.41904761904761906,
    0.37894736842105264,
    0.5217391304347826,
    0.25,
    0.4316546762589928,
    0.28888888888888886
  ],