{
  "accuracy": 0.3969,
  "precision_macro": 0.4022282842003241,
  "recall_macro": 0.3969,
  "f1_macro": 0.37567937627930603,
  "precision_weighted": 0.402228284200324,
  "recall_weighted": 0.3969,
  "f1_weighted": 0.37567937627930603,
  "per_class_f1": [
    0.5967741935483871,
    0.5333333333333333,
    0.3894736842105263,
    0.25,
    0.39655172413793105,
    0.12048192771084337,
    0.4782608695652174,
    0.13114754098360656,
    0.6238532110091743,
    0.29411764705882354,
    0.20512820512820512,
    0.4742268041237113,
    0.4444444444444444,
    0.6213592233009708,
    0.5542168674698795,
    0.2702702702702703,
    0.2028985507246377,
    0.5217391304347826,
    0.26666666666666666,
    0.5098039215686274,
    0.49612403100775193,
    0.6521739130434783,
    0.591304347826087,
    0.7222222222222222,
    0.19148936170212766,
    0.42424242424242425,
    0.45544554455445546,
    0.0625,
    0.29577464788732394,
    0.0,
    0.4339622641509434,
    0.4946236559139785,
    0.26262626262626265,
    0.17647058823529413,
    0.48739495798319327,
    0.43037974683544306,
    0.6486486486486487,
    0.3146067415730337,
    0.47244094488188976,
    0.2,
    0.136986301369863,
    0.2857142857142857,
    0.367816091954023,
    0.44642857142857145,
    0.8514851485148515,
    0.6605504587155964,
    0.37777777777777777,
    0.5,
    0.13333333333333333,
    0.2127659574468085,
    0.549618320610687,
    0.22448979591836735,
    0.5636363636363636,
    0.3925233644859813,
    0.5054945054945055,
    0.3018867924528302,
    0.20689655172413793,
    0.4,
    0.5882352941176471,
    0.3541666666666667,
    0.4057971014492754,
    0.528,
    0.136986301369863,
    0.3333333333333333,
    0.14285714285714285,
    0.19672131147540983,
    0.49019607843137253,
    0.17543859649122806,
    0.3614457831325301,
    0.2898550724637681,
    0.33070866141732286,
    0.660377358490566,
    0.25,
    0.4339622641509434,
    0.3302752293577982,
    0.27450980392156865,
    0.2535211267605634,
    0.031746031746031744,
    0.7789473684210526,
    0.10909090909090909,
    0.1016949152542373,
    0.6935483870967742,
    0.3076923076923077,
    0.273972602739726,
    0.3076923076923077,
    0.3333333333333333,
    0.43478260869565216,
    0.3368421052631579,
    0.034482758620689655,
    0.3950617283950617,
    0.3333333333333333,
    0.45454545454545453,
    0.2830188679245283,
    0.3968253968253968,
    0.23684210526315788,
    0.411214953271028,
    0.391304347826087,
    0.2875816993464052,
    0.42424242424242425,
    0.20253164556962025,
    0.12307692307692308,
    0.5806451612903226,
    0.2857142857142857,
    0.7010309278350515,
    0.35294117647058826,
    0.25688073394495414,
    0.17073170731707318,
    0.5904761904761905,
    0.56,
    0.3516483516483517,
    0.23404255319148937,
    0.5666666666666667,
    0.29457364341085274,
    0.39473684210526316,
    0.34782608695652173,
    0.7961165048543689,
    0.42105263157894735,
    0.36666666666666664,
    0.5714285714285714,
    0.22556390977443608,
    0.2857142857142857,
    0.4827586206896552,
    0.10526315789473684,
    0.22556390977443608,
    0.6837606837606838,
    0.15730337078651685,
    0.4444444444444444,
    0.34210526315789475,
    0.4461538461538462,
    0.625,
    0.2608695652173913,
    0.037037037037037035,
    0.11940298507462686,
    0.6129032258064516,
    0.35294117647058826,
    0.09836065573770492,
    0.27218934911242604,
    0.2028985507246377,
    0.05333333333333334,
    0.17142857142857143,
    0.37894736842105264,
    0.25882352941176473,
    0.4,
    0.6299212598425197,
    0.32558139534883723,
    0.7627118644067796,
    0.6238532110091743,
    0.1875,
    0.3275862068965517,
    0.4444444444444444,
    0.5510204081632653,
    0.22857142857142856,
    0.4146341463414634,
    0.3883495145631068,
    0.3865546218487395,
    0.3728813559322034,
    0.2777777777777778,
    0.3333333333333333,
    0.12987012987012986,
    0.037037037037037035,
    0.19718309859154928,
    0.208955223880597,
    0.5052631578947369,
    0.35514018691588783,
    0.5,
    0.7358490566037735,
    0.7722772277227723,
    0.4421052631578947,
    0.037037037037037035,
    0.3287671232876712,
    0.6060606060606061,
    0.3508771929824561,
    0.1016949152542373,
    0.6262626262626263,
    0.4117647058823529,
    0.038461538461538464,
    0.5074626865671642,
    0.3442622950819672,
    0.556390977443609,
    0.14084507042253522,
    0.2653061224489796,
    0.36923076923076925,
    0.4262295081967213,
    0.4943820224719101,
    0.6095238095238096,
    0.4444444444444444,
    0.4424778761061947,
    0.5,
    0.39603960396039606,
    0.5208333333333334,
    0.29333333333333333,
    0.5846153846153846,
    0.5567010309278351,
    0.6333333333333333,
    0.42,
    0.3669724770642202,
    0.53125,
    0.22535211267605634,
    0.453125,
    0.29411764705882354
  ],