{
  "accuracy": 0.4161,
  "precision_macro": 0.41578700760989784,
  "recall_macro": 0.41609999999999997,
  "f1_macro": 0.39775413876121773,
  "precision_weighted": 0.4157870076098978,
  "recall_weighted": 0.4161,
  "f1_weighted": 0.39775413876121785,
  "per_class_f1": [
    0.65,
    0.6666666666666666,
    0.40298507462686567,
    0.3119266055045872,
    0.423728813559322,
    0.0851063829787234,
    0.5932203389830508,
    0.1891891891891892,
    0.6166666666666667,
    0.33112582781456956,
    0.1643835616438356,
    0.4731182795698925,
    0.5109489051094891,
    0.6464646464646465,
    0.5432098765432098,
    0.2891566265060241,
    0.2153846153846154,
    0.48695652173913045,
    0.35294117647058826,
    0.4742268041237113,
    0.5405405405405406,
    0.6741573033707865,
    0.5901639344262295,
    0.7079646017699115,
    0.22018348623853212,
    0.5081967213114754,
    0.44,
    0.0,
    0.3185840707964602,
    0.03333333333333333,
    0.47706422018348627,
    0.4642857142857143,
    0.14492753623188406,
    0.2,
    0.4576271186440678,
    0.4251968503937008,
    0.7339449541284404,
    0.47619047619047616,
    0.5,
    0.3673469387755102,
    0.1038961038961039,
    0.297029702970297,
    0.29213483146067415,
    0.3695652173913043,
    0.8775510204081632,
    0.7128712871287128,
    0.38095238095238093,
    0.4444444444444444,
    0.09836065573770492,
    0.19718309859154928,
    0.5578231292517006,
    0.297029702970297,
    0.660377358490566,
    0.38181818181818183,
    0.33707865168539325,
    0.38613861386138615,
    0.24489795918367346,
    0.5042016806722689,
    0.72,
    0.37037037037037035,
    0.6236559139784946,
    0.5217391304347826,
    0.21875,
    0.32558139534883723,
    0.125,
    0.17204301075268819,
    0.5473684210526316,
    0.2222222222222222,
    0.3870967741935484,
    0.2828282828282828,
    0.21333333333333335,
    0.6666666666666666,
    0.3300970873786408,
    0.40384615384615385,
    0.48854961832061067,
    0.1794871794871795,
    0.3333333333333333,
    0.15384615384615385,
    0.7692307692307693,
    0.22950819672131148,
    0.21052631578947367,
    0.6722689075630253,
    0.3384615384615385,
    0.2702702702702703,
    0.3140495867768595,
    0.32941176470588235,
    0.47619047619047616,
    0.3619047619047619,
    0.03571428571428571,
    0.37254901960784315,
    0.46017699115044247,
    0.4460431654676259,
    0.2894736842105263,
    0.4090909090909091,
    0.44,
    0.4044943820224719,
    0.2558139534883721,
    0.3609022556390977,
    0.4827586206896552,
    0.16,
    0.18421052631578946,
    0.5918367346938775,
    0.25,
    0.6902654867256637,
    0.3595505617977528,
    0.3225806451612903,
    0.16216216216216217,
    0.59375,
    0.6181818181818182,
    0.36363636363636365,
    0.3181818181818182,
    0.5070422535211268,
    0.40707964601769914,
    0.345679012345679,
    0.3333333333333333,
    0.8118811881188119,
    0.41818181818181815,
    0.4460431654676259,
    0.6666666666666666,
    0.26153846153846155,
    0.30303030303030304,
    0.4897959183673469,
    0.12307692307692308,
    0.18803418803418803,
    0.6131386861313869,
    0.2247191011235955,
    0.4329896907216495,
    0.4675324675324675,
    0.42276422764227645,
    0.5060240963855421,
    0.2828282828282828,
    0.0,
    0.09230769230769231,
    0.6444444444444445,
    0.43373493975903615,
    0.0,
    0.2823529411764706,
    0.24,
    0.2018348623853211,
    0.13333333333333333,
    0.4,
    0.3333333333333333,
    0.43373493975903615,
    0.6837606837606838,
    0.2653061224489796,
    0.7735849056603774,
    0.6597938144329897,
    0.25210084033613445,
    0.44,
    0.45161290322580644,
    0.5681818181818182,
    0.28125,
    0.3953488372093023,
    0.5576923076923077,
    0.4752475247524752,
    0.3950617283950617,
    0.2891566265060241,
    0.3595505617977528,
    0.1891891891891892,
    0.06349206349206349,
    0.3103448275862069,
    0.2608695652173913,
    0.5301204819277109,
    0.3333333333333333,
    0.43902439024390244,
    0.7130434782608696,
    0.7758620689655172,
    0.4,
    0.06666666666666667,
    0.39622641509433965,
    0.6976744186046512,
    0.4642857142857143,
    0.125,
    0.6060606060606061,
    0.46551724137931033,
    0.1016949152542373,
    0.5842696629213483,
    0.36363636363636365,
    0.5964912280701754,
    0.24096385542168675,
    0.1935483870967742,
    0.45977011494252873,
    0.2833333333333333,
    0.4186046511627907,
    0.5054945054945055,
    0.5050505050505051,
    0.4742268041237113,
    0.45977011494252873,
    0.38202247191011235,
    0.6101694915254238,
    0.42696629213483145,
    0.5688073394495413,
    0.5299145299145299,
    0.6356589147286822,
    0.432,
    0.41025641025641024,
    0.5396825396825397,
    0.2222222222222222,
    0.4566929133858268,
    0.3392857142857143
  ],