{
  "accuracy": 0.4402,
  "precision_macro": 0.43866287973644946,
  "recall_macro": 0.44020000000000004,
  "f1_macro": 0.42262851564954557,
  "precision_weighted": 0.4386628797364494,
  "recall_weighted": 0.4402,
  "f1_weighted": 0.4226285156495456,
  "per_class_f1": [
    0.7636363636363637,
    0.7735849056603774,
    0.512396694214876,
    0.2222222222222222,
    0.42857142857142855,
    0.13953488372093023,
    0.6296296296296297,
    0.297029702970297,
    0.7047619047619048,
    0.38016528925619836,
    0.32989690721649484,
    0.52,
    0.6,
    0.6666666666666666,
    0.6046511627906976,
    0.3764705882352941,
    0.2571428571428571,
    0.6101694915254238,
    0.3283582089552239,
    0.6060606060606061,
    0.5789473684210527,
    0.6666666666666666,
    0.6238532110091743,
    0.6796116504854369,
    0.24390243902439024,
    0.5365853658536586,
    0.5254237288135594,
    0.0,
    0.36363636363636365,
    0.2465753424657534,
    0.4423076923076923,
    0.5217391304347826,
    0.22857142857142856,
    0.21428571428571427,
    0.5934065934065934,
    0.5454545454545454,
    0.6732673267326733,
    0.4044943820224719,
    0.5166666666666667,
    0.390625,
    0.32653061224489793,
    0.3333333333333333,
    0.4117647058823529,
    0.45161290322580644,
    0.8518518518518519,
    0.6605504587155964,
    0.4523809523809524,
    0.5274725274725275,
    0.24242424242424243,
    0.23255813953488372,
    0.5645161290322581,
    0.3516483516483517,
    0.6363636363636364,
    0.43956043956043955,
    0.49411764705882355,
    0.582089552238806,
    0.24,
    0.5982905982905983,
    0.7289719626168224,
    0.4594594594594595,
    0.4342105263157895,
    0.5538461538461539,
    0.26506024096385544,
    0.3673469387755102,
    0.1728395061728395,
    0.2413793103448276,
    0.5567010309278351,
    0.35,
    0.32558139534883723,
    0.32142857142857145,
    0.30434782608695654,
    0.7047619047619048,
    0.2857142857142857,
    0.4,
    0.3191489361702128,
    0.3157894736842105,
    0.41975308641975306,
    0.06060606060606061,
    0.6608695652173913,
    0.23529411764705882,
    0.11594202898550725,
    0.7166666666666667,
    0.4,
    0.30952380952380953,
    0.3392857142857143,
    0.29333333333333333,
    0.40860215053763443,
    0.3404255319148936,
    0.07142857142857142,
    0.3826086956521739,
    0.3741935483870968,
    0.42424242424242425,
    0.3582089552238806,
    0.47692307692307695,
    0.4482758620689655,
    0.4482758620689655,
    0.37777777777777777,
    0.4262295081967213,
    0.46808510638297873,
    0.13333333333333333,
    0.1,
    0.6458333333333334,
    0.3116883116883117,
    0.7722772277227723,
    0.3373493975903614,
    0.2708333333333333,
    0.27906976744186046,
    0.6548672566371682,
    0.6728971962616822,
    0.5,
    0.29213483146067415,
    0.4371584699453552,
    0.34951456310679613,
    0.32941176470588235,
    0.37623762376237624,
    0.6721311475409836,
    0.3950617283950617,
    0.5233644859813084,
    0.6666666666666666,
    0.32608695652173914,
    0.27692307692307694,
    0.4935064935064935,
    0.12307692307692308,
    0.15873015873015872,
    0.7321428571428571,
    0.20454545454545456,
    0.45871559633027525,
    0.43902439024390244,
    0.416,
    0.5740740740740741,
    0.21333333333333335,
    0.0,
    0.11267605633802817,
    0.6666666666666666,
    0.42696629213483145,
    0.12658227848101267,
    0.34108527131782945,
    0.23684210526315788,
    0.13333333333333333,
    0.09375,
    0.3333333333333333,
    0.30303030303030304,
    0.46153846153846156,
    0.7378640776699029,
    0.36363636363636365,
    0.7642276422764228,
    0.6728971962616822,
    0.24778761061946902,
    0.43478260869565216,
    0.4731182795698925,
    0.43564356435643564,
    0.32432432432432434,
    0.449438202247191,
    0.3917525773195876,
    0.47706422018348627,
    0.4158415841584158,
    0.29473684210526313,
    0.30927835051546393,
    0.2653061224489796,
    0.037037037037037035,
    0.3711340206185567,
    0.34408602150537637,
    0.5301204819277109,
    0.4909090909090909,
    0.5625,
    0.8080808080808081,
    0.8461538461538461,
    0.45161290322580644,
    0.06060606060606061,
    0.39316239316239315,
    0.6458333333333334,
    0.3724137931034483,
    0.16,
    0.6947368421052632,
    0.4888888888888889,
    0.1111111111111111,
    0.4897959183673469,
    0.3880597014925373,
    0.6981132075471698,
    0.29473684210526313,
    0.1941747572815534,
    0.47191011235955055,
    0.375,
    0.4266666666666667,
    0.578125,
    0.5094339622641509,
    0.49504950495049505,
    0.46808510638297873,
    0.45098039215686275,
    0.4262295081967213,
    0.4,
    0.64,
    0.49635036496350365,
    0.6972477064220184,
    0.45045045045045046,
    0.3333333333333333,
    0.5982905982905983,
    0.24175824175824176,
    0.5081967213114754,
    0.28865979381443296
  ],