{
  "accuracy": 0.4218,
  "precision_macro": 0.42262954636901495,
  "recall_macro": 0.4218,
  "f1_macro": 0.4033329738464311,
  "precision_weighted": 0.42262954636901495,
  "recall_weighted": 0.4218,
  "f1_weighted": 0.4033329738464311,
  "per_class_f1": [
    0.6923076923076923,
    0.7304347826086957,
    0.3838383838383838,
    0.24444444444444444,
    0.3851851851851852,
    0.11650485436893204,
    0.5299145299145299,
    0.19047619047619047,
    0.6542056074766355,
    0.2916666666666667,
    0.19444444444444445,
    0.45977011494252873,
    0.5161290322580645,
    0.6530612244897959,
    0.5454545454545454,
    0.18421052631578946,
    0.3055555555555556,
    0.5333333333333333,
    0.3893805309734513,
    0.5344827586206896,
    0.46296296296296297,
    0.6888888888888889,
    0.5785123966942148,
    0.7394957983193278,
    0.25,
    0.5354330708661418,
    0.49572649572649574,
    0.03508771929824561,
    0.3728813559322034,
    0.125,
    0.44036697247706424,
    0.463768115942029,
    0.15584415584415584,
    0.18604651162790697,
    0.5052631578947369,
    0.45901639344262296,
    0.6808510638297872,
    0.42718446601941745,
    0.45112781954887216,
    0.336,
    0.32967032967032966,
    0.32967032967032966,
    0.26373626373626374,
    0.46808510638297873,
    0.8333333333333334,
    0.6333333333333333,
    0.38,
    0.5576923076923077,
    0.1917808219178082,
    0.2535211267605634,
    0.584070796460177,
    0.2956521739130435,
    0.5892857142857143,
    0.4155844155844156,
    0.4186046511627907,
    0.42962962962962964,
    0.25882352941176473,
    0.48854961832061067,
    0.7291666666666666,
    0.4266666666666667,
    0.45925925925925926,
    0.5576923076923077,
    0.21621621621621623,
    0.32653061224489793,
    0.16666666666666666,
    0.21153846153846154,
    0.5510204081632653,
    0.20588235294117646,
    0.41509433962264153,
    0.2184873949579832,
    0.2786885245901639,
    0.6915887850467289,
    0.34545454545454546,
    0.3893805309734513,
    0.4426229508196721,
    0.35443037974683544,
    0.35294117647058826,
    0.031746031746031744,
    0.8125,
    0.29850746268656714,
    0.1,
    0.7155963302752294,
    0.37735849056603776,
    0.25882352941176473,
    0.27419354838709675,
    0.30952380952380953,
    0.4528301886792453,
    0.3464566929133858,
    0.0,
    0.4329896907216495,
    0.448,
    0.42857142857142855,
    0.3380281690140845,
    0.4148148148148148,
    0.4144144144144144,
    0.42748091603053434,
    0.3063063063063063,
    0.3586206896551724,
    0.45217391304347826,
    0.125,
    0.11594202898550725,
    0.5858585858585859,
    0.3013698630136986,
    0.7358490566037735,
    0.3013698630136986,
    0.3076923076923077,
    0.18823529411764706,
    0.672566371681416,
    0.6226415094339622,
    0.5,
    0.3409090909090909,
    0.5179856115107914,
    0.2956521739130435,
    0.367816091954023,
    0.32967032967032966,
    0.82,
    0.46153846153846156,
    0.5192307692307693,
    0.5967741935483871,
    0.25225225225225223,
    0.3047619047619048,
    0.4222222222222222,
    0.06557377049180328,
    0.2047244094488189,
    0.6833333333333333,
    0.16091954022988506,
    0.5225225225225225,
    0.39436619718309857,
    0.38095238095238093,
    0.5393258426966292,
    0.2222222222222222,
    0.0392156862745098,
    0.1388888888888889,
    0.6371681415929203,
    0.48214285714285715,
    0.1016949152542373,
    0.2361111111111111,
    0.21621621621621623,
    0.2376237623762376,
    0.11764705882352941,
    0.42,
    0.29850746268656714,
    0.3111111111111111,
    0.7407407407407407,
    0.34545454545454546,
    0.8,
    0.6037735849056604,
    0.2556390977443609,
    0.3333333333333333,
    0.48148148148148145,
    0.43137254901960786,
    0.3561643835616438,
    0.4946236559139785,
    0.2962962962962963,
    0.4835164835164835,
    0.449438202247191,
    0.2716049382716049,
    0.37254901960784315,
    0.24324324324324326,
    0.0,
    0.37623762376237624,
    0.27586206896551724,
    0.5098039215686274,
    0.4036697247706422,
    0.5656565656565656,
    0.7407407407407407,
    0.822429906542056,
    0.4098360655737705,
    0.0967741935483871,
    0.36036036036036034,
    0.6262626262626263,
    0.45161290322580644,
    0.12307692307692308,
    0.6595744680851063,
    0.46017699115044247,
    0.037037037037037035,
    0.5747126436781609,
    0.3492063492063492,
    0.6605504587155964,
    0.1388888888888889,
    0.23140495867768596,
    0.37037037037037035,
    0.33043478260869563,
    0.46511627906976744,
    0.64,
    0.5490196078431373,
    0.5393258426966292,
    0.4943820224719101,
    0.3058823529411765,
    0.5210084033613446,
    0.3655913978494624,
    0.576271186440678,
    0.5391304347826087,
    0.7115384615384616,
    0.45901639344262296,
    0.3925233644859813,
    0.5594405594405595,
    0.2465753424657534,
    0.43870967741935485,
    0.25
  ],