{
  "accuracy": 0.4228,
  "precision_macro": 0.42491843370869264,
  "recall_macro": 0.4228,
  "f1_macro": 0.40421026569072027,
  "precision_weighted": 0.42491843370869276,
  "recall_weighted": 0.4228,
  "f1_weighted": 0.4042102656907202,
  "per_class_f1": [
    0.6842105263157895,
    0.6785714285714286,
    0.4657534246575342,
    0.2222222222222222,
    0.4,
    0.08450704225352113,
    0.5773195876288659,
    0.2,
    0.6111111111111112,
    0.3,
    0.2608695652173913,
    0.4631578947368421,
    0.44,
    0.7254901960784313,
    0.5238095238095238,
    0.3116883116883117,
    0.2608695652173913,
    0.4727272727272727,
    0.425531914893617,
    0.4444444444444444,
    0.5217391304347826,
    0.6407766990291263,
    0.5357142857142857,
    0.7079646017699115,
    0.24242424242424243,
    0.4888888888888889,
    0.4838709677419355,
    0.05555555555555555,
    0.37362637362637363,
    0.029850746268656716,
    0.44660194174757284,
    0.46601941747572817,
    0.16216216216216217,
    0.1095890410958904,
    0.3893805309734513,
    0.3850267379679144,
    0.6031746031746031,
    0.4897959183673469,
    0.4915254237288136,
    0.35514018691588783,
    0.18181818181818182,
    0.27586206896551724,
    0.3119266055045872,
    0.38461538461538464,
    0.8125,
    0.6837606837606838,
    0.4,
    0.41935483870967744,
    0.12121212121212122,
    0.21978021978021978,
    0.5547445255474452,
    0.2978723404255319,
    0.5894736842105263,
    0.41509433962264153,
    0.39603960396039606,
    0.39759036144578314,
    0.26804123711340205,
    0.5048543689320388,
    0.6666666666666666,
    0.30985915492957744,
    0.44755244755244755,
    0.4732824427480916,
    0.24390243902439024,
    0.3300970873786408,
    0.18461538461538463,
    0.22764227642276422,
    0.5,
    0.2682926829268293,
    0.46551724137931033,
    0.34615384615384615,
    0.26506024096385544,
    0.559322033898305,
    0.3023255813953488,
    0.44036697247706424,
    0.41818181818181815,
    0.2631578947368421,
    0.4,
    0.13186813186813187,
    0.6990291262135923,
    0.3188405797101449,
    0.12307692307692308,
    0.7358490566037735,
    0.43478260869565216,
    0.32989690721649484,
    0.3392857142857143,
    0.2597402597402597,
    0.4375,
    0.35,
    0.10344827586206896,
    0.37777777777777777,
    0.5365853658536586,
    0.5,
    0.3287671232876712,
    0.4077669902912621,
    0.4144144144144144,
    0.4036697247706422,
    0.36363636363636365,
    0.38016528925619836,
    0.45901639344262296,
    0.11428571428571428,
    0.1388888888888889,
    0.6170212765957447,
    0.24096385542168675,
    0.8444444444444444,
    0.2535211267605634,
    0.297029702970297,
    0.18691588785046728,
    0.5645161290322581,
    0.7027027027027027,
    0.45454545454545453,
    0.3191489361702128,
    0.5210084033613446,
    0.3883495145631068,
    0.4,
    0.39080459770114945,
    0.7522935779816514,
    0.34210526315789475,
    0.5038167938931297,
    0.6407766990291263,
    0.30434782608695654,
    0.3300970873786408,
    0.42105263157894735,
    0.11594202898550725,
    0.2047244094488189,
    0.6504065040650406,
    0.225,
    0.4375,
    0.38961038961038963,
    0.5172413793103449,
    0.4807692307692308,
    0.3137254901960784,
    0.0,
    0.12121212121212122,
    0.6166666666666667,
    0.4329896907216495,
    0.14492753623188406,
    0.23376623376623376,
    0.24242424242424243,
    0.22058823529411764,
    0.13114754098360656,
    0.4,
    0.2647058823529412,
    0.43137254901960786,
    0.7378640776699029,
    0.3620689655172414,
    0.8131868131868132,
    0.6857142857142857,
    0.2595419847328244,
    0.37362637362637363,
    0.46511627906976744,
    0.5060240963855421,
    0.3333333333333333,
    0.5473684210526316,
    0.5079365079365079,
    0.4418604651162791,
    0.3188405797101449,
    0.32323232323232326,
    0.36538461538461536,
    0.21428571428571427,
    0.1016949152542373,
    0.33070866141732286,
    0.38016528925619836,
    0.4578313253012048,
    0.36363636363636365,
    0.425531914893617,
    0.7818181818181819,
    0.8514851485148515,
    0.48484848484848486,
    0.07407407407407407,
    0.43609022556390975,
    0.6808510638297872,
    0.4782608695652174,
    0.18181818181818182,
    0.7272727272727273,
    0.45098039215686275,
    0.07407407407407407,
    0.66,
    0.3225806451612903,
    0.6185567010309279,
    0.15789473684210525,
    0.21875,
    0.34782608695652173,
    0.30612244897959184,
    0.54,
    0.6101694915254238,
    0.5714285714285714,
    0.5567010309278351,
    0.5510204081632653,
    0.32941176470588235,
    0.4915254237288136,
    0.3037974683544304,
    0.6,
    0.5517241379310345,
    0.6610169491525424,
    0.49586776859504134,
    0.3130434782608696,
    0.5606060606060606,
    0.136986301369863,
    0.484375,
    0.3
  ],