{
  "accuracy": 0.4411,
  "precision_macro": 0.44547717728849284,
  "recall_macro": 0.4411,
  "f1_macro": 0.42314688357372576,
  "precision_weighted": 0.44547717728849284,
  "recall_weighted": 0.4411,
  "f1_weighted": 0.42314688357372576,
  "per_class_f1": [
    0.7524752475247525,
    0.6515151515151515,
    0.39285714285714285,
    0.27906976744186046,
    0.42105263157894735,
    0.11594202898550725,
    0.6213592233009708,
    0.2682926829268293,
    0.6111111111111112,
    0.30434782608695654,
    0.23529411764705882,
    0.4492753623188406,
    0.5348837209302325,
    0.6601941747572816,
    0.5652173913043478,
    0.3111111111111111,
    0.14035087719298245,
    0.5591397849462365,
    0.36363636363636365,
    0.5523809523809524,
    0.45454545454545453,
    0.5354330708661418,
    0.5409836065573771,
    0.7068965517241379,
    0.2857142857142857,
    0.5,
    0.49206349206349204,
    0.15584415584415584,
    0.384,
    0.08955223880597014,
    0.45098039215686275,
    0.5252525252525253,
    0.12698412698412698,
    0.2891566265060241,
    0.5,
    0.41420118343195267,
    0.7289719626168224,
    0.5178571428571429,
    0.45614035087719296,
    0.36363636363636365,
    0.2,
    0.35051546391752575,
    0.40384615384615385,
    0.49411764705882355,
    0.8349514563106796,
    0.7102803738317757,
    0.33962264150943394,
    0.49523809523809526,
    0.16216216216216217,
    0.1643835616438356,
    0.5416666666666666,
    0.43859649122807015,
    0.6037735849056604,
    0.3764705882352941,
    0.45,
    0.37037037037037035,
    0.23853211009174313,
    0.5925925925925926,
    0.7428571428571429,
    0.32432432432432434,
    0.48120300751879697,
    0.5806451612903226,
    0.2191780821917808,
    0.29310344827586204,
    0.15873015873015872,
    0.24,
    0.5918367346938775,
    0.3055555555555556,
    0.4881889763779528,
    0.2891566265060241,
    0.28865979381443296,
    0.6507936507936508,
    0.40404040404040403,
    0.39622641509433965,
    0.49635036496350365,
    0.38095238095238093,
    0.391304347826087,
    0.08108108108108109,
    0.75,
    0.29508196721311475,
    0.1388888888888889,
    0.7636363636363637,
    0.42424242424242425,
    0.23376623376623376,
    0.29357798165137616,
    0.24242424242424243,
    0.4782608695652174,
    0.3516483516483517,
    0.15625,
    0.43037974683544306,
    0.5289256198347108,
    0.5272727272727272,
    0.2898550724637681,
    0.3655913978494624,
    0.4807692307692308,
    0.41025641025641024,
    0.41904761904761906,
    0.43902439024390244,
    0.46956521739130436,
    0.06557377049180328,
    0.1643835616438356,
    0.5476190476190477,
    0.3595505617977528,
    0.7659574468085106,
    0.24324324324324326,
    0.2184873949579832,
    0.21782178217821782,
    0.6306306306306306,
    0.6990291262135923,
    0.45,
    0.3058823529411765,
    0.5573770491803278,
    0.37606837606837606,
    0.4,
    0.3541666666666667,
    0.7920792079207921,
    0.36363636363636365,
    0.5245901639344263,
    0.6732673267326733,
    0.2619047619047619,
    0.2857142857142857,
    0.45454545454545453,
    0.1111111111111111,
    0.208,
    0.6902654867256637,
    0.1917808219178082,
    0.5,
    0.32323232323232326,
    0.417910447761194,
    0.6595744680851063,
    0.3146067415730337,
    0.03508771929824561,
    0.1794871794871795,
    0.5964912280701754,
    0.5142857142857142,
    0.1875,
    0.3037974683544304,
    0.25,
    0.14634146341463414,
    0.21621621621621623,
    0.4752475247524752,
    0.2972972972972973,
    0.4186046511627907,
    0.7476635514018691,
    0.38461538461538464,
    0.8108108108108109,
    0.7090909090909091,
    0.26666666666666666,
    0.34782608695652173,
    0.5102040816326531,
    0.4946236559139785,
    0.2777777777777778,
    0.4666666666666667,
    0.5154639175257731,
    0.47619047619047616,
    0.5476190476190477,
    0.4,
    0.3883495145631068,
    0.25316455696202533,
    0.03636363636363636,
    0.3582089552238806,
    0.40707964601769914,
    0.575,
    0.4672897196261682,
    0.5294117647058824,
    0.7920792079207921,
    0.8181818181818182,
    0.43956043956043955,
    0.1,
    0.37623762376237624,
    0.6363636363636364,
    0.5192307692307693,
    0.1686746987951807,
    0.7058823529411765,
    0.5576923076923077,
    0.07547169811320754,
    0.6666666666666666,
    0.38848920863309355,
    0.5925925925925926,
    0.22988505747126436,
    0.22429906542056074,
    0.4583333333333333,
    0.3090909090909091,
    0.5227272727272727,
    0.6857142857142857,
    0.6,
    0.54,
    0.5333333333333333,
    0.36,
    0.5871559633027523,
    0.4158415841584158,
    0.59375,
    0.5576923076923077,
    0.625,
    0.4715447154471545,
    0.3157894736842105,
    0.5874125874125874,
    0.2391304347826087,
    0.5230769230769231,
    0.32653061224489793
  ],