{
  "accuracy": 0.3971,
  "precision_macro": 0.4005497753632249,
  "recall_macro": 0.3971,
  "f1_macro": 0.3790198629790666,
  "precision_weighted": 0.4005497753632249,
  "recall_weighted": 0.3971,
  "f1_weighted": 0.3790198629790666,
  "per_class_f1": [
    0.7191011235955056,
    0.6846846846846847,
    0.4186046511627907,
    0.3013698630136986,
    0.3793103448275862,
    0.11214953271028037,
    0.49645390070921985,
    0.17391304347826086,
    0.616822429906542,
    0.2681564245810056,
    0.19753086419753085,
    0.5773195876288659,
    0.46258503401360546,
    0.6451612903225806,
    0.5319148936170213,
    0.25316455696202533,
    0.17647058823529413,
    0.5504587155963303,
    0.32558139534883723,
    0.48936170212765956,
    0.5178571428571429,
    0.6590909090909091,
    0.6194690265486725,
    0.6290322580645161,
    0.1553398058252427,
    0.4122137404580153,
    0.423728813559322,
    0.037037037037037035,
    0.2777777777777778,
    0.0,
    0.46846846846846846,
    0.43636363636363634,
    0.3225806451612903,
    0.18181818181818182,
    0.4057971014492754,
    0.3888888888888889,
    0.6666666666666666,
    0.36363636363636365,
    0.4788732394366197,
    0.2597402597402597,
    0.14705882352941177,
    0.32075471698113206,
    0.40875912408759124,
    0.48484848484848486,
    0.8478260869565217,
    0.6190476190476191,
    0.4727272727272727,
    0.4716981132075472,
    0.08695652173913043,
    0.17142857142857143,
    0.5945945945945946,
    0.2545454545454545,
    0.5,
    0.3119266055045872,
    0.35443037974683544,
    0.46153846153846156,
    0.14705882352941177,
    0.5272727272727272,
    0.6534653465346535,
    0.3902439024390244,
    0.5178571428571429,
    0.5043478260869565,
    0.22857142857142856,
    0.32558139534883723,
    0.06451612903225806,
    0.2905982905982906,
    0.5045045045045045,
    0.08823529411764706,
    0.36363636363636365,
    0.29411764705882354,
    0.125,
    0.6851851851851852,
    0.22448979591836735,
    0.4672897196261682,
    0.4948453608247423,
    0.23529411764705882,
    0.16129032258064516,
    0.12048192771084337,
    0.6792452830188679,
    0.10344827586206896,
    0.06666666666666667,
    0.7663551401869159,
    0.3221476510067114,
    0.24390243902439024,
    0.24761904761904763,
    0.3541666666666667,
    0.43564356435643564,
    0.31666666666666665,
    0.07547169811320754,
    0.38,
    0.42105263157894735,
    0.4626865671641791,
    0.2978723404255319,
    0.39285714285714285,
    0.4881889763779528,
    0.4090909090909091,
    0.4065040650406504,
    0.3132530120481928,
    0.4918032786885246,
    0.12987012987012986,
    0.13333333333333333,
    0.5747126436781609,
    0.273972602739726,
    0.7415730337078652,
    0.16129032258064516,
    0.3148148148148148,
    0.20408163265306123,
    0.5967741935483871,
    0.58,
    0.41304347826086957,
    0.25925925925925924,
    0.5283018867924528,
    0.32967032967032966,
    0.3111111111111111,
    0.35555555555555557,
    0.7912087912087912,
    0.4666666666666667,
    0.432,
    0.6122448979591837,
    0.34710743801652894,
    0.31654676258992803,
    0.475,
    0.20253164556962025,
    0.18274111675126903,
    0.6796116504854369,
    0.21176470588235294,
    0.5299145299145299,
    0.3,
    0.46846846846846846,
    0.5263157894736842,
    0.16666666666666666,
    0.0,
    0.17142857142857143,
    0.6666666666666666,
    0.32,
    0.03571428571428571,
    0.22340425531914893,
    0.16216216216216217,
    0.1415929203539823,
    0.16666666666666666,
    0.35294117647058826,
    0.3170731707317073,
    0.4175824175824176,
    0.6721311475409836,
    0.23655913978494625,
    0.7884615384615384,
    0.6407766990291263,
    0.176,
    0.30303030303030304,
    0.4827586206896552,
    0.49056603773584906,
    0.2898550724637681,
    0.43037974683544306,
    0.4444444444444444,
    0.45544554455445546,
    0.3829787234042553,
    0.2153846153846154,
    0.24444444444444444,
    0.3076923076923077,
    0.034482758620689655,
    0.32727272727272727,
    0.24390243902439024,
    0.43243243243243246,
    0.35555555555555557,
    0.4380952380952381,
    0.7184466019417476,
    0.8037383177570093,
    0.39285714285714285,
    0.03571428571428571,
    0.24096385542168675,
    0.6153846153846154,
    0.42592592592592593,
    0.11594202898550725,
    0.6804123711340206,
    0.42201834862385323,
    0.037037037037037035,
    0.5263157894736842,
    0.34108527131782945,
    0.6218487394957983,
    0.11428571428571428,
    0.17073170731707318,
    0.37362637362637363,
    0.31007751937984496,
    0.4772727272727273,
    0.52,
    0.4528301886792453,
    0.40963855421686746,
    0.4793388429752066,
    0.3090909090909091,
    0.47058823529411764,
    0.3137254901960784,
    0.5043478260869565,
    0.4460431654676259,
    0.5954198473282443,
    0.48484848484848486,
    0.4752475247524752,
    0.5531914893617021,
    0.08955223880597014,
    0.4462809917355372,
    0.16494845360824742
  ],