{
  "accuracy": 0.4266,
  "precision_macro": 0.42626351001932605,
  "recall_macro": 0.4266,
  "f1_macro": 0.4113248901006517,
  "precision_weighted": 0.426263510019326,
  "recall_weighted": 0.4266,
  "f1_weighted": 0.41132489010065176,
  "per_class_f1": [
    0.7079646017699115,
    0.6779661016949152,
    0.46153846153846156,
    0.3058823529411765,
    0.49523809523809526,
    0.08108108108108109,
    0.5794392523364486,
    0.2247191011235955,
    0.6846846846846847,
    0.34375,
    0.2647058823529412,
    0.48695652173913045,
    0.4605263157894737,
    0.693069306930693,
    0.5,
    0.3300970873786408,
    0.18181818181818182,
    0.5148514851485149,
    0.37623762376237624,
    0.5523809523809524,
    0.49572649572649574,
    0.6666666666666666,
    0.576271186440678,
    0.7130434782608696,
    0.1746031746031746,
    0.4748201438848921,
    0.4423076923076923,
    0.14814814814814814,
    0.375,
    0.14,
    0.41304347826086957,
    0.4827586206896552,
    0.27586206896551724,
    0.09090909090909091,
    0.5,
    0.35365853658536583,
    0.6956521739130435,
    0.4,
    0.4740740740740741,
    0.23376623376623376,
    0.1891891891891892,
    0.25263157894736843,
    0.38181818181818183,
    0.4369747899159664,
    0.7789473684210526,
    0.693069306930693,
    0.41509433962264153,
    0.4778761061946903,
    0.11428571428571428,
    0.28846153846153844,
    0.5573770491803278,
    0.3018867924528302,
    0.6071428571428571,
    0.4329896907216495,
    0.4418604651162791,
    0.43312101910828027,
    0.24444444444444444,
    0.5148514851485149,
    0.6491228070175439,
    0.40540540540540543,
    0.3972602739726027,
    0.5614035087719298,
    0.3409090909090909,
    0.32,
    0.16666666666666666,
    0.25316455696202533,
    0.6041666666666666,
    0.25396825396825395,
    0.375,
    0.18666666666666668,
    0.28,
    0.6608695652173913,
    0.30927835051546393,
    0.4536082474226804,
    0.509090909090909,
    0.26666666666666666,
    0.4,
    0.03636363636363636,
    0.8125,
    0.28125,
    0.0821917808219178,
    0.74,
    0.3728813559322034,
    0.225,
    0.2962962962962963,
    0.41304347826086957,
    0.5517241379310345,
    0.3584905660377358,
    0.03508771929824561,
    0.47619047619047616,
    0.43478260869565216,
    0.5102040816326531,
    0.32,
    0.42424242424242425,
    0.3111111111111111,
    0.3125,
    0.3902439024390244,
    0.3484848484848485,
    0.5423728813559322,
    0.10810810810810811,
    0.09230769230769231,
    0.5714285714285714,
    0.3076923076923077,
    0.7450980392156863,
    0.3132530120481928,
    0.3333333333333333,
    0.22608695652173913,
    0.6422018348623854,
    0.7128712871287128,
    0.3883495145631068,
    0.34,
    0.5396825396825397,
    0.34545454545454546,
    0.3076923076923077,
    0.43010752688172044,
    0.7659574468085106,
    0.44642857142857145,
    0.5046728971962616,
    0.5964912280701754,
    0.3106796116504854,
    0.3333333333333333,
    0.4672897196261682,
    0.12121212121212122,
    0.1875,
    0.7155963302752294,
    0.2222222222222222,
    0.46153846153846156,
    0.379746835443038,
    0.48214285714285715,
    0.6021505376344086,
    0.29213483146067415,
    0.0,
    0.21951219512195122,
    0.6666666666666666,
    0.4375,
    0.057971014492753624,
    0.24516129032258063,
    0.22535211267605634,
    0.1941747572815534,
    0.10810810810810811,
    0.43010752688172044,
    0.29411764705882354,
    0.41509433962264153,
    0.7407407407407407,
    0.36363636363636365,
    0.7706422018348624,
    0.6732673267326733,
    0.2765957446808511,
    0.39655172413793105,
    0.44,
    0.49504950495049505,
    0.33766233766233766,
    0.45,
    0.5656565656565656,
    0.46464646464646464,
    0.5054945054945055,
    0.3146067415730337,
    0.37362637362637363,
    0.2191780821917808,
    0.11428571428571428,
    0.36363636363636365,
    0.35384615384615387,
    0.5060240963855421,
    0.4742268041237113,
    0.512396694214876,
    0.78,
    0.8380952380952381,
    0.35514018691588783,
    0.1,
    0.38636363636363635,
    0.6436781609195402,
    0.4036697247706422,
    0.2318840579710145,
    0.6666666666666666,
    0.45098039215686275,
    0.07407407407407407,
    0.5309734513274337,
    0.3333333333333333,
    0.6407766990291263,
    0.16842105263157894,
    0.2268041237113402,
    0.5,
    0.4067796610169492,
    0.48598130841121495,
    0.7157894736842105,
    0.5217391304347826,
    0.5060240963855421,
    0.4819277108433735,
    0.40860215053763443,
    0.5196850393700787,
    0.3037974683544304,
    0.6017699115044248,
    0.4462809917355372,
    0.6333333333333333,
    0.49206349206349204,
    0.4,
    0.4925373134328358,
    0.25316455696202533,
    0.44776119402985076,
    0.2391304347826087
  ],