{
  "accuracy": 0.3777,
  "precision_macro": 0.3973325045950438,
  "recall_macro": 0.37770000000000004,
  "f1_macro": 0.36536578913329637,
  "precision_weighted": 0.3973325045950438,
  "recall_weighted": 0.3777,
  "f1_weighted": 0.3653657891332963,
  "per_class_f1": [
    0.6060606060606061,
    0.6837606837606838,
    0.40384615384615385,
    0.20512820512820512,
    0.41379310344827586,
    0.08571428571428572,
    0.43478260869565216,
    0.23376623376623376,
    0.6126126126126126,
    0.3225806451612903,
    0.24615384615384617,
    0.37168141592920356,
    0.4358974358974359,
    0.4258064516129032,
    0.5287356321839081,
    0.2222222222222222,
    0.2222222222222222,
    0.48598130841121495,
    0.3157894736842105,
    0.5192307692307693,
    0.46956521739130436,
    0.6153846153846154,
    0.4778761061946903,
    0.6938775510204082,
    0.1282051282051282,
    0.5416666666666666,
    0.4307692307692308,
    0.03225806451612903,
    0.34782608695652173,
    0.08571428571428572,
    0.45098039215686275,
    0.49504950495049505,
    0.18181818181818182,
    0.1388888888888889,
    0.3404255319148936,
    0.39436619718309857,
    0.7578947368421053,
    0.4235294117647059,
    0.449438202247191,
    0.2916666666666667,
    0.18181818181818182,
    0.2465753424657534,
    0.2857142857142857,
    0.35135135135135137,
    0.8297872340425532,
    0.7032967032967034,
    0.3225806451612903,
    0.42718446601941745,
    0.06557377049180328,
    0.12345679012345678,
    0.5362318840579711,
    0.25925925925925924,
    0.5473684210526316,
    0.34782608695652173,
    0.35135135135135137,
    0.32748538011695905,
    0.1568627450980392,
    0.5040650406504065,
    0.7,
    0.35714285714285715,
    0.417910447761194,
    0.5272727272727272,
    0.19047619047619047,
    0.2601626016260163,
    0.208955223880597,
    0.13229571984435798,
    0.5494505494505495,
    0.16901408450704225,
    0.3248730964467005,
    0.17142857142857143,
    0.23404255319148937,
    0.6491228070175439,
    0.2828282828282828,
    0.38095238095238093,
    0.43859649122807015,
    0.29333333333333333,
    0.16470588235294117,
    0.028985507246376812,
    0.6346153846153846,
    0.24242424242424243,
    0.18421052631578946,
    0.6788990825688074,
    0.4,
    0.29850746268656714,
    0.21052631578947367,
    0.35051546391752575,
    0.45161290322580644,
    0.36893203883495146,
    0.07017543859649122,
    0.3695652173913043,
    0.5,
    0.40268456375838924,
    0.2972972972972973,
    0.4077669902912621,
    0.37894736842105264,
    0.29213483146067415,
    0.35294117647058826,
    0.32116788321167883,
    0.4838709677419355,
    0.06349206349206349,
    0.13513513513513514,
    0.4897959183673469,
    0.20588235294117646,
    0.7422680412371134,
    0.15873015873015872,
    0.17266187050359713,
    0.14583333333333334,
    0.6071428571428571,
    0.6,
    0.42696629213483145,
    0.2653061224489796,
    0.5357142857142857,
    0.2833333333333333,
    0.358974358974359,
    0.3269230769230769,
    0.7766990291262136,
    0.3516483516483517,
    0.4369747899159664,
    0.6415094339622641,
    0.32558139534883723,
    0.25675675675675674,
    0.42592592592592593,
    0.09090909090909091,
    0.16783216783216784,
    0.6031746031746031,
    0.2,
    0.449438202247191,
    0.3,
    0.3937007874015748,
    0.5494505494505495,
    0.2619047619047619,
    0.03773584905660377,
    0.14492753623188406,
    0.6115702479338843,
    0.4367816091954023,
    0.06666666666666667,
    0.16176470588235295,
    0.17142857142857143,
    0.1518987341772152,
    0.06451612903225806,
    0.3516483516483517,
    0.1875,
    0.4117647058823529,
    0.6115702479338843,
    0.2191780821917808,
    0.75,
    0.6213592233009708,
    0.25,
    0.336283185840708,
    0.45217391304347826,
    0.4752475247524752,
    0.2571428571428571,
    0.42105263157894735,
    0.4752475247524752,
    0.3958333333333333,
    0.4523809523809524,
    0.23880597014925373,
    0.21428571428571427,
    0.21428571428571427,
    0.0,
    0.22784810126582278,
    0.32098765432098764,
    0.5238095238095238,
    0.3888888888888889,
    0.41237113402061853,
    0.6909090909090909,
    0.7387387387387387,
    0.37735849056603776,
    0.03389830508474576,
    0.3333333333333333,
    0.5909090909090909,
    0.30952380952380953,
    0.07692307692307693,
    0.6947368421052632,
    0.4166666666666667,
    0.03508771929824561,
    0.5473684210526316,
    0.43410852713178294,
    0.5283018867924528,
    0.21176470588235294,
    0.22429906542056074,
    0.4166666666666667,
    0.1935483870967742,
    0.5176470588235295,
    0.6271186440677966,
    0.49056603773584906,
    0.47058823529411764,
    0.3373493975903614,
    0.3157894736842105,
    0.5432098765432098,
    0.27586206896551724,
    0.6046511627906976,
    0.49557522123893805,
    0.6071428571428571,
    0.47692307692307695,
    0.3130434782608696,
    0.5034013605442177,
    0.16,
    0.11553784860557768,
    0.28888888888888886
  ],