{
  "accuracy": 0.4349,
  "precision_macro": 0.4474355063549523,
  "recall_macro": 0.43490000000000006,
  "f1_macro": 0.42311663205768923,
  "precision_weighted": 0.44743550635495233,
  "recall_weighted": 0.4349,
  "f1_weighted": 0.4231166320576893,
  "per_class_f1": [
    0.7735849056603774,
    0.6229508196721312,
    0.41333333333333333,
    0.3333333333333333,
    0.4036697247706422,
    0.1523809523809524,
    0.6021505376344086,
    0.3333333333333333,
    0.6605504587155964,
    0.34710743801652894,
    0.18461538461538463,
    0.5544554455445545,
    0.532258064516129,
    0.7142857142857143,
    0.5128205128205128,
    0.2857142857142857,
    0.21052631578947367,
    0.5607476635514018,
    0.4,
    0.5714285714285714,
    0.628099173553719,
    0.6746987951807228,
    0.6065573770491803,
    0.7207207207207207,
    0.25882352941176473,
    0.5818181818181818,
    0.4,
    0.19148936170212766,
    0.43478260869565216,
    0.06557377049180328,
    0.4247787610619469,
    0.42016806722689076,
    0.14492753623188406,
    0.06060606060606061,
    0.53125,
    0.44776119402985076,
    0.6915887850467289,
    0.3855421686746988,
    0.5333333333333333,
    0.4,
    0.26666666666666666,
    0.2711864406779661,
    0.43373493975903615,
    0.5714285714285714,
    0.819047619047619,
    0.7722772277227723,
    0.46956521739130436,
    0.46846846846846846,
    0.1935483870967742,
    0.2765957446808511,
    0.625,
    0.2894736842105263,
    0.6095238095238096,
    0.39080459770114945,
    0.5393258426966292,
    0.45901639344262296,
    0.21782178217821782,
    0.5333333333333333,
    0.7339449541284404,
    0.37333333333333335,
    0.4485981308411215,
    0.5409836065573771,
    0.375,
    0.38961038961038963,
    0.2222222222222222,
    0.20952380952380953,
    0.6804123711340206,
    0.2891566265060241,
    0.3516483516483517,
    0.29213483146067415,
    0.3709677419354839,
    0.6779661016949152,
    0.37362637362637363,
    0.4329896907216495,
    0.46956521739130436,
    0.30303030303030304,
    0.4146341463414634,
    0.075,
    0.7959183673469388,
    0.30303030303030304,
    0.08108108108108109,
    0.6915887850467289,
    0.3963963963963964,
    0.23376623376623376,
    0.37362637362637363,
    0.29213483146067415,
    0.41379310344827586,
    0.3770491803278688,
    0.07017543859649122,
    0.37398373983739835,
    0.4307692307692308,
    0.5045045045045045,
    0.4166666666666667,
    0.4745762711864407,
    0.41379310344827586,
    0.4,
    0.35714285714285715,
    0.3184713375796178,
    0.56,
    0.16091954022988506,
    0.2,
    0.6304347826086957,
    0.3188405797101449,
    0.6868686868686869,
    0.33707865168539325,
    0.3508771929824561,
    0.2702702702702703,
    0.5873015873015873,
    0.5967741935483871,
    0.5294117647058824,
    0.3037974683544304,
    0.4778761061946903,
    0.3275862068965517,
    0.34146341463414637,
    0.38,
    0.7676767676767676,
    0.5168539325842697,
    0.49557522123893805,
    0.6666666666666666,
    0.3333333333333333,
    0.3089430894308943,
    0.5,
    0.13793103448275862,
    0.21176470588235294,
    0.7339449541284404,
    0.22857142857142856,
    0.46846846846846846,
    0.42105263157894735,
    0.410958904109589,
    0.5777777777777777,
    0.21978021978021978,
    0.07547169811320754,
    0.18421052631578946,
    0.5934065934065934,
    0.41237113402061853,
    0.19444444444444445,
    0.2375,
    0.18181818181818182,
    0.08403361344537816,
    0.23076923076923078,
    0.45871559633027525,
    0.345679012345679,
    0.48,
    0.6722689075630253,
    0.37168141592920356,
    0.7027027027027027,
    0.7096774193548387,
    0.3,
    0.36363636363636365,
    0.42424242424242425,
    0.4716981132075472,
    0.32432432432432434,
    0.5176470588235295,
    0.47619047619047616,
    0.46511627906976744,
    0.4742268041237113,
    0.4090909090909091,
    0.2823529411764706,
    0.2619047619047619,
    0.13559322033898305,
    0.24,
    0.3275862068965517,
    0.5747126436781609,
    0.40816326530612246,
    0.5154639175257731,
    0.8387096774193549,
    0.82,
    0.44680851063829785,
    0.06557377049180328,
    0.36,
    0.6741573033707865,
    0.3434343434343434,
    0.12903225806451613,
    0.7368421052631579,
    0.39080459770114945,
    0.07017543859649122,
    0.6593406593406593,
    0.348993288590604,
    0.5945945945945946,
    0.2564102564102564,
    0.19858156028368795,
    0.40476190476190477,
    0.37623762376237624,
    0.4835164835164835,
    0.58,
    0.5979381443298969,
    0.574468085106383,
    0.4827586206896552,
    0.3185840707964602,
    0.5555555555555556,
    0.36363636363636365,
    0.6666666666666666,
    0.5087719298245614,
    0.6511627906976745,
    0.5,
    0.33663366336633666,
    0.5511811023622047,
    0.29357798165137616,
    0.45751633986928103,
    0.3
  ],