{
  "accuracy": 0.392,
  "precision_macro": 0.42013599919522876,
  "recall_macro": 0.392,
  "f1_macro": 0.3812896679730075,
  "precision_weighted": 0.42013599919522876,
  "recall_weighted": 0.392,
  "f1_weighted": 0.38128966797300745,
  "per_class_f1": [
    0.6976744186046512,
    0.6324786324786325,
    0.3181818181818182,
    0.30612244897959184,
    0.32,
    0.025,
    0.5636363636363636,
    0.208955223880597,
    0.6666666666666666,
    0.1510791366906475,
    0.16393442622950818,
    0.5121951219512195,
    0.5483870967741935,
    0.5060240963855421,
    0.5063291139240507,
    0.32989690721649484,
    0.2318840579710145,
    0.4827586206896552,
    0.2975206611570248,
    0.6352941176470588,
    0.5217391304347826,
    0.6746987951807228,
    0.6521739130434783,
    0.717391304347826,
    0.14285714285714285,
    0.4230769230769231,
    0.453125,
    0.13157894736842105,
    0.35772357723577236,
    0.10526315789473684,
    0.4,
    0.4897959183673469,
    0.15151515151515152,
    0.2222222222222222,
    0.49122807017543857,
    0.43609022556390975,
    0.6947368421052632,
    0.3953488372093023,
    0.453125,
    0.37037037037037035,
    0.3157894736842105,
    0.28888888888888886,
    0.2988505747126437,
    0.4583333333333333,
    0.8282828282828283,
    0.6440677966101694,
    0.37606837606837606,
    0.5411764705882353,
    0.09375,
    0.275,
    0.5714285714285714,
    0.3157894736842105,
    0.6666666666666666,
    0.42105263157894735,
    0.49411764705882355,
    0.4444444444444444,
    0.2524271844660194,
    0.5631067961165048,
    0.693069306930693,
    0.2318840579710145,
    0.4126984126984127,
    0.5132743362831859,
    0.15625,
    0.32941176470588235,
    0.08571428571428572,
    0.233502538071066,
    0.5909090909090909,
    0.13559322033898305,
    0.42028985507246375,
    0.14,
    0.3333333333333333,
    0.7252747252747253,
    0.2,
    0.48214285714285715,
    0.45161290322580644,
    0.2898550724637681,
    0.32098765432098764,
    0.18604651162790697,
    0.7346938775510204,
    0.13559322033898305,
    0.0625,
    0.7272727272727273,
    0.4067796610169492,
    0.25316455696202533,
    0.32075471698113206,
    0.40476190476190477,
    0.37735849056603776,
    0.32653061224489793,
    0.03508771929824561,
    0.3076923076923077,
    0.4628099173553719,
    0.5154639175257731,
    0.3142857142857143,
    0.4036697247706422,
    0.13333333333333333,
    0.4423076923076923,
    0.336283185840708,
    0.3611111111111111,
    0.4943820224719101,
    0.06779661016949153,
    0.08823529411764706,
    0.5066666666666667,
    0.2631578947368421,
    0.7311827956989247,
    0.2891566265060241,
    0.2828282828282828,
    0.20454545454545456,
    0.5573770491803278,
    0.6355140186915887,
    0.45454545454545453,
    0.23255813953488372,
    0.5,
    0.34710743801652894,
    0.3076923076923077,
    0.25316455696202533,
    0.7816091954022989,
    0.4,
    0.4369747899159664,
    0.6060606060606061,
    0.23636363636363636,
    0.24242424242424243,
    0.37254901960784315,
    0.05405405405405406,
    0.22695035460992907,
    0.660377358490566,
    0.2823529411764706,
    0.5,
    0.325,
    0.36619718309859156,
    0.5208333333333334,
    0.2222222222222222,
    0.037037037037037035,
    0.10909090909090909,
    0.528,
    0.46153846153846156,
    0.03773584905660377,
    0.1978021978021978,
    0.1,
    0.12345679012345678,
    0.14035087719298245,
    0.3458646616541353,
    0.3076923076923077,
    0.38636363636363635,
    0.6902654867256637,
    0.2857142857142857,
    0.7619047619047619,
    0.6262626262626263,
    0.1981981981981982,
    0.2891566265060241,
    0.4358974358974359,
    0.4528301886792453,
    0.2857142857142857,
    0.2962962962962963,
    0.5131578947368421,
    0.46511627906976744,
    0.4044943820224719,
    0.3055555555555556,
    0.30303030303030304,
    0.1917808219178082,
    0.0,
    0.23529411764705882,
    0.34,
    0.5773195876288659,
    0.425531914893617,
    0.4576271186440678,
    0.7207207207207207,
    0.6571428571428571,
    0.35514018691588783,
    0.0,
    0.3364485981308411,
    0.5909090909090909,
    0.45977011494252873,
    0.14084507042253522,
    0.673469387755102,
    0.4044943820224719,
    0.0,
    0.5306122448979592,
    0.39572192513368987,
    0.6031746031746031,
    0.1518987341772152,
    0.20408163265306123,
    0.4367816091954023,
    0.34285714285714286,
    0.5454545454545454,
    0.5714285714285714,
    0.5376344086021505,
    0.49019607843137253,
    0.3956043956043956,
    0.23121387283236994,
    0.4897959183673469,
    0.34951456310679613,
    0.5846153846153846,
    0.52,
    0.6666666666666666,
    0.42718446601941745,
    0.27906976744186046,
    0.5567010309278351,
    0.2608695652173913,
    0.13704496788008566,
    0.21428571428571427
  ],