{
  "accuracy": 0.4184,
  "precision_macro": 0.41477818128891913,
  "recall_macro": 0.41840000000000005,
  "f1_macro": 0.3995951591937023,
  "precision_weighted": 0.41477818128891913,
  "recall_weighted": 0.4184,
  "f1_weighted": 0.3995951591937023,
  "per_class_f1": [
    0.7326732673267327,
    0.6605504587155964,
    0.41818181818181815,
    0.3448275862068966,
    0.4444444444444444,
    0.13513513513513514,
    0.5982905982905983,
    0.2028985507246377,
    0.6526315789473685,
    0.3584905660377358,
    0.06349206349206349,
    0.45925925925925926,
    0.41509433962264153,
    0.6078431372549019,
    0.5057471264367817,
    0.25925925925925924,
    0.16901408450704225,
    0.5263157894736842,
    0.3220338983050847,
    0.5274725274725275,
    0.5094339622641509,
    0.6236559139784946,
    0.64,
    0.6890756302521008,
    0.24528301886792453,
    0.5128205128205128,
    0.4,
    0.13559322033898305,
    0.3384615384615385,
    0.03389830508474576,
    0.33766233766233766,
    0.5420560747663551,
    0.26804123711340205,
    0.125,
    0.4251968503937008,
    0.41379310344827586,
    0.6601941747572816,
    0.5411764705882353,
    0.49557522123893805,
    0.2702702702702703,
    0.23655913978494625,
    0.3300970873786408,
    0.36036036036036034,
    0.48,
    0.8421052631578947,
    0.7339449541284404,
    0.38461538461538464,
    0.43859649122807015,
    0.03278688524590164,
    0.1917808219178082,
    0.5625,
    0.33663366336633666,
    0.46511627906976744,
    0.41818181818181815,
    0.3010752688172043,
    0.5365853658536586,
    0.2545454545454545,
    0.5692307692307692,
    0.5964912280701754,
    0.37037037037037035,
    0.5038167938931297,
    0.47761194029850745,
    0.14084507042253522,
    0.29473684210526313,
    0.15384615384615385,
    0.23121387283236994,
    0.5094339622641509,
    0.24,
    0.36129032258064514,
    0.3050847457627119,
    0.30952380952380953,
    0.6949152542372882,
    0.22988505747126436,
    0.43137254901960786,
    0.3826086956521739,
    0.2647058823529412,
    0.2826086956521739,
    0.13636363636363635,
    0.6434782608695652,
    0.3384615384615385,
    0.0821917808219178,
    0.7289719626168224,
    0.37142857142857144,
    0.27906976744186046,
    0.24528301886792453,
    0.24096385542168675,
    0.5116279069767442,
    0.375,
    0.0,
    0.38095238095238093,
    0.4909090909090909,
    0.4954128440366973,
    0.32098765432098764,
    0.43548387096774194,
    0.3956043956043956,
    0.3870967741935484,
    0.40476190476190477,
    0.34532374100719426,
    0.49230769230769234,
    0.18181818181818182,
    0.1927710843373494,
    0.6185567010309279,
    0.32558139534883723,
    0.7474747474747475,
    0.30985915492957744,
    0.3018867924528302,
    0.1518987341772152,
    0.5405405405405406,
    0.6875,
    0.5233644859813084,
    0.2962962962962963,
    0.5892857142857143,
    0.36363636363636365,
    0.41025641025641024,
    0.30927835051546393,
    0.7755102040816326,
    0.4380952380952381,
    0.5046728971962616,
    0.5826771653543307,
    0.28888888888888886,
    0.3247863247863248,
    0.46464646464646464,
    0.1111111111111111,
    0.20618556701030927,
    0.7572815533980582,
    0.24390243902439024,
    0.5,
    0.37894736842105264,
    0.3968253968253968,
    0.5128205128205128,
    0.21176470588235294,
    0.03508771929824561,
    0.18823529411764706,
    0.6306306306306306,
    0.4,
    0.10526315789473684,
    0.2564102564102564,
    0.1875,
    0.13043478260869565,
    0.17142857142857143,
    0.423728813559322,
    0.3291139240506329,
    0.4842105263157895,
    0.6782608695652174,
    0.3125,
    0.7787610619469026,
    0.6226415094339622,
    0.19230769230769232,
    0.34615384615384615,
    0.46846846846846846,
    0.4631578947368421,
    0.34782608695652173,
    0.5714285714285714,
    0.5,
    0.5287356321839081,
    0.4175824175824176,
    0.24324324324324326,
    0.43956043956043955,
    0.1728395061728395,
    0.03333333333333333,
    0.4375,
    0.3617021276595745,
    0.4444444444444444,
    0.34394904458598724,
    0.5081967213114754,
    0.7692307692307693,
    0.8484848484848485,
    0.37168141592920356,
    0.038461538461538464,
    0.3541666666666667,
    0.6458333333333334,
    0.33043478260869563,
    0.11267605633802817,
    0.6862745098039216,
    0.41379310344827586,
    0.10344827586206896,
    0.6222222222222222,
    0.33043478260869563,
    0.5631067961165048,
    0.18181818181818182,
    0.23853211009174313,
    0.4044943820224719,
    0.28846153846153844,
    0.5052631578947369,
    0.594059405940594,
    0.4878048780487805,
    0.5161290322580645,
    0.47191011235955055,
    0.3870967741935484,
    0.5964912280701754,
    0.38333333333333336,
    0.584070796460177,
    0.46616541353383456,
    0.628099173553719,
    0.4411764705882353,
    0.3829787234042553,
    0.49635036496350365,
    0.24390243902439024,
    0.4125,
    0.24778761061946902
  ],