{
  "accuracy": 0.4266,
  "precision_macro": 0.4296402700222798,
  "recall_macro": 0.4266,
  "f1_macro": 0.4089371305870415,
  "precision_weighted": 0.4296402700222798,
  "recall_weighted": 0.4266,
  "f1_weighted": 0.4089371305870415,
  "per_class_f1": [
    0.6542056074766355,
    0.7142857142857143,
    0.4369747899159664,
    0.3238095238095238,
    0.43564356435643564,
    0.13559322033898305,
    0.5233644859813084,
    0.25882352941176473,
    0.6956521739130435,
    0.32894736842105265,
    0.28169014084507044,
    0.5977011494252874,
    0.3917525773195876,
    0.631578947368421,
    0.5376344086021505,
    0.25882352941176473,
    0.3333333333333333,
    0.41509433962264153,
    0.26153846153846155,
    0.5517241379310345,
    0.4697986577181208,
    0.627906976744186,
    0.56,
    0.7079646017699115,
    0.2127659574468085,
    0.5409836065573771,
    0.4666666666666667,
    0.03389830508474576,
    0.3728813559322034,
    0.08695652173913043,
    0.4909090909090909,
    0.5384615384615384,
    0.2571428571428571,
    0.175,
    0.5409836065573771,
    0.43037974683544306,
    0.66,
    0.4175824175824176,
    0.591304347826087,
    0.35443037974683544,
    0.12658227848101267,
    0.34408602150537637,
    0.41237113402061853,
    0.48484848484848486,
    0.845360824742268,
    0.6833333333333333,
    0.5,
    0.5098039215686274,
    0.23376623376623376,
    0.2,
    0.6126126126126126,
    0.3617021276595745,
    0.6055045871559633,
    0.43537414965986393,
    0.5060240963855421,
    0.45751633986928103,
    0.18666666666666668,
    0.5714285714285714,
    0.7169811320754716,
    0.4050632911392405,
    0.42857142857142855,
    0.5904761904761905,
    0.19444444444444445,
    0.24691358024691357,
    0.12307692307692308,
    0.1702127659574468,
    0.5490196078431373,
    0.19718309859154928,
    0.4166666666666667,
    0.30952380952380953,
    0.27848101265822783,
    0.6902654867256637,
    0.21875,
    0.5137614678899083,
    0.45614035087719296,
    0.3157894736842105,
    0.26373626373626374,
    0.029411764705882353,
    0.7326732673267327,
    0.16666666666666666,
    0.03333333333333333,
    0.7478260869565218,
    0.3939393939393939,
    0.208955223880597,
    0.3364485981308411,
    0.32323232323232326,
    0.4782608695652174,
    0.4144144144144144,
    0.0,
    0.3392857142857143,
    0.37333333333333335,
    0.5245901639344263,
    0.30952380952380953,
    0.42105263157894735,
    0.43636363636363634,
    0.43010752688172044,
    0.3695652173913043,
    0.33986928104575165,
    0.4489795918367347,
    0.1590909090909091,
    0.2,
    0.5957446808510638,
    0.2077922077922078,
    0.7058823529411765,
    0.41304347826086957,
    0.30303030303030304,
    0.16,
    0.7102803738317757,
    0.6595744680851063,
    0.4380952380952381,
    0.32075471698113206,
    0.5849056603773585,
    0.3076923076923077,
    0.3157894736842105,
    0.45977011494252873,
    0.7959183673469388,
    0.42105263157894735,
    0.5684210526315789,
    0.7524752475247525,
    0.29357798165137616,
    0.34545454545454546,
    0.5581395348837209,
    0.12903225806451613,
    0.20238095238095238,
    0.6666666666666666,
    0.2711864406779661,
    0.46511627906976744,
    0.3116883116883117,
    0.43548387096774194,
    0.5233644859813084,
    0.2127659574468085,
    0.0,
    0.16393442622950818,
    0.7096774193548387,
    0.3950617283950617,
    0.07142857142857142,
    0.2658959537572254,
    0.21875,
    0.13953488372093023,
    0.09836065573770492,
    0.3893805309734513,
    0.3380281690140845,
    0.47058823529411764,
    0.7068965517241379,
    0.4423076923076923,
    0.7920792079207921,
    0.7,
    0.2878787878787879,
    0.39603960396039606,
    0.36065573770491804,
    0.4854368932038835,
    0.2857142857142857,
    0.43037974683544306,
    0.5423728813559322,
    0.5365853658536586,
    0.5494505494505495,
    0.2857142857142857,
    0.4489795918367347,
    0.21621621621621623,
    0.03389830508474576,
    0.35294117647058826,
    0.30357142857142855,
    0.5057471264367817,
    0.4367816091954023,
    0.5393258426966292,
    0.7128712871287128,
    0.8155339805825242,
    0.42857142857142855,
    0.03571428571428571,
    0.38636363636363635,
    0.6391752577319587,
    0.3448275862068966,
    0.03278688524590164,
    0.6736842105263158,
    0.41379310344827586,
    0.14035087719298245,
    0.5739130434782609,
    0.3333333333333333,
    0.6206896551724138,
    0.20454545454545456,
    0.23703703703703705,
    0.40707964601769914,
    0.35,
    0.45045045045045046,
    0.46808510638297873,
    0.4954128440366973,
    0.4642857142857143,
    0.4666666666666667,
    0.345679012345679,
    0.4268292682926829,
    0.36065573770491804,
    0.5354330708661418,
    0.5128205128205128,
    0.7079646017699115,
    0.512396694214876,
    0.4444444444444444,
    0.4900662251655629,
    0.22988505747126436,
    0.5225225225225225,
    0.2857142857142857
  ],