{
  "accuracy": 0.4184,
  "precision_macro": 0.4203813066147616,
  "recall_macro": 0.41840000000000005,
  "f1_macro": 0.4004715261108441,
  "precision_weighted": 0.42038130661476164,
  "recall_weighted": 0.4184,
  "f1_weighted": 0.4004715261108441,
  "per_class_f1": [
    0.6666666666666666,
    0.5394736842105263,
    0.38095238095238093,
    0.29213483146067415,
    0.3584905660377358,
    0.08,
    0.5565217391304348,
    0.2077922077922078,
    0.5413533834586466,
    0.3137254901960784,
    0.28205128205128205,
    0.5263157894736842,
    0.45517241379310347,
    0.6739130434782609,
    0.5168539325842697,
    0.3125,
    0.17647058823529413,
    0.5892857142857143,
    0.46511627906976744,
    0.5242718446601942,
    0.5068493150684932,
    0.5849056603773585,
    0.6545454545454545,
    0.6964285714285714,
    0.20833333333333334,
    0.5217391304347826,
    0.41904761904761906,
    0.1839080459770115,
    0.37037037037037035,
    0.12903225806451613,
    0.39285714285714285,
    0.411214953271028,
    0.2619047619047619,
    0.15384615384615385,
    0.46601941747572817,
    0.5132743362831859,
    0.5982905982905983,
    0.40860215053763443,
    0.4,
    0.3181818181818182,
    0.2891566265060241,
    0.1686746987951807,
    0.3673469387755102,
    0.4485981308411215,
    0.8444444444444444,
    0.6721311475409836,
    0.475,
    0.45614035087719296,
    0.13559322033898305,
    0.2564102564102564,
    0.5426356589147286,
    0.2653061224489796,
    0.6428571428571429,
    0.3829787234042553,
    0.42,
    0.4657534246575342,
    0.30303030303030304,
    0.47058823529411764,
    0.6728971962616822,
    0.3333333333333333,
    0.4496124031007752,
    0.512396694214876,
    0.21428571428571427,
    0.35051546391752575,
    0.08333333333333333,
    0.1951219512195122,
    0.625,
    0.2571428571428571,
    0.3611111111111111,
    0.3157894736842105,
    0.23809523809523808,
    0.6551724137931034,
    0.33766233766233766,
    0.41509433962264153,
    0.40425531914893614,
    0.2222222222222222,
    0.3614457831325301,
    0.030303030303030304,
    0.6981132075471698,
    0.2857142857142857,
    0.03333333333333333,
    0.7241379310344828,
    0.39285714285714285,
    0.28125,
    0.296875,
    0.4752475247524752,
    0.5263157894736842,
    0.375,
    0.034482758620689655,
    0.41509433962264153,
    0.4090909090909091,
    0.5378151260504201,
    0.3333333333333333,
    0.48936170212765956,
    0.4262295081967213,
    0.3655913978494624,
    0.37894736842105264,
    0.3333333333333333,
    0.5190839694656488,
    0.1797752808988764,
    0.16470588235294117,
    0.5977011494252874,
    0.3055555555555556,
    0.7326732673267327,
    0.32098765432098764,
    0.3333333333333333,
    0.21359223300970873,
    0.5967741935483871,
    0.6736842105263158,
    0.36923076923076925,
    0.2988505747126437,
    0.5882352941176471,
    0.3170731707317073,
    0.391304347826087,
    0.30612244897959184,
    0.8297872340425532,
    0.46808510638297873,
    0.43243243243243246,
    0.6181818181818182,
    0.3170731707317073,
    0.2698412698412698,
    0.5333333333333333,
    0.09375,
    0.2158273381294964,
    0.6833333333333333,
    0.18461538461538463,
    0.5148514851485149,
    0.37681159420289856,
    0.42962962962962964,
    0.5625,
    0.25316455696202533,
    0.0,
    0.20512820512820512,
    0.6170212765957447,
    0.41025641025641024,
    0.10714285714285714,
    0.25609756097560976,
    0.18461538461538463,
    0.15,
    0.16129032258064516,
    0.4339622641509434,
    0.3333333333333333,
    0.49411764705882355,
    0.6277372262773723,
    0.2857142857142857,
    0.7079646017699115,
    0.6095238095238096,
    0.21052631578947367,
    0.3877551020408163,
    0.4166666666666667,
    0.4742268041237113,
    0.2777777777777778,
    0.4883720930232558,
    0.4489795918367347,
    0.48,
    0.4146341463414634,
    0.27586206896551724,
    0.38,
    0.2222222222222222,
    0.08823529411764706,
    0.3125,
    0.3333333333333333,
    0.49411764705882355,
    0.38636363636363635,
    0.496,
    0.7157894736842105,
    0.8210526315789474,
    0.4098360655737705,
    0.034482758620689655,
    0.32989690721649484,
    0.6060606060606061,
    0.5405405405405406,
    0.0625,
    0.6122448979591837,
    0.4,
    0.10909090909090909,
    0.5565217391304348,
    0.39097744360902253,
    0.6229508196721312,
    0.12658227848101267,
    0.2524271844660194,
    0.3684210526315789,
    0.273972602739726,
    0.5,
    0.6206896551724138,
    0.6363636363636364,
    0.42857142857142855,
    0.44642857142857145,
    0.3106796116504854,
    0.49056603773584906,
    0.375,
    0.6140350877192983,
    0.5040650406504065,
    0.6491228070175439,
    0.41904761904761906,
    0.40404040404040403,
    0.5636363636363636,
    0.2,
    0.4566929133858268,
    0.26666666666666666
  ],