{
  "accuracy": 0.4364,
  "precision_macro": 0.43944374737546155,
  "recall_macro": 0.4364,
  "f1_macro": 0.4208821490531015,
  "precision_weighted": 0.4394437473754616,
  "recall_weighted": 0.4364,
  "f1_weighted": 0.4208821490531015,
  "per_class_f1": [
    0.7010309278350515,
    0.75,
    0.46774193548387094,
    0.32608695652173914,
    0.4316546762589928,
    0.12631578947368421,
    0.6732673267326733,
    0.18181818181818182,
    0.6923076923076923,
    0.37398373983739835,
    0.3037974683544304,
    0.3368421052631579,
    0.3684210526315789,
    0.6122448979591837,
    0.5376344086021505,
    0.3106796116504854,
    0.2894736842105263,
    0.5393258426966292,
    0.4117647058823529,
    0.46808510638297873,
    0.5510204081632653,
    0.6593406593406593,
    0.5517241379310345,
    0.7226890756302521,
    0.24444444444444444,
    0.6346153846153846,
    0.4496124031007752,
    0.06451612903225806,
    0.3511450381679389,
    0.11940298507462686,
    0.2558139534883721,
    0.4715447154471545,
    0.3418803418803419,
    0.20454545454545456,
    0.496,
    0.39215686274509803,
    0.6666666666666666,
    0.44642857142857145,
    0.45454545454545453,
    0.32432432432432434,
    0.16,
    0.25,
    0.43333333333333335,
    0.4175824175824176,
    0.8349514563106796,
    0.7142857142857143,
    0.38596491228070173,
    0.432,
    0.09523809523809523,
    0.22535211267605634,
    0.6346153846153846,
    0.358974358974359,
    0.66,
    0.35294117647058826,
    0.43243243243243246,
    0.4375,
    0.30927835051546393,
    0.6185567010309279,
    0.7311827956989247,
    0.4675324675324675,
    0.43312101910828027,
    0.6019417475728155,
    0.20588235294117646,
    0.3368421052631579,
    0.27586206896551724,
    0.2236842105263158,
    0.5909090909090909,
    0.24242424242424243,
    0.45045045045045046,
    0.3595505617977528,
    0.24691358024691357,
    0.6666666666666666,
    0.36363636363636365,
    0.42990654205607476,
    0.42016806722689076,
    0.3300970873786408,
    0.3614457831325301,
    0.057971014492753624,
    0.7254901960784313,
    0.26229508196721313,
    0.08,
    0.7,
    0.38596491228070173,
    0.24324324324324326,
    0.3448275862068966,
    0.3302752293577982,
    0.3684210526315789,
    0.37037037037037035,
    0.037037037037037035,
    0.4,
    0.4,
    0.509090909090909,
    0.35135135135135137,
    0.42105263157894735,
    0.4528301886792453,
    0.42735042735042733,
    0.4251968503937008,
    0.3968253968253968,
    0.48695652173913045,
    0.12658227848101267,
    0.21875,
    0.6213592233009708,
    0.3950617283950617,
    0.7346938775510204,
    0.3076923076923077,
    0.3418803418803419,
    0.23880597014925373,
    0.6842105263157895,
    0.6881720430107527,
    0.5531914893617021,
    0.37894736842105264,
    0.5882352941176471,
    0.2916666666666667,
    0.4722222222222222,
    0.35789473684210527,
    0.8,
    0.43902439024390244,
    0.5365853658536586,
    0.6666666666666666,
    0.35772357723577236,
    0.27522935779816515,
    0.5360824742268041,
    0.07017543859649122,
    0.2222222222222222,
    0.75,
    0.18181818181818182,
    0.4842105263157895,
    0.37254901960784315,
    0.45454545454545453,
    0.5684210526315789,
    0.3177570093457944,
    0.0,
    0.14285714285714285,
    0.6481481481481481,
    0.39622641509433965,
    0.12903225806451613,
    0.24817518248175183,
    0.30303030303030304,
    0.1834862385321101,
    0.1791044776119403,
    0.42,
    0.3333333333333333,
    0.4117647058823529,
    0.76,
    0.35,
    0.7924528301886793,
    0.6938775510204082,
    0.3333333333333333,
    0.31683168316831684,
    0.45045045045045046,
    0.5294117647058824,
    0.28205128205128205,
    0.5060240963855421,
    0.5333333333333333,
    0.46956521739130436,
    0.5333333333333333,
    0.22857142857142856,
    0.37209302325581395,
    0.25,
    0.12307692307692308,
    0.37735849056603776,
    0.3888888888888889,
    0.5176470588235295,
    0.45454545454545453,
    0.5688073394495413,
    0.7169811320754716,
    0.8,
    0.44036697247706424,
    0.06666666666666667,
    0.4380952380952381,
    0.6206896551724138,
    0.5192307692307693,
    0.23684210526315788,
    0.7058823529411765,
    0.4835164835164835,
    0.0,
    0.5094339622641509,
    0.3609022556390977,
    0.6336633663366337,
    0.20689655172413793,
    0.20952380952380953,
    0.38461538461538464,
    0.40425531914893614,
    0.5411764705882353,
    0.68,
    0.5869565217391305,
    0.5045045045045045,
    0.4731182795698925,
    0.325,
    0.5714285714285714,
    0.42201834862385323,
    0.55,
    0.5112781954887218,
    0.59375,
    0.48854961832061067,
    0.3125,
    0.5528455284552846,
    0.325,
    0.4520547945205479,
    0.31683168316831684
  ],