{
  "accuracy": 0.4029,
  "precision_macro": 0.4053230547326325,
  "recall_macro": 0.40290000000000004,
  "f1_macro": 0.3832560062301114,
  "precision_weighted": 0.4053230547326325,
  "recall_weighted": 0.4029,
  "f1_weighted": 0.3832560062301114,
  "per_class_f1": [
    0.7272727272727273,
    0.591304347826087,
    0.4084507042253521,
    0.3218390804597701,
    0.359375,
    0.08108108108108109,
    0.5739130434782609,
    0.2222222222222222,
    0.6545454545454545,
    0.32,
    0.2564102564102564,
    0.5420560747663551,
    0.5217391304347826,
    0.651685393258427,
    0.5217391304347826,
    0.25882352941176473,
    0.16216216216216217,
    0.5043478260869565,
    0.32,
    0.4791666666666667,
    0.5081967213114754,
    0.5961538461538461,
    0.5825242718446602,
    0.6990291262135923,
    0.21686746987951808,
    0.5210084033613446,
    0.46875,
    0.1016949152542373,
    0.30303030303030304,
    0.06451612903225806,
    0.21428571428571427,
    0.4175824175824176,
    0.3018867924528302,
    0.14925373134328357,
    0.5,
    0.4,
    0.65,
    0.3711340206185567,
    0.390625,
    0.35555555555555557,
    0.17142857142857143,
    0.25,
    0.35443037974683544,
    0.45901639344262296,
    0.84,
    0.6363636363636364,
    0.39655172413793105,
    0.4251968503937008,
    0.13333333333333333,
    0.12345679012345678,
    0.56,
    0.25882352941176473,
    0.673469387755102,
    0.42424242424242425,
    0.43037974683544306,
    0.5373134328358209,
    0.14754098360655737,
    0.5263157894736842,
    0.6153846153846154,
    0.32432432432432434,
    0.4105960264900662,
    0.5172413793103449,
    0.21621621621621623,
    0.30927835051546393,
    0.16129032258064516,
    0.1518987341772152,
    0.5591397849462365,
    0.19444444444444445,
    0.3315508021390374,
    0.27586206896551724,
    0.34285714285714286,
    0.6923076923076923,
    0.2727272727272727,
    0.4909090909090909,
    0.4369747899159664,
    0.3373493975903614,
    0.24691358024691357,
    0.0,
    0.6949152542372882,
    0.15384615384615385,
    0.15384615384615385,
    0.6785714285714286,
    0.3559322033898305,
    0.3157894736842105,
    0.32967032967032966,
    0.3673469387755102,
    0.43010752688172044,
    0.34146341463414637,
    0.0,
    0.3508771929824561,
    0.4195804195804196,
    0.48148148148148145,
    0.2857142857142857,
    0.423728813559322,
    0.39622641509433965,
    0.39603960396039606,
    0.2702702702702703,
    0.33766233766233766,
    0.4672897196261682,
    0.12987012987012986,
    0.1,
    0.6021505376344086,
    0.23333333333333334,
    0.7526881720430108,
    0.2558139534883721,
    0.29508196721311475,
    0.13793103448275862,
    0.515625,
    0.5952380952380952,
    0.40425531914893614,
    0.38636363636363635,
    0.6538461538461539,
    0.2641509433962264,
    0.3466666666666667,
    0.2826086956521739,
    0.7894736842105263,
    0.425531914893617,
    0.45161290322580644,
    0.5984251968503937,
    0.19718309859154928,
    0.2831858407079646,
    0.46601941747572817,
    0.0625,
    0.15469613259668508,
    0.6461538461538462,
    0.13953488372093023,
    0.41904761904761906,
    0.3582089552238806,
    0.4406779661016949,
    0.5287356321839081,
    0.2222222222222222,
    0.0,
    0.16901408450704225,
    0.7027027027027027,
    0.4742268041237113,
    0.07272727272727272,
    0.2345679012345679,
    0.1643835616438356,
    0.16129032258064516,
    0.06666666666666667,
    0.3883495145631068,
    0.2318840579710145,
    0.425,
    0.5490196078431373,
    0.3103448275862069,
    0.7719298245614035,
    0.6444444444444445,
    0.21138211382113822,
    0.367816091954023,
    0.3888888888888889,
    0.4842105263157895,
    0.2571428571428571,
    0.38636363636363635,
    0.3076923076923077,
    0.42857142857142855,
    0.3835616438356164,
    0.21212121212121213,
    0.3146067415730337,
    0.20512820512820512,
    0.03636363636363636,
    0.3225806451612903,
    0.38095238095238093,
    0.5,
    0.27722772277227725,
    0.5081967213114754,
    0.75,
    0.8172043010752689,
    0.39473684210526316,
    0.03773584905660377,
    0.40816326530612246,
    0.6363636363636364,
    0.30434782608695654,
    0.1728395061728395,
    0.6451612903225806,
    0.40707964601769914,
    0.07017543859649122,
    0.6373626373626373,
    0.32335329341317365,
    0.5384615384615384,
    0.1797752808988764,
    0.272,
    0.35789473684210527,
    0.28846153846153844,
    0.48,
    0.5151515151515151,
    0.5360824742268041,
    0.449438202247191,
    0.4752475247524752,
    0.3116883116883117,
    0.5544554455445545,
    0.4,
    0.5223880597014925,
    0.5346534653465347,
    0.6504065040650406,
    0.47706422018348627,
    0.34615384615384615,
    0.5426356589147286,
    0.26666666666666666,
    0.410958904109589,
    0.2831858407079646
  ],