{
  "accuracy": 0.4327,
  "precision_macro": 0.43728758170409876,
  "recall_macro": 0.4327,
  "f1_macro": 0.41643734467105803,
  "precision_weighted": 0.43728758170409876,
  "recall_weighted": 0.4327,
  "f1_weighted": 0.41643734467105803,
  "per_class_f1": [
    0.7358490566037735,
    0.6333333333333333,
    0.42857142857142855,
    0.2564102564102564,
    0.3916083916083916,
    0.02666666666666667,
    0.5420560747663551,
    0.15584415584415584,
    0.7252747252747253,
    0.3225806451612903,
    0.25263157894736843,
    0.47058823529411764,
    0.5299145299145299,
    0.6938775510204082,
    0.4827586206896552,
    0.20689655172413793,
    0.2978723404255319,
    0.5252525252525253,
    0.3582089552238806,
    0.4793388429752066,
    0.47297297297297297,
    0.66,
    0.6285714285714286,
    0.7169811320754716,
    0.2962962962962963,
    0.5217391304347826,
    0.35135135135135137,
    0.15384615384615385,
    0.37383177570093457,
    0.09090909090909091,
    0.29333333333333333,
    0.5490196078431373,
    0.2682926829268293,
    0.32558139534883723,
    0.5319148936170213,
    0.46540880503144655,
    0.6868686868686869,
    0.37777777777777777,
    0.49557522123893805,
    0.3275862068965517,
    0.18666666666666668,
    0.35294117647058826,
    0.30303030303030304,
    0.391304347826087,
    0.8,
    0.672566371681416,
    0.44660194174757284,
    0.5,
    0.24324324324324326,
    0.2571428571428571,
    0.660377358490566,
    0.37168141592920356,
    0.5641025641025641,
    0.4222222222222222,
    0.4819277108433735,
    0.48,
    0.2702702702702703,
    0.6382978723404256,
    0.7128712871287128,
    0.3157894736842105,
    0.4114285714285714,
    0.5471698113207547,
    0.26666666666666666,
    0.3387096774193548,
    0.3013698630136986,
    0.23008849557522124,
    0.5714285714285714,
    0.28169014084507044,
    0.3968253968253968,
    0.24719101123595505,
    0.36363636363636365,
    0.6610169491525424,
    0.3058823529411765,
    0.4230769230769231,
    0.5043478260869565,
    0.35714285714285715,
    0.4222222222222222,
    0.14634146341463414,
    0.7578947368421053,
    0.3287671232876712,
    0.16901408450704225,
    0.7592592592592593,
    0.4375,
    0.24719101123595505,
    0.273972602739726,
    0.40425531914893614,
    0.42105263157894735,
    0.3673469387755102,
    0.10526315789473684,
    0.41904761904761906,
    0.46258503401360546,
    0.4580152671755725,
    0.4,
    0.44660194174757284,
    0.3611111111111111,
    0.42105263157894735,
    0.3564356435643564,
    0.421875,
    0.47540983606557374,
    0.13157894736842105,
    0.1935483870967742,
    0.6521739130434783,
    0.3157894736842105,
    0.7378640776699029,
    0.3655913978494624,
    0.25263157894736843,
    0.18604651162790697,
    0.5454545454545454,
    0.7058823529411765,
    0.47706422018348627,
    0.36363636363636365,
    0.5862068965517241,
    0.2975206611570248,
    0.46511627906976744,
    0.3418803418803419,
    0.7920792079207921,
    0.46511627906976744,
    0.5523809523809524,
    0.5862068965517241,
    0.23529411764705882,
    0.2653061224489796,
    0.46938775510204084,
    0.06557377049180328,
    0.16666666666666666,
    0.6774193548387096,
    0.22988505747126436,
    0.47619047619047616,
    0.38636363636363635,
    0.4316546762589928,
    0.5617977528089888,
    0.367816091954023,
    0.0,
    0.12307692307692308,
    0.6923076923076923,
    0.5208333333333334,
    0.1388888888888889,
    0.2857142857142857,
    0.22580645161290322,
    0.18181818181818182,
    0.175,
    0.40860215053763443,
    0.4,
    0.52,
    0.6896551724137931,
    0.3917525773195876,
    0.75,
    0.6185567010309279,
    0.3220338983050847,
    0.37168141592920356,
    0.4421052631578947,
    0.46846846846846846,
    0.3380281690140845,
    0.45977011494252873,
    0.5481481481481482,
    0.5,
    0.4731182795698925,
    0.367816091954023,
    0.34234234234234234,
    0.09375,
    0.07017543859649122,
    0.3917525773195876,
    0.4375,
    0.525,
    0.45544554455445546,
    0.5045045045045045,
    0.8163265306122449,
    0.7368421052631579,
    0.4883720930232558,
    0.13114754098360656,
    0.35772357723577236,
    0.6875,
    0.45098039215686275,
    0.08955223880597014,
    0.7216494845360825,
    0.3023255813953488,
    0.07547169811320754,
    0.6548672566371682,
    0.33587786259541985,
    0.6031746031746031,
    0.09375,
    0.22,
    0.4222222222222222,
    0.2727272727272727,
    0.5652173913043478,
    0.5981308411214953,
    0.5773195876288659,
    0.5319148936170213,
    0.4489795918367347,
    0.3669724770642202,
    0.6060606060606061,
    0.21951219512195122,
    0.4939759036144578,
    0.43661971830985913,
    0.6422018348623854,
    0.4806201550387597,
    0.38181818181818183,
    0.5714285714285714,
    0.18181818181818182,
    0.4166666666666667,
    0.2826086956521739
  ],