{
  "accuracy": 0.3921,
  "precision_macro": 0.40163176682841206,
  "recall_macro": 0.39210000000000006,
  "f1_macro": 0.37697044722856154,
  "precision_weighted": 0.4016317668284121,
  "recall_weighted": 0.3921,
  "f1_weighted": 0.3769704472285616,
  "per_class_f1": [
    0.660377358490566,
    0.6666666666666666,
    0.42105263157894735,
    0.16666666666666666,
    0.3902439024390244,
    0.09523809523809523,
    0.5050505050505051,
    0.21951219512195122,
    0.64,
    0.31496062992125984,
    0.09523809523809523,
    0.4235294117647059,
    0.5,
    0.6382978723404256,
    0.45454545454545453,
    0.2926829268292683,
    0.208955223880597,
    0.5208333333333334,
    0.3387096774193548,
    0.5208333333333334,
    0.5739130434782609,
    0.651685393258427,
    0.5473684210526316,
    0.6086956521739131,
    0.1702127659574468,
    0.48120300751879697,
    0.35384615384615387,
    0.16470588235294117,
    0.39285714285714285,
    0.034482758620689655,
    0.4230769230769231,
    0.45901639344262296,
    0.14492753623188406,
    0.09090909090909091,
    0.5046728971962616,
    0.41904761904761906,
    0.6415094339622641,
    0.3076923076923077,
    0.45454545454545453,
    0.30952380952380953,
    0.15151515151515152,
    0.24,
    0.35051546391752575,
    0.37209302325581395,
    0.8888888888888888,
    0.6491228070175439,
    0.3116883116883117,
    0.4424778761061947,
    0.0967741935483871,
    0.24,
    0.5373134328358209,
    0.23684210526315788,
    0.5739130434782609,
    0.4444444444444444,
    0.36619718309859156,
    0.3592814371257485,
    0.19753086419753085,
    0.5825242718446602,
    0.6792452830188679,
    0.2857142857142857,
    0.4105960264900662,
    0.49230769230769234,
    0.10810810810810811,
    0.2988505747126437,
    0.14492753623188406,
    0.055384615384615386,
    0.5510204081632653,
    0.19718309859154928,
    0.37333333333333335,
    0.3090909090909091,
    0.3010752688172043,
    0.65,
    0.27586206896551724,
    0.3902439024390244,
    0.5,
    0.25316455696202533,
    0.28169014084507044,
    0.07017543859649122,
    0.6593406593406593,
    0.2033898305084746,
    0.15384615384615385,
    0.7079646017699115,
    0.3902439024390244,
    0.2391304347826087,
    0.2782608695652174,
    0.37623762376237624,
    0.4077669902912621,
    0.32786885245901637,
    0.0,
    0.3177570093457944,
    0.4117647058823529,
    0.4492753623188406,
    0.30927835051546393,
    0.432,
    0.42424242424242425,
    0.34408602150537637,
    0.3711340206185567,
    0.33136094674556216,
    0.4166666666666667,
    0.09090909090909091,
    0.1016949152542373,
    0.5494505494505495,
    0.2318840579710145,
    0.7446808510638298,
    0.3,
    0.14173228346456693,
    0.16161616161616163,
    0.5904761904761905,
    0.5894736842105263,
    0.37623762376237624,
    0.36036036036036034,
    0.5794392523364486,
    0.3404255319148936,
    0.4117647058823529,
    0.3269230769230769,
    0.8282828282828283,
    0.4186046511627907,
    0.48214285714285715,
    0.6470588235294118,
    0.29310344827586204,
    0.24778761061946902,
    0.46808510638297873,
    0.07058823529411765,
    0.17,
    0.6491228070175439,
    0.17391304347826086,
    0.4329896907216495,
    0.2894736842105263,
    0.4307692307692308,
    0.4946236559139785,
    0.3076923076923077,
    0.0,
    0.10909090909090909,
    0.6101694915254238,
    0.3958333333333333,
    0.225,
    0.2247191011235955,
    0.14035087719298245,
    0.18333333333333332,
    0.10526315789473684,
    0.3697478991596639,
    0.2857142857142857,
    0.4144144144144144,
    0.7272727272727273,
    0.3076923076923077,
    0.6666666666666666,
    0.6336633663366337,
    0.15384615384615385,
    0.29213483146067415,
    0.4523809523809524,
    0.48598130841121495,
    0.3037974683544304,
    0.2564102564102564,
    0.4666666666666667,
    0.4367816091954023,
    0.42857142857142855,
    0.2682926829268293,
    0.3695652173913043,
    0.1111111111111111,
    0.06666666666666667,
    0.3157894736842105,
    0.3333333333333333,
    0.4772727272727273,
    0.37362637362637363,
    0.45454545454545453,
    0.6915887850467289,
    0.7317073170731707,
    0.425531914893617,
    0.034482758620689655,
    0.3269230769230769,
    0.6021505376344086,
    0.4166666666666667,
    0.06666666666666667,
    0.6605504587155964,
    0.425,
    0.0,
    0.5523809523809524,
    0.38095238095238093,
    0.5740740740740741,
    0.1927710843373494,
    0.1981981981981982,
    0.39080459770114945,
    0.3888888888888889,
    0.44680851063829785,
    0.5555555555555556,
    0.5161290322580645,
    0.4329896907216495,
    0.5102040816326531,
    0.3838383838383838,
    0.5283018867924528,
    0.3018867924528302,
    0.5909090909090909,
    0.52,
    0.6451612903225806,
    0.5,
    0.3673469387755102,
    0.5038167938931297,
    0.17391304347826086,
    0.3924050632911392,
    0.19047619047619047
  ],