{
  "accuracy": 0.398,
  "precision_macro": 0.39443069171422207,
  "recall_macro": 0.39799999999999996,
  "f1_macro": 0.3775315682087124,
  "precision_weighted": 0.39443069171422207,
  "recall_weighted": 0.398,
  "f1_weighted": 0.3775315682087124,
  "per_class_f1": [
    0.66,
    0.5950413223140496,
    0.3742690058479532,
    0.2549019607843137,
    0.43333333333333335,
    0.035398230088495575,
    0.5918367346938775,
    0.2696629213483146,
    0.5739130434782609,
    0.31496062992125984,
    0.19718309859154928,
    0.5102040816326531,
    0.47244094488188976,
    0.6597938144329897,
    0.4883720930232558,
    0.2988505747126437,
    0.16129032258064516,
    0.5393258426966292,
    0.3275862068965517,
    0.5,
    0.4666666666666667,
    0.6304347826086957,
    0.6736842105263158,
    0.6785714285714286,
    0.19130434782608696,
    0.4049079754601227,
    0.41237113402061853,
    0.09876543209876543,
    0.3888888888888889,
    0.03225806451612903,
    0.3595505617977528,
    0.5263157894736842,
    0.22857142857142856,
    0.12307692307692308,
    0.432,
    0.35106382978723405,
    0.6296296296296297,
    0.3655913978494624,
    0.4626865671641791,
    0.21333333333333335,
    0.1282051282051282,
    0.21782178217821782,
    0.3382352941176471,
    0.4470588235294118,
    0.8113207547169812,
    0.6,
    0.3448275862068966,
    0.46808510638297873,
    0.08450704225352113,
    0.19607843137254902,
    0.5503355704697986,
    0.3409090909090909,
    0.6140350877192983,
    0.3893805309734513,
    0.35714285714285715,
    0.49635036496350365,
    0.2,
    0.5471698113207547,
    0.6857142857142857,
    0.2647058823529412,
    0.4077669902912621,
    0.4915254237288136,
    0.17391304347826086,
    0.3486238532110092,
    0.12121212121212122,
    0.20168067226890757,
    0.5274725274725275,
    0.25,
    0.39705882352941174,
    0.26262626262626265,
    0.13793103448275862,
    0.6486486486486487,
    0.3157894736842105,
    0.39344262295081966,
    0.3853211009174312,
    0.3333333333333333,
    0.3291139240506329,
    0.0821917808219178,
    0.6915887850467289,
    0.30303030303030304,
    0.20588235294117646,
    0.6666666666666666,
    0.3333333333333333,
    0.3404255319148936,
    0.26666666666666666,
    0.41379310344827586,
    0.37333333333333335,
    0.3269230769230769,
    0.07142857142857142,
    0.41304347826086957,
    0.47619047619047616,
    0.22325581395348837,
    0.3218390804597701,
    0.37623762376237624,
    0.48854961832061067,
    0.4153846153846154,
    0.22784810126582278,
    0.391304347826087,
    0.4462809917355372,
    0.13333333333333333,
    0.10344827586206896,
    0.5714285714285714,
    0.2857142857142857,
    0.7608695652173914,
    0.273972602739726,
    0.3063063063063063,
    0.18181818181818182,
    0.5833333333333334,
    0.6185567010309279,
    0.4132231404958678,
    0.32098765432098764,
    0.5,
    0.2882882882882883,
    0.34146341463414637,
    0.3619047619047619,
    0.7238095238095238,
    0.5,
    0.4576271186440678,
    0.5641025641025641,
    0.25210084033613445,
    0.32989690721649484,
    0.3132530120481928,
    0.031746031746031744,
    0.22608695652173913,
    0.6607142857142857,
    0.13333333333333333,
    0.46616541353383456,
    0.35,
    0.39669421487603307,
    0.5052631578947369,
    0.2765957446808511,
    0.0,
    0.13333333333333333,
    0.6306306306306306,
    0.4444444444444444,
    0.0,
    0.2601626016260163,
    0.06666666666666667,
    0.18181818181818182,
    0.029850746268656716,
    0.4318181818181818,
    0.32558139534883723,
    0.3302752293577982,
    0.7592592592592593,
    0.28,
    0.7678571428571429,
    0.5932203389830508,
    0.1935483870967742,
    0.3,
    0.449438202247191,
    0.4827586206896552,
    0.2898550724637681,
    0.45652173913043476,
    0.4827586206896552,
    0.44,
    0.3364485981308411,
    0.2222222222222222,
    0.23376623376623376,
    0.2222222222222222,
    0.03636363636363636,
    0.23655913978494625,
    0.19753086419753085,
    0.4691358024691358,
    0.41379310344827586,
    0.48854961832061067,
    0.7706422018348624,
    0.7543859649122807,
    0.3333333333333333,
    0.031746031746031744,
    0.3548387096774194,
    0.6326530612244898,
    0.42857142857142855,
    0.17647058823529413,
    0.5945945945945946,
    0.3695652173913043,
    0.0,
    0.5409836065573771,
    0.3372093023255814,
    0.48484848484848486,
    0.14084507042253522,
    0.18018018018018017,
    0.3488372093023256,
    0.345679012345679,
    0.45454545454545453,
    0.5871559633027523,
    0.5504587155963303,
    0.5046728971962616,
    0.49056603773584906,
    0.43010752688172044,
    0.4782608695652174,
    0.37777777777777777,
    0.5611510791366906,
    0.46296296296296297,
    0.6218487394957983,
    0.35384615384615387,
    0.3516483516483517,
    0.5321100917431193,
    0.24691358024691357,
    0.36904761904761907,
    0.2988505747126437
  ],