{
  "accuracy": 0.4225,
  "precision_macro": 0.42969894445791473,
  "recall_macro": 0.4225,
  "f1_macro": 0.4051605131334095,
  "precision_weighted": 0.4296989444579148,
  "recall_weighted": 0.4225,
  "f1_weighted": 0.4051605131334095,
  "per_class_f1": [
    0.7346938775510204,
    0.7068965517241379,
    0.4411764705882353,
    0.22727272727272727,
    0.38636363636363635,
    0.10810810810810811,
    0.5981308411214953,
    0.12345679012345678,
    0.6065573770491803,
    0.31788079470198677,
    0.22535211267605634,
    0.5581395348837209,
    0.5048543689320388,
    0.6336633663366337,
    0.5432098765432098,
    0.3333333333333333,
    0.2153846153846154,
    0.5609756097560976,
    0.375,
    0.5210084033613446,
    0.5321100917431193,
    0.6382978723404256,
    0.6126126126126126,
    0.6846846846846847,
    0.2391304347826087,
    0.5483870967741935,
    0.512,
    0.0,
    0.34545454545454546,
    0.14285714285714285,
    0.4791666666666667,
    0.4731182795698925,
    0.3170731707317073,
    0.0963855421686747,
    0.45714285714285713,
    0.4567901234567901,
    0.6491228070175439,
    0.3673469387755102,
    0.49572649572649574,
    0.36507936507936506,
    0.21176470588235294,
    0.29357798165137616,
    0.38202247191011235,
    0.4742268041237113,
    0.8155339805825242,
    0.7474747474747475,
    0.42105263157894735,
    0.5,
    0.13333333333333333,
    0.2028985507246377,
    0.5373134328358209,
    0.32727272727272727,
    0.584070796460177,
    0.36363636363636365,
    0.3963963963963964,
    0.4049079754601227,
    0.19148936170212766,
    0.4727272727272727,
    0.6019417475728155,
    0.4943820224719101,
    0.45255474452554745,
    0.48,
    0.15625,
    0.3673469387755102,
    0.15,
    0.20168067226890757,
    0.5825242718446602,
    0.23880597014925373,
    0.2905027932960894,
    0.3333333333333333,
    0.1891891891891892,
    0.6451612903225806,
    0.26506024096385544,
    0.43243243243243246,
    0.4566929133858268,
    0.35294117647058826,
    0.36363636363636365,
    0.10714285714285714,
    0.75,
    0.28125,
    0.14285714285714285,
    0.7878787878787878,
    0.39436619718309857,
    0.2696629213483146,
    0.21897810218978103,
    0.3333333333333333,
    0.4470588235294118,
    0.29906542056074764,
    0.0392156862745098,
    0.45161290322580644,
    0.5272727272727272,
    0.5045045045045045,
    0.425,
    0.40707964601769914,
    0.48,
    0.3963963963963964,
    0.3023255813953488,
    0.43333333333333335,
    0.453125,
    0.15,
    0.22784810126582278,
    0.5714285714285714,
    0.3170731707317073,
    0.7368421052631579,
    0.23684210526315788,
    0.2909090909090909,
    0.19696969696969696,
    0.6862745098039216,
    0.6813186813186813,
    0.4444444444444444,
    0.34146341463414637,
    0.5142857142857142,
    0.34285714285714286,
    0.4634146341463415,
    0.3181818181818182,
    0.7256637168141593,
    0.44680851063829785,
    0.49557522123893805,
    0.6296296296296297,
    0.2391304347826087,
    0.288,
    0.4878048780487805,
    0.0,
    0.15625,
    0.7321428571428571,
    0.1941747572815534,
    0.45714285714285713,
    0.2608695652173913,
    0.3972602739726027,
    0.5842696629213483,
    0.32432432432432434,
    0.0,
    0.0967741935483871,
    0.6422018348623854,
    0.4,
    0.037037037037037035,
    0.2835820895522388,
    0.20512820512820512,
    0.14953271028037382,
    0.09230769230769231,
    0.4897959183673469,
    0.38235294117647056,
    0.44642857142857145,
    0.6290322580645161,
    0.27586206896551724,
    0.7478260869565218,
    0.6542056074766355,
    0.272,
    0.35789473684210527,
    0.449438202247191,
    0.5714285714285714,
    0.36619718309859156,
    0.5168539325842697,
    0.5289256198347108,
    0.5346534653465347,
    0.4782608695652174,
    0.2765957446808511,
    0.34951456310679613,
    0.21052631578947367,
    0.06896551724137931,
    0.2982456140350877,
    0.3655913978494624,
    0.4533333333333333,
    0.3652173913043478,
    0.45161290322580644,
    0.7843137254901961,
    0.7796610169491526,
    0.4423076923076923,
    0.13559322033898305,
    0.36538461538461536,
    0.7252747252747253,
    0.4305555555555556,
    0.14705882352941177,
    0.6818181818181818,
    0.5,
    0.07017543859649122,
    0.6265060240963856,
    0.35772357723577236,
    0.6213592233009708,
    0.10526315789473684,
    0.25210084033613445,
    0.36666666666666664,
    0.29310344827586204,
    0.5121951219512195,
    0.6274509803921569,
    0.6,
    0.4854368932038835,
    0.46601941747572817,
    0.36036036036036034,
    0.5365853658536586,
    0.3333333333333333,
    0.6666666666666666,
    0.5084745762711864,
    0.6666666666666666,
    0.40601503759398494,
    0.24742268041237114,
    0.5409836065573771,
    0.16666666666666666,
    0.43902439024390244,
    0.2978723404255319
  ],