{
  "accuracy": 0.4328,
  "precision_macro": 0.4401065311476268,
  "recall_macro": 0.4328,
  "f1_macro": 0.4192144160789751,
  "precision_weighted": 0.4401065311476268,
  "recall_weighted": 0.4328,
  "f1_weighted": 0.419214416078975,
  "per_class_f1": [
    0.6610169491525424,
    0.7115384615384616,
    0.4807692307692308,
    0.2191780821917808,
    0.4036697247706422,
    0.1282051282051282,
    0.5945945945945946,
    0.2777777777777778,
    0.6727272727272727,
    0.41904761904761906,
    0.1794871794871795,
    0.4752475247524752,
    0.484375,
    0.6407766990291263,
    0.45,
    0.30434782608695654,
    0.28169014084507044,
    0.5420560747663551,
    0.36036036036036034,
    0.48484848484848486,
    0.5,
    0.6451612903225806,
    0.6260869565217392,
    0.6942148760330579,
    0.25210084033613445,
    0.591304347826087,
    0.4057971014492754,
    0.15789473684210525,
    0.37777777777777777,
    0.2702702702702703,
    0.4050632911392405,
    0.46296296296296297,
    0.2978723404255319,
    0.20930232558139536,
    0.4057971014492754,
    0.49122807017543857,
    0.6728971962616822,
    0.3953488372093023,
    0.5573770491803278,
    0.39080459770114945,
    0.2247191011235955,
    0.2524271844660194,
    0.38333333333333336,
    0.37777777777777777,
    0.8297872340425532,
    0.7920792079207921,
    0.4098360655737705,
    0.47058823529411764,
    0.06779661016949153,
    0.2857142857142857,
    0.5932203389830508,
    0.38636363636363635,
    0.6111111111111112,
    0.3669724770642202,
    0.46601941747572817,
    0.5,
    0.1941747572815534,
    0.528,
    0.6206896551724138,
    0.34285714285714286,
    0.43243243243243246,
    0.4714285714285714,
    0.2631578947368421,
    0.3564356435643564,
    0.2,
    0.2809917355371901,
    0.5894736842105263,
    0.2894736842105263,
    0.4482758620689655,
    0.35398230088495575,
    0.24444444444444444,
    0.6949152542372882,
    0.3125,
    0.5242718446601942,
    0.38596491228070173,
    0.3188405797101449,
    0.3010752688172043,
    0.13861386138613863,
    0.7722772277227723,
    0.29850746268656714,
    0.2222222222222222,
    0.7238095238095238,
    0.3609022556390977,
    0.3,
    0.2727272727272727,
    0.4791666666666667,
    0.42857142857142855,
    0.4117647058823529,
    0.038461538461538464,
    0.41379310344827586,
    0.42748091603053434,
    0.4778761061946903,
    0.37333333333333335,
    0.45714285714285713,
    0.41975308641975306,
    0.39215686274509803,
    0.26804123711340205,
    0.5046728971962616,
    0.4909090909090909,
    0.12658227848101267,
    0.2028985507246377,
    0.54,
    0.17391304347826086,
    0.7446808510638298,
    0.3291139240506329,
    0.3088235294117647,
    0.21739130434782608,
    0.6732673267326733,
    0.62,
    0.5046728971962616,
    0.41818181818181815,
    0.5409836065573771,
    0.3368421052631579,
    0.4175824175824176,
    0.40425531914893614,
    0.7962962962962963,
    0.4107142857142857,
    0.5052631578947369,
    0.6391752577319587,
    0.2962962962962963,
    0.31932773109243695,
    0.4782608695652174,
    0.15384615384615385,
    0.2119205298013245,
    0.6666666666666666,
    0.16161616161616163,
    0.5054945054945055,
    0.4418604651162791,
    0.42857142857142855,
    0.5652173913043478,
    0.2716049382716049,
    0.029411764705882353,
    0.1095890410958904,
    0.6407766990291263,
    0.4842105263157895,
    0.0,
    0.27672955974842767,
    0.2702702702702703,
    0.1258741258741259,
    0.07547169811320754,
    0.375,
    0.3076923076923077,
    0.41304347826086957,
    0.7572815533980582,
    0.3252032520325203,
    0.7478260869565218,
    0.7326732673267327,
    0.2882882882882883,
    0.37362637362637363,
    0.49019607843137253,
    0.5161290322580645,
    0.3561643835616438,
    0.48717948717948717,
    0.6055045871559633,
    0.5,
    0.5274725274725275,
    0.40425531914893614,
    0.4158415841584158,
    0.2222222222222222,
    0.12698412698412698,
    0.26373626373626374,
    0.38636363636363635,
    0.4935064935064935,
    0.39316239316239315,
    0.5046728971962616,
    0.7592592592592593,
    0.7962962962962963,
    0.4603174603174603,
    0.09090909090909091,
    0.32608695652173914,
    0.6526315789473685,
    0.42990654205607476,
    0.1702127659574468,
    0.7472527472527473,
    0.4318181818181818,
    0.10714285714285714,
    0.5806451612903226,
    0.35658914728682173,
    0.6055045871559633,
    0.2376237623762376,
    0.22413793103448276,
    0.46601941747572817,
    0.37606837606837606,
    0.48936170212765956,
    0.6371681415929203,
    0.5679012345679012,
    0.5777777777777777,
    0.5652173913043478,
    0.4158415841584158,
    0.5046728971962616,
    0.40404040404040403,
    0.5688073394495413,
    0.49572649572649574,
    0.639344262295082,
    0.45528455284552843,
    0.37209302325581395,
    0.5068493150684932,
    0.26666666666666666,
    0.4166666666666667,
    0.27906976744186046
  ],