{
  "accuracy": 0.3973,
  "precision_macro": 0.39284001123844975,
  "recall_macro": 0.39730000000000004,
  "f1_macro": 0.3769452785232054,
  "precision_weighted": 0.39284001123844975,
  "recall_weighted": 0.3973,
  "f1_weighted": 0.3769452785232054,
  "per_class_f1": [
    0.60431654676259,
    0.6608695652173913,
    0.42735042735042733,
    0.3275862068965517,
    0.46153846153846156,
    0.1282051282051282,
    0.6,
    0.2553191489361702,
    0.6101694915254238,
    0.32167832167832167,
    0.2553191489361702,
    0.3783783783783784,
    0.5037037037037037,
    0.6741573033707865,
    0.48717948717948717,
    0.2028985507246377,
    0.16470588235294117,
    0.5208333333333334,
    0.19148936170212766,
    0.49612403100775193,
    0.453125,
    0.5742574257425742,
    0.5333333333333333,
    0.6607142857142857,
    0.25263157894736843,
    0.4175824175824176,
    0.448,
    0.10666666666666667,
    0.37209302325581395,
    0.09836065573770492,
    0.40350877192982454,
    0.4406779661016949,
    0.11764705882352941,
    0.3058823529411765,
    0.5098039215686274,
    0.37735849056603776,
    0.6016260162601627,
    0.4380952380952381,
    0.5046728971962616,
    0.3157894736842105,
    0.17647058823529413,
    0.21153846153846154,
    0.2677165354330709,
    0.4258064516129032,
    0.7567567567567568,
    0.6491228070175439,
    0.41975308641975306,
    0.42016806722689076,
    0.14925373134328357,
    0.1917808219178082,
    0.5405405405405406,
    0.2857142857142857,
    0.5504587155963303,
    0.32608695652173914,
    0.2727272727272727,
    0.5046728971962616,
    0.23300970873786409,
    0.5,
    0.7037037037037037,
    0.4594594594594595,
    0.3972602739726027,
    0.5504587155963303,
    0.1282051282051282,
    0.27522935779816515,
    0.0963855421686747,
    0.20754716981132076,
    0.5057471264367817,
    0.15873015873015872,
    0.4166666666666667,
    0.25,
    0.27522935779816515,
    0.7047619047619048,
    0.23376623376623376,
    0.4166666666666667,
    0.4,
    0.21052631578947367,
    0.3157894736842105,
    0.09523809523809523,
    0.7959183673469388,
    0.2033898305084746,
    0.1643835616438356,
    0.5915492957746479,
    0.4,
    0.16129032258064516,
    0.2833333333333333,
    0.33663366336633666,
    0.46,
    0.3917525773195876,
    0.0,
    0.3958333333333333,
    0.39215686274509803,
    0.4050632911392405,
    0.29213483146067415,
    0.3870967741935484,
    0.34408602150537637,
    0.4,
    0.3181818181818182,
    0.38848920863309355,
    0.4297520661157025,
    0.11764705882352941,
    0.1016949152542373,
    0.5961538461538461,
    0.208955223880597,
    0.75,
    0.32608695652173914,
    0.297029702970297,
    0.16842105263157894,
    0.6947368421052632,
    0.6881720430107527,
    0.41904761904761906,
    0.3333333333333333,
    0.5170068027210885,
    0.25757575757575757,
    0.25316455696202533,
    0.32608695652173914,
    0.8247422680412371,
    0.27722772277227725,
    0.42857142857142855,
    0.5625,
    0.24,
    0.28368794326241137,
    0.4418604651162791,
    0.15873015873015872,
    0.17142857142857143,
    0.7551020408163265,
    0.175,
    0.4339622641509434,
    0.3373493975903614,
    0.4065040650406504,
    0.5106382978723404,
    0.16279069767441862,
    0.037037037037037035,
    0.08955223880597014,
    0.6336633663366337,
    0.391304347826087,
    0.06557377049180328,
    0.25668449197860965,
    0.16901408450704225,
    0.1411764705882353,
    0.06779661016949153,
    0.38636363636363635,
    0.2153846153846154,
    0.4117647058823529,
    0.7358490566037735,
    0.35384615384615387,
    0.8113207547169812,
    0.6136363636363636,
    0.3333333333333333,
    0.3595505617977528,
    0.4222222222222222,
    0.4444444444444444,
    0.3157894736842105,
    0.4266666666666667,
    0.345679012345679,
    0.44,
    0.4107142857142857,
    0.18666666666666668,
    0.3302752293577982,
    0.13513513513513514,
    0.0,
    0.25688073394495414,
    0.2571428571428571,
    0.5346534653465347,
    0.3617021276595745,
    0.5,
    0.7079646017699115,
    0.706766917293233,
    0.37735849056603776,
    0.0,
    0.25,
    0.5806451612903226,
    0.41237113402061853,
    0.15151515151515152,
    0.6213592233009708,
    0.3925233644859813,
    0.03636363636363636,
    0.6111111111111112,
    0.3114754098360656,
    0.6422018348623854,
    0.17307692307692307,
    0.2222222222222222,
    0.3037974683544304,
    0.3917525773195876,
    0.46153846153846156,
    0.5858585858585859,
    0.49504950495049505,
    0.46153846153846156,
    0.46938775510204084,
    0.3541666666666667,
    0.43548387096774194,
    0.3111111111111111,
    0.5801526717557252,
    0.45454545454545453,
    0.6386554621848739,
    0.44776119402985076,
    0.35514018691588783,
    0.5263157894736842,
    0.175,
    0.43548387096774194,
    0.21568627450980393
  ],