{
  "accuracy": 0.4195,
  "precision_macro": 0.42271226632115416,
  "recall_macro": 0.41950000000000004,
  "f1_macro": 0.40243222633247705,
  "precision_weighted": 0.4227122663211541,
  "recall_weighted": 0.4195,
  "f1_weighted": 0.40243222633247705,
  "per_class_f1": [
    0.7272727272727273,
    0.711864406779661,
    0.3567567567567568,
    0.27586206896551724,
    0.36363636363636365,
    0.13636363636363635,
    0.5420560747663551,
    0.2597402597402597,
    0.6379310344827587,
    0.3108108108108108,
    0.18181818181818182,
    0.5346534653465347,
    0.5420560747663551,
    0.673469387755102,
    0.5238095238095238,
    0.3058823529411765,
    0.1016949152542373,
    0.5471698113207547,
    0.3865546218487395,
    0.5360824742268041,
    0.532258064516129,
    0.691358024691358,
    0.6296296296296297,
    0.7476635514018691,
    0.16326530612244897,
    0.5470085470085471,
    0.46846846846846846,
    0.06666666666666667,
    0.4,
    0.08955223880597014,
    0.37333333333333335,
    0.45,
    0.29411764705882354,
    0.2619047619047619,
    0.47058823529411764,
    0.41379310344827586,
    0.7079646017699115,
    0.3673469387755102,
    0.4755244755244755,
    0.3181818181818182,
    0.19718309859154928,
    0.34782608695652173,
    0.41739130434782606,
    0.4444444444444444,
    0.8210526315789474,
    0.6486486486486487,
    0.3958333333333333,
    0.43859649122807015,
    0.1016949152542373,
    0.21951219512195122,
    0.6218487394957983,
    0.3089430894308943,
    0.6813186813186813,
    0.3409090909090909,
    0.3855421686746988,
    0.44,
    0.2727272727272727,
    0.47619047619047616,
    0.6491228070175439,
    0.3384615384615385,
    0.4444444444444444,
    0.4927536231884058,
    0.2823529411764706,
    0.29850746268656714,
    0.15625,
    0.189873417721519,
    0.6021505376344086,
    0.2033898305084746,
    0.35526315789473684,
    0.3146067415730337,
    0.22784810126582278,
    0.6554621848739496,
    0.30434782608695654,
    0.4247787610619469,
    0.4409448818897638,
    0.28205128205128205,
    0.3466666666666667,
    0.03389830508474576,
    0.76,
    0.25396825396825395,
    0.08450704225352113,
    0.7090909090909091,
    0.4444444444444444,
    0.30952380952380953,
    0.25225225225225223,
    0.2891566265060241,
    0.4842105263157895,
    0.32142857142857145,
    0.07142857142857142,
    0.41379310344827586,
    0.48175182481751827,
    0.47368421052631576,
    0.3684210526315789,
    0.4117647058823529,
    0.4791666666666667,
    0.3225806451612903,
    0.37894736842105264,
    0.36065573770491804,
    0.4380952380952381,
    0.15,
    0.16216216216216217,
    0.5510204081632653,
    0.2777777777777778,
    0.75,
    0.32608695652173914,
    0.2830188679245283,
    0.22807017543859648,
    0.5142857142857142,
    0.6666666666666666,
    0.5631067961165048,
    0.27848101265822783,
    0.4852941176470588,
    0.2956521739130435,
    0.36363636363636365,
    0.3364485981308411,
    0.7747747747747747,
    0.47058823529411764,
    0.4036697247706422,
    0.6101694915254238,
    0.21487603305785125,
    0.27722772277227725,
    0.45454545454545453,
    0.10714285714285714,
    0.20754716981132076,
    0.7207207207207207,
    0.11494252873563218,
    0.39080459770114945,
    0.37362637362637363,
    0.42735042735042733,
    0.5909090909090909,
    0.29545454545454547,
    0.0,
    0.13333333333333333,
    0.6666666666666666,
    0.4230769230769231,
    0.06349206349206349,
    0.27941176470588236,
    0.26865671641791045,
    0.19130434782608696,
    0.15384615384615385,
    0.3853211009174312,
    0.3055555555555556,
    0.4523809523809524,
    0.6964285714285714,
    0.34146341463414637,
    0.8113207547169812,
    0.6095238095238096,
    0.24390243902439024,
    0.4329896907216495,
    0.43956043956043955,
    0.5168539325842697,
    0.3380281690140845,
    0.5057471264367817,
    0.509090909090909,
    0.4943820224719101,
    0.3829787234042553,
    0.3037974683544304,
    0.37777777777777777,
    0.33707865168539325,
    0.06666666666666667,
    0.32075471698113206,
    0.3728813559322034,
    0.5185185185185185,
    0.41904761904761906,
    0.3865546218487395,
    0.717948717948718,
    0.7567567567567568,
    0.4318181818181818,
    0.03508771929824561,
    0.3157894736842105,
    0.5934065934065934,
    0.4375,
    0.21333333333333335,
    0.6545454545454545,
    0.40404040404040403,
    0.0,
    0.6071428571428571,
    0.390625,
    0.5343511450381679,
    0.22857142857142856,
    0.20689655172413793,
    0.4175824175824176,
    0.2711864406779661,
    0.5294117647058824,
    0.6226415094339622,
    0.5617977528089888,
    0.5416666666666666,
    0.5227272727272727,
    0.25806451612903225,
    0.5785123966942148,
    0.3333333333333333,
    0.5982905982905983,
    0.4883720930232558,
    0.6371681415929203,
    0.4740740740740741,
    0.4369747899159664,
    0.5401459854014599,
    0.24778761061946902,
    0.3877551020408163,
    0.2608695652173913
  ],