{
  "accuracy": 0.409,
  "precision_macro": 0.4125532971663772,
  "recall_macro": 0.409,
  "f1_macro": 0.39263349086409005,
  "precision_weighted": 0.4125532971663772,
  "recall_weighted": 0.409,
  "f1_weighted": 0.3926334908640901,
  "per_class_f1": [
    0.6990291262135923,
    0.6608695652173913,
    0.3597122302158273,
    0.2857142857142857,
    0.411214953271028,
    0.07792207792207792,
    0.5471698113207547,
    0.2191780821917808,
    0.5263157894736842,
    0.3188405797101449,
    0.14084507042253522,
    0.43478260869565216,
    0.464,
    0.6666666666666666,
    0.45977011494252873,
    0.2608695652173913,
    0.19718309859154928,
    0.5555555555555556,
    0.22727272727272727,
    0.45544554455445546,
    0.45255474452554745,
    0.5904761904761905,
    0.5811965811965812,
    0.7592592592592593,
    0.21782178217821782,
    0.5132743362831859,
    0.3956043956043956,
    0.20930232558139536,
    0.32894736842105265,
    0.06451612903225806,
    0.36893203883495146,
    0.5,
    0.23404255319148937,
    0.14925373134328357,
    0.47863247863247865,
    0.4745762711864407,
    0.6464646464646465,
    0.3368421052631579,
    0.42748091603053434,
    0.32608695652173914,
    0.2077922077922078,
    0.3103448275862069,
    0.36363636363636365,
    0.40816326530612246,
    0.8958333333333334,
    0.6915887850467289,
    0.41304347826086957,
    0.42592592592592593,
    0.06896551724137931,
    0.23529411764705882,
    0.6101694915254238,
    0.31666666666666665,
    0.6481481481481481,
    0.3541666666666667,
    0.37037037037037035,
    0.42857142857142855,
    0.23931623931623933,
    0.5,
    0.6391752577319587,
    0.42105263157894735,
    0.45901639344262296,
    0.5,
    0.25,
    0.3191489361702128,
    0.034482758620689655,
    0.2905982905982906,
    0.5794392523364486,
    0.25,
    0.35526315789473684,
    0.32,
    0.3619047619047619,
    0.59375,
    0.225,
    0.34408602150537637,
    0.453781512605042,
    0.1839080459770115,
    0.2553191489361702,
    0.12307692307692308,
    0.7450980392156863,
    0.16666666666666666,
    0.12121212121212122,
    0.7628865979381443,
    0.3770491803278688,
    0.3132530120481928,
    0.22377622377622378,
    0.32967032967032966,
    0.42857142857142855,
    0.32653061224489793,
    0.0,
    0.4,
    0.4246575342465753,
    0.5,
    0.28205128205128205,
    0.40404040404040403,
    0.3764705882352941,
    0.4077669902912621,
    0.325,
    0.3333333333333333,
    0.5357142857142857,
    0.125,
    0.1686746987951807,
    0.6336633663366337,
    0.32432432432432434,
    0.7755102040816326,
    0.3409090909090909,
    0.24299065420560748,
    0.24761904761904763,
    0.6285714285714286,
    0.7032967032967034,
    0.3877551020408163,
    0.33663366336633666,
    0.5116279069767442,
    0.33587786259541985,
    0.3466666666666667,
    0.38,
    0.7522935779816514,
    0.5106382978723404,
    0.48333333333333334,
    0.6601941747572816,
    0.32323232323232326,
    0.22818791946308725,
    0.3695652173913043,
    0.14925373134328357,
    0.24675324675324675,
    0.6666666666666666,
    0.18604651162790697,
    0.49586776859504134,
    0.3611111111111111,
    0.40268456375838924,
    0.47619047619047616,
    0.225,
    0.038461538461538464,
    0.11428571428571428,
    0.6213592233009708,
    0.46808510638297873,
    0.16666666666666666,
    0.23404255319148937,
    0.1791044776119403,
    0.06956521739130435,
    0.10714285714285714,
    0.38235294117647056,
    0.3561643835616438,
    0.38202247191011235,
    0.7079646017699115,
    0.32116788321167883,
    0.8037383177570093,
    0.6521739130434783,
    0.27722772277227725,
    0.3883495145631068,
    0.4418604651162791,
    0.4583333333333333,
    0.25,
    0.4444444444444444,
    0.4742268041237113,
    0.40425531914893614,
    0.4883720930232558,
    0.3023255813953488,
    0.3333333333333333,
    0.24390243902439024,
    0.06557377049180328,
    0.38,
    0.40963855421686746,
    0.5365853658536586,
    0.41904761904761906,
    0.49557522123893805,
    0.76,
    0.7964601769911505,
    0.4421052631578947,
    0.03571428571428571,
    0.24390243902439024,
    0.64,
    0.4369747899159664,
    0.09523809523809523,
    0.6444444444444445,
    0.43010752688172044,
    0.07017543859649122,
    0.6060606060606061,
    0.30952380952380953,
    0.5547445255474452,
    0.20618556701030927,
    0.20454545454545456,
    0.25,
    0.33043478260869563,
    0.4421052631578947,
    0.56,
    0.5416666666666666,
    0.49523809523809526,
    0.4090909090909091,
    0.37735849056603776,
    0.46153846153846156,
    0.3617021276595745,
    0.6481481481481481,
    0.5042016806722689,
    0.6428571428571429,
    0.4496124031007752,
    0.36363636363636365,
    0.5070422535211268,
    0.2682926829268293,
    0.49230769230769234,
    0.24742268041237114
  ],