{
  "accuracy": 0.3604,
  "precision_macro": 0.4080660443116837,
  "recall_macro": 0.36040000000000005,
  "f1_macro": 0.35497956984088413,
  "precision_weighted": 0.40806604431168364,
  "recall_weighted": 0.3604,
  "f1_weighted": 0.35497956984088413,
  "per_class_f1": [
    0.5365853658536586,
    0.6165413533834586,
    0.3829787234042553,
    0.24324324324324326,
    0.3008849557522124,
    0.07692307692307693,
    0.49523809523809526,
    0.10526315789473684,
    0.6019417475728155,
    0.38620689655172413,
    0.125,
    0.4523809523809524,
    0.46808510638297873,
    0.4918032786885246,
    0.5454545454545454,
    0.21875,
    0.22580645161290322,
    0.5,
    0.3564356435643564,
    0.41237113402061853,
    0.3968253968253968,
    0.6511627906976745,
    0.417910447761194,
    0.4098360655737705,
    0.1951219512195122,
    0.5405405405405406,
    0.5,
    0.03278688524590164,
    0.4,
    0.13114754098360656,
    0.45098039215686275,
    0.4318181818181818,
    0.03571428571428571,
    0.17391304347826086,
    0.45977011494252873,
    0.36363636363636365,
    0.7191011235955056,
    0.3956043956043956,
    0.4778761061946903,
    0.2597402597402597,
    0.1791044776119403,
    0.3448275862068966,
    0.20588235294117646,
    0.4,
    0.7521367521367521,
    0.6788990825688074,
    0.21333333333333335,
    0.5054945054945055,
    0.06557377049180328,
    0.17647058823529413,
    0.5357142857142857,
    0.2222222222222222,
    0.6736842105263158,
    0.425,
    0.3956043956043956,
    0.23648648648648649,
    0.13333333333333333,
    0.47706422018348627,
    0.631578947368421,
    0.28169014084507044,
    0.4411764705882353,
    0.5042016806722689,
    0.1643835616438356,
    0.3076923076923077,
    0.1891891891891892,
    0.09885931558935361,
    0.58,
    0.14545454545454545,
    0.45925925925925926,
    0.1523809523809524,
    0.25263157894736843,
    0.7628865979381443,
    0.22857142857142856,
    0.46808510638297873,
    0.3917525773195876,
    0.2823529411764706,
    0.2465753424657534,
    0.03508771929824561,
    0.6818181818181818,
    0.10526315789473684,
    0.1016949152542373,
    0.7254901960784313,
    0.16783216783216784,
    0.32098765432098764,
    0.3333333333333333,
    0.2571428571428571,
    0.35443037974683544,
    0.2553191489361702,
    0.0,
    0.2926829268292683,
    0.33783783783783783,
    0.26540284360189575,
    0.28169014084507044,
    0.4536082474226804,
    0.39603960396039606,
    0.37894736842105264,
    0.13333333333333333,
    0.32142857142857145,
    0.4421052631578947,
    0.08823529411764706,
    0.13114754098360656,
    0.5185185185185185,
    0.2535211267605634,
    0.76,
    0.2777777777777778,
    0.2631578947368421,
    0.2222222222222222,
    0.4662576687116564,
    0.5842696629213483,
    0.47191011235955055,
    0.35135135135135137,
    0.6101694915254238,
    0.29906542056074764,
    0.3157894736842105,
    0.2268041237113402,
    0.723404255319149,
    0.36585365853658536,
    0.5294117647058824,
    0.673469387755102,
    0.23529411764705882,
    0.2542372881355932,
    0.48936170212765956,
    0.018018018018018018,
    0.208,
    0.7304347826086957,
    0.13793103448275862,
    0.4835164835164835,
    0.26373626373626374,
    0.4186046511627907,
    0.5411764705882353,
    0.208955223880597,
    0.0,
    0.13793103448275862,
    0.6542056074766355,
    0.3953488372093023,
    0.08955223880597014,
    0.18018018018018017,
    0.0,
    0.13675213675213677,
    0.07142857142857142,
    0.3711340206185567,
    0.273972602739726,
    0.449438202247191,
    0.6607142857142857,
    0.11764705882352941,
    0.7636363636363637,
    0.6236559139784946,
    0.13584905660377358,
    0.029850746268656716,
    0.43037974683544306,
    0.4230769230769231,
    0.26229508196721313,
    0.24210526315789474,
    0.4369747899159664,
    0.43373493975903615,
    0.45977011494252873,
    0.27692307692307694,
    0.3103448275862069,
    0.20689655172413793,
    0.013422818791946308,
    0.16393442622950818,
    0.40963855421686746,
    0.5116279069767442,
    0.40816326530612246,
    0.5319148936170213,
    0.6868686868686869,
    0.6666666666666666,
    0.3404255319148936,
    0.0,
    0.27586206896551724,
    0.6956521739130435,
    0.38461538461538464,
    0.03636363636363636,
    0.6222222222222222,
    0.48484848484848486,
    0.0,
    0.5343511450381679,
    0.36538461538461536,
    0.5413533834586466,
    0.0,
    0.20833333333333334,
    0.3235294117647059,
    0.34146341463414637,
    0.5714285714285714,
    0.6,
    0.52,
    0.4444444444444444,
    0.4470588235294118,
    0.3291139240506329,
    0.48598130841121495,
    0.2222222222222222,
    0.5853658536585366,
    0.453125,
    0.6451612903225806,
    0.3458646616541353,
    0.24390243902439024,
    0.4716981132075472,
    0.11428571428571428,
    0.10014727540500737,
    0.33766233766233766
  ],