{
  "accuracy": 0.4142,
  "precision_macro": 0.4182391342298947,
  "recall_macro": 0.4142,
  "f1_macro": 0.39822833629665766,
  "precision_weighted": 0.4182391342298946,
  "recall_weighted": 0.4142,
  "f1_weighted": 0.39822833629665755,
  "per_class_f1": [
    0.6554621848739496,
    0.5967741935483871,
    0.5043478260869565,
    0.21782178217821782,
    0.4583333333333333,
    0.10810810810810811,
    0.62,
    0.21052631578947367,
    0.6458333333333334,
    0.26285714285714284,
    0.14634146341463414,
    0.5111111111111111,
    0.5490196078431373,
    0.6947368421052632,
    0.5581395348837209,
    0.20588235294117646,
    0.21212121212121213,
    0.4909090909090909,
    0.3305785123966942,
    0.5777777777777777,
    0.4806201550387597,
    0.6185567010309279,
    0.6226415094339622,
    0.7102803738317757,
    0.2222222222222222,
    0.48120300751879697,
    0.4305555555555556,
    0.03278688524590164,
    0.3287671232876712,
    0.08823529411764706,
    0.26666666666666666,
    0.4251968503937008,
    0.24299065420560748,
    0.2,
    0.49635036496350365,
    0.4397163120567376,
    0.6554621848739496,
    0.38202247191011235,
    0.39705882352941174,
    0.3,
    0.3058823529411765,
    0.26785714285714285,
    0.3564356435643564,
    0.4672897196261682,
    0.8163265306122449,
    0.6461538461538462,
    0.4067796610169492,
    0.47191011235955055,
    0.10344827586206896,
    0.19753086419753085,
    0.576,
    0.29473684210526313,
    0.603448275862069,
    0.3564356435643564,
    0.4418604651162791,
    0.5486725663716814,
    0.16161616161616163,
    0.5,
    0.6938775510204082,
    0.3373493975903614,
    0.4806201550387597,
    0.5636363636363636,
    0.3076923076923077,
    0.3089430894308943,
    0.19718309859154928,
    0.25,
    0.5471698113207547,
    0.2318840579710145,
    0.37158469945355194,
    0.36893203883495146,
    0.2978723404255319,
    0.6846846846846847,
    0.37362637362637363,
    0.3448275862068966,
    0.4107142857142857,
    0.3380281690140845,
    0.21333333333333335,
    0.15873015873015872,
    0.75,
    0.21212121212121213,
    0.14285714285714285,
    0.6956521739130435,
    0.36036036036036034,
    0.23809523809523808,
    0.3235294117647059,
    0.3409090909090909,
    0.43564356435643564,
    0.36893203883495146,
    0.03773584905660377,
    0.36363636363636365,
    0.4580152671755725,
    0.45112781954887216,
    0.273972602739726,
    0.4628099173553719,
    0.42990654205607476,
    0.4421052631578947,
    0.32608695652173914,
    0.39705882352941174,
    0.4864864864864865,
    0.14925373134328357,
    0.16901408450704225,
    0.5714285714285714,
    0.208955223880597,
    0.7157894736842105,
    0.34210526315789475,
    0.30656934306569344,
    0.21978021978021978,
    0.6730769230769231,
    0.58,
    0.4752475247524752,
    0.2696629213483146,
    0.5203252032520326,
    0.3333333333333333,
    0.3488372093023256,
    0.3655913978494624,
    0.7878787878787878,
    0.37383177570093457,
    0.5161290322580645,
    0.66,
    0.22448979591836735,
    0.32061068702290074,
    0.4888888888888889,
    0.1388888888888889,
    0.16417910447761194,
    0.6551724137931034,
    0.25316455696202533,
    0.5416666666666666,
    0.3448275862068966,
    0.47368421052631576,
    0.6086956521739131,
    0.24324324324324326,
    0.03571428571428571,
    0.09230769230769231,
    0.5882352941176471,
    0.43478260869565216,
    0.0625,
    0.23711340206185566,
    0.21333333333333335,
    0.12727272727272726,
    0.0967741935483871,
    0.41818181818181815,
    0.32432432432432434,
    0.45977011494252873,
    0.6949152542372882,
    0.27692307692307694,
    0.7457627118644068,
    0.6666666666666666,
    0.31654676258992803,
    0.3917525773195876,
    0.42105263157894735,
    0.45614035087719296,
    0.3380281690140845,
    0.41025641025641024,
    0.40476190476190477,
    0.5227272727272727,
    0.55,
    0.18666666666666668,
    0.3434343434343434,
    0.2857142857142857,
    0.0625,
    0.3247863247863248,
    0.3877551020408163,
    0.43037974683544306,
    0.3673469387755102,
    0.46,
    0.6857142857142857,
    0.82,
    0.45871559633027525,
    0.0,
    0.46153846153846156,
    0.6222222222222222,
    0.38461538461538464,
    0.125,
    0.6732673267326733,
    0.5542168674698795,
    0.07272727272727272,
    0.5714285714285714,
    0.3698630136986301,
    0.5409836065573771,
    0.26356589147286824,
    0.2446043165467626,
    0.4077669902912621,
    0.41904761904761906,
    0.4576271186440678,
    0.5287356321839081,
    0.5048543689320388,
    0.35658914728682173,
    0.37777777777777777,
    0.25,
    0.5688073394495413,
    0.3620689655172414,
    0.5619834710743802,
    0.5210084033613446,
    0.5846153846153846,
    0.5470085470085471,
    0.2978723404255319,
    0.5225225225225225,
    0.24,
    0.48484848484848486,
    0.24719101123595505
  ],