{
  "accuracy": 0.4136,
  "precision_macro": 0.42206383681137283,
  "recall_macro": 0.41359999999999997,
  "f1_macro": 0.39934132658358296,
  "precision_weighted": 0.4220638368113729,
  "recall_weighted": 0.4136,
  "f1_weighted": 0.39934132658358296,
  "per_class_f1": [
    0.6915887850467289,
    0.7474747474747475,
    0.4027777777777778,
    0.27522935779816515,
    0.34394904458598724,
    0.075,
    0.5714285714285714,
    0.3333333333333333,
    0.6538461538461539,
    0.3090909090909091,
    0.1791044776119403,
    0.4,
    0.4576271186440678,
    0.6739130434782609,
    0.5106382978723404,
    0.25263157894736843,
    0.23684210526315788,
    0.5242718446601942,
    0.4132231404958678,
    0.5476190476190477,
    0.47058823529411764,
    0.6296296296296297,
    0.6017699115044248,
    0.7047619047619048,
    0.18947368421052632,
    0.5904761904761905,
    0.5161290322580645,
    0.19047619047619047,
    0.3472222222222222,
    0.08955223880597014,
    0.4672897196261682,
    0.45161290322580644,
    0.23255813953488372,
    0.14084507042253522,
    0.44755244755244755,
    0.4927536231884058,
    0.6590909090909091,
    0.38596491228070173,
    0.5046728971962616,
    0.35051546391752575,
    0.16279069767441862,
    0.3132530120481928,
    0.45544554455445546,
    0.40963855421686746,
    0.8260869565217391,
    0.6363636363636364,
    0.41904761904761906,
    0.46464646464646464,
    0.18666666666666668,
    0.14492753623188406,
    0.5396825396825397,
    0.3106796116504854,
    0.5511811023622047,
    0.368,
    0.4318181818181818,
    0.4857142857142857,
    0.2204724409448819,
    0.48,
    0.7551020408163265,
    0.3950617283950617,
    0.4915254237288136,
    0.46153846153846156,
    0.17647058823529413,
    0.2692307692307692,
    0.03076923076923077,
    0.2125,
    0.5591397849462365,
    0.24324324324324326,
    0.3157894736842105,
    0.3137254901960784,
    0.2857142857142857,
    0.625,
    0.3333333333333333,
    0.47058823529411764,
    0.46511627906976744,
    0.273972602739726,
    0.3170731707317073,
    0.05194805194805195,
    0.74,
    0.3188405797101449,
    0.136986301369863,
    0.7079646017699115,
    0.3728813559322034,
    0.21333333333333335,
    0.2916666666666667,
    0.3434343434343434,
    0.47058823529411764,
    0.33663366336633666,
    0.03636363636363636,
    0.3373493975903614,
    0.45255474452554745,
    0.48148148148148145,
    0.3,
    0.34408602150537637,
    0.3969465648854962,
    0.3595505617977528,
    0.3404255319148936,
    0.3275862068965517,
    0.4915254237288136,
    0.12903225806451613,
    0.056338028169014086,
    0.5370370370370371,
    0.208955223880597,
    0.7472527472527473,
    0.29213483146067415,
    0.2764227642276423,
    0.27450980392156865,
    0.609375,
    0.6382978723404256,
    0.3883495145631068,
    0.2826086956521739,
    0.5573770491803278,
    0.22413793103448276,
    0.3142857142857143,
    0.3333333333333333,
    0.8275862068965517,
    0.35135135135135137,
    0.47761194029850745,
    0.5981308411214953,
    0.2857142857142857,
    0.3486238532110092,
    0.5365853658536586,
    0.14084507042253522,
    0.18085106382978725,
    0.7454545454545455,
    0.27848101265822783,
    0.4536082474226804,
    0.410958904109589,
    0.4375,
    0.5684210526315789,
    0.3116883116883117,
    0.0,
    0.13114754098360656,
    0.5773195876288659,
    0.47058823529411764,
    0.13333333333333333,
    0.24581005586592178,
    0.2608695652173913,
    0.1702127659574468,
    0.15384615384615385,
    0.4583333333333333,
    0.325,
    0.4731182795698925,
    0.7008547008547008,
    0.37168141592920356,
    0.7889908256880734,
    0.5842696629213483,
    0.24427480916030533,
    0.4,
    0.5116279069767442,
    0.42857142857142855,
    0.3287671232876712,
    0.5185185185185185,
    0.47191011235955055,
    0.5054945054945055,
    0.40963855421686746,
    0.2708333333333333,
    0.36363636363636365,
    0.273972602739726,
    0.06779661016949153,
    0.3089430894308943,
    0.34408602150537637,
    0.5647058823529412,
    0.3695652173913043,
    0.4854368932038835,
    0.7358490566037735,
    0.7619047619047619,
    0.4,
    0.028985507246376812,
    0.24489795918367346,
    0.6739130434782609,
    0.39603960396039606,
    0.09090909090909091,
    0.6095238095238096,
    0.410958904109589,
    0.07407407407407407,
    0.627906976744186,
    0.3561643835616438,
    0.6363636363636364,
    0.14634146341463414,
    0.23423423423423423,
    0.3291139240506329,
    0.4107142857142857,
    0.5301204819277109,
    0.5961538461538461,
    0.46296296296296297,
    0.46938775510204084,
    0.5,
    0.38333333333333336,
    0.5172413793103449,
    0.34951456310679613,
    0.5688073394495413,
    0.4666666666666667,
    0.6187050359712231,
    0.45454545454545453,
    0.38095238095238093,
    0.53125,
    0.208955223880597,
    0.46551724137931033,
    0.3442622950819672
  ],