{
  "accuracy": 0.4162,
  "precision_macro": 0.42523010290294894,
  "recall_macro": 0.41620000000000007,
  "f1_macro": 0.39969908313645097,
  "precision_weighted": 0.425230102902949,
  "recall_weighted": 0.4162,
  "f1_weighted": 0.399699083136451,
  "per_class_f1": [
    0.6446280991735537,
    0.6851851851851852,
    0.35135135135135137,
    0.23809523809523808,
    0.4426229508196721,
    0.1038961038961039,
    0.56,
    0.3013698630136986,
    0.6153846153846154,
    0.32727272727272727,
    0.17142857142857143,
    0.43564356435643564,
    0.4748201438848921,
    0.6262626262626263,
    0.48717948717948717,
    0.29545454545454547,
    0.25,
    0.4716981132075472,
    0.39097744360902253,
    0.5360824742268041,
    0.4954128440366973,
    0.6526315789473685,
    0.6153846153846154,
    0.7567567567567568,
    0.17204301075268819,
    0.5303030303030303,
    0.45544554455445546,
    0.07142857142857142,
    0.3963963963963964,
    0.14285714285714285,
    0.2972972972972973,
    0.448,
    0.34408602150537637,
    0.26666666666666666,
    0.5132743362831859,
    0.49586776859504134,
    0.6868686868686869,
    0.3870967741935484,
    0.48,
    0.37777777777777777,
    0.13333333333333333,
    0.3269230769230769,
    0.35555555555555557,
    0.4077669902912621,
    0.8444444444444444,
    0.583941605839416,
    0.33613445378151263,
    0.42735042735042733,
    0.17391304347826086,
    0.16,
    0.5528455284552846,
    0.24691358024691357,
    0.6470588235294118,
    0.4230769230769231,
    0.44680851063829785,
    0.46153846153846156,
    0.2376237623762376,
    0.6122448979591837,
    0.6923076923076923,
    0.43373493975903615,
    0.45098039215686275,
    0.5739130434782609,
    0.15584415584415584,
    0.35555555555555557,
    0.12698412698412698,
    0.174496644295302,
    0.5,
    0.23529411764705882,
    0.3448275862068966,
    0.1864406779661017,
    0.1875,
    0.6428571428571429,
    0.34234234234234234,
    0.43103448275862066,
    0.45,
    0.21875,
    0.3013698630136986,
    0.06779661016949153,
    0.6846846846846847,
    0.23529411764705882,
    0.09230769230769231,
    0.7115384615384616,
    0.34615384615384615,
    0.25225225225225223,
    0.3684210526315789,
    0.4230769230769231,
    0.44680851063829785,
    0.3252032520325203,
    0.0,
    0.4,
    0.512,
    0.4727272727272727,
    0.38202247191011235,
    0.425531914893617,
    0.4918032786885246,
    0.42201834862385323,
    0.3023255813953488,
    0.3314285714285714,
    0.36538461538461536,
    0.12195121951219512,
    0.13333333333333333,
    0.5360824742268041,
    0.2962962962962963,
    0.7102803738317757,
    0.35789473684210527,
    0.18181818181818182,
    0.1794871794871795,
    0.5606060606060606,
    0.6595744680851063,
    0.5591397849462365,
    0.32432432432432434,
    0.5128205128205128,
    0.3877551020408163,
    0.3466666666666667,
    0.28888888888888886,
    0.7647058823529411,
    0.46601941747572817,
    0.5504587155963303,
    0.7128712871287128,
    0.3614457831325301,
    0.2545454545454545,
    0.5242718446601942,
    0.14285714285714285,
    0.19540229885057472,
    0.6307692307692307,
    0.15555555555555556,
    0.4489795918367347,
    0.3125,
    0.4,
    0.5747126436781609,
    0.27586206896551724,
    0.0,
    0.22535211267605634,
    0.6456692913385826,
    0.41025641025641024,
    0.03389830508474576,
    0.26490066225165565,
    0.2318840579710145,
    0.17475728155339806,
    0.15151515151515152,
    0.4057971014492754,
    0.2222222222222222,
    0.4,
    0.7017543859649122,
    0.2809917355371901,
    0.8282828282828283,
    0.6511627906976745,
    0.24817518248175183,
    0.391304347826087,
    0.42857142857142855,
    0.5476190476190477,
    0.22580645161290322,
    0.4634146341463415,
    0.4791666666666667,
    0.45454545454545453,
    0.4444444444444444,
    0.3037974683544304,
    0.37254901960784315,
    0.2702702702702703,
    0.03636363636363636,
    0.30158730158730157,
    0.2857142857142857,
    0.5454545454545454,
    0.36363636363636365,
    0.4791666666666667,
    0.8043478260869565,
    0.7666666666666667,
    0.4666666666666667,
    0.125,
    0.2988505747126437,
    0.6590909090909091,
    0.4835164835164835,
    0.19047619047619047,
    0.7272727272727273,
    0.22988505747126436,
    0.10526315789473684,
    0.6436781609195402,
    0.33513513513513515,
    0.5538461538461539,
    0.1935483870967742,
    0.22900763358778625,
    0.4090909090909091,
    0.32941176470588235,
    0.4954128440366973,
    0.6101694915254238,
    0.5,
    0.4791666666666667,
    0.5094339622641509,
    0.36065573770491804,
    0.52,
    0.35514018691588783,
    0.603448275862069,
    0.5714285714285714,
    0.6857142857142857,
    0.4732824427480916,
    0.3434343434343434,
    0.5151515151515151,
    0.3157894736842105,
    0.4024390243902439,
    0.21505376344086022
  ],