{
  "accuracy": 0.4202,
  "precision_macro": 0.42113347442847293,
  "recall_macro": 0.42020000000000013,
  "f1_macro": 0.400878054226814,
  "precision_weighted": 0.4211334744284729,
  "recall_weighted": 0.4202,
  "f1_weighted": 0.400878054226814,
  "per_class_f1": [
    0.6306306306306306,
    0.6785714285714286,
    0.4126984126984127,
    0.33707865168539325,
    0.423728813559322,
    0.10256410256410256,
    0.5964912280701754,
    0.22857142857142856,
    0.6016260162601627,
    0.2898550724637681,
    0.19148936170212766,
    0.5319148936170213,
    0.5254237288135594,
    0.6938775510204082,
    0.5510204081632653,
    0.3111111111111111,
    0.30952380952380953,
    0.5486725663716814,
    0.3541666666666667,
    0.5376344086021505,
    0.509090909090909,
    0.6823529411764706,
    0.5982905982905983,
    0.711864406779661,
    0.19230769230769232,
    0.5,
    0.47863247863247865,
    0.08333333333333333,
    0.3305785123966942,
    0.03125,
    0.13333333333333333,
    0.4778761061946903,
    0.3,
    0.1728395061728395,
    0.4413793103448276,
    0.4264705882352941,
    0.609375,
    0.42105263157894735,
    0.4791666666666667,
    0.21621621621621623,
    0.1797752808988764,
    0.27522935779816515,
    0.411214953271028,
    0.4485981308411215,
    0.8367346938775511,
    0.7924528301886793,
    0.38333333333333336,
    0.4444444444444444,
    0.1016949152542373,
    0.16666666666666666,
    0.5909090909090909,
    0.26666666666666666,
    0.6601941747572816,
    0.4,
    0.37333333333333335,
    0.43870967741935485,
    0.21052631578947367,
    0.5283018867924528,
    0.6902654867256637,
    0.38961038961038963,
    0.4142857142857143,
    0.5,
    0.2823529411764706,
    0.3111111111111111,
    0.2,
    0.25210084033613445,
    0.5111111111111111,
    0.2413793103448276,
    0.38509316770186336,
    0.21176470588235294,
    0.2647058823529412,
    0.6605504587155964,
    0.26506024096385544,
    0.41904761904761906,
    0.47706422018348627,
    0.3037974683544304,
    0.29473684210526313,
    0.03125,
    0.76,
    0.21875,
    0.03773584905660377,
    0.7241379310344828,
    0.358974358974359,
    0.3037974683544304,
    0.2857142857142857,
    0.3409090909090909,
    0.47619047619047616,
    0.37037037037037035,
    0.07142857142857142,
    0.42105263157894735,
    0.41935483870967744,
    0.44274809160305345,
    0.3950617283950617,
    0.4489795918367347,
    0.49523809523809526,
    0.3770491803278688,
    0.30927835051546393,
    0.389937106918239,
    0.4909090909090909,
    0.16216216216216217,
    0.21052631578947367,
    0.6464646464646465,
    0.34210526315789475,
    0.7777777777777778,
    0.37894736842105264,
    0.24358974358974358,
    0.14285714285714285,
    0.6271186440677966,
    0.6938775510204082,
    0.4421052631578947,
    0.39285714285714285,
    0.5223880597014925,
    0.3089430894308943,
    0.3614457831325301,
    0.2716049382716049,
    0.7524752475247525,
    0.42857142857142855,
    0.4444444444444444,
    0.6857142857142857,
    0.19607843137254902,
    0.39285714285714285,
    0.44680851063829785,
    0.09523809523809523,
    0.17834394904458598,
    0.6972477064220184,
    0.23076923076923078,
    0.48,
    0.3582089552238806,
    0.4266666666666667,
    0.5154639175257731,
    0.32323232323232326,
    0.0,
    0.11940298507462686,
    0.6666666666666666,
    0.4444444444444444,
    0.07272727272727272,
    0.2684563758389262,
    0.1791044776119403,
    0.16091954022988506,
    0.1016949152542373,
    0.44,
    0.3013698630136986,
    0.3958333333333333,
    0.7130434782608696,
    0.3302752293577982,
    0.8,
    0.6290322580645161,
    0.3047619047619048,
    0.36363636363636365,
    0.4897959183673469,
    0.5,
    0.16666666666666666,
    0.42696629213483145,
    0.5254237288135594,
    0.5121951219512195,
    0.4731182795698925,
    0.2777777777777778,
    0.38202247191011235,
    0.23684210526315788,
    0.09090909090909091,
    0.2916666666666667,
    0.3516483516483517,
    0.5,
    0.37735849056603776,
    0.5384615384615384,
    0.8073394495412844,
    0.819047619047619,
    0.3418803418803419,
    0.06666666666666667,
    0.22988505747126436,
    0.6808510638297872,
    0.3898305084745763,
    0.125,
    0.6326530612244898,
    0.18666666666666668,
    0.07272727272727272,
    0.6486486486486487,
    0.35514018691588783,
    0.6464646464646465,
    0.19607843137254902,
    0.22018348623853212,
    0.38461538461538464,
    0.3120567375886525,
    0.5048543689320388,
    0.5769230769230769,
    0.5454545454545454,
    0.5263157894736842,
    0.52,
    0.4175824175824176,
    0.48484848484848486,
    0.43010752688172044,
    0.6153846153846154,
    0.40268456375838924,
    0.639344262295082,
    0.5087719298245614,
    0.38,
    0.5142857142857142,
    0.1839080459770115,
    0.4722222222222222,
    0.32432432432432434
  ],