{
  "accuracy": 0.3716,
  "precision_macro": 0.413722065789347,
  "recall_macro": 0.3716,
  "f1_macro": 0.3639199647710972,
  "precision_weighted": 0.413722065789347,
  "recall_weighted": 0.3716,
  "f1_weighted": 0.36391996477109717,
  "per_class_f1": [
    0.631578947368421,
    0.48484848484848486,
    0.3010752688172043,
    0.19444444444444445,
    0.2733812949640288,
    0.027777777777777776,
    0.5813953488372093,
    0.1095890410958904,
    0.5420560747663551,
    0.2809917355371901,
    0.0625,
    0.4444444444444444,
    0.5137614678899083,
    0.4772727272727273,
    0.5066666666666667,
    0.22580645161290322,
    0.2571428571428571,
    0.42990654205607476,
    0.31932773109243695,
    0.47191011235955055,
    0.45098039215686275,
    0.6097560975609756,
    0.5641025641025641,
    0.6942148760330579,
    0.2,
    0.5137614678899083,
    0.46511627906976744,
    0.03389830508474576,
    0.3695652173913043,
    0.09090909090909091,
    0.36363636363636365,
    0.5581395348837209,
    0.3225806451612903,
    0.3119266055045872,
    0.45871559633027525,
    0.4793388429752066,
    0.7010309278350515,
    0.3333333333333333,
    0.47706422018348627,
    0.21686746987951808,
    0.2077922077922078,
    0.18666666666666668,
    0.21621621621621623,
    0.4,
    0.7378640776699029,
    0.6178861788617886,
    0.19718309859154928,
    0.47619047619047616,
    0.25396825396825395,
    0.19444444444444445,
    0.6140350877192983,
    0.2891566265060241,
    0.6105263157894737,
    0.40860215053763443,
    0.3235294117647059,
    0.23963133640552994,
    0.04081632653061224,
    0.5471698113207547,
    0.6796116504854369,
    0.3333333333333333,
    0.5217391304347826,
    0.37714285714285717,
    0.2535211267605634,
    0.345679012345679,
    0.14285714285714285,
    0.15555555555555556,
    0.5319148936170213,
    0.16129032258064516,
    0.3404255319148936,
    0.17475728155339806,
    0.2,
    0.6796116504854369,
    0.25806451612903225,
    0.34615384615384615,
    0.39316239316239315,
    0.29411764705882354,
    0.32432432432432434,
    0.03333333333333333,
    0.7157894736842105,
    0.13793103448275862,
    0.09523809523809523,
    0.6851851851851852,
    0.3067484662576687,
    0.2571428571428571,
    0.225,
    0.30952380952380953,
    0.35789473684210527,
    0.28888888888888886,
    0.0,
    0.3684210526315789,
    0.42990654205607476,
    0.48598130841121495,
    0.2727272727272727,
    0.36220472440944884,
    0.35,
    0.35555555555555557,
    0.24060150375939848,
    0.3783783783783784,
    0.4583333333333333,
    0.06349206349206349,
    0.15384615384615385,
    0.6153846153846154,
    0.3373493975903614,
    0.6601941747572816,
    0.29850746268656714,
    0.2222222222222222,
    0.11428571428571428,
    0.5413533834586466,
    0.7070707070707071,
    0.55,
    0.25882352941176473,
    0.43410852713178294,
    0.3508771929824561,
    0.4444444444444444,
    0.3368421052631579,
    0.717948717948718,
    0.4380952380952381,
    0.5,
    0.5607476635514018,
    0.08108108108108109,
    0.26548672566371684,
    0.38636363636363635,
    0.07766990291262135,
    0.17204301075268819,
    0.6837606837606838,
    0.1686746987951807,
    0.37606837606837606,
    0.29333333333333333,
    0.38848920863309355,
    0.5517241379310345,
    0.1917808219178082,
    0.0,
    0.1016949152542373,
    0.6260869565217392,
    0.391304347826087,
    0.09375,
    0.24299065420560748,
    0.11320754716981132,
    0.20618556701030927,
    0.10714285714285714,
    0.336283185840708,
    0.208955223880597,
    0.33766233766233766,
    0.624,
    0.23529411764705882,
    0.6338028169014085,
    0.591304347826087,
    0.12962962962962962,
    0.3877551020408163,
    0.345679012345679,
    0.4094488188976378,
    0.3561643835616438,
    0.24,
    0.5289256198347108,
    0.48,
    0.4946236559139785,
    0.24615384615384617,
    0.26666666666666666,
    0.27848101265822783,
    0.0,
    0.20512820512820512,
    0.39603960396039606,
    0.4943820224719101,
    0.3458646616541353,
    0.4752475247524752,
    0.6153846153846154,
    0.7766990291262136,
    0.3561643835616438,
    0.03636363636363636,
    0.425531914893617,
    0.6428571428571429,
    0.35359116022099446,
    0.15625,
    0.6238532110091743,
    0.3404255319148936,
    0.0,
    0.5740740740740741,
    0.3333333333333333,
    0.5470085470085471,
    0.21428571428571427,
    0.21818181818181817,
    0.43010752688172044,
    0.39622641509433965,
    0.5333333333333333,
    0.6067415730337079,
    0.5625,
    0.4358974358974359,
    0.44680851063829785,
    0.2191780821917808,
    0.6105263157894737,
    0.3368421052631579,
    0.5606060606060606,
    0.464,
    0.6190476190476191,
    0.4731182795698925,
    0.2236842105263158,
    0.4931506849315068,
    0.1978021978021978,
    0.3111111111111111,
    0.23684210526315788
  ],