{
  "accuracy": 0.4149,
  "precision_macro": 0.4210683475365725,
  "recall_macro": 0.41490000000000005,
  "f1_macro": 0.39875469032470334,
  "precision_weighted": 0.4210683475365725,
  "recall_weighted": 0.4149,
  "f1_weighted": 0.3987546903247033,
  "per_class_f1": [
    0.6722689075630253,
    0.6728971962616822,
    0.43661971830985913,
    0.34782608695652173,
    0.4339622641509434,
    0.12987012987012986,
    0.5617977528089888,
    0.1523809523809524,
    0.6666666666666666,
    0.3308270676691729,
    0.18181818181818182,
    0.46846846846846846,
    0.4520547945205479,
    0.6274509803921569,
    0.4888888888888889,
    0.29473684210526313,
    0.1,
    0.5376344086021505,
    0.3793103448275862,
    0.5294117647058824,
    0.5098039215686274,
    0.6451612903225806,
    0.5666666666666667,
    0.7107438016528925,
    0.21951219512195122,
    0.5225225225225225,
    0.3511450381679389,
    0.07228915662650602,
    0.3357664233576642,
    0.03571428571428571,
    0.4492753623188406,
    0.5714285714285714,
    0.08450704225352113,
    0.12987012987012986,
    0.421875,
    0.43478260869565216,
    0.6846846846846847,
    0.43636363636363634,
    0.45614035087719296,
    0.3779527559055118,
    0.1794871794871795,
    0.2857142857142857,
    0.34782608695652173,
    0.48148148148148145,
    0.8333333333333334,
    0.7346938775510204,
    0.3418803418803419,
    0.46601941747572817,
    0.13333333333333333,
    0.23529411764705882,
    0.5538461538461539,
    0.2882882882882883,
    0.6326530612244898,
    0.3448275862068966,
    0.4935064935064935,
    0.47244094488188976,
    0.26153846153846155,
    0.5142857142857142,
    0.7326732673267327,
    0.34782608695652173,
    0.4,
    0.5619834710743802,
    0.24390243902439024,
    0.3888888888888889,
    0.06896551724137931,
    0.2331288343558282,
    0.5747126436781609,
    0.23880597014925373,
    0.4316546762589928,
    0.24489795918367346,
    0.34146341463414637,
    0.5967741935483871,
    0.2916666666666667,
    0.3917525773195876,
    0.36363636363636365,
    0.3188405797101449,
    0.38461538461538464,
    0.09230769230769231,
    0.7102803738317757,
    0.25806451612903225,
    0.11627906976744186,
    0.7663551401869159,
    0.36879432624113473,
    0.19753086419753085,
    0.3238095238095238,
    0.34615384615384615,
    0.4691358024691358,
    0.34710743801652894,
    0.0,
    0.3711340206185567,
    0.46875,
    0.496,
    0.3188405797101449,
    0.4752475247524752,
    0.3157894736842105,
    0.36585365853658536,
    0.20512820512820512,
    0.348993288590604,
    0.45871559633027525,
    0.15789473684210525,
    0.10526315789473684,
    0.5894736842105263,
    0.3,
    0.6730769230769231,
    0.36363636363636365,
    0.29213483146067415,
    0.18181818181818182,
    0.5806451612903226,
    0.6741573033707865,
    0.40476190476190477,
    0.3434343434343434,
    0.5333333333333333,
    0.2882882882882883,
    0.3611111111111111,
    0.25,
    0.7647058823529411,
    0.4423076923076923,
    0.43283582089552236,
    0.6190476190476191,
    0.2926829268292683,
    0.3018867924528302,
    0.4470588235294118,
    0.2033898305084746,
    0.14814814814814814,
    0.6615384615384615,
    0.2247191011235955,
    0.4186046511627907,
    0.33766233766233766,
    0.4482758620689655,
    0.5176470588235295,
    0.3037974683544304,
    0.0,
    0.24,
    0.6262626262626263,
    0.425,
    0.06779661016949153,
    0.27906976744186046,
    0.2647058823529412,
    0.18018018018018017,
    0.12121212121212122,
    0.4489795918367347,
    0.20588235294117646,
    0.4175824175824176,
    0.6890756302521008,
    0.34710743801652894,
    0.8316831683168316,
    0.625,
    0.2361111111111111,
    0.39622641509433965,
    0.43478260869565216,
    0.432,
    0.2972972972972973,
    0.4666666666666667,
    0.21052631578947367,
    0.5227272727272727,
    0.4444444444444444,
    0.35714285714285715,
    0.3364485981308411,
    0.26804123711340205,
    0.09523809523809523,
    0.3177570093457944,
    0.38202247191011235,
    0.5060240963855421,
    0.35772357723577236,
    0.5132743362831859,
    0.6379310344827587,
    0.8214285714285714,
    0.4631578947368421,
    0.06557377049180328,
    0.3076923076923077,
    0.7083333333333334,
    0.3917525773195876,
    0.11594202898550725,
    0.651685393258427,
    0.4090909090909091,
    0.038461538461538464,
    0.6206896551724138,
    0.36363636363636365,
    0.6153846153846154,
    0.26666666666666666,
    0.2803738317757009,
    0.43010752688172044,
    0.37735849056603776,
    0.5777777777777777,
    0.6213592233009708,
    0.5957446808510638,
    0.4854368932038835,
    0.3950617283950617,
    0.3146067415730337,
    0.5849056603773585,
    0.38,
    0.6181818181818182,
    0.512396694214876,
    0.7663551401869159,
    0.448,
    0.37037037037037035,
    0.576,
    0.18556701030927836,
    0.41830065359477125,
    0.2702702702702703
  ],