{
  "accuracy": 0.4098,
  "precision_macro": 0.42535459413397847,
  "recall_macro": 0.40980000000000005,
  "f1_macro": 0.3937612700589531,
  "precision_weighted": 0.42535459413397847,
  "recall_weighted": 0.4098,
  "f1_weighted": 0.3937612700589531,
  "per_class_f1": [
    0.7,
    0.6956521739130435,
    0.421875,
    0.2857142857142857,
    0.38926174496644295,
    0.09523809523809523,
    0.5641025641025641,
    0.14634146341463414,
    0.6055045871559633,
    0.3375,
    0.25287356321839083,
    0.5,
    0.5555555555555556,
    0.625,
    0.4819277108433735,
    0.21333333333333335,
    0.17142857142857143,
    0.4827586206896552,
    0.26277372262773724,
    0.594059405940594,
    0.5321100917431193,
    0.6813186813186813,
    0.6060606060606061,
    0.6732673267326733,
    0.2222222222222222,
    0.48175182481751827,
    0.4807692307692308,
    0.15384615384615385,
    0.3333333333333333,
    0.06896551724137931,
    0.3888888888888889,
    0.46017699115044247,
    0.2,
    0.1935483870967742,
    0.5,
    0.46153846153846156,
    0.6666666666666666,
    0.39080459770114945,
    0.48739495798319327,
    0.3333333333333333,
    0.14814814814814814,
    0.2857142857142857,
    0.3488372093023256,
    0.37037037037037035,
    0.8409090909090909,
    0.7524752475247525,
    0.4536082474226804,
    0.4791666666666667,
    0.14705882352941177,
    0.25316455696202533,
    0.5806451612903226,
    0.3106796116504854,
    0.6086956521739131,
    0.39622641509433965,
    0.2898550724637681,
    0.4881889763779528,
    0.18823529411764706,
    0.5981308411214953,
    0.74,
    0.33766233766233766,
    0.48214285714285715,
    0.5084745762711864,
    0.3106796116504854,
    0.3125,
    0.14492753623188406,
    0.2692307692307692,
    0.6595744680851063,
    0.16393442622950818,
    0.3383084577114428,
    0.291970802919708,
    0.3597122302158273,
    0.591304347826087,
    0.21212121212121213,
    0.46296296296296297,
    0.4626865671641791,
    0.23809523809523808,
    0.3188405797101449,
    0.0,
    0.6956521739130435,
    0.16666666666666666,
    0.09230769230769231,
    0.6721311475409836,
    0.34355828220858897,
    0.2857142857142857,
    0.27184466019417475,
    0.3469387755102041,
    0.4878048780487805,
    0.35294117647058826,
    0.07272727272727272,
    0.3669724770642202,
    0.39751552795031053,
    0.43636363636363634,
    0.32989690721649484,
    0.41237113402061853,
    0.3058823529411765,
    0.4235294117647059,
    0.3559322033898305,
    0.34285714285714286,
    0.448,
    0.125,
    0.10810810810810811,
    0.5806451612903226,
    0.34782608695652173,
    0.782608695652174,
    0.28865979381443296,
    0.26229508196721313,
    0.25,
    0.5255474452554745,
    0.6590909090909091,
    0.475,
    0.28865979381443296,
    0.4563758389261745,
    0.3137254901960784,
    0.3380281690140845,
    0.4,
    0.7169811320754716,
    0.43956043956043955,
    0.46511627906976744,
    0.6138613861386139,
    0.2692307692307692,
    0.34951456310679613,
    0.5227272727272727,
    0.0967741935483871,
    0.1891891891891892,
    0.6846846846846847,
    0.2857142857142857,
    0.42592592592592593,
    0.3466666666666667,
    0.46153846153846156,
    0.5168539325842697,
    0.1917808219178082,
    0.0,
    0.2153846153846154,
    0.5979381443298969,
    0.5057471264367817,
    0.13559322033898305,
    0.24561403508771928,
    0.20588235294117646,
    0.17721518987341772,
    0.13333333333333333,
    0.3779527559055118,
    0.3380281690140845,
    0.4090909090909091,
    0.6446280991735537,
    0.297029702970297,
    0.7787610619469026,
    0.6593406593406593,
    0.24742268041237114,
    0.2988505747126437,
    0.40404040404040403,
    0.4807692307692308,
    0.29850746268656714,
    0.3283582089552239,
    0.5454545454545454,
    0.4090909090909091,
    0.40963855421686746,
    0.3076923076923077,
    0.23255813953488372,
    0.2682926829268293,
    0.037037037037037035,
    0.27956989247311825,
    0.29213483146067415,
    0.5316455696202531,
    0.31683168316831684,
    0.5384615384615384,
    0.7241379310344828,
    0.8269230769230769,
    0.3893805309734513,
    0.030303030303030304,
    0.41818181818181815,
    0.6506024096385542,
    0.3939393939393939,
    0.1694915254237288,
    0.6458333333333334,
    0.4375,
    0.07407407407407407,
    0.631578947368421,
    0.36585365853658536,
    0.6037735849056604,
    0.1686746987951807,
    0.27956989247311825,
    0.379746835443038,
    0.33962264150943394,
    0.49411764705882355,
    0.6363636363636364,
    0.6436781609195402,
    0.22459893048128343,
    0.5106382978723404,
    0.23931623931623933,
    0.5,
    0.35294117647058826,
    0.6071428571428571,
    0.4927536231884058,
    0.628099173553719,
    0.3617021276595745,
    0.368,
    0.5,
    0.2891566265060241,
    0.31351351351351353,
    0.2857142857142857
  ],