{
  "accuracy": 0.3416,
  "precision_macro": 0.41085451266713685,
  "recall_macro": 0.3416,
  "f1_macro": 0.33996999378506687,
  "precision_weighted": 0.4108545126671369,
  "recall_weighted": 0.3416,
  "f1_weighted": 0.3399699937850668,
  "per_class_f1": [
    0.5233644859813084,
    0.6721311475409836,
    0.3875968992248062,
    0.2926829268292683,
    0.288135593220339,
    0.07692307692307693,
    0.4044943820224719,
    0.08955223880597014,
    0.5454545454545454,
    0.2261904761904762,
    0.037037037037037035,
    0.30985915492957744,
    0.4806201550387597,
    0.45,
    0.3835616438356164,
    0.22535211267605634,
    0.17543859649122806,
    0.47619047619047616,
    0.3140495867768595,
    0.5333333333333333,
    0.37037037037037035,
    0.6666666666666666,
    0.48717948717948717,
    0.6185567010309279,
    0.22988505747126436,
    0.4225352112676056,
    0.4126984126984127,
    0.07142857142857142,
    0.26262626262626265,
    0.07142857142857142,
    0.3409090909090909,
    0.4523809523809524,
    0.20588235294117646,
    0.08450704225352113,
    0.43859649122807015,
    0.41818181818181815,
    0.6415094339622641,
    0.23684210526315788,
    0.49056603773584906,
    0.3181818181818182,
    0.10714285714285714,
    0.208955223880597,
    0.22857142857142856,
    0.41304347826086957,
    0.8297872340425532,
    0.6666666666666666,
    0.16393442622950818,
    0.5154639175257731,
    0.2153846153846154,
    0.18,
    0.5466666666666666,
    0.27586206896551724,
    0.651685393258427,
    0.38636363636363635,
    0.17777777777777778,
    0.40993788819875776,
    0.1724137931034483,
    0.45871559633027525,
    0.5538461538461539,
    0.38235294117647056,
    0.4251968503937008,
    0.4594594594594595,
    0.09523809523809523,
    0.29545454545454547,
    0.14492753623188406,
    0.056338028169014086,
    0.5208333333333334,
    0.07407407407407407,
    0.36585365853658536,
    0.11764705882352941,
    0.16470588235294117,
    0.6881720430107527,
    0.2138364779874214,
    0.32098765432098764,
    0.4,
    0.14925373134328357,
    0.11940298507462686,
    0.11940298507462686,
    0.6881720430107527,
    0.03773584905660377,
    0.0,
    0.6964285714285714,
    0.31746031746031744,
    0.2972972972972973,
    0.17307692307692307,
    0.3333333333333333,
    0.3838383838383838,
    0.2708333333333333,
    0.07017543859649122,
    0.3,
    0.2857142857142857,
    0.5,
    0.1724137931034483,
    0.38461538461538464,
    0.4117647058823529,
    0.34285714285714286,
    0.14492753623188406,
    0.30601092896174864,
    0.45161290322580644,
    0.03225806451612903,
    0.13333333333333333,
    0.4835164835164835,
    0.23809523809523808,
    0.72,
    0.3283582089552239,
    0.20689655172413793,
    0.1411764705882353,
    0.48120300751879697,
    0.6105263157894737,
    0.325,
    0.16666666666666666,
    0.5818181818181818,
    0.34408602150537637,
    0.3013698630136986,
    0.2619047619047619,
    0.7555555555555555,
    0.4186046511627907,
    0.30952380952380953,
    0.5510204081632653,
    0.21978021978021978,
    0.3008849557522124,
    0.5714285714285714,
    0.03125,
    0.176,
    0.7254901960784313,
    0.13636363636363635,
    0.4897959183673469,
    0.34210526315789475,
    0.3246753246753247,
    0.5208333333333334,
    0.23880597014925373,
    0.0392156862745098,
    0.06451612903225806,
    0.6238532110091743,
    0.4266666666666667,
    0.1643835616438356,
    0.17721518987341772,
    0.06896551724137931,
    0.13333333333333333,
    0.03571428571428571,
    0.28187919463087246,
    0.30303030303030304,
    0.38961038961038963,
    0.6782608695652174,
    0.16,
    0.8113207547169812,
    0.6336633663366337,
    0.19047619047619047,
    0.25806451612903225,
    0.45569620253164556,
    0.5102040816326531,
    0.2153846153846154,
    0.30985915492957744,
    0.3368421052631579,
    0.32941176470588235,
    0.3770491803278688,
    0.25,
    0.3333333333333333,
    0.21052631578947367,
    0.037037037037037035,
    0.21951219512195122,
    0.275,
    0.4383561643835616,
    0.4175824175824176,
    0.42276422764227645,
    0.6548672566371682,
    0.7415730337078652,
    0.30952380952380953,
    0.0,
    0.41975308641975306,
    0.6506024096385542,
    0.3076923076923077,
    0.10909090909090909,
    0.6041666666666666,
    0.3291139240506329,
    0.0,
    0.5084745762711864,
    0.2782608695652174,
    0.532258064516129,
    0.24242424242424243,
    0.25225225225225223,
    0.30303030303030304,
    0.4158415841584158,
    0.42696629213483145,
    0.4262295081967213,
    0.6326530612244898,
    0.07736389684813753,
    0.38095238095238093,
    0.2982456140350877,
    0.43037974683544306,
    0.3181818181818182,
    0.6206896551724138,
    0.4642857142857143,
    0.6363636363636364,
    0.3333333333333333,
    0.3111111111111111,
    0.5365853658536586,
    0.1016949152542373,
    0.12698412698412698,
    0.18947368421052632
  ],