{
  "accuracy": 0.4046,
  "precision_macro": 0.4108318248284049,
  "recall_macro": 0.4046,
  "f1_macro": 0.3860356682413382,
  "precision_weighted": 0.4108318248284049,
  "recall_weighted": 0.4046,
  "f1_weighted": 0.38603566824133817,
  "per_class_f1": [
    0.6504065040650406,
    0.5891472868217055,
    0.40298507462686567,
    0.3140495867768595,
    0.375,
    0.05263157894736842,
    0.5299145299145299,
    0.23404255319148937,
    0.6851851851851852,
    0.3611111111111111,
    0.2558139534883721,
    0.5360824742268041,
    0.5046728971962616,
    0.6153846153846154,
    0.5376344086021505,
    0.32,
    0.2608695652173913,
    0.448,
    0.3157894736842105,
    0.5333333333333333,
    0.5283018867924528,
    0.7142857142857143,
    0.6206896551724138,
    0.6201550387596899,
    0.21621621621621623,
    0.40764331210191085,
    0.4186046511627907,
    0.0,
    0.267515923566879,
    0.09523809523809523,
    0.3564356435643564,
    0.46296296296296297,
    0.1891891891891892,
    0.16901408450704225,
    0.44,
    0.4342105263157895,
    0.6126126126126126,
    0.37894736842105264,
    0.3787878787878788,
    0.390625,
    0.21951219512195122,
    0.24096385542168675,
    0.3488372093023256,
    0.4782608695652174,
    0.9,
    0.624,
    0.3898305084745763,
    0.43564356435643564,
    0.1,
    0.21176470588235294,
    0.6407766990291263,
    0.2727272727272727,
    0.5714285714285714,
    0.36363636363636365,
    0.4772727272727273,
    0.5,
    0.2127659574468085,
    0.4731182795698925,
    0.7184466019417476,
    0.3880597014925373,
    0.40789473684210525,
    0.4413793103448276,
    0.15789473684210525,
    0.35,
    0.14084507042253522,
    0.20512820512820512,
    0.5714285714285714,
    0.2222222222222222,
    0.36363636363636365,
    0.2641509433962264,
    0.35294117647058826,
    0.6356589147286822,
    0.24489795918367346,
    0.4158415841584158,
    0.4222222222222222,
    0.2857142857142857,
    0.38095238095238093,
    0.08247422680412371,
    0.7102803738317757,
    0.2033898305084746,
    0.06779661016949153,
    0.6554621848739496,
    0.3194444444444444,
    0.3380281690140845,
    0.38961038961038963,
    0.29333333333333333,
    0.42696629213483145,
    0.43010752688172044,
    0.038461538461538464,
    0.4318181818181818,
    0.46715328467153283,
    0.5263157894736842,
    0.32098765432098764,
    0.38666666666666666,
    0.208955223880597,
    0.41379310344827586,
    0.27450980392156865,
    0.2896551724137931,
    0.42276422764227645,
    0.10810810810810811,
    0.11594202898550725,
    0.5979381443298969,
    0.2571428571428571,
    0.7789473684210526,
    0.26506024096385544,
    0.21897810218978103,
    0.21739130434782608,
    0.625,
    0.594059405940594,
    0.46464646464646464,
    0.3146067415730337,
    0.5354330708661418,
    0.3025210084033613,
    0.27848101265822783,
    0.3958333333333333,
    0.7130434782608696,
    0.38,
    0.46153846153846156,
    0.7216494845360825,
    0.2222222222222222,
    0.2882882882882883,
    0.4444444444444444,
    0.14634146341463414,
    0.1875,
    0.6557377049180327,
    0.14084507042253522,
    0.47368421052631576,
    0.3561643835616438,
    0.43537414965986393,
    0.5263157894736842,
    0.26373626373626374,
    0.0,
    0.2,
    0.594059405940594,
    0.3958333333333333,
    0.136986301369863,
    0.20987654320987653,
    0.18181818181818182,
    0.1592920353982301,
    0.08823529411764706,
    0.3586206896551724,
    0.2972972972972973,
    0.4489795918367347,
    0.7207207207207207,
    0.3516483516483517,
    0.7090909090909091,
    0.64,
    0.20754716981132076,
    0.384,
    0.4,
    0.5057471264367817,
    0.2702702702702703,
    0.3783783783783784,
    0.46808510638297873,
    0.5287356321839081,
    0.3146067415730337,
    0.17647058823529413,
    0.25,
    0.2077922077922078,
    0.034482758620689655,
    0.3364485981308411,
    0.26666666666666666,
    0.5454545454545454,
    0.42201834862385323,
    0.4485981308411215,
    0.7777777777777778,
    0.7889908256880734,
    0.40425531914893614,
    0.038461538461538464,
    0.32323232323232326,
    0.6078431372549019,
    0.38095238095238093,
    0.0967741935483871,
    0.6868686868686869,
    0.358974358974359,
    0.038461538461538464,
    0.5344827586206896,
    0.34234234234234234,
    0.6434782608695652,
    0.275,
    0.1702127659574468,
    0.42990654205607476,
    0.30434782608695654,
    0.5333333333333333,
    0.5833333333333334,
    0.5517241379310345,
    0.41509433962264153,
    0.26666666666666666,
    0.20253164556962025,
    0.5309734513274337,
    0.34210526315789475,
    0.6,
    0.453781512605042,
    0.6846846846846847,
    0.46601941747572817,
    0.3902439024390244,
    0.5,
    0.23076923076923078,
    0.512396694214876,
    0.26506024096385544
  ],