{
  "accuracy": 0.4059,
  "precision_macro": 0.4029163299346378,
  "recall_macro": 0.40590000000000004,
  "f1_macro": 0.3868909793819485,
  "precision_weighted": 0.40291632993463783,
  "recall_weighted": 0.4059,
  "f1_weighted": 0.38689097938194844,
  "per_class_f1": [
    0.7090909090909091,
    0.6857142857142857,
    0.40298507462686567,
    0.2702702702702703,
    0.3958333333333333,
    0.0975609756097561,
    0.5423728813559322,
    0.225,
    0.6122448979591837,
    0.32335329341317365,
    0.15873015873015872,
    0.46153846153846156,
    0.47540983606557374,
    0.6857142857142857,
    0.54,
    0.3269230769230769,
    0.15151515151515152,
    0.48148148148148145,
    0.3125,
    0.5208333333333334,
    0.5263157894736842,
    0.6336633663366337,
    0.583941605839416,
    0.6990291262135923,
    0.23300970873786409,
    0.5045045045045045,
    0.45588235294117646,
    0.0,
    0.34108527131782945,
    0.09230769230769231,
    0.4122137404580153,
    0.42696629213483145,
    0.18,
    0.25316455696202533,
    0.45,
    0.45751633986928103,
    0.6728971962616822,
    0.37362637362637363,
    0.42748091603053434,
    0.31683168316831684,
    0.17721518987341772,
    0.3037974683544304,
    0.3695652173913043,
    0.37333333333333335,
    0.8431372549019608,
    0.65,
    0.49504950495049505,
    0.47619047619047616,
    0.06666666666666667,
    0.1728395061728395,
    0.6185567010309279,
    0.2830188679245283,
    0.6526315789473685,
    0.40860215053763443,
    0.3076923076923077,
    0.41025641025641024,
    0.25,
    0.5344827586206896,
    0.7169811320754716,
    0.25396825396825395,
    0.41134751773049644,
    0.5663716814159292,
    0.24691358024691357,
    0.32075471698113206,
    0.06153846153846154,
    0.2,
    0.5274725274725275,
    0.25882352941176473,
    0.39759036144578314,
    0.28888888888888886,
    0.26804123711340205,
    0.6201550387596899,
    0.2826086956521739,
    0.3728813559322034,
    0.4316546762589928,
    0.25882352941176473,
    0.3,
    0.08,
    0.7358490566037735,
    0.25396825396825395,
    0.1111111111111111,
    0.7090909090909091,
    0.38095238095238093,
    0.21978021978021978,
    0.2653061224489796,
    0.273972602739726,
    0.4318181818181818,
    0.34951456310679613,
    0.03773584905660377,
    0.39080459770114945,
    0.5,
    0.4528301886792453,
    0.2857142857142857,
    0.42990654205607476,
    0.43010752688172044,
    0.35294117647058826,
    0.27956989247311825,
    0.30434782608695654,
    0.4854368932038835,
    0.08695652173913043,
    0.09195402298850575,
    0.5979381443298969,
    0.136986301369863,
    0.7216494845360825,
    0.2777777777777778,
    0.23809523809523808,
    0.2268041237113402,
    0.5413533834586466,
    0.6875,
    0.4144144144144144,
    0.32075471698113206,
    0.5625,
    0.3939393939393939,
    0.33663366336633666,
    0.32098765432098764,
    0.8085106382978723,
    0.43010752688172044,
    0.43548387096774194,
    0.6213592233009708,
    0.25882352941176473,
    0.2222222222222222,
    0.4318181818181818,
    0.1016949152542373,
    0.2158273381294964,
    0.7207207207207207,
    0.2898550724637681,
    0.40860215053763443,
    0.30927835051546393,
    0.41935483870967744,
    0.5333333333333333,
    0.27586206896551724,
    0.0,
    0.05970149253731343,
    0.6016260162601627,
    0.4421052631578947,
    0.2,
    0.2222222222222222,
    0.19718309859154928,
    0.13445378151260504,
    0.1016949152542373,
    0.33962264150943394,
    0.30303030303030304,
    0.41237113402061853,
    0.6779661016949152,
    0.3838383838383838,
    0.746031746031746,
    0.6382978723404256,
    0.21568627450980393,
    0.32989690721649484,
    0.449438202247191,
    0.5148514851485149,
    0.19672131147540983,
    0.45569620253164556,
    0.58,
    0.5185185185185185,
    0.4036697247706422,
    0.3125,
    0.3516483516483517,
    0.1927710843373494,
    0.0,
    0.19672131147540983,
    0.27956989247311825,
    0.5494505494505495,
    0.36507936507936506,
    0.4842105263157895,
    0.6666666666666666,
    0.7747747747747747,
    0.43243243243243246,
    0.07142857142857142,
    0.2962962962962963,
    0.6346153846153846,
    0.3893805309734513,
    0.14492753623188406,
    0.6153846153846154,
    0.41379310344827586,
    0.03571428571428571,
    0.5681818181818182,
    0.3925233644859813,
    0.5573770491803278,
    0.21153846153846154,
    0.17518248175182483,
    0.36538461538461536,
    0.2857142857142857,
    0.49504950495049505,
    0.559322033898305,
    0.5555555555555556,
    0.4954128440366973,
    0.48936170212765956,
    0.3333333333333333,
    0.5333333333333333,
    0.38636363636363635,
    0.5853658536585366,
    0.515625,
    0.5774647887323944,
    0.4807692307692308,
    0.3103448275862069,
    0.5203252032520326,
    0.2318840579710145,
    0.3971631205673759,
    0.22641509433962265
  ],