{
  "accuracy": 0.3338,
  "precision_macro": 0.38204130552359233,
  "recall_macro": 0.33380000000000004,
  "f1_macro": 0.327475161523312,
  "precision_weighted": 0.3820413055235924,
  "recall_weighted": 0.3338,
  "f1_weighted": 0.327475161523312,
  "per_class_f1": [
    0.5811965811965812,
    0.6238532110091743,
    0.35398230088495575,
    0.3181818181818182,
    0.1568627450980392,
    0.1038961038961039,
    0.4691358024691358,
    0.13333333333333333,
    0.5203252032520326,
    0.28368794326241137,
    0.1016949152542373,
    0.46956521739130436,
    0.4782608695652174,
    0.28169014084507044,
    0.4810126582278481,
    0.19047619047619047,
    0.18461538461538463,
    0.3925233644859813,
    0.25263157894736843,
    0.5060240963855421,
    0.4,
    0.6428571428571429,
    0.6213592233009708,
    0.66,
    0.15789473684210525,
    0.46511627906976744,
    0.4247787610619469,
    0.06557377049180328,
    0.36666666666666664,
    0.1,
    0.4044943820224719,
    0.3448275862068966,
    0.13333333333333333,
    0.08695652173913043,
    0.3559322033898305,
    0.43902439024390244,
    0.6868686868686869,
    0.208955223880597,
    0.3855421686746988,
    0.23076923076923078,
    0.09523809523809523,
    0.11594202898550725,
    0.21951219512195122,
    0.28125,
    0.7766990291262136,
    0.6296296296296297,
    0.24096385542168675,
    0.5679012345679012,
    0.06896551724137931,
    0.2222222222222222,
    0.5581395348837209,
    0.32989690721649484,
    0.5473684210526316,
    0.34146341463414637,
    0.29411764705882354,
    0.17341040462427745,
    0.11904761904761904,
    0.4421052631578947,
    0.6666666666666666,
    0.22784810126582278,
    0.3855421686746988,
    0.4793388429752066,
    0.2191780821917808,
    0.2716049382716049,
    0.13559322033898305,
    0.18181818181818182,
    0.49523809523809526,
    0.07017543859649122,
    0.29577464788732394,
    0.10071942446043165,
    0.3076923076923077,
    0.5669291338582677,
    0.1791044776119403,
    0.46153846153846156,
    0.36507936507936506,
    0.2777777777777778,
    0.18181818181818182,
    0.03333333333333333,
    0.673469387755102,
    0.1111111111111111,
    0.0,
    0.6727272727272727,
    0.3225806451612903,
    0.2647058823529412,
    0.10989010989010989,
    0.35294117647058826,
    0.3902439024390244,
    0.3010752688172043,
    0.0,
    0.18181818181818182,
    0.43010752688172044,
    0.0547945205479452,
    0.16901408450704225,
    0.4375,
    0.375,
    0.3018867924528302,
    0.125,
    0.2833333333333333,
    0.41739130434782606,
    0.03333333333333333,
    0.10714285714285714,
    0.5473684210526316,
    0.2972972972972973,
    0.7,
    0.17391304347826086,
    0.18823529411764706,
    0.17582417582417584,
    0.5932203389830508,
    0.5773195876288659,
    0.3287671232876712,
    0.2631578947368421,
    0.46956521739130436,
    0.2992125984251969,
    0.2716049382716049,
    0.2891566265060241,
    0.8163265306122449,
    0.3076923076923077,
    0.3614457831325301,
    0.5656565656565656,
    0.17073170731707318,
    0.28865979381443296,
    0.4878048780487805,
    0.034482758620689655,
    0.18556701030927836,
    0.6201550387596899,
    0.13157894736842105,
    0.20512820512820512,
    0.26666666666666666,
    0.32954545454545453,
    0.29931972789115646,
    0.16129032258064516,
    0.0,
    0.09836065573770492,
    0.6285714285714286,
    0.4367816091954023,
    0.08823529411764706,
    0.2302158273381295,
    0.06896551724137931,
    0.12658227848101267,
    0.03773584905660377,
    0.2962962962962963,
    0.23529411764705882,
    0.28169014084507044,
    0.7358490566037735,
    0.2631578947368421,
    0.7678571428571429,
    0.5981308411214953,
    0.07633587786259542,
    0.35051546391752575,
    0.4444444444444444,
    0.5360824742268041,
    0.12307692307692308,
    0.24427480916030533,
    0.3595505617977528,
    0.4634146341463415,
    0.4578313253012048,
    0.16129032258064516,
    0.2222222222222222,
    0.18421052631578946,
    0.0,
    0.1111111111111111,
    0.3287671232876712,
    0.449438202247191,
    0.39285714285714285,
    0.5,
    0.6857142857142857,
    0.7758620689655172,
    0.29333333333333333,
    0.0,
    0.17777777777777778,
    0.5348837209302325,
    0.34234234234234234,
    0.03278688524590164,
    0.64,
    0.19672131147540983,
    0.0,
    0.275,
    0.3333333333333333,
    0.5688073394495413,
    0.10344827586206896,
    0.22,
    0.4444444444444444,
    0.36893203883495146,
    0.475,
    0.5,
    0.4782608695652174,
    0.4883720930232558,
    0.30985915492957744,
    0.14705882352941177,
    0.5647058823529412,
    0.3076923076923077,
    0.5528455284552846,
    0.4626865671641791,
    0.7047619047619048,
    0.4027777777777778,
    0.176,
    0.5102040816326531,
    0.08823529411764706,
    0.3422459893048128,
    0.1794871794871795
  ],