{
  "accuracy": 0.3897,
  "precision_macro": 0.3921810764164201,
  "recall_macro": 0.3897,
  "f1_macro": 0.3689429257431718,
  "precision_weighted": 0.39218107641642,
  "recall_weighted": 0.3897,
  "f1_weighted": 0.36894292574317183,
  "per_class_f1": [
    0.6909090909090909,
    0.5862068965517241,
    0.39215686274509803,
    0.4,
    0.4,
    0.06451612903225806,
    0.5348837209302325,
    0.07017543859649122,
    0.5981308411214953,
    0.31932773109243695,
    0.10344827586206896,
    0.43902439024390244,
    0.44594594594594594,
    0.4883720930232558,
    0.4842105263157895,
    0.3170731707317073,
    0.2318840579710145,
    0.5376344086021505,
    0.2689075630252101,
    0.5,
    0.4793388429752066,
    0.6060606060606061,
    0.6346153846153846,
    0.5170068027210885,
    0.2222222222222222,
    0.5272727272727272,
    0.4117647058823529,
    0.2,
    0.31343283582089554,
    0.12698412698412698,
    0.4,
    0.47058823529411764,
    0.2857142857142857,
    0.2191780821917808,
    0.5116279069767442,
    0.3969465648854962,
    0.7289719626168224,
    0.28169014084507044,
    0.4444444444444444,
    0.4166666666666667,
    0.05714285714285714,
    0.25,
    0.2937062937062937,
    0.47191011235955055,
    0.8316831683168316,
    0.5100671140939598,
    0.34146341463414637,
    0.5217391304347826,
    0.06451612903225806,
    0.19753086419753085,
    0.58,
    0.35789473684210527,
    0.5904761904761905,
    0.375,
    0.410958904109589,
    0.4806201550387597,
    0.18556701030927836,
    0.5116279069767442,
    0.6972477064220184,
    0.2153846153846154,
    0.3482587064676617,
    0.5245901639344263,
    0.2777777777777778,
    0.2786885245901639,
    0.13157894736842105,
    0.19318181818181818,
    0.4791666666666667,
    0.17543859649122806,
    0.3434343434343434,
    0.14953271028037382,
    0.15384615384615385,
    0.6111111111111112,
    0.1917808219178082,
    0.30434782608695654,
    0.4628099173553719,
    0.3333333333333333,
    0.30434782608695654,
    0.031746031746031744,
    0.7,
    0.25396825396825395,
    0.09836065573770492,
    0.7047619047619048,
    0.43333333333333335,
    0.2619047619047619,
    0.3010752688172043,
    0.25882352941176473,
    0.42857142857142855,
    0.35714285714285715,
    0.0,
    0.4222222222222222,
    0.39316239316239315,
    0.4842105263157895,
    0.29333333333333333,
    0.375,
    0.4247787610619469,
    0.32727272727272727,
    0.3448275862068966,
    0.3709677419354839,
    0.4462809917355372,
    0.1111111111111111,
    0.03389830508474576,
    0.5555555555555556,
    0.24,
    0.7708333333333334,
    0.24,
    0.25,
    0.14285714285714285,
    0.5735294117647058,
    0.5555555555555556,
    0.4,
    0.33663366336633666,
    0.4413793103448276,
    0.26153846153846155,
    0.425,
    0.29545454545454547,
    0.7722772277227723,
    0.45714285714285713,
    0.46,
    0.5671641791044776,
    0.24299065420560748,
    0.26666666666666666,
    0.3953488372093023,
    0.0,
    0.15483870967741936,
    0.5857142857142857,
    0.17777777777777778,
    0.42105263157894735,
    0.39473684210526316,
    0.39473684210526316,
    0.5490196078431373,
    0.2191780821917808,
    0.0,
    0.06451612903225806,
    0.6140350877192983,
    0.40816326530612246,
    0.12658227848101267,
    0.22429906542056074,
    0.1,
    0.1836734693877551,
    0.06451612903225806,
    0.42201834862385323,
    0.24615384615384617,
    0.3953488372093023,
    0.64,
    0.3516483516483517,
    0.7777777777777778,
    0.5826771653543307,
    0.2677165354330709,
    0.32,
    0.4,
    0.4077669902912621,
    0.35443037974683544,
    0.1958041958041958,
    0.42424242424242425,
    0.3902439024390244,
    0.4473684210526316,
    0.20588235294117646,
    0.2962962962962963,
    0.1388888888888889,
    0.0,
    0.21875,
    0.3116883116883117,
    0.46153846153846156,
    0.33613445378151263,
    0.5225225225225225,
    0.7289719626168224,
    0.7107438016528925,
    0.39316239316239315,
    0.0,
    0.32142857142857145,
    0.6153846153846154,
    0.32558139534883723,
    0.06779661016949153,
    0.6601941747572816,
    0.39080459770114945,
    0.0,
    0.5714285714285714,
    0.328125,
    0.6260869565217392,
    0.2222222222222222,
    0.22018348623853212,
    0.2535211267605634,
    0.3137254901960784,
    0.4791666666666667,
    0.6666666666666666,
    0.5045045045045045,
    0.43548387096774194,
    0.4222222222222222,
    0.25925925925925924,
    0.5544554455445545,
    0.379746835443038,
    0.578125,
    0.5393258426966292,
    0.6554621848739496,
    0.423841059602649,
    0.2857142857142857,
    0.5,
    0.17647058823529413,
    0.3875,
    0.21176470588235294
  ],