{
  "accuracy": 0.3819,
  "precision_macro": 0.401096196894403,
  "recall_macro": 0.38189999999999996,
  "f1_macro": 0.36870574169734993,
  "precision_weighted": 0.401096196894403,
  "recall_weighted": 0.3819,
  "f1_weighted": 0.36870574169735,
  "per_class_f1": [
    0.5714285714285714,
    0.7058823529411765,
    0.3333333333333333,
    0.2542372881355932,
    0.3076923076923077,
    0.0898876404494382,
    0.5528455284552846,
    0.17777777777777778,
    0.5894736842105263,
    0.34545454545454546,
    0.125,
    0.37777777777777777,
    0.5409836065573771,
    0.5384615384615384,
    0.4329896907216495,
    0.21428571428571427,
    0.19672131147540983,
    0.425531914893617,
    0.42718446601941745,
    0.42276422764227645,
    0.4461538461538462,
    0.5777777777777777,
    0.5111111111111111,
    0.6412213740458015,
    0.23333333333333334,
    0.5535714285714286,
    0.46551724137931033,
    0.0,
    0.3968253968253968,
    0.15384615384615385,
    0.41509433962264153,
    0.46875,
    0.13114754098360656,
    0.13953488372093023,
    0.39285714285714285,
    0.39766081871345027,
    0.6792452830188679,
    0.3008849557522124,
    0.35,
    0.31666666666666665,
    0.23076923076923078,
    0.2682926829268293,
    0.41237113402061853,
    0.4482758620689655,
    0.7962962962962963,
    0.608,
    0.2,
    0.4842105263157895,
    0.125,
    0.18823529411764706,
    0.5692307692307692,
    0.24742268041237114,
    0.6881720430107527,
    0.42201834862385323,
    0.35294117647058826,
    0.3655913978494624,
    0.15126050420168066,
    0.54,
    0.660377358490566,
    0.35135135135135137,
    0.39490445859872614,
    0.5254237288135594,
    0.2972972972972973,
    0.3333333333333333,
    0.16129032258064516,
    0.1910828025477707,
    0.5510204081632653,
    0.26865671641791045,
    0.38848920863309355,
    0.14634146341463414,
    0.06153846153846154,
    0.6666666666666666,
    0.1935483870967742,
    0.3333333333333333,
    0.4375,
    0.3116883116883117,
    0.2524271844660194,
    0.0,
    0.7291666666666666,
    0.17543859649122806,
    0.06349206349206349,
    0.6829268292682927,
    0.3333333333333333,
    0.2702702702702703,
    0.24242424242424243,
    0.4074074074074074,
    0.4186046511627907,
    0.3448275862068966,
    0.07142857142857142,
    0.37894736842105264,
    0.35294117647058826,
    0.4462809917355372,
    0.35294117647058826,
    0.40707964601769914,
    0.4473684210526316,
    0.4462809917355372,
    0.39473684210526316,
    0.32,
    0.3893805309734513,
    0.08823529411764706,
    0.034482758620689655,
    0.5806451612903226,
    0.275,
    0.7096774193548387,
    0.18181818181818182,
    0.25,
    0.1276595744680851,
    0.5862068965517241,
    0.6451612903225806,
    0.4,
    0.28,
    0.4788732394366197,
    0.352112676056338,
    0.3142857142857143,
    0.34615384615384615,
    0.7472527472527473,
    0.3958333333333333,
    0.37894736842105264,
    0.6206896551724138,
    0.22641509433962265,
    0.29213483146067415,
    0.4367816091954023,
    0.07142857142857142,
    0.1774193548387097,
    0.7157894736842105,
    0.11267605633802817,
    0.45544554455445546,
    0.3380281690140845,
    0.43478260869565216,
    0.5565217391304348,
    0.273972602739726,
    0.0,
    0.17142857142857143,
    0.6166666666666667,
    0.4946236559139785,
    0.1,
    0.21476510067114093,
    0.07272727272727272,
    0.16981132075471697,
    0.0,
    0.3191489361702128,
    0.4444444444444444,
    0.47191011235955055,
    0.7256637168141593,
    0.2696629213483146,
    0.7387387387387387,
    0.651685393258427,
    0.21818181818181817,
    0.2857142857142857,
    0.42696629213483145,
    0.44036697247706424,
    0.12903225806451613,
    0.33587786259541985,
    0.3170731707317073,
    0.4166666666666667,
    0.4421052631578947,
    0.2028985507246377,
    0.3684210526315789,
    0.24390243902439024,
    0.03076923076923077,
    0.19047619047619047,
    0.42696629213483145,
    0.5,
    0.3655913978494624,
    0.44680851063829785,
    0.6538461538461539,
    0.7433628318584071,
    0.40860215053763443,
    0.05970149253731343,
    0.3114754098360656,
    0.5869565217391305,
    0.45652173913043476,
    0.15625,
    0.5609756097560976,
    0.40350877192982454,
    0.0,
    0.6086956521739131,
    0.325,
    0.5076923076923077,
    0.20454545454545456,
    0.21782178217821782,
    0.3287671232876712,
    0.3238095238095238,
    0.5102040816326531,
    0.6495726495726496,
    0.5393258426966292,
    0.5454545454545454,
    0.4367816091954023,
    0.38202247191011235,
    0.5591397849462365,
    0.3218390804597701,
    0.55,
    0.42857142857142855,
    0.6915887850467289,
    0.32926829268292684,
    0.3368421052631579,
    0.5185185185185185,
    0.12903225806451613,
    0.10186757215619695,
    0.21951219512195122
  ],