{
  "accuracy": 0.4337,
  "precision_macro": 0.44042389115039504,
  "recall_macro": 0.43370000000000003,
  "f1_macro": 0.41734202804885084,
  "precision_weighted": 0.44042389115039515,
  "recall_weighted": 0.4337,
  "f1_weighted": 0.4173420280488509,
  "per_class_f1": [
    0.7226890756302521,
    0.6545454545454545,
    0.3875968992248062,
    0.2777777777777778,
    0.40860215053763443,
    0.1686746987951807,
    0.6181818181818182,
    0.15730337078651685,
    0.6055045871559633,
    0.2556390977443609,
    0.2077922077922078,
    0.5576923076923077,
    0.5614035087719298,
    0.6947368421052632,
    0.5773195876288659,
    0.3225806451612903,
    0.12903225806451613,
    0.5617977528089888,
    0.3076923076923077,
    0.45871559633027525,
    0.5565217391304348,
    0.6666666666666666,
    0.6306306306306306,
    0.7207207207207207,
    0.2268041237113402,
    0.559322033898305,
    0.4507042253521127,
    0.1791044776119403,
    0.39669421487603307,
    0.1,
    0.4528301886792453,
    0.5825242718446602,
    0.125,
    0.16470588235294117,
    0.515625,
    0.5,
    0.7021276595744681,
    0.3409090909090909,
    0.4793388429752066,
    0.2727272727272727,
    0.2653061224489796,
    0.34782608695652173,
    0.3516483516483517,
    0.4878048780487805,
    0.8842105263157894,
    0.6379310344827587,
    0.42592592592592593,
    0.4742268041237113,
    0.10714285714285714,
    0.1891891891891892,
    0.5581395348837209,
    0.3888888888888889,
    0.5565217391304348,
    0.38,
    0.4470588235294118,
    0.47058823529411764,
    0.23853211009174313,
    0.6170212765957447,
    0.6728971962616822,
    0.35135135135135137,
    0.4142857142857143,
    0.5223880597014925,
    0.2823529411764706,
    0.3783783783783784,
    0.15873015873015872,
    0.26573426573426573,
    0.5192307692307693,
    0.2608695652173913,
    0.4375,
    0.3157894736842105,
    0.36363636363636365,
    0.6554621848739496,
    0.3111111111111111,
    0.45098039215686275,
    0.42592592592592593,
    0.3333333333333333,
    0.3835616438356164,
    0.17142857142857143,
    0.75,
    0.34375,
    0.15789473684210525,
    0.7079646017699115,
    0.34177215189873417,
    0.25,
    0.40860215053763443,
    0.4166666666666667,
    0.41025641025641024,
    0.3564356435643564,
    0.03389830508474576,
    0.3883495145631068,
    0.4778761061946903,
    0.4566929133858268,
    0.3055555555555556,
    0.4,
    0.3516483516483517,
    0.4482758620689655,
    0.34,
    0.40625,
    0.47244094488188976,
    0.14634146341463414,
    0.1891891891891892,
    0.6262626262626263,
    0.2857142857142857,
    0.75,
    0.2857142857142857,
    0.33663366336633666,
    0.21505376344086022,
    0.6346153846153846,
    0.6355140186915887,
    0.42857142857142855,
    0.4,
    0.5068493150684932,
    0.3130434782608696,
    0.345679012345679,
    0.35294117647058826,
    0.7735849056603774,
    0.4523809523809524,
    0.46938775510204084,
    0.5970149253731343,
    0.2696629213483146,
    0.36363636363636365,
    0.5238095238095238,
    0.19047619047619047,
    0.20618556701030927,
    0.7433628318584071,
    0.25882352941176473,
    0.5054945054945055,
    0.4222222222222222,
    0.45161290322580644,
    0.594059405940594,
    0.2619047619047619,
    0.03571428571428571,
    0.2,
    0.6548672566371682,
    0.45454545454545453,
    0.16901408450704225,
    0.28,
    0.273972602739726,
    0.18791946308724833,
    0.05194805194805195,
    0.4,
    0.2465753424657534,
    0.41025641025641024,
    0.6896551724137931,
    0.3488372093023256,
    0.8214285714285714,
    0.7096774193548387,
    0.2830188679245283,
    0.38095238095238093,
    0.4943820224719101,
    0.5176470588235295,
    0.3614457831325301,
    0.5494505494505495,
    0.3013698630136986,
    0.5,
    0.5154639175257731,
    0.35,
    0.32142857142857145,
    0.27906976744186046,
    0.09375,
    0.41904761904761906,
    0.37777777777777777,
    0.4722222222222222,
    0.4,
    0.4461538461538462,
    0.8282828282828283,
    0.8035714285714286,
    0.4807692307692308,
    0.06557377049180328,
    0.3275862068965517,
    0.6274509803921569,
    0.3880597014925373,
    0.17391304347826086,
    0.6666666666666666,
    0.4318181818181818,
    0.07407407407407407,
    0.5641025641025641,
    0.33587786259541985,
    0.5846153846153846,
    0.23255813953488372,
    0.20754716981132076,
    0.40963855421686746,
    0.384,
    0.5523809523809524,
    0.6481481481481481,
    0.5977011494252874,
    0.5168539325842697,
    0.5742574257425742,
    0.3956043956043956,
    0.6476190476190476,
    0.3404255319148936,
    0.59375,
    0.515625,
    0.6915887850467289,
    0.5042016806722689,
    0.33557046979865773,
    0.496551724137931,
    0.2127659574468085,
    0.4246575342465753,
    0.3157894736842105
  ],