{
  "accuracy": 0.4434,
  "precision_macro": 0.45111628547714233,
  "recall_macro": 0.4434,
  "f1_macro": 0.4299956170204875,
  "precision_weighted": 0.4511162854771423,
  "recall_weighted": 0.4434,
  "f1_weighted": 0.4299956170204875,
  "per_class_f1": [
    0.7090909090909091,
    0.6504065040650406,
    0.5299145299145299,
    0.3148148148148148,
    0.4098360655737705,
    0.10526315789473684,
    0.7070707070707071,
    0.25882352941176473,
    0.6363636363636364,
    0.35714285714285715,
    0.25,
    0.4897959183673469,
    0.6274509803921569,
    0.7216494845360825,
    0.5625,
    0.30952380952380953,
    0.2318840579710145,
    0.5471698113207547,
    0.28187919463087246,
    0.5116279069767442,
    0.5378151260504201,
    0.6823529411764706,
    0.6016260162601627,
    0.711864406779661,
    0.3018867924528302,
    0.591304347826087,
    0.4778761061946903,
    0.09836065573770492,
    0.4444444444444444,
    0.18181818181818182,
    0.4186046511627907,
    0.45045045045045046,
    0.2608695652173913,
    0.1794871794871795,
    0.44,
    0.43037974683544306,
    0.6785714285714286,
    0.47706422018348627,
    0.5263157894736842,
    0.36,
    0.21951219512195122,
    0.25757575757575757,
    0.4044943820224719,
    0.49411764705882355,
    0.8367346938775511,
    0.6833333333333333,
    0.4,
    0.5142857142857142,
    0.15384615384615385,
    0.2553191489361702,
    0.5774647887323944,
    0.5050505050505051,
    0.6530612244897959,
    0.3958333333333333,
    0.4675324675324675,
    0.448,
    0.26666666666666666,
    0.5283018867924528,
    0.6666666666666666,
    0.4,
    0.453125,
    0.5210084033613446,
    0.3170731707317073,
    0.34545454545454546,
    0.23076923076923078,
    0.1610738255033557,
    0.5531914893617021,
    0.23684210526315788,
    0.389937106918239,
    0.2807017543859649,
    0.34782608695652173,
    0.6902654867256637,
    0.36,
    0.4,
    0.4854368932038835,
    0.3235294117647059,
    0.32558139534883723,
    0.13513513513513514,
    0.780952380952381,
    0.2898550724637681,
    0.12121212121212122,
    0.7777777777777778,
    0.34074074074074073,
    0.3,
    0.31666666666666665,
    0.375,
    0.47058823529411764,
    0.39080459770114945,
    0.1016949152542373,
    0.35384615384615387,
    0.46258503401360546,
    0.46551724137931033,
    0.4444444444444444,
    0.45098039215686275,
    0.48695652173913045,
    0.42857142857142855,
    0.4,
    0.40789473684210525,
    0.47368421052631576,
    0.06060606060606061,
    0.15384615384615385,
    0.6019417475728155,
    0.36363636363636365,
    0.7777777777777778,
    0.34210526315789475,
    0.3130434782608696,
    0.21176470588235294,
    0.5394736842105263,
    0.6538461538461539,
    0.5581395348837209,
    0.43478260869565216,
    0.5673758865248227,
    0.3620689655172414,
    0.47191011235955055,
    0.34285714285714286,
    0.8118811881188119,
    0.5581395348837209,
    0.5773195876288659,
    0.6382978723404256,
    0.18947368421052632,
    0.34532374100719426,
    0.5111111111111111,
    0.28169014084507044,
    0.22807017543859648,
    0.7226890756302521,
    0.2696629213483146,
    0.47191011235955055,
    0.38636363636363635,
    0.4462809917355372,
    0.6222222222222222,
    0.2828282828282828,
    0.07142857142857142,
    0.17647058823529413,
    0.6464646464646465,
    0.4888888888888889,
    0.1388888888888889,
    0.3057324840764331,
    0.2857142857142857,
    0.1652892561983471,
    0.16666666666666666,
    0.39655172413793105,
    0.34782608695652173,
    0.41379310344827586,
    0.6491228070175439,
    0.3486238532110092,
    0.8076923076923077,
    0.6111111111111112,
    0.2550335570469799,
    0.37735849056603776,
    0.48936170212765956,
    0.5625,
    0.36585365853658536,
    0.5116279069767442,
    0.45714285714285713,
    0.5510204081632653,
    0.5217391304347826,
    0.32941176470588235,
    0.42201834862385323,
    0.26804123711340205,
    0.06666666666666667,
    0.3865546218487395,
    0.37777777777777777,
    0.4946236559139785,
    0.46938775510204084,
    0.5,
    0.703125,
    0.8380952380952381,
    0.46464646464646464,
    0.06557377049180328,
    0.3711340206185567,
    0.6956521739130435,
    0.40963855421686746,
    0.16901408450704225,
    0.7391304347826086,
    0.425531914893617,
    0.037037037037037035,
    0.6808510638297872,
    0.31932773109243695,
    0.631578947368421,
    0.16666666666666666,
    0.17777777777777778,
    0.4578313253012048,
    0.3146067415730337,
    0.5111111111111111,
    0.6415094339622641,
    0.58,
    0.45977011494252873,
    0.5116279069767442,
    0.43956043956043955,
    0.5818181818181818,
    0.40816326530612246,
    0.6422018348623854,
    0.5151515151515151,
    0.6434782608695652,
    0.5454545454545454,
    0.3698630136986301,
    0.5373134328358209,
    0.25287356321839083,
    0.453781512605042,
    0.32558139534883723
  ],