{
  "accuracy": 0.4248,
  "precision_macro": 0.4214547294755501,
  "recall_macro": 0.42480000000000007,
  "f1_macro": 0.40591831229368097,
  "precision_weighted": 0.4214547294755502,
  "recall_weighted": 0.4248,
  "f1_weighted": 0.40591831229368097,
  "per_class_f1": [
    0.7652173913043478,
    0.7102803738317757,
    0.40816326530612246,
    0.32941176470588235,
    0.3619047619047619,
    0.17582417582417584,
    0.5048543689320388,
    0.2727272727272727,
    0.6896551724137931,
    0.348993288590604,
    0.136986301369863,
    0.4791666666666667,
    0.5555555555555556,
    0.5742574257425742,
    0.46808510638297873,
    0.2191780821917808,
    0.19444444444444445,
    0.5486725663716814,
    0.32061068702290074,
    0.5263157894736842,
    0.5511811023622047,
    0.6222222222222222,
    0.5961538461538461,
    0.6153846153846154,
    0.19753086419753085,
    0.5087719298245614,
    0.47619047619047616,
    0.03389830508474576,
    0.3838383838383838,
    0.03125,
    0.4367816091954023,
    0.4305555555555556,
    0.20253164556962025,
    0.16494845360824742,
    0.4,
    0.33879781420765026,
    0.6336633663366337,
    0.42857142857142855,
    0.48739495798319327,
    0.32558139534883723,
    0.2926829268292683,
    0.22916666666666666,
    0.41379310344827586,
    0.5192307692307693,
    0.8571428571428571,
    0.7413793103448276,
    0.42105263157894735,
    0.4791666666666667,
    0.2028985507246377,
    0.23076923076923078,
    0.5882352941176471,
    0.29213483146067415,
    0.6808510638297872,
    0.4731182795698925,
    0.3655913978494624,
    0.37662337662337664,
    0.17204301075268819,
    0.524822695035461,
    0.7010309278350515,
    0.30985915492957744,
    0.4696969696969697,
    0.47761194029850745,
    0.30303030303030304,
    0.3157894736842105,
    0.1875,
    0.26573426573426573,
    0.5242718446601942,
    0.3466666666666667,
    0.3917525773195876,
    0.24175824175824176,
    0.3269230769230769,
    0.68,
    0.2956521739130435,
    0.36363636363636365,
    0.45614035087719296,
    0.2972972972972973,
    0.34,
    0.05128205128205128,
    0.7722772277227723,
    0.25806451612903225,
    0.12698412698412698,
    0.7339449541284404,
    0.3826086956521739,
    0.2857142857142857,
    0.27722772277227725,
    0.32967032967032966,
    0.42,
    0.36363636363636365,
    0.0,
    0.32075471698113206,
    0.4909090909090909,
    0.460431654676259,
    0.35714285714285715,
    0.4444444444444444,
    0.37362637362637363,
    0.42857142857142855,
    0.3655913978494624,
    0.42857142857142855,
    0.42201834862385323,
    0.11940298507462686,
    0.13559322033898305,
    0.6373626373626373,
    0.2857142857142857,
    0.8085106382978723,
    0.2894736842105263,
    0.2909090909090909,
    0.23376623376623376,
    0.6727272727272727,
    0.6306306306306306,
    0.46464646464646464,
    0.345679012345679,
    0.5378151260504201,
    0.34545454545454546,
    0.425,
    0.3111111111111111,
    0.7755102040816326,
    0.3614457831325301,
    0.49122807017543857,
    0.6666666666666666,
    0.3119266055045872,
    0.3448275862068966,
    0.3902439024390244,
    0.1643835616438356,
    0.24719101123595505,
    0.6792452830188679,
    0.2,
    0.4714285714285714,
    0.4367816091954023,
    0.4745762711864407,
    0.5656565656565656,
    0.2608695652173913,
    0.0,
    0.14925373134328357,
    0.6140350877192983,
    0.4578313253012048,
    0.03278688524590164,
    0.2727272727272727,
    0.21212121212121213,
    0.2631578947368421,
    0.11940298507462686,
    0.47706422018348627,
    0.25,
    0.45871559633027525,
    0.7708333333333334,
    0.3025210084033613,
    0.6923076923076923,
    0.7102803738317757,
    0.3090909090909091,
    0.3191489361702128,
    0.45,
    0.5576923076923077,
    0.23529411764705882,
    0.3018867924528302,
    0.5098039215686274,
    0.4634146341463415,
    0.5,
    0.35714285714285715,
    0.3617021276595745,
    0.25,
    0.0,
    0.3269230769230769,
    0.3655913978494624,
    0.41975308641975306,
    0.45977011494252873,
    0.47619047619047616,
    0.6942148760330579,
    0.7777777777777778,
    0.46938775510204084,
    0.12698412698412698,
    0.3925233644859813,
    0.5961538461538461,
    0.5289256198347108,
    0.09836065573770492,
    0.6666666666666666,
    0.46464646464646464,
    0.1016949152542373,
    0.5714285714285714,
    0.3392857142857143,
    0.6226415094339622,
    0.11904761904761904,
    0.2782608695652174,
    0.35384615384615387,
    0.3684210526315789,
    0.5494505494505495,
    0.6666666666666666,
    0.56,
    0.5,
    0.5137614678899083,
    0.3368421052631579,
    0.6274509803921569,
    0.28,
    0.5932203389830508,
    0.47058823529411764,
    0.6491228070175439,
    0.5042016806722689,
    0.32558139534883723,
    0.5289256198347108,
    0.28865979381443296,
    0.4426229508196721,
    0.25
  ],