{
  "accuracy": 0.9084,
  "precision_macro": 0.9080872897923978,
  "recall_macro": 0.9084,
  "f1_macro": 0.9080357092914761,
  "precision_weighted": 0.9080872897923978,
  "recall_weighted": 0.9084,
  "f1_weighted": 0.908035709291476,
  "per_class_f1": [
    0.915506958250497,
    0.9605591612581128,
    0.8731808731808732,
    0.8040302267002519,
    0.912456228114057,
    0.8518332496233049,
    0.9262335124572545,
    0.937375745526839,
    0.9497262319561971,
    0.9494549058473737
  ],
  "per_class_precision": [
    0.9100790513833992,
    0.959122632103689,
    0.9090909090909091,
    0.8101522842639594,
    0.9129129129129129,
    0.8557013118062563,
    0.9054441260744985,
    0.9318181818181818,
    0.9454905847373637,
    0.9410609037328095
  ],
  "per_class_recall": [
    0.921,
    0.962,
    0.84,
    0.798,
    0.912,
    0.848,
    0.948,
    0.943,
    0.954,
    0.958
  ],
  "train_time_seconds": 533.1276478767395,
  "run_id": 21,
  "seed": 2047,
  "model_type": "cnn_gan",
  "dataset": "cifar10"
}