{
  "accuracy": 0.9101,
  "precision_macro": 0.9101833800349535,
  "recall_macro": 0.9100999999999999,
  "f1_macro": 0.9097767184561052,
  "precision_weighted": 0.9101833800349536,
  "recall_weighted": 0.9101,
  "f1_weighted": 0.9097767184561051,
  "per_class_f1": [
    0.9040121889283901,
    0.9561792220580995,
    0.870020964360587,
    0.8242363545317977,
    0.9180009704027171,
    0.8589935226706528,
    0.9400599400599401,
    0.944921677614957,
    0.946225949679329,
    0.9351163942545815
  ],
  "per_class_precision": [
    0.9184726522187823,
    0.94180407371484,
    0.9140969162995595,
    0.8254764292878636,
    0.8916116870876531,
    0.8560079443892751,
    0.9391217564870259,
    0.9550561797752809,
    0.9337877312560857,
    0.9263984298331698
  ],
  "per_class_recall": [
    0.89,
    0.971,
    0.83,
    0.823,
    0.946,
    0.862,
    0.941,
    0.935,
    0.959,
    0.944
  ],
  "train_time_seconds": 232.90273571014404,
  "run_id": 29,
  "seed": 2055,
  "model_type": "cnn_gan",
  "dataset": "cifar10"
}