{
  "accuracy": 0.9121,
  "precision_macro": 0.912079068074435,
  "recall_macro": 0.9120999999999999,
  "f1_macro": 0.9117589654035625,
  "precision_weighted": 0.9120790680744351,
  "recall_weighted": 0.9121,
  "f1_weighted": 0.9117589654035624,
  "per_class_f1": [
    0.9185475956820413,
    0.9655516724912631,
    0.8788962698007153,
    0.8085106382978723,
    0.9152206246901339,
    0.8615984405458089,
    0.9297987236131566,
    0.9381706693919264,
    0.951195219123506,
    0.9500998003992016
  ],
  "per_class_precision": [
    0.9017341040462428,
    0.9641076769690927,
    0.8986415882967607,
    0.8403451995685005,
    0.9075712881022615,
    0.8403041825095057,
    0.9132111861137898,
    0.9592476489028213,
    0.9474206349206349,
    0.9482071713147411
  ],
  "per_class_recall": [
    0.936,
    0.967,
    0.86,
    0.779,
    0.923,
    0.884,
    0.947,
    0.918,
    0.955,
    0.952
  ],
  "train_time_seconds": 238.1767497062683,
  "run_id": 10,
  "seed": 2036,
  "model_type": "cnn",
  "dataset": "cifar10"
}