{
  "accuracy": 0.9096,
  "precision_macro": 0.9099981584486215,
  "recall_macro": 0.9096,
  "f1_macro": 0.9087059615519919,
  "precision_weighted": 0.9099981584486215,
  "recall_weighted": 0.9096,
  "f1_weighted": 0.9087059615519918,
  "per_class_f1": [
    0.9193468579910935,
    0.9582909460834181,
    0.8688352570828961,
    0.8069226608977826,
    0.9090909090909091,
    0.8523328523328524,
    0.9377756001959824,
    0.9415292353823088,
    0.9467513434294089,
    0.9461839530332681
  ],
  "per_class_precision": [
    0.9098922624877571,
    0.9751552795031055,
    0.9139072847682119,
    0.8786808009422851,
    0.8891013384321224,
    0.8211306765523633,
    0.9193083573487032,
    0.9410589410589411,
    0.9255014326647565,
    0.9262452107279694
  ],
  "per_class_recall": [
    0.929,
    0.942,
    0.828,
    0.746,
    0.93,
    0.886,
    0.957,
    0.942,
    0.969,
    0.967
  ],
  "train_time_seconds": 400.8618965148926,
  "run_id": 100,
  "seed": 2126,
  "model_type": "cnn_gan",
  "dataset": "cifar10"
}