{
  "accuracy": 0.908,
  "precision_macro": 0.9084508877323533,
  "recall_macro": 0.908,
  "f1_macro": 0.9075995827722231,
  "precision_weighted": 0.9084508877323532,
  "recall_weighted": 0.908,
  "f1_weighted": 0.9075995827722231,
  "per_class_f1": [
    0.9108706852138073,
    0.9628886659979939,
    0.8750648004147227,
    0.809573361082206,
    0.9054774600096946,
    0.863066538090646,
    0.9303015323776569,
    0.9415322580645161,
    0.935342732134176,
    0.9418777943368107
  ],
  "per_class_precision": [
    0.9394261424017003,
    0.96579476861167,
    0.9085037674919269,
    0.8438177874186551,
    0.878645343367827,
    0.8333333333333334,
    0.9198435972629521,
    0.9491869918699187,
    0.9101229895931883,
    0.9358341559723593
  ],
  "per_class_recall": [
    0.884,
    0.96,
    0.844,
    0.778,
    0.934,
    0.895,
    0.941,
    0.934,
    0.962,
    0.948
  ],
  "train_time_seconds": 232.5966672897339,
  "run_id": 44,
  "seed": 2070,
  "model_type": "cnn_gan",
  "dataset": "cifar10"
}