{
  "accuracy": 0.9089,
  "precision_macro": 0.9084073234630416,
  "recall_macro": 0.9088999999999998,
  "f1_macro": 0.9080133042967777,
  "precision_weighted": 0.9084073234630418,
  "recall_weighted": 0.9089,
  "f1_weighted": 0.9080133042967778,
  "per_class_f1": [
    0.918097106424718,
    0.9517308629936616,
    0.8806201550387597,
    0.8061440677966102,
    0.9074537268634317,
    0.8642964446670005,
    0.9325570111596313,
    0.93048128342246,
    0.944977284199899,
    0.9437751004016064
  ],
  "per_class_precision": [
    0.9008662175168431,
    0.928639391056137,
    0.9112299465240642,
    0.8569819819819819,
    0.9079079079079079,
    0.8655967903711134,
    0.9057492931196984,
    0.9053926206244087,
    0.9541284403669725,
    0.9475806451612904
  ],
  "per_class_recall": [
    0.936,
    0.976,
    0.852,
    0.761,
    0.907,
    0.863,
    0.961,
    0.957,
    0.936,
    0.94
  ],
  "train_time_seconds": 232.64994382858276,
  "run_id": 32,
  "seed": 2058,
  "model_type": "cnn",
  "dataset": "cifar10"
}