{
  "accuracy": 0.9088,
  "precision_macro": 0.9084648098665866,
  "recall_macro": 0.9088,
  "f1_macro": 0.9082109238920559,
  "precision_weighted": 0.9084648098665866,
  "recall_weighted": 0.9088,
  "f1_weighted": 0.9082109238920558,
  "per_class_f1": [
    0.9214711729622267,
    0.9619000494804553,
    0.8773926539058459,
    0.8081218274111676,
    0.9081289081289081,
    0.8532918610679109,
    0.9292730844793713,
    0.9319319319319319,
    0.944638403990025,
    0.9459593455627169
  ],
  "per_class_precision": [
    0.91600790513834,
    0.9520078354554359,
    0.9088960342979635,
    0.8206185567010309,
    0.8748841519925857,
    0.8858988159311088,
    0.9131274131274131,
    0.9328657314629258,
    0.9422885572139303,
    0.9380530973451328
  ],
  "per_class_recall": [
    0.927,
    0.972,
    0.848,
    0.796,
    0.944,
    0.823,
    0.946,
    0.931,
    0.947,
    0.954
  ],
  "train_time_seconds": 233.5344512462616,
  "run_id": 83,
  "seed": 2109,
  "model_type": "cnn_gan",
  "dataset": "cifar10"
}