{
  "accuracy": 0.9097,
  "precision_macro": 0.9096772680570661,
  "recall_macro": 0.9097,
  "f1_macro": 0.9090963965124585,
  "precision_weighted": 0.9096772680570663,
  "recall_weighted": 0.9097,
  "f1_weighted": 0.9090963965124583,
  "per_class_f1": [
    0.9118964659034345,
    0.954954954954955,
    0.8789144050104384,
    0.8202959830866807,
    0.9081133919843597,
    0.8600682593856656,
    0.9336609336609336,
    0.9412350597609562,
    0.9418145956607495,
    0.9400099157164105
  ],
  "per_class_precision": [
    0.9078295341922695,
    0.9559118236472945,
    0.9192139737991266,
    0.8699551569506726,
    0.8881453154875717,
    0.8392007611798288,
    0.9178743961352657,
    0.9375,
    0.9289883268482491,
    0.9321533923303835
  ],
  "per_class_recall": [
    0.916,
    0.954,
    0.842,
    0.776,
    0.929,
    0.882,
    0.95,
    0.945,
    0.955,
    0.948
  ],
  "train_time_seconds": 232.92177319526672,
  "run_id": 74,
  "seed": 2100,
  "model_type": "cnn_gan",
  "dataset": "cifar10"
}