{
  "accuracy": 0.9091,
  "precision_macro": 0.9088776130259696,
  "recall_macro": 0.9090999999999999,
  "f1_macro": 0.9086137785512604,
  "precision_weighted": 0.9088776130259696,
  "recall_weighted": 0.9091,
  "f1_weighted": 0.9086137785512602,
  "per_class_f1": [
    0.9092752154080082,
    0.953953953953954,
    0.8767967145790554,
    0.8186528497409327,
    0.9130216189039718,
    0.8633448445979279,
    0.9264069264069265,
    0.9466865969108121,
    0.9393638170974155,
    0.9386352479135984
  ],
  "per_class_precision": [
    0.9218910585817061,
    0.9549098196392786,
    0.9008438818565401,
    0.8494623655913979,
    0.9180990899898888,
    0.8519961051606622,
    0.8924930491195552,
    0.9433962264150944,
    0.9337944664031621,
    0.9218900675024108
  ],
  "per_class_recall": [
    0.897,
    0.953,
    0.854,
    0.79,
    0.908,
    0.875,
    0.963,
    0.95,
    0.945,
    0.956
  ],
  "train_time_seconds": 401.71515679359436,
  "run_id": 76,
  "seed": 2102,
  "model_type": "cnn",
  "dataset": "cifar10"
}