{
  "accuracy": 0.9078,
  "precision_macro": 0.9072486869270119,
  "recall_macro": 0.9077999999999999,
  "f1_macro": 0.9073124659212436,
  "precision_weighted": 0.9072486869270119,
  "recall_weighted": 0.9078,
  "f1_weighted": 0.9073124659212437,
  "per_class_f1": [
    0.9118660758247169,
    0.9593169261677549,
    0.8696985181400102,
    0.81672689726381,
    0.9097291875626881,
    0.8601503759398497,
    0.9326119035907526,
    0.9276930644367929,
    0.9433962264150944,
    0.9419354838709677
  ],
  "per_class_precision": [
    0.8981571290009699,
    0.963673057517659,
    0.8892371995820272,
    0.8441835645677694,
    0.9124748490945674,
    0.8623115577889447,
    0.9177153920619555,
    0.9128751210067764,
    0.9368836291913215,
    0.9349753694581281
  ],
  "per_class_recall": [
    0.926,
    0.955,
    0.851,
    0.791,
    0.907,
    0.858,
    0.948,
    0.943,
    0.95,
    0.949
  ],
  "train_time_seconds": 499.4820125102997,
  "run_id": 27,
  "seed": 2053,
  "model_type": "cnn",
  "dataset": "cifar10"
}