{
  "accuracy": 0.9085,
  "precision_macro": 0.9084832932497532,
  "recall_macro": 0.9085000000000001,
  "f1_macro": 0.9079260995666913,
  "precision_weighted": 0.9084832932497533,
  "recall_weighted": 0.9085,
  "f1_weighted": 0.9079260995666913,
  "per_class_f1": [
    0.9168716182980816,
    0.9578313253012049,
    0.8784559207094418,
    0.7957894736842105,
    0.9181459566074951,
    0.8545279383429673,
    0.936318407960199,
    0.936318407960199,
    0.9452191235059761,
    0.9397828232971372
  ],
  "per_class_precision": [
    0.9022265246853823,
    0.9616935483870968,
    0.9182115594329335,
    0.84,
    0.9056420233463035,
    0.8243494423791822,
    0.9316831683168317,
    0.9316831683168317,
    0.941468253968254,
    0.9278752436647173
  ],
  "per_class_recall": [
    0.932,
    0.954,
    0.842,
    0.756,
    0.931,
    0.887,
    0.941,
    0.941,
    0.949,
    0.952
  ],
  "train_time_seconds": 233.88185811042786,
  "run_id": 2,
  "seed": 2028,
  "model_type": "cnn",
  "dataset": "cifar10"
}