{
  "accuracy": 0.9062,
  "precision_macro": 0.9056437239949682,
  "recall_macro": 0.9061999999999999,
  "f1_macro": 0.9055171464746691,
  "precision_weighted": 0.9056437239949681,
  "recall_weighted": 0.9062,
  "f1_weighted": 0.9055171464746693,
  "per_class_f1": [
    0.9110779930452062,
    0.9530400395452299,
    0.878099173553719,
    0.8014590932777488,
    0.9136904761904762,
    0.8625877632898696,
    0.9224054316197866,
    0.9391041771514846,
    0.942,
    0.9317073170731708
  ],
  "per_class_precision": [
    0.9052319842053307,
    0.9423264907135875,
    0.9081196581196581,
    0.8367791077257889,
    0.906496062992126,
    0.8651911468812877,
    0.8954802259887006,
    0.9452887537993921,
    0.942,
    0.9095238095238095
  ],
  "per_class_recall": [
    0.917,
    0.964,
    0.85,
    0.769,
    0.921,
    0.86,
    0.951,
    0.933,
    0.942,
    0.955
  ],
  "train_time_seconds": 400.0923652648926,
  "run_id": 13,
  "seed": 2039,
  "model_type": "cnn_gan",
  "dataset": "cifar10"
}