{
  "accuracy": 0.9057,
  "precision_macro": 0.905828388510795,
  "recall_macro": 0.9056999999999998,
  "f1_macro": 0.904734472944136,
  "precision_weighted": 0.9058283885107947,
  "recall_weighted": 0.9057,
  "f1_weighted": 0.9047344729441358,
  "per_class_f1": [
    0.9152376286134248,
    0.95968534906588,
    0.8735033836543467,
    0.7934782608695652,
    0.9041501976284585,
    0.8495915425276309,
    0.9279454722492697,
    0.9315476190476191,
    0.9467871485943775,
    0.9454181271907862
  ],
  "per_class_precision": [
    0.8972142170989433,
    0.9439071566731141,
    0.9109663409337676,
    0.8690476190476191,
    0.8935546875,
    0.8177613320999075,
    0.9041745730550285,
    0.9242125984251969,
    0.9506048387096774,
    0.9468405215646941
  ],
  "per_class_recall": [
    0.934,
    0.976,
    0.839,
    0.73,
    0.915,
    0.884,
    0.953,
    0.939,
    0.943,
    0.944
  ],
  "train_time_seconds": 400.614054441452,
  "run_id": 94,
  "seed": 2120,
  "model_type": "cnn_gan",
  "dataset": "cifar10"
}