{
  "accuracy": 0.9062,
  "precision_macro": 0.9073424019735619,
  "recall_macro": 0.9061999999999999,
  "f1_macro": 0.9049890274747987,
  "precision_weighted": 0.907342401973562,
  "recall_weighted": 0.9062,
  "f1_weighted": 0.9049890274747988,
  "per_class_f1": [
    0.9124936772888215,
    0.9588089330024814,
    0.8791432942376338,
    0.7878446820483962,
    0.9097888675623801,
    0.8515884305357989,
    0.9238972370334464,
    0.9323308270676691,
    0.9484126984126984,
    0.945581627558662
  ],
  "per_class_precision": [
    0.9232343909928352,
    0.9517241379310345,
    0.8969823100936525,
    0.9009009009009009,
    0.8745387453874539,
    0.8097385031559964,
    0.896519285042333,
    0.9346733668341709,
    0.9409448818897638,
    0.9441674975074775
  ],
  "per_class_recall": [
    0.902,
    0.966,
    0.862,
    0.7,
    0.948,
    0.898,
    0.953,
    0.93,
    0.956,
    0.947
  ],
  "train_time_seconds": 487.0971372127533,
  "run_id": 57,
  "seed": 2083,
  "model_type": "cnn",
  "dataset": "cifar10"
}