{
  "accuracy": 0.9087,
  "precision_macro": 0.9092720682032812,
  "recall_macro": 0.9087,
  "f1_macro": 0.9081700837451299,
  "precision_weighted": 0.9092720682032813,
  "recall_weighted": 0.9087,
  "f1_weighted": 0.9081700837451299,
  "per_class_f1": [
    0.9195171026156942,
    0.9593984962406015,
    0.8761201897733263,
    0.8069437138348238,
    0.9044585987261147,
    0.8635282929148835,
    0.9322865554465162,
    0.9288238263503281,
    0.9507707608155147,
    0.9398533007334964
  ],
  "per_class_precision": [
    0.9251012145748988,
    0.9618090452261306,
    0.9264214046822743,
    0.8512763596004439,
    0.8866474543707973,
    0.8232094288304623,
    0.9152215799614644,
    0.9378185524974516,
    0.9455984174085065,
    0.9196172248803828
  ],
  "per_class_recall": [
    0.914,
    0.957,
    0.831,
    0.767,
    0.923,
    0.908,
    0.95,
    0.92,
    0.956,
    0.961
  ],
  "train_time_seconds": 482.9744830131531,
  "run_id": 54,
  "seed": 2080,
  "model_type": "cnn",
  "dataset": "cifar10"
}