{
  "accuracy": 0.9042,
  "precision_macro": 0.9038477528603727,
  "recall_macro": 0.9042000000000001,
  "f1_macro": 0.9037817922669393,
  "precision_weighted": 0.9038477528603728,
  "recall_weighted": 0.9042,
  "f1_weighted": 0.9037817922669396,
  "per_class_f1": [
    0.9113796576032226,
    0.9562594268476622,
    0.8561113976276431,
    0.7983581323755772,
    0.9104330708661418,
    0.8432432432432433,
    0.9356435643564357,
    0.9388164493480441,
    0.9436201780415431,
    0.943952802359882
  ],
  "per_class_precision": [
    0.9178498985801217,
    0.961577350859454,
    0.8839190628328009,
    0.8198103266596417,
    0.8963178294573644,
    0.8289855072463768,
    0.9264705882352942,
    0.9416498993963782,
    0.9334637964774951,
    0.9284332688588007
  ],
  "per_class_recall": [
    0.905,
    0.951,
    0.83,
    0.778,
    0.925,
    0.858,
    0.945,
    0.936,
    0.954,
    0.96
  ],
  "train_time_seconds": 233.20916175842285,
  "run_id": 47,
  "seed": 2073,
  "model_type": "cnn_gan",
  "dataset": "cifar10"
}