{
  "accuracy": 0.9083,
  "precision_macro": 0.9082493388606198,
  "recall_macro": 0.9083,
  "f1_macro": 0.9074034643045958,
  "precision_weighted": 0.9082493388606198,
  "recall_weighted": 0.9083,
  "f1_weighted": 0.9074034643045957,
  "per_class_f1": [
    0.9179512680258578,
    0.9643395278754395,
    0.8730650154798761,
    0.8054054054054054,
    0.9128463476070529,
    0.8564523924601256,
    0.9263261296660118,
    0.9331366764995084,
    0.9448818897637795,
    0.9396299902629016
  ],
  "per_class_precision": [
    0.9129574678536103,
    0.9687184661957619,
    0.9019189765458422,
    0.8764705882352941,
    0.9197969543147209,
    0.8288119738072965,
    0.9102316602316602,
    0.9177949709864603,
    0.9302325581395349,
    0.9155597722960152
  ],
  "per_class_recall": [
    0.923,
    0.96,
    0.846,
    0.745,
    0.906,
    0.886,
    0.943,
    0.949,
    0.96,
    0.965
  ],
  "train_time_seconds": 532.6532406806946,
  "run_id": 57,
  "seed": 2083,
  "model_type": "cnn_gan",
  "dataset": "cifar10"
}