{
  "accuracy": 0.9121,
  "precision_macro": 0.9116581024589759,
  "recall_macro": 0.9121,
  "f1_macro": 0.9115188546684481,
  "precision_weighted": 0.9116581024589759,
  "recall_weighted": 0.9121,
  "f1_weighted": 0.911518854668448,
  "per_class_f1": [
    0.918407960199005,
    0.9587680079483358,
    0.8820873055694932,
    0.8178477690288714,
    0.9054774600096946,
    0.8614762386248737,
    0.9417085427135679,
    0.9376237623762376,
    0.9446349828515433,
    0.9471565173628586
  ],
  "per_class_precision": [
    0.9138613861386139,
    0.9526159921026653,
    0.8851963746223565,
    0.8607734806629834,
    0.878645343367827,
    0.8711656441717791,
    0.9464646464646465,
    0.9284313725490196,
    0.9260326609029779,
    0.9533941236068896
  ],
  "per_class_recall": [
    0.923,
    0.965,
    0.879,
    0.779,
    0.934,
    0.852,
    0.937,
    0.947,
    0.964,
    0.941
  ],
  "train_time_seconds": 233.67056155204773,
  "run_id": 14,
  "seed": 2040,
  "model_type": "cnn_gan",
  "dataset": "cifar10"
}