{
  "accuracy": 0.9046,
  "precision_macro": 0.9041363984108968,
  "recall_macro": 0.9046,
  "f1_macro": 0.9034960765093242,
  "precision_weighted": 0.9041363984108968,
  "recall_weighted": 0.9046,
  "f1_weighted": 0.9034960765093243,
  "per_class_f1": [
    0.9091811414392059,
    0.9574898785425101,
    0.8746177370030581,
    0.7883053600433135,
    0.8989850169163848,
    0.8538306451612904,
    0.9234472797303803,
    0.9321533923303835,
    0.9446640316205533,
    0.952286282306163
  ],
  "per_class_precision": [
    0.9024630541871921,
    0.9692622950819673,
    0.8918918918918919,
    0.859504132231405,
    0.8699719363891487,
    0.8607723577235772,
    0.8904363974001857,
    0.9168278529980658,
    0.93359375,
    0.9466403162055336
  ],
  "per_class_recall": [
    0.916,
    0.946,
    0.858,
    0.728,
    0.93,
    0.847,
    0.959,
    0.948,
    0.956,
    0.958
  ],
  "train_time_seconds": 233.42122411727905,
  "run_id": 11,
  "seed": 2037,
  "model_type": "cnn_gan",
  "dataset": "cifar10"
}