{
  "accuracy": 0.9067,
  "precision_macro": 0.9066949617317709,
  "recall_macro": 0.9067000000000001,
  "f1_macro": 0.9060732068465782,
  "precision_weighted": 0.9066949617317709,
  "recall_weighted": 0.9067,
  "f1_weighted": 0.9060732068465781,
  "per_class_f1": [
    0.9114914425427872,
    0.9589178356713427,
    0.8818897637795275,
    0.7934668071654373,
    0.9081081081081082,
    0.8524271844660194,
    0.9318746892093486,
    0.9349112426035503,
    0.9465267366316842,
    0.9411182582879762
  ],
  "per_class_precision": [
    0.8918660287081339,
    0.9608433734939759,
    0.9281767955801105,
    0.8385300668151447,
    0.8927536231884058,
    0.8283018867924529,
    0.9268051434223541,
    0.9221789883268483,
    0.9460539460539461,
    0.931439764936337
  ],
  "per_class_recall": [
    0.932,
    0.957,
    0.84,
    0.753,
    0.924,
    0.878,
    0.937,
    0.948,
    0.947,
    0.951
  ],
  "train_time_seconds": 233.33588528633118,
  "run_id": 98,
  "seed": 2124,
  "model_type": "cnn",
  "dataset": "cifar10"
}