{
  "accuracy": 0.9091,
  "precision_macro": 0.9089513271610888,
  "recall_macro": 0.9090999999999999,
  "f1_macro": 0.908682604381509,
  "precision_weighted": 0.9089513271610887,
  "recall_weighted": 0.9091,
  "f1_weighted": 0.9086826043815092,
  "per_class_f1": [
    0.9112244897959184,
    0.9569520039584364,
    0.8745556119857796,
    0.822303282959875,
    0.9081133919843597,
    0.8593903638151426,
    0.9314796425024826,
    0.9377179870453413,
    0.9501259445843828,
    0.9349633251833741
  ],
  "per_class_precision": [
    0.9302083333333333,
    0.9471106758080313,
    0.8885448916408669,
    0.8585418933623504,
    0.8881453154875717,
    0.8452611218568665,
    0.9250493096646942,
    0.9344587884806356,
    0.9573604060913705,
    0.9148325358851674
  ],
  "per_class_recall": [
    0.893,
    0.967,
    0.861,
    0.789,
    0.929,
    0.874,
    0.938,
    0.941,
    0.943,
    0.956
  ],
  "train_time_seconds": 489.20406222343445,
  "run_id": 99,
  "seed": 2125,
  "model_type": "cnn_gan",
  "dataset": "cifar10"
}