{
  "accuracy": 0.9068,
  "precision_macro": 0.9075798671436969,
  "recall_macro": 0.9067999999999999,
  "f1_macro": 0.9060589688535012,
  "precision_weighted": 0.9075798671436969,
  "recall_weighted": 0.9068,
  "f1_weighted": 0.9060589688535013,
  "per_class_f1": [
    0.914004914004914,
    0.9598413485374319,
    0.8770661157024794,
    0.7917121046892039,
    0.9149676777722526,
    0.8424015009380863,
    0.9342560553633218,
    0.9417085427135679,
    0.9438648782911078,
    0.9407665505226481
  ],
  "per_class_precision": [
    0.8985507246376812,
    0.951819075712881,
    0.907051282051282,
    0.8705035971223022,
    0.9099901088031652,
    0.7932862190812721,
    0.9237536656891495,
    0.9464646464646465,
    0.9378084896347483,
    0.9365708622398414
  ],
  "per_class_recall": [
    0.93,
    0.968,
    0.849,
    0.726,
    0.92,
    0.898,
    0.945,
    0.937,
    0.95,
    0.945
  ],
  "train_time_seconds": 510.34138536453247,
  "run_id": 18,
  "seed": 2044,
  "model_type": "cnn_gan",
  "dataset": "cifar10"
}