{
  "accuracy": 0.9077,
  "precision_macro": 0.9076005973454209,
  "recall_macro": 0.9077,
  "f1_macro": 0.9070546443606966,
  "precision_weighted": 0.9076005973454209,
  "recall_weighted": 0.9077,
  "f1_weighted": 0.9070546443606967,
  "per_class_f1": [
    0.9042871385842473,
    0.9533267130089375,
    0.8738069989395546,
    0.8161574313827032,
    0.9097963142580019,
    0.8622575832918946,
    0.9290953545232273,
    0.9397590361445783,
    0.94146581406788,
    0.9405940594059405
  ],
  "per_class_precision": [
    0.9015904572564613,
    0.9467455621301775,
    0.9300225733634312,
    0.8464017185821697,
    0.8832391713747646,
    0.857566765578635,
    0.9090909090909091,
    0.9435483870967742,
    0.9264278799612778,
    0.9313725490196079
  ],
  "per_class_recall": [
    0.907,
    0.96,
    0.824,
    0.788,
    0.938,
    0.867,
    0.95,
    0.936,
    0.957,
    0.95
  ],
  "train_time_seconds": 400.2500193119049,
  "run_id": 100,
  "seed": 2126,
  "model_type": "cnn",
  "dataset": "cifar10"
}