{
  "accuracy": 0.9095,
  "precision_macro": 0.9098316308851515,
  "recall_macro": 0.9094999999999999,
  "f1_macro": 0.9088291719263596,
  "precision_weighted": 0.9098316308851516,
  "recall_weighted": 0.9095,
  "f1_weighted": 0.9088291719263598,
  "per_class_f1": [
    0.9145427286356822,
    0.9592350276799195,
    0.8764519535374868,
    0.8061440677966102,
    0.9131707317073171,
    0.8601633829889476,
    0.9326781326781327,
    0.9359165424739195,
    0.9485257371314343,
    0.9414634146341463
  ],
  "per_class_precision": [
    0.9140859140859141,
    0.9655521783181358,
    0.9284116331096197,
    0.8569819819819819,
    0.8914285714285715,
    0.8279370952821462,
    0.9169082125603865,
    0.9299111549851925,
    0.948051948051948,
    0.919047619047619
  ],
  "per_class_recall": [
    0.915,
    0.953,
    0.83,
    0.761,
    0.936,
    0.895,
    0.949,
    0.942,
    0.949,
    0.965
  ],
  "train_time_seconds": 400.7141013145447,
  "run_id": 97,
  "seed": 2123,
  "model_type": "cnn",
  "dataset": "cifar10"
}