{
  "accuracy": 0.9094,
  "precision_macro": 0.9095633767128748,
  "recall_macro": 0.9094,
  "f1_macro": 0.9088029964153949,
  "precision_weighted": 0.9095633767128748,
  "recall_weighted": 0.9094,
  "f1_weighted": 0.9088029964153947,
  "per_class_f1": [
    0.91571072319202,
    0.9562154001006542,
    0.8619422572178478,
    0.826222684703434,
    0.8988979396262577,
    0.875062719518314,
    0.9267345948568656,
    0.9410029498525073,
    0.9451219512195121,
    0.9411187438665358
  ],
  "per_class_precision": [
    0.9134328358208955,
    0.9625126646403243,
    0.907182320441989,
    0.8611713665943601,
    0.8629254829806807,
    0.878147029204431,
    0.9000942507068803,
    0.925531914893617,
    0.9607438016528925,
    0.9238921001926782
  ],
  "per_class_recall": [
    0.918,
    0.95,
    0.821,
    0.794,
    0.938,
    0.872,
    0.955,
    0.957,
    0.93,
    0.959
  ],
  "train_time_seconds": 234.70403575897217,
  "run_id": 23,
  "seed": 2049,
  "model_type": "cnn",
  "dataset": "cifar10"
}