{
  "accuracy": 0.9096,
  "precision_macro": 0.9095289034045566,
  "recall_macro": 0.9096,
  "f1_macro": 0.9090054843248568,
  "precision_weighted": 0.9095289034045565,
  "recall_weighted": 0.9096,
  "f1_weighted": 0.9090054843248568,
  "per_class_f1": [
    0.9085365853658537,
    0.958958958958959,
    0.8831849135673128,
    0.8152341739577972,
    0.9106711733462095,
    0.8691258211217787,
    0.9280155642023347,
    0.9378134403209629,
    0.9345063538611925,
    0.944007858546169
  ],
  "per_class_precision": [
    0.9235537190082644,
    0.9599198396793587,
    0.9273927392739274,
    0.8398727465535525,
    0.880485527544351,
    0.8784473953013279,
    0.9034090909090909,
    0.9406438631790744,
    0.9139579349904398,
    0.9276061776061776
  ],
  "per_class_recall": [
    0.894,
    0.958,
    0.843,
    0.792,
    0.943,
    0.86,
    0.954,
    0.935,
    0.956,
    0.961
  ],
  "train_time_seconds": 499.85875129699707,
  "run_id": 45,
  "seed": 2071,
  "model_type": "cnn",
  "dataset": "cifar10"
}