{
  "accuracy": 0.9038,
  "precision_macro": 0.9040323728032902,
  "recall_macro": 0.9038,
  "f1_macro": 0.9030926325413914,
  "precision_weighted": 0.9040323728032901,
  "recall_weighted": 0.9038,
  "f1_weighted": 0.9030926325413913,
  "per_class_f1": [
    0.9156139464375948,
    0.9553702795487984,
    0.8660760812923397,
    0.8076923076923077,
    0.9081885856079405,
    0.8449351896303409,
    0.9233009708737864,
    0.9251231527093596,
    0.9457286432160804,
    0.9388971684053651
  ],
  "per_class_precision": [
    0.9254341164453525,
    0.9374398460057748,
    0.9042437431991295,
    0.8669724770642202,
    0.9014778325123153,
    0.8125577100646353,
    0.8971698113207547,
    0.9116504854368932,
    0.9505050505050505,
    0.932872655478776
  ],
  "per_class_recall": [
    0.906,
    0.974,
    0.831,
    0.756,
    0.915,
    0.88,
    0.951,
    0.939,
    0.941,
    0.945
  ],
  "train_time_seconds": 398.78870820999146,
  "run_id": 94,
  "seed": 2120,
  "model_type": "cnn",
  "dataset": "cifar10"
}