{
  "accuracy": 0.9065,
  "precision_macro": 0.9069717705259347,
  "recall_macro": 0.9065,
  "f1_macro": 0.9056304162140046,
  "precision_weighted": 0.9069717705259345,
  "recall_weighted": 0.9065,
  "f1_weighted": 0.9056304162140044,
  "per_class_f1": [
    0.9105289174493326,
    0.9600808489135927,
    0.8818652849740932,
    0.7976060935799782,
    0.90625,
    0.8488038277511962,
    0.9272289156626506,
    0.9301868239921337,
    0.9473161033797217,
    0.9464373464373464
  ],
  "per_class_precision": [
    0.9002932551319648,
    0.9703779366700716,
    0.9150537634408602,
    0.8747016706443914,
    0.9136178861788617,
    0.8137614678899082,
    0.8948837209302326,
    0.9148936170212766,
    0.941699604743083,
    0.9304347826086956
  ],
  "per_class_recall": [
    0.921,
    0.95,
    0.851,
    0.733,
    0.899,
    0.887,
    0.962,
    0.946,
    0.953,
    0.963
  ],
  "train_time_seconds": 396.5333116054535,
  "run_id": 22,
  "seed": 2048,
  "model_type": "cnn",
  "dataset": "cifar10"
}