{
  "accuracy": 0.9047,
  "precision_macro": 0.9041642310317272,
  "recall_macro": 0.9047000000000001,
  "f1_macro": 0.9041222881329579,
  "precision_weighted": 0.904164231031727,
  "recall_weighted": 0.9047,
  "f1_weighted": 0.904122288132958,
  "per_class_f1": [
    0.9071537290715372,
    0.9555555555555556,
    0.8761810044753854,
    0.7950052029136316,
    0.9117938553022795,
    0.8545454545454545,
    0.9244917715392061,
    0.9310689310689311,
    0.943081452404318,
    0.9423459244532804
  ],
  "per_class_precision": [
    0.9207003089598352,
    0.9653061224489796,
    0.8714144411473789,
    0.8286334056399133,
    0.9037328094302554,
    0.863265306122449,
    0.8958724202626641,
    0.9301397205588823,
    0.9258188824662813,
    0.9367588932806324
  ],
  "per_class_recall": [
    0.894,
    0.946,
    0.881,
    0.764,
    0.92,
    0.846,
    0.955,
    0.932,
    0.961,
    0.948
  ],
  "train_time_seconds": 400.94858741760254,
  "run_id": 10,
  "seed": 2036,
  "model_type": "cnn_gan",
  "dataset": "cifar10"
}