{
  "accuracy": 0.9066,
  "precision_macro": 0.9059695986987837,
  "recall_macro": 0.9065999999999999,
  "f1_macro": 0.906012126793535,
  "precision_weighted": 0.9059695986987836,
  "recall_weighted": 0.9066,
  "f1_weighted": 0.9060121267935352,
  "per_class_f1": [
    0.9080973671137605,
    0.9612711022840119,
    0.8710512687726567,
    0.8010282776349614,
    0.9147363233119763,
    0.861878453038674,
    0.9305555555555556,
    0.9298418972332015,
    0.9384164222873901,
    0.9432446007031643
  ],
  "per_class_precision": [
    0.9022704837117473,
    0.9546351084812623,
    0.9033297529538131,
    0.8243386243386244,
    0.901846452866861,
    0.8657921291624622,
    0.9232283464566929,
    0.9189453125,
    0.9177820267686424,
    0.9475277497477296
  ],
  "per_class_recall": [
    0.914,
    0.968,
    0.841,
    0.779,
    0.928,
    0.858,
    0.938,
    0.941,
    0.96,
    0.939
  ],
  "train_time_seconds": 232.4227135181427,
  "run_id": 101,
  "seed": 2127,
  "model_type": "cnn",
  "dataset": "cifar10"
}