{
  "accuracy": 0.9048,
  "precision_macro": 0.9051331223729113,
  "recall_macro": 0.9048,
  "f1_macro": 0.903403015992053,
  "precision_weighted": 0.9051331223729112,
  "recall_weighted": 0.9048,
  "f1_weighted": 0.9034030159920531,
  "per_class_f1": [
    0.9108216432865731,
    0.9567869852567361,
    0.8758974358974358,
    0.8011049723756906,
    0.9056420233463035,
    0.8584615384615385,
    0.9218303145853194,
    0.9238870272857826,
    0.9359223300970874,
    0.9436758893280632
  ],
  "per_class_precision": [
    0.9126506024096386,
    0.9731127197518097,
    0.8989473684210526,
    0.8950617283950617,
    0.8816287878787878,
    0.8810526315789474,
    0.8806921675774135,
    0.8861340679522498,
    0.909433962264151,
    0.9326171875
  ],
  "per_class_recall": [
    0.909,
    0.941,
    0.854,
    0.725,
    0.931,
    0.837,
    0.967,
    0.965,
    0.964,
    0.955
  ],
  "train_time_seconds": 496.4429244995117,
  "run_id": 75,
  "seed": 2101,
  "model_type": "cnn_gan",
  "dataset": "cifar10"
}