{
  "accuracy": 0.9097,
  "precision_macro": 0.9092108726151766,
  "recall_macro": 0.9097,
  "f1_macro": 0.9091160778637951,
  "precision_weighted": 0.9092108726151764,
  "recall_weighted": 0.9097,
  "f1_weighted": 0.909116077863795,
  "per_class_f1": [
    0.9146757679180887,
    0.9639278557114228,
    0.8792664289353032,
    0.8155844155844156,
    0.9098922624877571,
    0.8530757498729029,
    0.9403647116806308,
    0.9362549800796812,
    0.9404040404040404,
    0.9377145659637077
  ],
  "per_class_precision": [
    0.8924833491912464,
    0.9658634538152611,
    0.8961578400830738,
    0.8486486486486486,
    0.8915547024952015,
    0.8676318510858325,
    0.9271137026239067,
    0.9325396825396826,
    0.95,
    0.9201154956689124
  ],
  "per_class_recall": [
    0.938,
    0.962,
    0.863,
    0.785,
    0.929,
    0.839,
    0.954,
    0.94,
    0.931,
    0.956
  ],
  "train_time_seconds": 235.4421398639679,
  "run_id": 14,
  "seed": 2040,
  "model_type": "cnn",
  "dataset": "cifar10"
}