{
  "accuracy": 0.91,
  "precision_macro": 0.9098844270338698,
  "recall_macro": 0.9099999999999999,
  "f1_macro": 0.9097277151924587,
  "precision_weighted": 0.90988442703387,
  "recall_weighted": 0.91,
  "f1_weighted": 0.9097277151924588,
  "per_class_f1": [
    0.9082661290322581,
    0.9634451677516275,
    0.8805740645822655,
    0.8084891359272359,
    0.9127450980392157,
    0.861878453038674,
    0.9267813267813267,
    0.9439347604485219,
    0.9461728395061728,
    0.9449901768172888
  ],
  "per_class_precision": [
    0.915650406504065,
    0.9648946840521565,
    0.9032597266035752,
    0.8171603677221655,
    0.8951923076923077,
    0.8657921291624622,
    0.9111111111111111,
    0.9625779625779626,
    0.9346341463414635,
    0.9285714285714286
  ],
  "per_class_recall": [
    0.901,
    0.962,
    0.859,
    0.8,
    0.931,
    0.858,
    0.943,
    0.926,
    0.958,
    0.962
  ],
  "train_time_seconds": 401.1766731739044,
  "run_id": 52,
  "seed": 2078,
  "model_type": "cnn",
  "dataset": "cifar10"
}