{
  "accuracy": 0.9027,
  "precision_macro": 0.903022882263911,
  "recall_macro": 0.9027,
  "f1_macro": 0.9018010954298594,
  "precision_weighted": 0.903022882263911,
  "recall_weighted": 0.9027,
  "f1_weighted": 0.9018010954298594,
  "per_class_f1": [
    0.9085396664982315,
    0.9594460929772503,
    0.8685540950455005,
    0.7873154729360307,
    0.9062811565304087,
    0.8418024928092043,
    0.9159503342884432,
    0.9372174786539428,
    0.9481555333998006,
    0.944748631159781
  ],
  "per_class_precision": [
    0.9182839632277835,
    0.949119373776908,
    0.878323108384458,
    0.8685162846803377,
    0.9035785288270378,
    0.8084714548802947,
    0.876599634369287,
    0.941473259334006,
    0.9453280318091452,
    0.9405351833498513
  ],
  "per_class_recall": [
    0.899,
    0.97,
    0.859,
    0.72,
    0.909,
    0.878,
    0.959,
    0.933,
    0.951,
    0.949
  ],
  "train_time_seconds": 233.67197704315186,
  "run_id": 56,
  "seed": 2082,
  "model_type": "cnn_gan",
  "dataset": "cifar10"
}