{
  "accuracy": 0.9046,
  "precision_macro": 0.9048718358106109,
  "recall_macro": 0.9046000000000001,
  "f1_macro": 0.9038960808887773,
  "precision_weighted": 0.904871835810611,
  "recall_weighted": 0.9046,
  "f1_weighted": 0.9038960808887774,
  "per_class_f1": [
    0.8960165545783756,
    0.9563511525257479,
    0.8819875776397516,
    0.8086452293094359,
    0.9035385361124576,
    0.8592447278077489,
    0.9241114313160422,
    0.9344845099035043,
    0.9328140214216164,
    0.9417670682730924
  ],
  "per_class_precision": [
    0.9281886387995713,
    0.9384023099133783,
    0.9141630901287554,
    0.855072463768116,
    0.8767638758231421,
    0.8431183830606352,
    0.88909426987061,
    0.9494324045407637,
    0.9089184060721063,
    0.9455645161290323
  ],
  "per_class_recall": [
    0.866,
    0.975,
    0.852,
    0.767,
    0.932,
    0.876,
    0.962,
    0.92,
    0.958,
    0.938
  ],
  "train_time_seconds": 233.8626892566681,
  "run_id": 53,
  "seed": 2079,
  "model_type": "cnn",
  "dataset": "cifar10"
}