{
  "accuracy": 0.9084,
  "precision_macro": 0.9085934077684413,
  "recall_macro": 0.9084,
  "f1_macro": 0.9075214626200921,
  "precision_weighted": 0.9085934077684414,
  "recall_weighted": 0.9084,
  "f1_weighted": 0.9075214626200923,
  "per_class_f1": [
    0.9094567404426559,
    0.9607550919026329,
    0.8878455920709442,
    0.8002165674066053,
    0.9009272816007808,
    0.8548076923076923,
    0.9385749385749386,
    0.9354361754558896,
    0.9423361261705273,
    0.9448584202682563
  ],
  "per_class_precision": [
    0.9149797570850202,
    0.9545903257650543,
    0.9280261723009815,
    0.872491145218418,
    0.8798856053384175,
    0.8231481481481482,
    0.9227053140096618,
    0.9222546161321672,
    0.9290573372206026,
    0.9387956564659428
  ],
  "per_class_recall": [
    0.904,
    0.967,
    0.851,
    0.739,
    0.923,
    0.889,
    0.955,
    0.949,
    0.956,
    0.951
  ],
  "train_time_seconds": 400.7415840625763,
  "run_id": 49,
  "seed": 2075,
  "model_type": "cnn_gan",
  "dataset": "cifar10"
}