{
  "accuracy": 0.9074,
  "precision_macro": 0.9070825170331936,
  "recall_macro": 0.9074,
  "f1_macro": 0.9068016270047219,
  "precision_weighted": 0.9070825170331936,
  "recall_weighted": 0.9074,
  "f1_weighted": 0.9068016270047218,
  "per_class_f1": [
    0.9098156452416543,
    0.9522842639593908,
    0.8760245901639344,
    0.8175710594315245,
    0.914,
    0.860204081632653,
    0.9270428015564203,
    0.9409429280397023,
    0.9421078673923801,
    0.9280230326295585
  ],
  "per_class_precision": [
    0.9066534260178749,
    0.9670103092783505,
    0.898109243697479,
    0.8459893048128342,
    0.914,
    0.878125,
    0.9024621212121212,
    0.9339901477832512,
    0.9324191968658179,
    0.8920664206642066
  ],
  "per_class_recall": [
    0.913,
    0.938,
    0.855,
    0.791,
    0.914,
    0.843,
    0.953,
    0.948,
    0.952,
    0.967
  ],
  "train_time_seconds": 399.01972556114197,
  "run_id": 82,
  "seed": 2108,
  "model_type": "cnn_gan",
  "dataset": "cifar10"
}