{
  "accuracy": 0.907,
  "precision_macro": 0.9074262351600055,
  "recall_macro": 0.907,
  "f1_macro": 0.9068183314639858,
  "precision_weighted": 0.9074262351600053,
  "recall_weighted": 0.907,
  "f1_weighted": 0.9068183314639857,
  "per_class_f1": [
    0.9133466135458167,
    0.9553264604810997,
    0.8819374369323916,
    0.8068535825545171,
    0.9097120546608102,
    0.85383502170767,
    0.9320583794665325,
    0.9393627954779034,
    0.9373433583959899,
    0.9384076114171257
  ],
  "per_class_precision": [
    0.9097222222222222,
    0.9382835101253616,
    0.890020366598778,
    0.8390928725701944,
    0.888465204957102,
    0.8247903075489282,
    0.9381965552178319,
    0.9661733615221987,
    0.9396984924623115,
    0.9398194583751254
  ],
  "per_class_recall": [
    0.917,
    0.973,
    0.874,
    0.777,
    0.932,
    0.885,
    0.926,
    0.914,
    0.935,
    0.937
  ],
  "train_time_seconds": 502.41750836372375,
  "run_id": 99,
  "seed": 2125,
  "model_type": "cnn",
  "dataset": "cifar10"
}