{
  "accuracy": 0.913,
  "precision_macro": 0.9123786167120379,
  "recall_macro": 0.913,
  "f1_macro": 0.9123739840202415,
  "precision_weighted": 0.9123786167120379,
  "recall_weighted": 0.913,
  "f1_weighted": 0.9123739840202415,
  "per_class_f1": [
    0.9192422731804586,
    0.9597989949748744,
    0.8834355828220859,
    0.8228571428571428,
    0.9174129353233831,
    0.8598887202832575,
    0.9361069836552749,
    0.9376218323586745,
    0.9464285714285714,
    0.9409468033186921
  ],
  "per_class_precision": [
    0.9165009940357853,
    0.9646464646464646,
    0.9037656903765691,
    0.8562162162162162,
    0.9128712871287129,
    0.8700102354145343,
    0.9273797841020608,
    0.9144486692015209,
    0.9389763779527559,
    0.9189704480457579
  ],
  "per_class_recall": [
    0.922,
    0.955,
    0.864,
    0.792,
    0.922,
    0.85,
    0.945,
    0.962,
    0.954,
    0.964
  ],
  "train_time_seconds": 400.2101261615753,
  "run_id": 82,
  "seed": 2108,
  "model_type": "cnn",
  "dataset": "cifar10"
}