{
  "accuracy": 0.9106,
  "precision_macro": 0.910593298948909,
  "recall_macro": 0.9106000000000002,
  "f1_macro": 0.9097951709617599,
  "precision_weighted": 0.9105932989489088,
  "recall_weighted": 0.9106,
  "f1_weighted": 0.9097951709617597,
  "per_class_f1": [
    0.9133700550826239,
    0.9603214465092919,
    0.8784559207094418,
    0.813034188034188,
    0.9182879377431906,
    0.8669612174766814,
    0.9247104247104247,
    0.9464196294441662,
    0.9392592592592592,
    0.93713163064833
  ],
  "per_class_precision": [
    0.9147442326980942,
    0.9646821392532795,
    0.9182115594329335,
    0.8727064220183486,
    0.8939393939393939,
    0.8514946962391514,
    0.8936567164179104,
    0.9478435305917753,
    0.9278048780487805,
    0.9208494208494209
  ],
  "per_class_recall": [
    0.912,
    0.956,
    0.842,
    0.761,
    0.944,
    0.883,
    0.958,
    0.945,
    0.951,
    0.954
  ],
  "train_time_seconds": 235.67173385620117,
  "run_id": 11,
  "seed": 2037,
  "model_type": "cnn",
  "dataset": "cifar10"
}