{
  "accuracy": 0.9061,
  "precision_macro": 0.9054786052185377,
  "recall_macro": 0.9061000000000001,
  "f1_macro": 0.9052054857130644,
  "precision_weighted": 0.9054786052185376,
  "recall_weighted": 0.9061,
  "f1_weighted": 0.9052054857130643,
  "per_class_f1": [
    0.9143145161290323,
    0.9636273044344793,
    0.8780241935483871,
    0.8021164021164021,
    0.9109109109109109,
    0.8561224489795919,
    0.9246279404704753,
    0.9281553398058252,
    0.9333333333333333,
    0.9408224674022067
  ],
  "per_class_precision": [
    0.9217479674796748,
    0.9602780536246276,
    0.8851626016260162,
    0.851685393258427,
    0.9118236472945892,
    0.8739583333333333,
    0.889196675900277,
    0.9018867924528302,
    0.9153846153846154,
    0.9436619718309859
  ],
  "per_class_recall": [
    0.907,
    0.967,
    0.871,
    0.758,
    0.91,
    0.839,
    0.963,
    0.956,
    0.952,
    0.938
  ],
  "train_time_seconds": 232.833425283432,
  "run_id": 38,
  "seed": 2064,
  "model_type": "cnn_gan",
  "dataset": "cifar10"
}