{
  "accuracy": 0.9092,
  "precision_macro": 0.9093867823723647,
  "recall_macro": 0.9091999999999999,
  "f1_macro": 0.908605901480564,
  "precision_weighted": 0.9093867823723647,
  "recall_weighted": 0.9092,
  "f1_weighted": 0.908605901480564,
  "per_class_f1": [
    0.9211700545364403,
    0.9587939698492463,
    0.8786610878661087,
    0.8023133543638276,
    0.8977055449330784,
    0.8593903638151426,
    0.9362962962962963,
    0.9420731707317073,
    0.9477832512315271,
    0.941871921182266
  ],
  "per_class_precision": [
    0.9134709931170109,
    0.9636363636363636,
    0.9210526315789473,
    0.8458980044345898,
    0.8598901098901099,
    0.8452611218568665,
    0.9248780487804878,
    0.9576446280991735,
    0.9339805825242719,
    0.9281553398058252
  ],
  "per_class_recall": [
    0.929,
    0.954,
    0.84,
    0.763,
    0.939,
    0.874,
    0.948,
    0.927,
    0.962,
    0.956
  ],
  "train_time_seconds": 501.75790667533875,
  "run_id": 105,
  "seed": 2131,
  "model_type": "cnn_gan",
  "dataset": "cifar10"
}