{
  "accuracy": 0.904,
  "precision_macro": 0.9038851694019966,
  "recall_macro": 0.9039999999999999,
  "f1_macro": 0.9035686244978587,
  "precision_weighted": 0.9038851694019966,
  "recall_weighted": 0.904,
  "f1_weighted": 0.9035686244978588,
  "per_class_f1": [
    0.90992835209826,
    0.9565217391304348,
    0.881511746680286,
    0.7893388006150692,
    0.9012345679012346,
    0.8551925889809849,
    0.9229268292682927,
    0.935515873015873,
    0.9432098765432099,
    0.9403058707449433
  ],
  "per_class_precision": [
    0.9318658280922432,
    0.9453125,
    0.9008350730688935,
    0.8096740273396424,
    0.9279661016949152,
    0.8344433872502379,
    0.900952380952381,
    0.9281496062992126,
    0.9317073170731708,
    0.9279454722492697
  ],
  "per_class_recall": [
    0.889,
    0.968,
    0.863,
    0.77,
    0.876,
    0.877,
    0.946,
    0.943,
    0.955,
    0.953
  ],
  "train_time_seconds": 532.8306455612183,
  "run_id": 54,
  "seed": 2080,
  "model_type": "cnn_gan",
  "dataset": "cifar10"
}