{
  "accuracy": 0.9126,
  "precision_macro": 0.9127873867377106,
  "recall_macro": 0.9126,
  "f1_macro": 0.9121993221845853,
  "precision_weighted": 0.9127873867377105,
  "recall_weighted": 0.9126,
  "f1_weighted": 0.9121993221845854,
  "per_class_f1": [
    0.9153543307086615,
    0.9583333333333334,
    0.8893463715903243,
    0.808133472367049,
    0.9117082533589251,
    0.8627643876045253,
    0.938185443668993,
    0.9451563300871348,
    0.9514271407110666,
    0.9415841584158415
  ],
  "per_class_precision": [
    0.9011627906976745,
    0.9507874015748031,
    0.9162248144220573,
    0.8442265795206971,
    0.8763837638376384,
    0.8489835430784124,
    0.9353876739562624,
    0.9695057833859095,
    0.9528585757271816,
    0.9323529411764706
  ],
  "per_class_recall": [
    0.93,
    0.966,
    0.864,
    0.775,
    0.95,
    0.877,
    0.941,
    0.922,
    0.95,
    0.951
  ],
  "train_time_seconds": 493.0703613758087,
  "run_id": 102,
  "seed": 2128,
  "model_type": "cnn_gan",
  "dataset": "cifar10"
}