{
  "accuracy": 0.9105,
  "precision_macro": 0.9103076170503339,
  "recall_macro": 0.9105000000000001,
  "f1_macro": 0.9100806335088631,
  "precision_weighted": 0.910307617050334,
  "recall_weighted": 0.9105,
  "f1_weighted": 0.9100806335088631,
  "per_class_f1": [
    0.907707910750507,
    0.9656545545047287,
    0.8728728728728729,
    0.817533129459735,
    0.9115646258503401,
    0.8631905007743934,
    0.9279148524431543,
    0.941473259334006,
    0.943640897755611,
    0.9492537313432836
  ],
  "per_class_precision": [
    0.9207818930041153,
    0.9613478691774033,
    0.87374749498998,
    0.8336798336798337,
    0.8865784499054821,
    0.8922091782283885,
    0.8987816307403936,
    0.9501018329938901,
    0.9412935323383085,
    0.9445544554455445
  ],
  "per_class_recall": [
    0.895,
    0.97,
    0.872,
    0.802,
    0.938,
    0.836,
    0.959,
    0.933,
    0.946,
    0.954
  ],
  "train_time_seconds": 528.5547986030579,
  "run_id": 9,
  "seed": 2035,
  "model_type": "cnn",
  "dataset": "cifar10"
}