{
  "accuracy": 0.9105,
  "precision_macro": 0.910294509903748,
  "recall_macro": 0.9105000000000001,
  "f1_macro": 0.9098110074190352,
  "precision_weighted": 0.910294509903748,
  "recall_weighted": 0.9105,
  "f1_weighted": 0.9098110074190352,
  "per_class_f1": [
    0.9138539042821159,
    0.958958958958959,
    0.8785529715762274,
    0.8114710568242167,
    0.917693445046821,
    0.8607472100921882,
    0.9335302806499262,
    0.9380881624566617,
    0.9450766947055913,
    0.9401373895976447
  ],
  "per_class_precision": [
    0.9208121827411168,
    0.9599198396793587,
    0.9090909090909091,
    0.8652321630804077,
    0.9047619047619048,
    0.8360037700282752,
    0.9194956353055286,
    0.929342492639843,
    0.9353574926542605,
    0.9229287090558767
  ],
  "per_class_recall": [
    0.907,
    0.958,
    0.85,
    0.764,
    0.931,
    0.887,
    0.948,
    0.947,
    0.955,
    0.958
  ],
  "train_time_seconds": 401.0180733203888,
  "run_id": 79,
  "seed": 2105,
  "model_type": "cnn",
  "dataset": "cifar10"
}