{
  "accuracy": 0.9137,
  "precision_macro": 0.9141165876810089,
  "recall_macro": 0.9137000000000001,
  "f1_macro": 0.9135244094972075,
  "precision_weighted": 0.9141165876810086,
  "recall_weighted": 0.9137,
  "f1_weighted": 0.9135244094972075,
  "per_class_f1": [
    0.9254473161033797,
    0.9576059850374065,
    0.8753959873284055,
    0.8241155954160438,
    0.9081186193485659,
    0.8666666666666667,
    0.9387351778656127,
    0.9397468354430379,
    0.9520958083832335,
    0.9473161033797217
  ],
  "per_class_precision": [
    0.9199604743083004,
    0.9552238805970149,
    0.9272930648769575,
    0.8212512413108243,
    0.8836329233680227,
    0.8623762376237624,
    0.927734375,
    0.9517948717948718,
    0.950199203187251,
    0.941699604743083
  ],
  "per_class_recall": [
    0.931,
    0.96,
    0.829,
    0.827,
    0.934,
    0.871,
    0.95,
    0.928,
    0.954,
    0.953
  ],
  "train_time_seconds": 400.0280194282532,
  "run_id": 34,
  "seed": 2060,
  "model_type": "cnn",
  "dataset": "cifar10"
}