{
  "accuracy": 0.9024,
  "precision_macro": 0.9025970621582278,
  "recall_macro": 0.9024000000000001,
  "f1_macro": 0.9014783871600919,
  "precision_weighted": 0.9025970621582277,
  "recall_weighted": 0.9024,
  "f1_weighted": 0.9014783871600919,
  "per_class_f1": [
    0.912799592044875,
    0.9547038327526133,
    0.8684075780849975,
    0.7846320346320347,
    0.913913913913914,
    0.8517624336069531,
    0.9114163903363335,
    0.9442491210447012,
    0.9420505200594353,
    0.9308484551250613
  ],
  "per_class_precision": [
    0.931321540062435,
    0.9504459861248761,
    0.8898216159496327,
    0.8549528301886793,
    0.9148296593186372,
    0.8235294117647058,
    0.8658865886588659,
    0.9485368314833501,
    0.9332679097154073,
    0.9133782483156881
  ],
  "per_class_recall": [
    0.895,
    0.959,
    0.848,
    0.725,
    0.913,
    0.882,
    0.962,
    0.94,
    0.951,
    0.949
  ],
  "train_time_seconds": 232.93948125839233,
  "run_id": 65,
  "seed": 2091,
  "model_type": "cnn",
  "dataset": "cifar10"
}