{
  "accuracy": 0.9066,
  "precision_macro": 0.9060113341414959,
  "recall_macro": 0.9066000000000001,
  "f1_macro": 0.905682165266889,
  "precision_weighted": 0.9060113341414959,
  "recall_weighted": 0.9066,
  "f1_weighted": 0.905682165266889,
  "per_class_f1": [
    0.9112008072653885,
    0.9562653562653562,
    0.8785238339313173,
    0.8057784911717496,
    0.9010238907849829,
    0.8646766169154229,
    0.9312063808574277,
    0.9290259422418012,
    0.9370698131760079,
    0.9420505200594353
  ],
  "per_class_precision": [
    0.9195519348268839,
    0.9400966183574879,
    0.9011566771819137,
    0.8665132336018412,
    0.879162702188392,
    0.8603960396039604,
    0.9284294234592445,
    0.909875359539789,
    0.9216634429400387,
    0.9332679097154073
  ],
  "per_class_recall": [
    0.903,
    0.973,
    0.857,
    0.753,
    0.924,
    0.869,
    0.934,
    0.949,
    0.953,
    0.951
  ],
  "train_time_seconds": 400.0337269306183,
  "run_id": 91,
  "seed": 2117,
  "model_type": "cnn_gan",
  "dataset": "cifar10"
}