{
  "accuracy": 0.9067,
  "precision_macro": 0.9069252631139507,
  "recall_macro": 0.9067000000000001,
  "f1_macro": 0.906132616766133,
  "precision_weighted": 0.906925263113951,
  "recall_weighted": 0.9067,
  "f1_weighted": 0.9061326167661331,
  "per_class_f1": [
    0.9101066531234129,
    0.9569569569569569,
    0.8691539674198634,
    0.8057702215352911,
    0.9157792836398838,
    0.8571428571428571,
    0.9197911722828667,
    0.9377845220030349,
    0.9478390461997019,
    0.9410014873574616
  ],
  "per_class_precision": [
    0.9246646026831785,
    0.9579158316633266,
    0.9158361018826136,
    0.8310308182784272,
    0.8874296435272045,
    0.8533201189296333,
    0.8753387533875339,
    0.9488229273285568,
    0.9417571569595261,
    0.9331366764995084
  ],
  "per_class_recall": [
    0.896,
    0.956,
    0.827,
    0.782,
    0.946,
    0.861,
    0.969,
    0.927,
    0.954,
    0.949
  ],
  "train_time_seconds": 398.57641673088074,
  "run_id": 55,
  "seed": 2081,
  "model_type": "cnn",
  "dataset": "cifar10"
}