{
  "accuracy": 0.9092,
  "precision_macro": 0.9090405419763359,
  "recall_macro": 0.9092,
  "f1_macro": 0.9087664643679343,
  "precision_weighted": 0.909040541976336,
  "recall_weighted": 0.9092,
  "f1_weighted": 0.9087664643679344,
  "per_class_f1": [
    0.912621359223301,
    0.9585207396301849,
    0.8800403225806451,
    0.8157758173326414,
    0.9176351692774128,
    0.8626482213438735,
    0.926592124453087,
    0.935064935064935,
    0.9451097804391217,
    0.9336561743341404
  ],
  "per_class_precision": [
    0.9331243469174504,
    0.958041958041958,
    0.8871951219512195,
    0.8478964401294499,
    0.9274770173646578,
    0.8525390625,
    0.9016083254493851,
    0.9341317365269461,
    0.9432270916334662,
    0.9051643192488263
  ],
  "per_class_recall": [
    0.893,
    0.959,
    0.873,
    0.786,
    0.908,
    0.873,
    0.953,
    0.936,
    0.947,
    0.964
  ],
  "train_time_seconds": 510.12043476104736,
  "run_id": 6,
  "seed": 2032,
  "model_type": "cnn",
  "dataset": "cifar10"
}