{
  "accuracy": 0.9082,
  "precision_macro": 0.9082934627368566,
  "recall_macro": 0.9081999999999999,
  "f1_macro": 0.9074614619852401,
  "precision_weighted": 0.9082934627368566,
  "recall_weighted": 0.9082,
  "f1_weighted": 0.90746146198524,
  "per_class_f1": [
    0.9120488052872394,
    0.9616724738675958,
    0.885773624091381,
    0.7997875730217737,
    0.9037536092396535,
    0.8599412340842312,
    0.929126213592233,
    0.9395632300660234,
    0.9381746810598626,
    0.9447731755424064
  ],
  "per_class_precision": [
    0.9276111685625646,
    0.9573835480673935,
    0.9211663066954644,
    0.8527746319365799,
    0.8710575139146568,
    0.8426103646833013,
    0.9028301886792452,
    0.9545923632610939,
    0.9210019267822736,
    0.9319066147859922
  ],
  "per_class_recall": [
    0.897,
    0.966,
    0.853,
    0.753,
    0.939,
    0.878,
    0.957,
    0.925,
    0.956,
    0.958
  ],
  "train_time_seconds": 233.60544300079346,
  "run_id": 62,
  "seed": 2088,
  "model_type": "cnn_gan",
  "dataset": "cifar10"
}