{
  "accuracy": 0.9075,
  "precision_macro": 0.9074479564925643,
  "recall_macro": 0.9075,
  "f1_macro": 0.9067805600041232,
  "precision_weighted": 0.9074479564925642,
  "recall_weighted": 0.9075,
  "f1_weighted": 0.9067805600041232,
  "per_class_f1": [
    0.9081684424150177,
    0.9585439838220424,
    0.8779731127197518,
    0.8122686409307245,
    0.9056603773584906,
    0.8564331843020367,
    0.9249394673123487,
    0.939165409753645,
    0.9413489736070382,
    0.9433040078201369
  ],
  "per_class_precision": [
    0.92173017507724,
    0.9693251533742331,
    0.9089935760171306,
    0.8619528619528619,
    0.8772258669165885,
    0.8509378084896347,
    0.8967136150234741,
    0.9443882709807887,
    0.9206500956022945,
    0.9225621414913958
  ],
  "per_class_recall": [
    0.895,
    0.948,
    0.849,
    0.768,
    0.936,
    0.862,
    0.955,
    0.934,
    0.963,
    0.965
  ],
  "train_time_seconds": 501.989786863327,
  "run_id": 69,
  "seed": 2095,
  "model_type": "cnn",
  "dataset": "cifar10"
}