{
  "accuracy": 0.9044,
  "precision_macro": 0.9039559823037064,
  "recall_macro": 0.9043999999999999,
  "f1_macro": 0.9036975804225215,
  "precision_weighted": 0.9039559823037066,
  "recall_weighted": 0.9044,
  "f1_weighted": 0.9036975804225216,
  "per_class_f1": [
    0.912211868563021,
    0.9556993529118964,
    0.8753894080996885,
    0.7987355110642782,
    0.9022704837117473,
    0.8463054187192118,
    0.9348582794629537,
    0.9286768322675848,
    0.9418837675350702,
    0.9409448818897638
  ],
  "per_class_precision": [
    0.8950914340712224,
    0.9514370664023786,
    0.9103671706263499,
    0.844097995545657,
    0.8908382066276803,
    0.8339805825242719,
    0.9297725024727992,
    0.9138431752178122,
    0.9437751004016064,
    0.9263565891472868
  ],
  "per_class_recall": [
    0.93,
    0.96,
    0.843,
    0.758,
    0.914,
    0.859,
    0.94,
    0.944,
    0.94,
    0.956
  ],
  "train_time_seconds": 397.95839500427246,
  "run_id": 46,
  "seed": 2072,
  "model_type": "cnn_gan",
  "dataset": "cifar10"
}