{
  "accuracy": 0.9028,
  "precision_macro": 0.9024337763518606,
  "recall_macro": 0.9028,
  "f1_macro": 0.901944843448042,
  "precision_weighted": 0.9024337763518604,
  "recall_weighted": 0.9028,
  "f1_weighted": 0.901944843448042,
  "per_class_f1": [
    0.9067201604814443,
    0.9569093610698366,
    0.8792472556194459,
    0.7906976744186046,
    0.9088235294117647,
    0.8487853247397125,
    0.9190751445086706,
    0.9369369369369369,
    0.941,
    0.9312530472940029
  ],
  "per_class_precision": [
    0.9094567404426559,
    0.9479882237487733,
    0.9211391018619934,
    0.8385650224215246,
    0.8913461538461539,
    0.8416912487708947,
    0.8866171003717472,
    0.9378757515030061,
    0.941,
    0.9086584205518554
  ],
  "per_class_recall": [
    0.904,
    0.966,
    0.841,
    0.748,
    0.927,
    0.856,
    0.954,
    0.936,
    0.941,
    0.955
  ],
  "train_time_seconds": 232.17241644859314,
  "run_id": 47,
  "seed": 2073,
  "model_type": "cnn",
  "dataset": "cifar10"
}