{
  "accuracy": 0.9041,
  "precision_macro": 0.9037933464776238,
  "recall_macro": 0.9041,
  "f1_macro": 0.9030905703316339,
  "precision_weighted": 0.9037933464776237,
  "recall_weighted": 0.9041,
  "f1_weighted": 0.9030905703316341,
  "per_class_f1": [
    0.9022704837117473,
    0.959479739869935,
    0.8791773778920309,
    0.8021621621621622,
    0.9108910891089109,
    0.8551448551448552,
    0.9193083573487032,
    0.9301858362631843,
    0.9423929098966026,
    0.9298928919182083
  ],
  "per_class_precision": [
    0.8908382066276803,
    0.95995995995996,
    0.9047619047619048,
    0.8729411764705882,
    0.9019607843137255,
    0.8542914171656687,
    0.8844731977818854,
    0.934409687184662,
    0.9282250242483027,
    0.9060721062618596
  ],
  "per_class_recall": [
    0.914,
    0.959,
    0.855,
    0.742,
    0.92,
    0.856,
    0.957,
    0.926,
    0.957,
    0.955
  ],
  "train_time_seconds": 482.87443232536316,
  "run_id": 87,
  "seed": 2113,
  "model_type": "cnn_gan",
  "dataset": "cifar10"
}