{
  "accuracy": 0.9079,
  "precision_macro": 0.9086710904274528,
  "recall_macro": 0.9078999999999999,
  "f1_macro": 0.9076627430324041,
  "precision_weighted": 0.9086710904274529,
  "recall_weighted": 0.9079,
  "f1_weighted": 0.907662743032404,
  "per_class_f1": [
    0.914572864321608,
    0.9578582052553297,
    0.8806122448979592,
    0.7968421052631579,
    0.9157581764122894,
    0.845719661335842,
    0.937,
    0.9444727457972492,
    0.9444722361180591,
    0.9393191909225457
  ],
  "per_class_precision": [
    0.9191919191919192,
    0.9498525073746312,
    0.8989583333333333,
    0.8411111111111111,
    0.9076620825147348,
    0.7984014209591475,
    0.937,
    0.9626168224299065,
    0.944944944944945,
    0.9269717624148004
  ],
  "per_class_recall": [
    0.91,
    0.966,
    0.863,
    0.757,
    0.924,
    0.899,
    0.937,
    0.927,
    0.944,
    0.952
  ],
  "train_time_seconds": 241.44709491729736,
  "run_id": 8,
  "seed": 2034,
  "model_type": "cnn_gan",
  "dataset": "cifar10"
}