{
  "accuracy": 0.9086,
  "precision_macro": 0.9085791224037802,
  "recall_macro": 0.9086000000000001,
  "f1_macro": 0.9079301028136537,
  "precision_weighted": 0.9085791224037802,
  "recall_weighted": 0.9086,
  "f1_weighted": 0.9079301028136537,
  "per_class_f1": [
    0.9060169070114371,
    0.9596412556053812,
    0.8748674443266172,
    0.8097713097713097,
    0.9091831557584982,
    0.8678328474246841,
    0.9310513447432763,
    0.9360865290068829,
    0.9411187438665358,
    0.9437314906219151
  ],
  "per_class_precision": [
    0.9010880316518298,
    0.9563058589870904,
    0.9311512415349887,
    0.8430735930735931,
    0.9227600411946447,
    0.8440453686200378,
    0.9110047846889953,
    0.9206963249516441,
    0.9238921001926782,
    0.9317738791423001
  ],
  "per_class_recall": [
    0.911,
    0.963,
    0.825,
    0.779,
    0.896,
    0.893,
    0.952,
    0.952,
    0.959,
    0.956
  ],
  "train_time_seconds": 232.78426432609558,
  "run_id": 50,
  "seed": 2076,
  "model_type": "cnn",
  "dataset": "cifar10"
}