{
  "accuracy": 0.909,
  "precision_macro": 0.9090227469496621,
  "recall_macro": 0.909,
  "f1_macro": 0.9085753864381578,
  "precision_weighted": 0.9090227469496622,
  "recall_weighted": 0.909,
  "f1_weighted": 0.9085753864381578,
  "per_class_f1": [
    0.9120160884866767,
    0.9620253164556962,
    0.878740157480315,
    0.8,
    0.9128305582761999,
    0.8582716049382716,
    0.9298245614035088,
    0.9413533834586466,
    0.9463846532218396,
    0.9443075406604239
  ],
  "per_class_precision": [
    0.917087967644085,
    0.9743589743589743,
    0.9248618784530387,
    0.818848167539267,
    0.8944337811900192,
    0.8478048780487805,
    0.9068441064638784,
    0.9437185929648241,
    0.9312681510164569,
    0.9310009718172984
  ],
  "per_class_recall": [
    0.907,
    0.95,
    0.837,
    0.782,
    0.932,
    0.869,
    0.954,
    0.939,
    0.962,
    0.958
  ],
  "train_time_seconds": 507.69552755355835,
  "run_id": 60,
  "seed": 2086,
  "model_type": "cnn_gan",
  "dataset": "cifar10"
}