{
  "accuracy": 0.9094,
  "precision_macro": 0.9092311865122908,
  "recall_macro": 0.9094,
  "f1_macro": 0.9086434967858755,
  "precision_weighted": 0.9092311865122908,
  "recall_weighted": 0.9094,
  "f1_weighted": 0.9086434967858755,
  "per_class_f1": [
    0.9125248508946322,
    0.952191235059761,
    0.8822605965463108,
    0.8021164021164021,
    0.9117221418234442,
    0.8579852579852579,
    0.9400693412580485,
    0.941,
    0.9470529470529471,
    0.9395121951219512
  ],
  "per_class_precision": [
    0.9071146245059288,
    0.9484126984126984,
    0.9253567508232712,
    0.851685393258427,
    0.880708294501398,
    0.8434782608695652,
    0.9313052011776252,
    0.941,
    0.9461077844311377,
    0.9171428571428571
  ],
  "per_class_recall": [
    0.918,
    0.956,
    0.843,
    0.758,
    0.945,
    0.873,
    0.949,
    0.941,
    0.948,
    0.963
  ],
  "train_time_seconds": 233.88583850860596,
  "run_id": 26,
  "seed": 2052,
  "model_type": "cnn_gan",
  "dataset": "cifar10"
}