{
  "accuracy": 0.9051,
  "precision_macro": 0.9054808650309323,
  "recall_macro": 0.9051,
  "f1_macro": 0.9040401238502074,
  "precision_weighted": 0.9054808650309324,
  "recall_weighted": 0.9051,
  "f1_weighted": 0.9040401238502074,
  "per_class_f1": [
    0.9177183240787481,
    0.9565217391304348,
    0.8753154972236245,
    0.7732300884955752,
    0.9044153323629306,
    0.8448030374940674,
    0.9361069836552749,
    0.9360436291522063,
    0.9485148514851485,
    0.9477317554240631
  ],
  "per_class_precision": [
    0.926605504587156,
    0.967280163599182,
    0.8837920489296636,
    0.8650990099009901,
    0.8784165881244109,
    0.8039747064137308,
    0.9273797841020608,
    0.928220255653884,
    0.9392156862745098,
    0.9348249027237354
  ],
  "per_class_recall": [
    0.909,
    0.946,
    0.867,
    0.699,
    0.932,
    0.89,
    0.945,
    0.944,
    0.958,
    0.961
  ],
  "train_time_seconds": 233.95574712753296,
  "run_id": 44,
  "seed": 2070,
  "model_type": "cnn",
  "dataset": "cifar10"
}