{
  "accuracy": 0.9107,
  "precision_macro": 0.9107050909031317,
  "recall_macro": 0.9107000000000001,
  "f1_macro": 0.9105023719336097,
  "precision_weighted": 0.9107050909031317,
  "recall_weighted": 0.9107,
  "f1_weighted": 0.9105023719336099,
  "per_class_f1": [
    0.9162121963311849,
    0.958354239839438,
    0.8829465186680121,
    0.8201957753735188,
    0.913913913913914,
    0.8530712530712531,
    0.9287804878048781,
    0.9408792319353209,
    0.9470499243570348,
    0.9436201780415431
  ],
  "per_class_precision": [
    0.9085545722713865,
    0.9617321248741189,
    0.8910386965376782,
    0.8459086078639745,
    0.9148296593186372,
    0.8386473429951691,
    0.9066666666666666,
    0.95097037793667,
    0.9552390640895219,
    0.9334637964774951
  ],
  "per_class_recall": [
    0.924,
    0.955,
    0.875,
    0.796,
    0.913,
    0.868,
    0.952,
    0.931,
    0.939,
    0.954
  ],
  "train_time_seconds": 510.99203395843506,
  "run_id": 102,
  "seed": 2128,
  "model_type": "cnn",
  "dataset": "cifar10"
}