{
  "accuracy": 0.9077,
  "precision_macro": 0.9080175839408285,
  "recall_macro": 0.9077,
  "f1_macro": 0.9066755962945644,
  "precision_weighted": 0.9080175839408287,
  "recall_weighted": 0.9077,
  "f1_weighted": 0.9066755962945643,
  "per_class_f1": [
    0.9011328527291452,
    0.9622266401590457,
    0.8787090057261843,
    0.812805208898535,
    0.9034146341463415,
    0.8627259404005863,
    0.9213806327900288,
    0.9396508728179551,
    0.9419228892142508,
    0.9427872860635697
  ],
  "per_class_precision": [
    0.9288747346072187,
    0.9565217391304348,
    0.9163952225841476,
    0.8884934756820878,
    0.8819047619047619,
    0.8433619866284623,
    0.8848987108655617,
    0.9373134328358209,
    0.9199237368922784,
    0.9224880382775119
  ],
  "per_class_recall": [
    0.875,
    0.968,
    0.844,
    0.749,
    0.926,
    0.883,
    0.961,
    0.942,
    0.965,
    0.964
  ],
  "train_time_seconds": 544.106162071228,
  "run_id": 105,
  "seed": 2131,
  "model_type": "cnn",
  "dataset": "cifar10"
}