{
  "accuracy": 0.9045,
  "precision_macro": 0.9043772064512439,
  "recall_macro": 0.9045,
  "f1_macro": 0.9039216623151842,
  "precision_weighted": 0.9043772064512439,
  "recall_weighted": 0.9045,
  "f1_weighted": 0.9039216623151842,
  "per_class_f1": [
    0.9065467266366817,
    0.9528535980148883,
    0.8752598752598753,
    0.8012618296529969,
    0.9013386217154189,
    0.8534233365477338,
    0.9348469891411648,
    0.9331993972877951,
    0.9428007889546351,
    0.9376854599406528
  ],
  "per_class_precision": [
    0.906093906093906,
    0.9458128078817734,
    0.9112554112554112,
    0.844789356984479,
    0.8938053097345132,
    0.8240223463687151,
    0.9230019493177388,
    0.9374369323915237,
    0.9299610894941635,
    0.9275929549902152
  ],
  "per_class_recall": [
    0.907,
    0.96,
    0.842,
    0.762,
    0.909,
    0.885,
    0.947,
    0.929,
    0.956,
    0.948
  ],
  "train_time_seconds": 234.30068397521973,
  "run_id": 86,
  "seed": 2112,
  "model_type": "cnn",
  "dataset": "cifar10"
}