{
  "accuracy": 0.9079,
  "precision_macro": 0.9079522380347272,
  "recall_macro": 0.9079,
  "f1_macro": 0.9072520603077127,
  "precision_weighted": 0.9079522380347271,
  "recall_weighted": 0.9079,
  "f1_weighted": 0.9072520603077128,
  "per_class_f1": [
    0.9169960474308301,
    0.964035964035964,
    0.8647497337593184,
    0.8082474226804124,
    0.910802775024777,
    0.8615384615384616,
    0.9183770883054893,
    0.9387144992526159,
    0.9428857715430862,
    0.9461728395061728
  ],
  "per_class_precision": [
    0.90625,
    0.9630738522954092,
    0.9248291571753986,
    0.8340425531914893,
    0.9027504911591355,
    0.8551724137931035,
    0.8785388127853881,
    0.9354518371400199,
    0.9447791164658634,
    0.9346341463414635
  ],
  "per_class_recall": [
    0.928,
    0.965,
    0.812,
    0.784,
    0.919,
    0.868,
    0.962,
    0.942,
    0.941,
    0.958
  ],
  "train_time_seconds": 234.21129965782166,
  "run_id": 38,
  "seed": 2064,
  "model_type": "cnn",
  "dataset": "cifar10"
}