{
  "accuracy": 0.9112,
  "precision_macro": 0.9108218979738684,
  "recall_macro": 0.9112000000000002,
  "f1_macro": 0.9106595236198226,
  "precision_weighted": 0.9108218979738684,
  "recall_weighted": 0.9112,
  "f1_weighted": 0.9106595236198225,
  "per_class_f1": [
    0.908,
    0.959122632103689,
    0.8819875776397516,
    0.8163900414937759,
    0.9183673469387755,
    0.8633879781420765,
    0.93419740777667,
    0.9407630522088354,
    0.94146581406788,
    0.9429133858267716
  ],
  "per_class_precision": [
    0.908,
    0.9562624254473161,
    0.9141630901287554,
    0.8480603448275862,
    0.8931947069943289,
    0.857847976307996,
    0.9314115308151093,
    0.9445564516129032,
    0.9264278799612778,
    0.9282945736434108
  ],
  "per_class_recall": [
    0.908,
    0.962,
    0.852,
    0.787,
    0.945,
    0.869,
    0.937,
    0.937,
    0.957,
    0.958
  ],
  "train_time_seconds": 233.07881021499634,
  "run_id": 32,
  "seed": 2058,
  "model_type": "cnn_gan",
  "dataset": "cifar10"
}