{
  "accuracy": 0.9065,
  "precision_macro": 0.9064866749922725,
  "recall_macro": 0.9065,
  "f1_macro": 0.9058538429378267,
  "precision_weighted": 0.9064866749922725,
  "recall_weighted": 0.9065,
  "f1_weighted": 0.9058538429378268,
  "per_class_f1": [
    0.900398406374502,
    0.9569049951028403,
    0.8731381612737545,
    0.8303850156087409,
    0.9133234274393264,
    0.8536460989291178,
    0.9191246431969553,
    0.9354031046569855,
    0.9352798053527981,
    0.940934771443246
  ],
  "per_class_precision": [
    0.8968253968253969,
    0.9376199616122841,
    0.8975712777191129,
    0.8655097613882863,
    0.9048086359175662,
    0.8709677419354839,
    0.8765880217785844,
    0.9368104312938816,
    0.9109004739336493,
    0.9672650475184794
  ],
  "per_class_recall": [
    0.904,
    0.977,
    0.85,
    0.798,
    0.922,
    0.837,
    0.966,
    0.934,
    0.961,
    0.916
  ],
  "train_time_seconds": 400.35306787490845,
  "run_id": 67,
  "seed": 2093,
  "model_type": "cnn_gan",
  "dataset": "cifar10"
}