{
  "accuracy": 0.9046,
  "precision_macro": 0.9061080651853946,
  "recall_macro": 0.9046,
  "f1_macro": 0.9036481875748157,
  "precision_weighted": 0.9061080651853944,
  "recall_weighted": 0.9046,
  "f1_weighted": 0.9036481875748159,
  "per_class_f1": [
    0.9150521609538003,
    0.9465020576131687,
    0.865546218487395,
    0.8026388125343595,
    0.9061302681992337,
    0.8520653218059558,
    0.9353086419753086,
    0.9380530973451328,
    0.9505050505050505,
    0.9246802463287541
  ],
  "per_class_precision": [
    0.9091806515301086,
    0.9745762711864406,
    0.911504424778761,
    0.8913308913308914,
    0.8694852941176471,
    0.8197781885397413,
    0.9239024390243903,
    0.9226305609284333,
    0.960204081632653,
    0.8784878487848785
  ],
  "per_class_recall": [
    0.921,
    0.92,
    0.824,
    0.73,
    0.946,
    0.887,
    0.947,
    0.954,
    0.941,
    0.976
  ],
  "train_time_seconds": 537.8205106258392,
  "run_id": 93,
  "seed": 2119,
  "model_type": "cnn",
  "dataset": "cifar10"
}