{
  "accuracy": 0.9083,
  "precision_macro": 0.9080840385817505,
  "recall_macro": 0.9083,
  "f1_macro": 0.9079192799532663,
  "precision_weighted": 0.9080840385817505,
  "recall_weighted": 0.9083,
  "f1_weighted": 0.9079192799532664,
  "per_class_f1": [
    0.9162011173184358,
    0.9592039800995025,
    0.8668354430379747,
    0.8163265306122449,
    0.9134474327628361,
    0.8515151515151516,
    0.9274661508704062,
    0.9388379204892966,
    0.9478908188585607,
    0.941468253968254
  ],
  "per_class_precision": [
    0.9308565531475749,
    0.9544554455445544,
    0.877948717948718,
    0.8333333333333334,
    0.8937799043062201,
    0.860204081632653,
    0.8979400749063671,
    0.9573804573804574,
    0.9408866995073891,
    0.9340551181102362
  ],
  "per_class_recall": [
    0.902,
    0.964,
    0.856,
    0.8,
    0.934,
    0.843,
    0.959,
    0.921,
    0.955,
    0.949
  ],
  "train_time_seconds": 400.96184062957764,
  "run_id": 43,
  "seed": 2069,
  "model_type": "cnn_gan",
  "dataset": "cifar10"
}