{
  "accuracy": 0.9083,
  "precision_macro": 0.907784051847831,
  "recall_macro": 0.9083,
  "f1_macro": 0.907281853793634,
  "precision_weighted": 0.907784051847831,
  "recall_weighted": 0.9083,
  "f1_weighted": 0.9072818537936342,
  "per_class_f1": [
    0.9101796407185628,
    0.958958958958959,
    0.8798767967145791,
    0.7974068071312804,
    0.9064327485380117,
    0.8654797230464887,
    0.93209574987787,
    0.9354838709677419,
    0.9429280397022333,
    0.9439762022806147
  ],
  "per_class_precision": [
    0.9083665338645418,
    0.9599198396793587,
    0.9040084388185654,
    0.8672150411280846,
    0.8840304182509505,
    0.8561643835616438,
    0.9111747851002865,
    0.9149139579349904,
    0.9359605911330049,
    0.9360865290068829
  ],
  "per_class_recall": [
    0.912,
    0.958,
    0.857,
    0.738,
    0.93,
    0.875,
    0.954,
    0.957,
    0.95,
    0.952
  ],
  "train_time_seconds": 399.04219102859497,
  "run_id": 7,
  "seed": 2033,
  "model_type": "cnn_gan",
  "dataset": "cifar10"
}