{
  "accuracy": 0.91,
  "precision_macro": 0.9099031964660685,
  "recall_macro": 0.9099999999999998,
  "f1_macro": 0.9094572444001541,
  "precision_weighted": 0.9099031964660685,
  "recall_weighted": 0.91,
  "f1_weighted": 0.909457244400154,
  "per_class_f1": [
    0.9144303797468355,
    0.9607160616608652,
    0.8740279937791602,
    0.8249870934434693,
    0.8982322025800287,
    0.8671399594320487,
    0.941468253968254,
    0.9387550200803213,
    0.9404296875,
    0.9343857918105575
  ],
  "per_class_precision": [
    0.9261538461538461,
    0.9554896142433235,
    0.907427341227126,
    0.8527214514407684,
    0.8600182982616651,
    0.8796296296296297,
    0.9340551181102362,
    0.9425403225806451,
    0.9188931297709924,
    0.9221032132424537
  ],
  "per_class_recall": [
    0.903,
    0.966,
    0.843,
    0.799,
    0.94,
    0.855,
    0.949,
    0.935,
    0.963,
    0.947
  ],
  "train_time_seconds": 400.8470470905304,
  "run_id": 64,
  "seed": 2090,
  "model_type": "cnn",
  "dataset": "cifar10"
}