{
  "accuracy": 0.9024,
  "precision_macro": 0.9030012768666345,
  "recall_macro": 0.9024000000000001,
  "f1_macro": 0.9016565225844303,
  "precision_weighted": 0.9030012768666343,
  "recall_weighted": 0.9024,
  "f1_weighted": 0.9016565225844304,
  "per_class_f1": [
    0.9096325719960278,
    0.9533267130089375,
    0.8704284221525601,
    0.7941966684578183,
    0.8997506234413966,
    0.8533333333333334,
    0.9154323936932632,
    0.9400406504065041,
    0.9406528189910979,
    0.9397710303633648
  ],
  "per_class_precision": [
    0.903353057199211,
    0.9467455621301775,
    0.9113785557986871,
    0.8583042973286876,
    0.8975124378109453,
    0.8145454545454546,
    0.8764867337602927,
    0.9555785123966942,
    0.9305283757338552,
    0.9355797819623389
  ],
  "per_class_recall": [
    0.916,
    0.96,
    0.833,
    0.739,
    0.902,
    0.896,
    0.958,
    0.925,
    0.951,
    0.944
  ],
  "train_time_seconds": 398.58589577674866,
  "run_id": 49,
  "seed": 2075,
  "model_type": "cnn",
  "dataset": "cifar10"
}