{
  "accuracy": 0.9047,
  "precision_macro": 0.90438278962139,
  "recall_macro": 0.9047000000000001,
  "f1_macro": 0.904090252185165,
  "precision_weighted": 0.9043827896213901,
  "recall_weighted": 0.9047,
  "f1_weighted": 0.9040902521851649,
  "per_class_f1": [
    0.9078156312625251,
    0.9556004036326943,
    0.8740279937791602,
    0.795822454308094,
    0.9074537268634317,
    0.8539325842696629,
    0.9307992202729045,
    0.9314796425024826,
    0.946012877662209,
    0.9379579872984856
  ],
  "per_class_precision": [
    0.9096385542168675,
    0.9643584521384929,
    0.907427341227126,
    0.8327868852459016,
    0.9079079079079079,
    0.8347659980897804,
    0.9077946768060836,
    0.9250493096646942,
    0.9371933267909716,
    0.9169054441260746
  ],
  "per_class_recall": [
    0.906,
    0.947,
    0.843,
    0.762,
    0.907,
    0.874,
    0.955,
    0.938,
    0.955,
    0.96
  ],
  "train_time_seconds": 232.39357805252075,
  "run_id": 26,
  "seed": 2052,
  "model_type": "cnn",
  "dataset": "cifar10"
}