{
  "accuracy": 0.9065,
  "precision_macro": 0.9062518997779447,
  "recall_macro": 0.9065,
  "f1_macro": 0.9054804569628697,
  "precision_weighted": 0.9062518997779447,
  "recall_weighted": 0.9065,
  "f1_weighted": 0.9054804569628697,
  "per_class_f1": [
    0.9153884215734784,
    0.958354239839438,
    0.8719289074751699,
    0.7952586206896551,
    0.904968644476604,
    0.8558780127889818,
    0.9284313725490196,
    0.9355632070831283,
    0.9431137724550899,
    0.9459193706981318
  ],
  "per_class_precision": [
    0.9059745347698335,
    0.9617321248741189,
    0.9134720700985761,
    0.8621495327102804,
    0.8741845293569431,
    0.8422071636011617,
    0.9105769230769231,
    0.920619554695063,
    0.9412350597609562,
    0.9303675048355899
  ],
  "per_class_recall": [
    0.925,
    0.955,
    0.834,
    0.738,
    0.938,
    0.87,
    0.947,
    0.951,
    0.945,
    0.962
  ],
  "train_time_seconds": 493.3941111564636,
  "run_id": 63,
  "seed": 2089,
  "model_type": "cnn_gan",
  "dataset": "cifar10"
}