{
  "accuracy": 0.9106,
  "precision_macro": 0.9111694863635045,
  "recall_macro": 0.9106,
  "f1_macro": 0.9102241891460882,
  "precision_weighted": 0.9111694863635045,
  "recall_weighted": 0.9106,
  "f1_weighted": 0.910224189146088,
  "per_class_f1": [
    0.9206505667816658,
    0.96274217585693,
    0.884437596302003,
    0.8071278825995807,
    0.918918918918919,
    0.8630071599045346,
    0.9320197044334976,
    0.937125748502994,
    0.9435897435897436,
    0.932622394571013
  ],
  "per_class_precision": [
    0.9076773566569485,
    0.9565646594274433,
    0.9091869060190074,
    0.8480176211453745,
    0.9375650364203955,
    0.8255707762557077,
    0.9184466019417475,
    0.9352589641434262,
    0.968421052631579,
    0.9049858889934148
  ],
  "per_class_recall": [
    0.934,
    0.969,
    0.861,
    0.77,
    0.901,
    0.904,
    0.946,
    0.939,
    0.92,
    0.962
  ],
  "train_time_seconds": 481.58846831321716,
  "run_id": 93,
  "seed": 2119,
  "model_type": "cnn_gan",
  "dataset": "cifar10"
}