{
  "accuracy": 0.9028,
  "precision_macro": 0.9028873523988985,
  "recall_macro": 0.9028,
  "f1_macro": 0.9020513936213164,
  "precision_weighted": 0.9028873523988986,
  "recall_weighted": 0.9028,
  "f1_weighted": 0.9020513936213165,
  "per_class_f1": [
    0.9131293188548865,
    0.9604010025062657,
    0.8680445151033387,
    0.7851851851851852,
    0.9034146341463415,
    0.8412928123492522,
    0.9291026276648487,
    0.9285362247412519,
    0.94831013916501,
    0.9430974764967838
  ],
  "per_class_precision": [
    0.9015594541910331,
    0.9628140703517588,
    0.923337091319053,
    0.8337078651685393,
    0.8819047619047619,
    0.8126747437092264,
    0.9213372664700098,
    0.9154518950437318,
    0.9426877470355731,
    0.9333986287952988
  ],
  "per_class_recall": [
    0.925,
    0.958,
    0.819,
    0.742,
    0.926,
    0.872,
    0.937,
    0.942,
    0.954,
    0.953
  ],
  "train_time_seconds": 396.70120000839233,
  "run_id": 19,
  "seed": 2045,
  "model_type": "cnn",
  "dataset": "cifar10"
}