{
  "accuracy": 0.905,
  "precision_macro": 0.9051226485971477,
  "recall_macro": 0.905,
  "f1_macro": 0.9042299614244271,
  "precision_weighted": 0.9051226485971477,
  "recall_weighted": 0.905,
  "f1_weighted": 0.9042299614244271,
  "per_class_f1": [
    0.9123837493881547,
    0.9587939698492463,
    0.8728414442700158,
    0.797016515716569,
    0.8985231062410671,
    0.8451676528599605,
    0.929745889387145,
    0.9367214748380668,
    0.948948948948949,
    0.942156862745098
  ],
  "per_class_precision": [
    0.8935762224352828,
    0.9636363636363636,
    0.9154774972557629,
    0.8529076396807298,
    0.8580527752502275,
    0.8336575875486382,
    0.9265143992055611,
    0.9334657398212513,
    0.9498997995991983,
    0.9240384615384616
  ],
  "per_class_recall": [
    0.932,
    0.954,
    0.834,
    0.748,
    0.943,
    0.857,
    0.933,
    0.94,
    0.948,
    0.961
  ],
  "train_time_seconds": 233.7110185623169,
  "run_id": 68,
  "seed": 2094,
  "model_type": "cnn_gan",
  "dataset": "cifar10"
}