{
  "accuracy": 0.9089,
  "precision_macro": 0.9082611422908153,
  "recall_macro": 0.9089,
  "f1_macro": 0.9083449570202417,
  "precision_weighted": 0.9082611422908152,
  "recall_weighted": 0.9089,
  "f1_weighted": 0.9083449570202418,
  "per_class_f1": [
    0.905717151454363,
    0.9587270014917951,
    0.8791878172588833,
    0.8133333333333334,
    0.9145129224652088,
    0.8682726806765761,
    0.9295774647887324,
    0.9304174950298211,
    0.9392592592592592,
    0.9444444444444444
  ],
  "per_class_precision": [
    0.9084507042253521,
    0.9535113748763601,
    0.8927835051546392,
    0.8347368421052631,
    0.9090909090909091,
    0.8906414300736067,
    0.9036827195467422,
    0.924901185770751,
    0.9278048780487805,
    0.937007874015748
  ],
  "per_class_recall": [
    0.903,
    0.964,
    0.866,
    0.793,
    0.92,
    0.847,
    0.957,
    0.936,
    0.951,
    0.952
  ],
  "train_time_seconds": 233.1400785446167,
  "run_id": 77,
  "seed": 2103,
  "model_type": "cnn_gan",
  "dataset": "cifar10"
}