{
  "accuracy": 0.9062,
  "precision_macro": 0.9073795794076099,
  "recall_macro": 0.9061999999999999,
  "f1_macro": 0.9055015086845563,
  "precision_weighted": 0.90737957940761,
  "recall_weighted": 0.9062,
  "f1_weighted": 0.9055015086845563,
  "per_class_f1": [
    0.9131767109295199,
    0.9581442259203228,
    0.8786307053941909,
    0.8036976617727025,
    0.9077809798270894,
    0.8514664143803217,
    0.9323456790123457,
    0.936491935483871,
    0.9411187438665358,
    0.9321620302586627
  ],
  "per_class_precision": [
    0.9331941544885177,
    0.9664292980671414,
    0.9127155172413793,
    0.8808104886769964,
    0.8733826247689463,
    0.8078994614003591,
    0.9209756097560976,
    0.9441056910569106,
    0.9238921001926782,
    0.9103908484270734
  ],
  "per_class_recall": [
    0.894,
    0.95,
    0.847,
    0.739,
    0.945,
    0.9,
    0.944,
    0.929,
    0.959,
    0.955
  ],
  "train_time_seconds": 232.3062617778778,
  "run_id": 104,
  "seed": 2130,
  "model_type": "cnn",
  "dataset": "cifar10"
}