{
  "accuracy": 0.9048,
  "precision_macro": 0.9047303703114802,
  "recall_macro": 0.9048,
  "f1_macro": 0.9044458827023151,
  "precision_weighted": 0.9047303703114802,
  "recall_weighted": 0.9048,
  "f1_weighted": 0.9044458827023149,
  "per_class_f1": [
    0.9108312342569269,
    0.9565651522715926,
    0.8598940779971113,
    0.8049408131755018,
    0.913767019667171,
    0.8477366255144033,
    0.9346437346437346,
    0.9275793650793651,
    0.9507537688442211,
    0.9377470355731226
  ],
  "per_class_precision": [
    0.917766497461929,
    0.9551345962113659,
    0.8291550603528319,
    0.8292682926829268,
    0.9216683621566633,
    0.8728813559322034,
    0.9188405797101449,
    0.9202755905511811,
    0.9555555555555556,
    0.9267578125
  ],
  "per_class_recall": [
    0.904,
    0.958,
    0.893,
    0.782,
    0.906,
    0.824,
    0.951,
    0.935,
    0.946,
    0.949
  ],
  "train_time_seconds": 400.63012170791626,
  "run_id": 73,
  "seed": 2099,
  "model_type": "cnn",
  "dataset": "cifar10"
}