{
  "accuracy": 0.9018,
  "precision_macro": 0.9014965918696367,
  "recall_macro": 0.9017999999999999,
  "f1_macro": 0.9011878479776196,
  "precision_weighted": 0.9014965918696365,
  "recall_weighted": 0.9018,
  "f1_weighted": 0.9011878479776196,
  "per_class_f1": [
    0.9031296572280179,
    0.9564787339268052,
    0.8695652173913043,
    0.7960042060988434,
    0.9021956087824351,
    0.8438409311348206,
    0.9343283582089552,
    0.9374687343671836,
    0.9363817097415507,
    0.9324853228962818
  ],
  "per_class_precision": [
    0.8973346495557749,
    0.9461839530332681,
    0.9012875536480687,
    0.8392461197339246,
    0.900398406374502,
    0.8192090395480226,
    0.9297029702970298,
    0.9379379379379379,
    0.9308300395256917,
    0.9128352490421456
  ],
  "per_class_recall": [
    0.909,
    0.967,
    0.84,
    0.757,
    0.904,
    0.87,
    0.939,
    0.937,
    0.942,
    0.953
  ],
  "train_time_seconds": 554.3133156299591,
  "run_id": 33,
  "seed": 2059,
  "model_type": "cnn_gan",
  "dataset": "cifar10"
}