{
  "accuracy": 0.9069,
  "precision_macro": 0.9079328578475421,
  "recall_macro": 0.9069,
  "f1_macro": 0.9062471832642821,
  "precision_weighted": 0.9079328578475423,
  "recall_weighted": 0.9069,
  "f1_weighted": 0.9062471832642821,
  "per_class_f1": [
    0.9145631067961165,
    0.9582089552238806,
    0.8713294180459157,
    0.7951037786056413,
    0.912718204488778,
    0.8491988689915174,
    0.9285714285714286,
    0.9444166249374061,
    0.9474747474747475,
    0.9408866995073891
  ],
  "per_class_precision": [
    0.8886792452830189,
    0.9534653465346534,
    0.9347079037800687,
    0.8498293515358362,
    0.9104477611940298,
    0.803030303030303,
    0.9090038314176245,
    0.9458375125376128,
    0.9571428571428572,
    0.9271844660194175
  ],
  "per_class_recall": [
    0.942,
    0.963,
    0.816,
    0.747,
    0.915,
    0.901,
    0.949,
    0.943,
    0.938,
    0.955
  ],
  "train_time_seconds": 234.1999626159668,
  "run_id": 2,
  "seed": 2028,
  "model_type": "cnn_gan",
  "dataset": "cifar10"
}