{
  "accuracy": 0.9055,
  "precision_macro": 0.9057721758405928,
  "recall_macro": 0.9055,
  "f1_macro": 0.9039312031706219,
  "precision_weighted": 0.9057721758405927,
  "recall_weighted": 0.9055,
  "f1_weighted": 0.9039312031706217,
  "per_class_f1": [
    0.9115779189057157,
    0.96,
    0.8664907651715039,
    0.7848383500557413,
    0.9071358748778103,
    0.8649173955296404,
    0.924772400574988,
    0.9367956883880451,
    0.9461499748364368,
    0.9366336633663367
  ],
  "per_class_precision": [
    0.8911174785100286,
    0.9482926829268292,
    0.9173184357541899,
    0.8866498740554156,
    0.887189292543021,
    0.8412098298676749,
    0.8877644894204232,
    0.9183477425552353,
    0.9523809523809523,
    0.9274509803921569
  ],
  "per_class_recall": [
    0.933,
    0.972,
    0.821,
    0.704,
    0.928,
    0.89,
    0.965,
    0.956,
    0.94,
    0.946
  ],
  "train_time_seconds": 233.9356563091278,
  "run_id": 41,
  "seed": 2067,
  "model_type": "cnn",
  "dataset": "cifar10"
}