{
  "accuracy": 0.9142,
  "precision_macro": 0.9140993628511465,
  "recall_macro": 0.9141999999999999,
  "f1_macro": 0.913831681820563,
  "precision_weighted": 0.9140993628511466,
  "recall_weighted": 0.9142,
  "f1_weighted": 0.9138316818205628,
  "per_class_f1": [
    0.9236907730673317,
    0.9614035087719298,
    0.8838409912235415,
    0.8205128205128205,
    0.9082078678970374,
    0.8706939590614079,
    0.9353574926542605,
    0.9345509893455098,
    0.9554777388694348,
    0.9445806768023541
  ],
  "per_class_precision": [
    0.9213930348258706,
    0.963819095477387,
    0.9135538954108858,
    0.8421052631578947,
    0.882908404154863,
    0.8693918245264207,
    0.9165067178502879,
    0.9485066941297632,
    0.955955955955956,
    0.9268527430221367
  ],
  "per_class_recall": [
    0.926,
    0.959,
    0.856,
    0.8,
    0.935,
    0.872,
    0.955,
    0.921,
    0.955,
    0.963
  ],
  "train_time_seconds": 396.9667022228241,
  "run_id": 28,
  "seed": 2054,
  "model_type": "cnn",
  "dataset": "cifar10"
}