{
  "accuracy": 0.9059,
  "precision_macro": 0.905800982964901,
  "recall_macro": 0.9058999999999999,
  "f1_macro": 0.905352046889387,
  "precision_weighted": 0.9058009829649011,
  "recall_weighted": 0.9059,
  "f1_weighted": 0.9053520468893869,
  "per_class_f1": [
    0.9105134474327629,
    0.9532710280373832,
    0.8753894080996885,
    0.8083801737353091,
    0.9131293188548865,
    0.8643371017471737,
    0.9177033492822967,
    0.9315342328835582,
    0.9374369323915237,
    0.9418254764292878
  ],
  "per_class_precision": [
    0.8909090909090909,
    0.9380445304937076,
    0.9103671706263499,
    0.8265412748171369,
    0.9015594541910331,
    0.8890063424947146,
    0.8798165137614679,
    0.9310689310689311,
    0.9460285132382892,
    0.9446680080482898
  ],
  "per_class_recall": [
    0.931,
    0.969,
    0.843,
    0.791,
    0.925,
    0.841,
    0.959,
    0.932,
    0.929,
    0.939
  ],
  "train_time_seconds": 501.6173028945923,
  "run_id": 12,
  "seed": 2038,
  "model_type": "cnn",
  "dataset": "cifar10"
}