{
  "accuracy": 0.9086,
  "precision_macro": 0.9084326272695392,
  "recall_macro": 0.9086000000000001,
  "f1_macro": 0.9082252885403633,
  "precision_weighted": 0.9084326272695392,
  "recall_weighted": 0.9086,
  "f1_weighted": 0.9082252885403633,
  "per_class_f1": [
    0.9176011701608972,
    0.9566084788029925,
    0.87248322147651,
    0.810204081632653,
    0.9089128305582762,
    0.8575727181544633,
    0.9320197044334976,
    0.9382337927514037,
    0.9451645064805583,
    0.9434523809523809
  ],
  "per_class_precision": [
    0.8953377735490009,
    0.954228855721393,
    0.9018143009605123,
    0.8270833333333333,
    0.8905950095969289,
    0.8601609657947686,
    0.9184466019417475,
    0.9582898852971846,
    0.9423459244532804,
    0.9360236220472441
  ],
  "per_class_recall": [
    0.941,
    0.959,
    0.845,
    0.794,
    0.928,
    0.855,
    0.946,
    0.919,
    0.948,
    0.951
  ],
  "train_time_seconds": 489.6823709011078,
  "run_id": 66,
  "seed": 2092,
  "model_type": "cnn_gan",
  "dataset": "cifar10"
}