{
  "accuracy": 0.9012,
  "precision_macro": 0.9015499503791939,
  "recall_macro": 0.9012,
  "f1_macro": 0.900226526222087,
  "precision_weighted": 0.9015499503791939,
  "recall_weighted": 0.9012,
  "f1_weighted": 0.900226526222087,
  "per_class_f1": [
    0.9024987751102401,
    0.9557086614173228,
    0.8632025450689289,
    0.7961165048543689,
    0.9054527263631816,
    0.8451519536903039,
    0.9167869167869168,
    0.9269249632172634,
    0.9457286432160804,
    0.9446935724962631
  ],
  "per_class_precision": [
    0.8847262247838616,
    0.9408914728682171,
    0.9187358916478555,
    0.8641686182669789,
    0.9059059059059059,
    0.8164026095060578,
    0.8832252085264134,
    0.9095283926852743,
    0.9505050505050505,
    0.9414101290963257
  ],
  "per_class_recall": [
    0.921,
    0.971,
    0.814,
    0.738,
    0.905,
    0.876,
    0.953,
    0.945,
    0.941,
    0.948
  ],
  "train_time_seconds": 233.38411927223206,
  "run_id": 20,
  "seed": 2046,
  "model_type": "cnn_gan",
  "dataset": "cifar10"
}