{
  "accuracy": 0.9063,
  "precision_macro": 0.9059636677407138,
  "recall_macro": 0.9062999999999999,
  "f1_macro": 0.9057290861931394,
  "precision_weighted": 0.9059636677407138,
  "recall_weighted": 0.9063,
  "f1_weighted": 0.9057290861931395,
  "per_class_f1": [
    0.8992405063291139,
    0.9610126582278481,
    0.8702675416456335,
    0.8077527501309586,
    0.9043565348022033,
    0.8605224248398226,
    0.9352589641434262,
    0.9361069836552749,
    0.936026936026936,
    0.9467455621301775
  ],
  "per_class_precision": [
    0.9107692307692308,
    0.9733333333333334,
    0.8786952089704383,
    0.8481848184818482,
    0.905717151454363,
    0.8483965014577259,
    0.9315476190476191,
    0.9273797841020608,
    0.901760889712697,
    0.933852140077821
  ],
  "per_class_recall": [
    0.888,
    0.949,
    0.862,
    0.771,
    0.903,
    0.873,
    0.939,
    0.945,
    0.973,
    0.96
  ],
  "train_time_seconds": 400.3411605358124,
  "run_id": 31,
  "seed": 2057,
  "model_type": "cnn_gan",
  "dataset": "cifar10"
}