{
  "accuracy": 0.9069,
  "precision_macro": 0.9073025083112816,
  "recall_macro": 0.9069,
  "f1_macro": 0.9060033660679249,
  "precision_weighted": 0.9073025083112815,
  "recall_weighted": 0.9069,
  "f1_weighted": 0.906003366067925,
  "per_class_f1": [
    0.9164208456243854,
    0.9593577521324637,
    0.8724066390041494,
    0.7986942328618063,
    0.9000960614793467,
    0.854775828460039,
    0.9244917715392061,
    0.9458775923115832,
    0.9484742371185593,
    0.9394387001477105
  ],
  "per_class_precision": [
    0.9013539651837524,
    0.9627391742195368,
    0.90625,
    0.8758949880668258,
    0.865988909426987,
    0.8336501901140685,
    0.8958724202626641,
    0.9570112589559877,
    0.948948948948949,
    0.9253152279340446
  ],
  "per_class_recall": [
    0.932,
    0.956,
    0.841,
    0.734,
    0.937,
    0.877,
    0.955,
    0.935,
    0.948,
    0.954
  ],
  "train_time_seconds": 234.11231017112732,
  "run_id": 53,
  "seed": 2079,
  "model_type": "cnn_gan",
  "dataset": "cifar10"
}