{
  "accuracy": 0.9091,
  "precision_macro": 0.9092118732571765,
  "recall_macro": 0.9090999999999999,
  "f1_macro": 0.9086841078862171,
  "precision_weighted": 0.9092118732571766,
  "recall_weighted": 0.9091,
  "f1_weighted": 0.9086841078862171,
  "per_class_f1": [
    0.9111111111111111,
    0.9570490146538656,
    0.8711204629142556,
    0.8213552361396304,
    0.9110459433040078,
    0.8641490926924963,
    0.920666013712047,
    0.9426877470355731,
    0.9442231075697212,
    0.9434333497294638
  ],
  "per_class_precision": [
    0.9204081632653062,
    0.9673135852911133,
    0.9189789123196448,
    0.8438818565400844,
    0.8910133843212237,
    0.8479307025986526,
    0.9021113243761996,
    0.931640625,
    0.9404761904761905,
    0.9283639883833494
  ],
  "per_class_recall": [
    0.902,
    0.947,
    0.828,
    0.8,
    0.932,
    0.881,
    0.94,
    0.954,
    0.948,
    0.959
  ],
  "train_time_seconds": 399.6478912830353,
  "run_id": 85,
  "seed": 2111,
  "model_type": "cnn",
  "dataset": "cifar10"
}