{
  "accuracy": 0.9078,
  "precision_macro": 0.9072794040879799,
  "recall_macro": 0.9077999999999999,
  "f1_macro": 0.9070508100525971,
  "precision_weighted": 0.9072794040879798,
  "recall_weighted": 0.9078,
  "f1_weighted": 0.9070508100525971,
  "per_class_f1": [
    0.9122098890010091,
    0.9539078156312625,
    0.884674525884162,
    0.7991543340380549,
    0.9059233449477352,
    0.860933660933661,
    0.9325570111596313,
    0.9367844698855152,
    0.9406528189910979,
    0.9437102300538424
  ],
  "per_class_precision": [
    0.9205702647657841,
    0.9558232931726908,
    0.907465825446898,
    0.8475336322869955,
    0.9018830525272548,
    0.8463768115942029,
    0.9057492931196984,
    0.9326065411298315,
    0.9305283757338552,
    0.9242569511025887
  ],
  "per_class_recall": [
    0.904,
    0.952,
    0.863,
    0.756,
    0.91,
    0.876,
    0.961,
    0.941,
    0.951,
    0.964
  ],
  "train_time_seconds": 501.2571692466736,
  "run_id": 3,
  "seed": 2029,
  "model_type": "cnn",
  "dataset": "cifar10"
}