{
  "accuracy": 0.9015,
  "precision_macro": 0.9010323059385646,
  "recall_macro": 0.9015000000000001,
  "f1_macro": 0.9007326303740376,
  "precision_weighted": 0.9010323059385646,
  "recall_weighted": 0.9015,
  "f1_weighted": 0.9007326303740376,
  "per_class_f1": [
    0.9054325955734407,
    0.9529113924050633,
    0.8714797747055811,
    0.7958441558441558,
    0.9121256750122729,
    0.8562596599690881,
    0.9143407122232916,
    0.9298856290402785,
    0.937007874015748,
    0.9320388349514563
  ],
  "per_class_precision": [
    0.9109311740890689,
    0.9651282051282051,
    0.8929695697796433,
    0.8281081081081081,
    0.8958534233365477,
    0.8831030818278427,
    0.8812615955473099,
    0.9248269040553907,
    0.9224806201550387,
    0.9056603773584906
  ],
  "per_class_recall": [
    0.9,
    0.941,
    0.851,
    0.766,
    0.929,
    0.831,
    0.95,
    0.935,
    0.952,
    0.96
  ],
  "train_time_seconds": 234.64540433883667,
  "run_id": 104,
  "seed": 2130,
  "model_type": "cnn_gan",
  "dataset": "cifar10"
}