{
  "accuracy": 0.9145,
  "precision_macro": 0.9148238798678152,
  "recall_macro": 0.9145,
  "f1_macro": 0.9141041094986075,
  "precision_weighted": 0.9148238798678152,
  "recall_weighted": 0.9145,
  "f1_weighted": 0.9141041094986077,
  "per_class_f1": [
    0.922071392659628,
    0.9606458123107972,
    0.8887760284408329,
    0.8207847295864263,
    0.9188651070184172,
    0.8620689655172413,
    0.9411182582879762,
    0.9461499748364368,
    0.9404234367306745,
    0.9401373895976447
  ],
  "per_class_precision": [
    0.9271991911021233,
    0.9694501018329938,
    0.9029927760577915,
    0.873589164785553,
    0.9147670961347869,
    0.8272058823529411,
    0.931439764936337,
    0.9523809523809523,
    0.9262851600387972,
    0.9229287090558767
  ],
  "per_class_recall": [
    0.917,
    0.952,
    0.875,
    0.774,
    0.923,
    0.9,
    0.951,
    0.94,
    0.955,
    0.958
  ],
  "train_time_seconds": 231.84262251853943,
  "run_id": 86,
  "seed": 2112,
  "model_type": "cnn_gan",
  "dataset": "cifar10"
}