{
  "accuracy": 0.9135,
  "precision_macro": 0.913584696225968,
  "recall_macro": 0.9135000000000002,
  "f1_macro": 0.9133546526314799,
  "precision_weighted": 0.913584696225968,
  "recall_weighted": 0.9135,
  "f1_weighted": 0.91335465263148,
  "per_class_f1": [
    0.9198606271777003,
    0.9583333333333334,
    0.8854489164086687,
    0.8237684103605891,
    0.913715710723192,
    0.8570034163006345,
    0.9365708622398414,
    0.9429581019687027,
    0.9466334164588529,
    0.9492537313432836
  ],
  "per_class_precision": [
    0.9157581764122894,
    0.9507874015748031,
    0.9147121535181236,
    0.8369453044375645,
    0.9114427860696518,
    0.8369876072449952,
    0.9282907662082515,
    0.9520897043832823,
    0.9442786069651742,
    0.9445544554455445
  ],
  "per_class_recall": [
    0.924,
    0.966,
    0.858,
    0.811,
    0.916,
    0.878,
    0.945,
    0.934,
    0.949,
    0.954
  ],
  "train_time_seconds": 401.0301606655121,
  "run_id": 58,
  "seed": 2084,
  "model_type": "cnn_gan",
  "dataset": "cifar10"
}