{
  "accuracy": 0.9094,
  "precision_macro": 0.9099066946527603,
  "recall_macro": 0.9094,
  "f1_macro": 0.9087735351547439,
  "precision_weighted": 0.9099066946527604,
  "recall_weighted": 0.9094,
  "f1_weighted": 0.9087735351547439,
  "per_class_f1": [
    0.915271435819381,
    0.964553170244633,
    0.8787255909558068,
    0.7987152034261242,
    0.9091778202676865,
    0.8568693154619436,
    0.9347284504235177,
    0.9436262061960387,
    0.9398422090729783,
    0.946225949679329
  ],
  "per_class_precision": [
    0.9289392378990731,
    0.963110667996012,
    0.9038054968287527,
    0.8594470046082949,
    0.8708791208791209,
    0.8218549127640037,
    0.9314796425024826,
    0.9587203302373581,
    0.9270428015564203,
    0.9337877312560857
  ],
  "per_class_recall": [
    0.902,
    0.966,
    0.855,
    0.746,
    0.951,
    0.895,
    0.938,
    0.929,
    0.953,
    0.959
  ],
  "train_time_seconds": 500.6743905544281,
  "run_id": 84,
  "seed": 2110,
  "model_type": "cnn_gan",
  "dataset": "cifar10"
}