{
  "accuracy": 0.9028,
  "precision_macro": 0.9034825766290162,
  "recall_macro": 0.9028,
  "f1_macro": 0.9022261770139526,
  "precision_weighted": 0.9034825766290161,
  "recall_weighted": 0.9028,
  "f1_weighted": 0.9022261770139525,
  "per_class_f1": [
    0.9048843187660668,
    0.9625935162094763,
    0.8712871287128713,
    0.7960251046025104,
    0.9058823529411765,
    0.845927379784102,
    0.9107059373539037,
    0.9372768995410505,
    0.9456359102244389,
    0.9420432220039293
  ],
  "per_class_precision": [
    0.9312169312169312,
    0.9601990049751243,
    0.9096844396082698,
    0.8344298245614035,
    0.8884615384615384,
    0.8304431599229287,
    0.8551360842844601,
    0.9562955254942768,
    0.9432835820895522,
    0.9256756756756757
  ],
  "per_class_recall": [
    0.88,
    0.965,
    0.836,
    0.761,
    0.924,
    0.862,
    0.974,
    0.919,
    0.948,
    0.959
  ],
  "train_time_seconds": 507.15653920173645,
  "run_id": 36,
  "seed": 2062,
  "model_type": "cnn",
  "dataset": "cifar10"
}