{
  "accuracy": 0.9079,
  "precision_macro": 0.9074149380958255,
  "recall_macro": 0.9078999999999999,
  "f1_macro": 0.9069164420744571,
  "precision_weighted": 0.9074149380958253,
  "recall_weighted": 0.9079,
  "f1_weighted": 0.9069164420744572,
  "per_class_f1": [
    0.9159159159159159,
    0.9592445328031809,
    0.8823529411764706,
    0.8019271948608137,
    0.9015296367112811,
    0.8610968733982574,
    0.9259980525803311,
    0.9345238095238095,
    0.9467926404773744,
    0.9397828232971372
  ],
  "per_class_precision": [
    0.9168336673346693,
    0.9535573122529645,
    0.8950617283950617,
    0.8629032258064516,
    0.8635531135531136,
    0.8832807570977917,
    0.9022770398481973,
    0.9271653543307087,
    0.9416419386745796,
    0.9278752436647173
  ],
  "per_class_recall": [
    0.915,
    0.965,
    0.87,
    0.749,
    0.943,
    0.84,
    0.951,
    0.942,
    0.952,
    0.952
  ],
  "train_time_seconds": 232.48836493492126,
  "run_id": 98,
  "seed": 2124,
  "model_type": "cnn_gan",
  "dataset": "cifar10"
}