{
  "accuracy": 0.9065,
  "precision_macro": 0.9064059654316793,
  "recall_macro": 0.9065000000000001,
  "f1_macro": 0.9057190531125269,
  "precision_weighted": 0.9064059654316792,
  "recall_weighted": 0.9065,
  "f1_weighted": 0.9057190531125267,
  "per_class_f1": [
    0.911404796867352,
    0.9540918163672655,
    0.8726342710997442,
    0.8044991965720407,
    0.9144869215291751,
    0.8614931237721022,
    0.9211538461538461,
    0.9431704885343968,
    0.9396857577293461,
    0.9345703125
  ],
  "per_class_precision": [
    0.8926174496644296,
    0.952191235059761,
    0.8931937172774869,
    0.8662053056516724,
    0.9200404858299596,
    0.8465250965250966,
    0.8870370370370371,
    0.9403578528827038,
    0.9527235354573484,
    0.9131679389312977
  ],
  "per_class_recall": [
    0.931,
    0.956,
    0.853,
    0.751,
    0.909,
    0.877,
    0.958,
    0.946,
    0.927,
    0.957
  ],
  "train_time_seconds": 400.1707618236542,
  "run_id": 64,
  "seed": 2090,
  "model_type": "cnn_gan",
  "dataset": "cifar10"
}