{
  "accuracy": 0.9058,
  "precision_macro": 0.9055267181791233,
  "recall_macro": 0.9057999999999999,
  "f1_macro": 0.9054244802569033,
  "precision_weighted": 0.9055267181791234,
  "recall_weighted": 0.9058,
  "f1_weighted": 0.9054244802569031,
  "per_class_f1": [
    0.9023904382470119,
    0.9611940298507463,
    0.8702757916241062,
    0.8061381074168797,
    0.9143150333504361,
    0.8568608094768015,
    0.9266862170087976,
    0.931,
    0.9439762022806147,
    0.9414081733136386
  ],
  "per_class_precision": [
    0.8988095238095238,
    0.9564356435643564,
    0.8893528183716075,
    0.8251308900523561,
    0.9388830347734457,
    0.8460038986354775,
    0.9063097514340345,
    0.931,
    0.9360865290068829,
    0.92725509214355
  ],
  "per_class_recall": [
    0.906,
    0.966,
    0.852,
    0.788,
    0.891,
    0.868,
    0.948,
    0.931,
    0.952,
    0.956
  ],
  "train_time_seconds": 506.1143910884857,
  "run_id": 78,
  "seed": 2104,
  "model_type": "cnn_gan",
  "dataset": "cifar10"
}