{
  "accuracy": 0.9048,
  "precision_macro": 0.9053061417144077,
  "recall_macro": 0.9048,
  "f1_macro": 0.9035660076709835,
  "precision_weighted": 0.9053061417144077,
  "recall_weighted": 0.9048,
  "f1_weighted": 0.9035660076709835,
  "per_class_f1": [
    0.9173760640961443,
    0.9559118236472945,
    0.8844783715012723,
    0.7843137254901961,
    0.9000969932104753,
    0.8506961113778204,
    0.9239766081871345,
    0.9341258048538881,
    0.9475247524752475,
    0.9371598218703612
  ],
  "per_class_precision": [
    0.9187562688064193,
    0.9578313253012049,
    0.900518134715026,
    0.89171974522293,
    0.8738229755178908,
    0.8180978762696214,
    0.9011406844106464,
    0.9254170755642787,
    0.9382352941176471,
    0.9275220372184133
  ],
  "per_class_recall": [
    0.916,
    0.954,
    0.869,
    0.7,
    0.928,
    0.886,
    0.948,
    0.943,
    0.957,
    0.947
  ],
  "train_time_seconds": 401.2231879234314,
  "run_id": 4,
  "seed": 2030,
  "model_type": "cnn_gan",
  "dataset": "cifar10"
}