{
  "accuracy": 0.9023,
  "precision_macro": 0.903411328658934,
  "recall_macro": 0.9023,
  "f1_macro": 0.9017071987195917,
  "precision_weighted": 0.9034113286589341,
  "recall_weighted": 0.9023,
  "f1_weighted": 0.9017071987195919,
  "per_class_f1": [
    0.9142857142857143,
    0.9574468085106383,
    0.8610963278339542,
    0.7859798194370685,
    0.9047151277013753,
    0.8386491557223265,
    0.930323846908734,
    0.932077342588002,
    0.9537223340040242,
    0.9387755102040817
  ],
  "per_class_precision": [
    0.9165829145728643,
    0.9702258726899384,
    0.9203640500568828,
    0.8380520951302378,
    0.888996138996139,
    0.7897526501766784,
    0.9132947976878613,
    0.9242871189773845,
    0.9595141700404858,
    0.9130434782608695
  ],
  "per_class_recall": [
    0.912,
    0.945,
    0.809,
    0.74,
    0.921,
    0.894,
    0.948,
    0.94,
    0.948,
    0.966
  ],
  "train_time_seconds": 400.19024658203125,
  "run_id": 73,
  "seed": 2099,
  "model_type": "cnn_gan",
  "dataset": "cifar10"
}