{
  "accuracy": 0.9075,
  "precision_macro": 0.9070923505276536,
  "recall_macro": 0.9075000000000001,
  "f1_macro": 0.9069109332454293,
  "precision_weighted": 0.9070923505276536,
  "recall_weighted": 0.9075,
  "f1_weighted": 0.9069109332454293,
  "per_class_f1": [
    0.9151036525172754,
    0.9573835480673935,
    0.8821689259645464,
    0.8133874239350912,
    0.9088235294117647,
    0.8444902162718847,
    0.9310513447432763,
    0.9390363815142576,
    0.9373134328358209,
    0.9403508771929825
  ],
  "per_class_precision": [
    0.9035087719298246,
    0.9489194499017681,
    0.9215686274509803,
    0.8251028806584362,
    0.8913461538461539,
    0.8704883227176221,
    0.9110047846889953,
    0.9235976789168279,
    0.9326732673267327,
    0.942713567839196
  ],
  "per_class_recall": [
    0.927,
    0.966,
    0.846,
    0.802,
    0.927,
    0.82,
    0.952,
    0.955,
    0.942,
    0.938
  ],
  "train_time_seconds": 399.68756127357483,
  "run_id": 88,
  "seed": 2114,
  "model_type": "cnn",
  "dataset": "cifar10"
}