{
  "accuracy": 0.9102,
  "precision_macro": 0.9098784345188454,
  "recall_macro": 0.9101999999999999,
  "f1_macro": 0.9097011860944251,
  "precision_weighted": 0.9098784345188454,
  "recall_weighted": 0.9102,
  "f1_weighted": 0.9097011860944253,
  "per_class_f1": [
    0.9119373776908023,
    0.9624060150375939,
    0.8864321608040201,
    0.8100358422939068,
    0.9167927382753404,
    0.8609819121447029,
    0.9334657398212513,
    0.9354207436399217,
    0.9464646464646465,
    0.933074684772066
  ],
  "per_class_precision": [
    0.89272030651341,
    0.964824120603015,
    0.8909090909090909,
    0.8300104931794333,
    0.9247202441505595,
    0.8909090909090909,
    0.9270216962524654,
    0.9157088122605364,
    0.9561224489795919,
    0.9058380414312618
  ],
  "per_class_recall": [
    0.932,
    0.96,
    0.882,
    0.791,
    0.909,
    0.833,
    0.94,
    0.956,
    0.937,
    0.962
  ],
  "train_time_seconds": 399.4582722187042,
  "run_id": 91,
  "seed": 2117,
  "model_type": "cnn",
  "dataset": "cifar10"
}