{
  "accuracy": 0.9039,
  "precision_macro": 0.9039709941245853,
  "recall_macro": 0.9039000000000001,
  "f1_macro": 0.90340708621588,
  "precision_weighted": 0.9039709941245851,
  "recall_weighted": 0.9039,
  "f1_weighted": 0.9034070862158801,
  "per_class_f1": [
    0.9064238745574102,
    0.9578163771712159,
    0.8728991596638656,
    0.8127853881278538,
    0.8966507177033493,
    0.8583078491335372,
    0.9300699300699301,
    0.9314657328664332,
    0.9386954389406572,
    0.9289563939245468
  ],
  "per_class_precision": [
    0.917093142272262,
    0.9507389162561576,
    0.9192477876106194,
    0.8249227600411947,
    0.8596330275229358,
    0.8752598752598753,
    0.9291417165668663,
    0.9319319319319319,
    0.9210779595765158,
    0.9106628242074928
  ],
  "per_class_recall": [
    0.896,
    0.965,
    0.831,
    0.801,
    0.937,
    0.842,
    0.931,
    0.931,
    0.957,
    0.948
  ],
  "train_time_seconds": 396.76028180122375,
  "run_id": 25,
  "seed": 2051,
  "model_type": "cnn",
  "dataset": "cifar10"
}