{
  "accuracy": 0.909,
  "precision_macro": 0.9087357490006894,
  "recall_macro": 0.9090000000000001,
  "f1_macro": 0.9084420316794743,
  "precision_weighted": 0.9087357490006892,
  "recall_weighted": 0.909,
  "f1_weighted": 0.9084420316794743,
  "per_class_f1": [
    0.9066802651708312,
    0.9552988448016072,
    0.8790530108080288,
    0.81282316442606,
    0.9104908565928778,
    0.8669010547463586,
    0.9306243805748265,
    0.944,
    0.9398533007334964,
    0.9386954389406572
  ],
  "per_class_precision": [
    0.9250780437044746,
    0.9596367305751766,
    0.9056203605514316,
    0.841541755888651,
    0.8775510204081632,
    0.8708375378405651,
    0.9223968565815324,
    0.944,
    0.9196172248803828,
    0.9210779595765158
  ],
  "per_class_recall": [
    0.889,
    0.951,
    0.854,
    0.786,
    0.946,
    0.863,
    0.939,
    0.944,
    0.961,
    0.957
  ],
  "train_time_seconds": 488.9895353317261,
  "run_id": 9,
  "seed": 2035,
  "model_type": "cnn_gan",
  "dataset": "cifar10"
}