{
  "accuracy": 0.9101,
  "precision_macro": 0.9105798146898035,
  "recall_macro": 0.9100999999999999,
  "f1_macro": 0.909348124794209,
  "precision_weighted": 0.9105798146898036,
  "recall_weighted": 0.9101,
  "f1_weighted": 0.9093481247942092,
  "per_class_f1": [
    0.9169169169169169,
    0.9567779960707269,
    0.8794549266247379,
    0.8167651800107469,
    0.9174401563263312,
    0.8593374939990398,
    0.9286754002911208,
    0.937125748502994,
    0.9432659102121361,
    0.9377215189873418
  ],
  "per_class_precision": [
    0.9178356713426854,
    0.9401544401544402,
    0.9240088105726872,
    0.8826945412311266,
    0.8968481375358166,
    0.8264081255771006,
    0.9019792648444863,
    0.9352589641434262,
    0.9308666017526777,
    0.9497435897435897
  ],
  "per_class_recall": [
    0.916,
    0.974,
    0.839,
    0.76,
    0.939,
    0.895,
    0.957,
    0.939,
    0.956,
    0.926
  ],
  "train_time_seconds": 495.74521112442017,
  "run_id": 48,
  "seed": 2074,
  "model_type": "cnn",
  "dataset": "cifar10"
}