{
  "accuracy": 0.9049,
  "precision_macro": 0.9066716321568917,
  "recall_macro": 0.9049000000000001,
  "f1_macro": 0.9042594119717455,
  "precision_weighted": 0.9066716321568918,
  "recall_weighted": 0.9049,
  "f1_weighted": 0.9042594119717452,
  "per_class_f1": [
    0.9142011834319527,
    0.9558599695585996,
    0.8773784355179705,
    0.7900162778079218,
    0.9090909090909091,
    0.8458681522748375,
    0.9294117647058824,
    0.9364046069103655,
    0.949873417721519,
    0.9344894026974951
  ],
  "per_class_precision": [
    0.9017509727626459,
    0.9701338825952626,
    0.9304932735426009,
    0.863582443653618,
    0.8984375,
    0.7894280762564991,
    0.9115384615384615,
    0.9378134403209629,
    0.9620512820512821,
    0.9014869888475836
  ],
  "per_class_recall": [
    0.927,
    0.942,
    0.83,
    0.728,
    0.92,
    0.911,
    0.948,
    0.935,
    0.938,
    0.97
  ],
  "train_time_seconds": 537.9170444011688,
  "run_id": 42,
  "seed": 2068,
  "model_type": "cnn_gan",
  "dataset": "cifar10"
}