{
  "accuracy": 0.9105,
  "precision_macro": 0.9101276264116216,
  "recall_macro": 0.9105000000000001,
  "f1_macro": 0.9098714592214987,
  "precision_weighted": 0.9101276264116215,
  "recall_weighted": 0.9105,
  "f1_weighted": 0.9098714592214988,
  "per_class_f1": [
    0.9151696606786427,
    0.964859437751004,
    0.8802889576883385,
    0.8165618448637316,
    0.9096267190569745,
    0.8565737051792829,
    0.9297140087251575,
    0.939,
    0.9446891825746452,
    0.9422310756972112
  ],
  "per_class_precision": [
    0.9133466135458167,
    0.96875,
    0.9093816631130064,
    0.8579295154185022,
    0.8938223938223938,
    0.8531746031746031,
    0.9021636876763875,
    0.939,
    0.925215723873442,
    0.9384920634920635
  ],
  "per_class_recall": [
    0.917,
    0.961,
    0.853,
    0.779,
    0.926,
    0.86,
    0.959,
    0.939,
    0.965,
    0.946
  ],
  "train_time_seconds": 545.8988721370697,
  "run_id": 96,
  "seed": 2122,
  "model_type": "cnn",
  "dataset": "cifar10"
}