{
  "accuracy": 0.904,
  "precision_macro": 0.9034426182091166,
  "recall_macro": 0.9040000000000001,
  "f1_macro": 0.903314523783729,
  "precision_weighted": 0.9034426182091168,
  "recall_weighted": 0.904,
  "f1_weighted": 0.9033145237837292,
  "per_class_f1": [
    0.8989547038327527,
    0.9572564612326043,
    0.8764616166751398,
    0.8048395581273015,
    0.8994140625,
    0.8513853904282116,
    0.9341199606686332,
    0.93419740777667,
    0.9475277497477296,
    0.9289883268482491
  ],
  "per_class_precision": [
    0.8949454905847374,
    0.9515810276679841,
    0.8914167528438469,
    0.8490566037735849,
    0.8788167938931297,
    0.8578680203045685,
    0.9187620889748549,
    0.9314115308151093,
    0.9562118126272913,
    0.9043560606060606
  ],
  "per_class_recall": [
    0.903,
    0.963,
    0.862,
    0.765,
    0.921,
    0.845,
    0.95,
    0.937,
    0.939,
    0.955
  ],
  "train_time_seconds": 235.87922859191895,
  "run_id": 17,
  "seed": 2043,
  "model_type": "cnn",
  "dataset": "cifar10"
}