{
  "accuracy": 0.9048,
  "precision_macro": 0.9045579734619921,
  "recall_macro": 0.9048,
  "f1_macro": 0.9041300683863129,
  "precision_weighted": 0.9045579734619922,
  "recall_weighted": 0.9048,
  "f1_weighted": 0.904130068386313,
  "per_class_f1": [
    0.9093640460691037,
    0.9615960099750623,
    0.8634222919937206,
    0.81069743051914,
    0.9001996007984032,
    0.8565853658536585,
    0.9231517509727627,
    0.9284313725490196,
    0.9415841584158415,
    0.9462686567164179
  ],
  "per_class_precision": [
    0.9107321965897693,
    0.9592039800995025,
    0.9055982436882547,
    0.8522601984564498,
    0.898406374501992,
    0.8361904761904762,
    0.8986742424242424,
    0.9105769230769231,
    0.9323529411764706,
    0.9415841584158415
  ],
  "per_class_recall": [
    0.908,
    0.964,
    0.825,
    0.773,
    0.902,
    0.878,
    0.949,
    0.947,
    0.951,
    0.951
  ],
  "train_time_seconds": 231.77313494682312,
  "run_id": 80,
  "seed": 2106,
  "model_type": "cnn",
  "dataset": "cifar10"
}