{
  "accuracy": 0.9072,
  "precision_macro": 0.9078445188669775,
  "recall_macro": 0.9072000000000001,
  "f1_macro": 0.9061432972781593,
  "precision_weighted": 0.9078445188669775,
  "recall_weighted": 0.9072,
  "f1_weighted": 0.9061432972781593,
  "per_class_f1": [
    0.9178841309823678,
    0.9652432969215492,
    0.8800408371618172,
    0.7920133111480865,
    0.9126984126984127,
    0.8479087452471483,
    0.9245647969052224,
    0.937625754527163,
    0.9488833746898263,
    0.9345703125
  ],
  "per_class_precision": [
    0.9248730964467005,
    0.9585798816568047,
    0.8988529718456726,
    0.8891656288916563,
    0.905511811023622,
    0.8079710144927537,
    0.8951310861423221,
    0.9433198380566802,
    0.941871921182266,
    0.9131679389312977
  ],
  "per_class_recall": [
    0.911,
    0.972,
    0.862,
    0.714,
    0.92,
    0.892,
    0.956,
    0.932,
    0.956,
    0.957
  ],
  "train_time_seconds": 234.21484327316284,
  "run_id": 68,
  "seed": 2094,
  "model_type": "cnn",
  "dataset": "cifar10"
}