{
  "accuracy": 0.9027,
  "precision_macro": 0.9030812655112042,
  "recall_macro": 0.9027,
  "f1_macro": 0.9022894611363256,
  "precision_weighted": 0.9030812655112043,
  "recall_weighted": 0.9027,
  "f1_weighted": 0.9022894611363256,
  "per_class_f1": [
    0.9121044701155199,
    0.9552845528455285,
    0.8712559117183395,
    0.7925311203319502,
    0.8991097922848664,
    0.8509822712026833,
    0.9296055916125812,
    0.9312221672439387,
    0.9387555120039196,
    0.9420432220039293
  ],
  "per_class_precision": [
    0.9162462159434914,
    0.9710743801652892,
    0.9180509413067552,
    0.8232758620689655,
    0.8894324853228963,
    0.8169273229070837,
    0.9282153539381854,
    0.921645445641528,
    0.920268972142171,
    0.9256756756756757
  ],
  "per_class_recall": [
    0.908,
    0.94,
    0.829,
    0.764,
    0.909,
    0.888,
    0.931,
    0.941,
    0.958,
    0.959
  ],
  "train_time_seconds": 233.61764812469482,
  "run_id": 59,
  "seed": 2085,
  "model_type": "cnn",
  "dataset": "cifar10"
}