{
  "accuracy": 0.9085,
  "precision_macro": 0.9081496795294524,
  "recall_macro": 0.9084999999999999,
  "f1_macro": 0.9078235615547262,
  "precision_weighted": 0.9081496795294525,
  "recall_weighted": 0.9085,
  "f1_weighted": 0.9078235615547261,
  "per_class_f1": [
    0.9229229229229229,
    0.9648946840521565,
    0.8825659596482152,
    0.7938850817079599,
    0.9052734375,
    0.858968058968059,
    0.9261418853255587,
    0.9294234592445328,
    0.9443339960238568,
    0.949826130153999
  ],
  "per_class_precision": [
    0.9238476953907816,
    0.9678068410462777,
    0.9142550911039657,
    0.8394648829431438,
    0.8845419847328244,
    0.8444444444444444,
    0.9007561436672968,
    0.9239130434782609,
    0.9387351778656127,
    0.9437314906219151
  ],
  "per_class_recall": [
    0.922,
    0.962,
    0.853,
    0.753,
    0.927,
    0.874,
    0.953,
    0.935,
    0.95,
    0.956
  ],
  "train_time_seconds": 507.554527759552,
  "run_id": 12,
  "seed": 2038,
  "model_type": "cnn_gan",
  "dataset": "cifar10"
}