{
  "accuracy": 0.9087,
  "precision_macro": 0.9091808188185521,
  "recall_macro": 0.9087,
  "f1_macro": 0.9077993193285634,
  "precision_weighted": 0.9091808188185522,
  "recall_weighted": 0.9087,
  "f1_weighted": 0.9077993193285633,
  "per_class_f1": [
    0.9211324570273003,
    0.95097037793667,
    0.8854114083796063,
    0.7908246859639542,
    0.9164149043303121,
    0.8549618320610687,
    0.9344894026974951,
    0.9389578163771712,
    0.9455984174085065,
    0.9392318911035489
  ],
  "per_class_precision": [
    0.9314928425357873,
    0.9718162839248434,
    0.8939857288481141,
    0.8712394705174489,
    0.922920892494929,
    0.8175182481751825,
    0.9014869888475836,
    0.9320197044334976,
    0.9354207436399217,
    0.9139072847682119
  ],
  "per_class_recall": [
    0.911,
    0.931,
    0.877,
    0.724,
    0.91,
    0.896,
    0.97,
    0.946,
    0.956,
    0.966
  ],
  "train_time_seconds": 233.63084077835083,
  "run_id": 5,
  "seed": 2031,
  "model_type": "cnn_gan",
  "dataset": "cifar10"
}