{
  "accuracy": 0.9054,
  "precision_macro": 0.9049987365730644,
  "recall_macro": 0.9054,
  "f1_macro": 0.9045434579026311,
  "precision_weighted": 0.9049987365730643,
  "recall_weighted": 0.9054,
  "f1_weighted": 0.904543457902631,
  "per_class_f1": [
    0.9026198714780029,
    0.9559623948540327,
    0.8856848609680742,
    0.7985034740780331,
    0.9053339740509371,
    0.854862842892768,
    0.9321533923303835,
    0.9277227722772278,
    0.9401197604790419,
    0.9424712356178089
  ],
  "per_class_precision": [
    0.8924731182795699,
    0.9461312438785504,
    0.9129511677282378,
    0.8576349024110218,
    0.8714153561517114,
    0.8527363184079602,
    0.9168278529980658,
    0.9186274509803921,
    0.9382470119521913,
    0.9429429429429429
  ],
  "per_class_recall": [
    0.913,
    0.966,
    0.86,
    0.747,
    0.942,
    0.857,
    0.948,
    0.937,
    0.942,
    0.942
  ],
  "train_time_seconds": 235.6540138721466,
  "run_id": 8,
  "seed": 2034,
  "model_type": "cnn",
  "dataset": "cifar10"
}