{
  "accuracy": 0.9082,
  "precision_macro": 0.907974814121595,
  "recall_macro": 0.9082000000000001,
  "f1_macro": 0.9074218931066882,
  "precision_weighted": 0.9079748141215951,
  "recall_weighted": 0.9082,
  "f1_weighted": 0.9074218931066884,
  "per_class_f1": [
    0.9061716006021073,
    0.9558232931726908,
    0.8888888888888888,
    0.7995724211651524,
    0.9126026074360213,
    0.8581314878892734,
    0.9262135922330097,
    0.9422492401215805,
    0.944142362827484,
    0.9404234367306745
  ],
  "per_class_precision": [
    0.9093655589123867,
    0.9596774193548387,
    0.9064449064449065,
    0.8587830080367393,
    0.8823529411764706,
    0.8484848484848485,
    0.9,
    0.9548254620123203,
    0.9335288367546432,
    0.9262851600387972
  ],
  "per_class_recall": [
    0.903,
    0.952,
    0.872,
    0.748,
    0.945,
    0.868,
    0.954,
    0.93,
    0.955,
    0.955
  ],
  "train_time_seconds": 233.72647190093994,
  "run_id": 92,
  "seed": 2118,
  "model_type": "cnn_gan",
  "dataset": "cifar10"
}