{
  "accuracy": 0.9139,
  "precision_macro": 0.9137431275784976,
  "recall_macro": 0.9138999999999999,
  "f1_macro": 0.9136810102146778,
  "precision_weighted": 0.9137431275784976,
  "recall_weighted": 0.9139,
  "f1_weighted": 0.913681010214678,
  "per_class_f1": [
    0.9250620347394541,
    0.9646590343454455,
    0.8820195775373518,
    0.8164493480441324,
    0.9063266307013241,
    0.8652195860676426,
    0.9359801488833747,
    0.9392265193370166,
    0.9512437810945273,
    0.9506234413965087
  ],
  "per_class_precision": [
    0.9182266009852217,
    0.9603567888999008,
    0.9096705632306057,
    0.8189134808853119,
    0.8893166506256015,
    0.873598369011213,
    0.929064039408867,
    0.9434914228052472,
    0.9465346534653465,
    0.9482587064676616
  ],
  "per_class_recall": [
    0.932,
    0.969,
    0.856,
    0.814,
    0.924,
    0.857,
    0.943,
    0.935,
    0.956,
    0.953
  ],
  "train_time_seconds": 395.8725211620331,
  "run_id": 16,
  "seed": 2042,
  "model_type": "cnn",
  "dataset": "cifar10"
}