{
  "accuracy": 0.9045,
  "precision_macro": 0.9043140179465718,
  "recall_macro": 0.9045,
  "f1_macro": 0.9039463091815284,
  "precision_weighted": 0.9043140179465717,
  "recall_weighted": 0.9045,
  "f1_weighted": 0.9039463091815283,
  "per_class_f1": [
    0.9032911392405063,
    0.9569138276553106,
    0.8727825646224024,
    0.7966191230850502,
    0.9113670505758638,
    0.8516377649325626,
    0.9324124321657622,
    0.935129740518962,
    0.9362119725220804,
    0.9430974764967838
  ],
  "per_class_precision": [
    0.9148717948717948,
    0.9588353413654619,
    0.8848920863309353,
    0.8443449048152296,
    0.9127382146439318,
    0.8215613382899628,
    0.9201557935735151,
    0.9332669322709163,
    0.9190751445086706,
    0.9333986287952988
  ],
  "per_class_recall": [
    0.892,
    0.955,
    0.861,
    0.754,
    0.91,
    0.884,
    0.945,
    0.937,
    0.954,
    0.953
  ],
  "train_time_seconds": 398.7711555957794,
  "run_id": 97,
  "seed": 2123,
  "model_type": "cnn_gan",
  "dataset": "cifar10"
}