{
  "accuracy": 0.9094,
  "precision_macro": 0.9093614280315554,
  "recall_macro": 0.9094,
  "f1_macro": 0.90882606296807,
  "precision_weighted": 0.9093614280315554,
  "recall_weighted": 0.9094,
  "f1_weighted": 0.9088260629680699,
  "per_class_f1": [
    0.910871694417238,
    0.9609218436873748,
    0.8724973656480506,
    0.8193146417445483,
    0.9107231920199501,
    0.8609467455621301,
    0.9294685990338164,
    0.9398797595190381,
    0.9424603174603174,
    0.9411764705882353
  ],
  "per_class_precision": [
    0.8925143953934741,
    0.9628514056224899,
    0.9220489977728286,
    0.8520518358531317,
    0.9084577114427861,
    0.8492217898832685,
    0.8990654205607477,
    0.9417670682730924,
    0.9350393700787402,
    0.9305962854349951
  ],
  "per_class_recall": [
    0.93,
    0.959,
    0.828,
    0.789,
    0.913,
    0.873,
    0.962,
    0.938,
    0.95,
    0.952
  ],
  "train_time_seconds": 493.7034840583801,
  "run_id": 24,
  "seed": 2050,
  "model_type": "cnn",
  "dataset": "cifar10"
}