{
  "accuracy": 0.9058,
  "precision_macro": 0.9055718311100867,
  "recall_macro": 0.9057999999999999,
  "f1_macro": 0.9051647104478228,
  "precision_weighted": 0.9055718311100869,
  "recall_weighted": 0.9058,
  "f1_weighted": 0.9051647104478229,
  "per_class_f1": [
    0.9210918114143921,
    0.9547488811536549,
    0.8732840549102429,
    0.8024628014366342,
    0.9068746952705997,
    0.856710393541877,
    0.9300048947626041,
    0.9373433583959899,
    0.94,
    0.929126213592233
  ],
  "per_class_precision": [
    0.9142857142857143,
    0.9495548961424333,
    0.9250559284116331,
    0.8240252897787145,
    0.884871550903901,
    0.8645621181262729,
    0.9108341323106424,
    0.9396984924623115,
    0.94,
    0.9028301886792452
  ],
  "per_class_recall": [
    0.928,
    0.96,
    0.827,
    0.782,
    0.93,
    0.849,
    0.95,
    0.935,
    0.94,
    0.957
  ],
  "train_time_seconds": 494.93948197364807,
  "run_id": 21,
  "seed": 2047,
  "model_type": "cnn",
  "dataset": "cifar10"
}