{
  "accuracy": 0.9069,
  "precision_macro": 0.9070418513256575,
  "recall_macro": 0.9068999999999999,
  "f1_macro": 0.906329913168198,
  "precision_weighted": 0.9070418513256576,
  "recall_weighted": 0.9069,
  "f1_weighted": 0.9063299131681979,
  "per_class_f1": [
    0.915,
    0.9631870902672718,
    0.8681204569055037,
    0.8022952529994783,
    0.9102439024390244,
    0.8541973490427098,
    0.9323529411764706,
    0.9380804953560371,
    0.9366843885935234,
    0.9431372549019608
  ],
  "per_class_precision": [
    0.915,
    0.9715157680569685,
    0.9028077753779697,
    0.8386041439476554,
    0.8885714285714286,
    0.8389585342333655,
    0.9144230769230769,
    0.9690831556503199,
    0.9064546304957904,
    0.925
  ],
  "per_class_recall": [
    0.915,
    0.955,
    0.836,
    0.769,
    0.933,
    0.87,
    0.951,
    0.909,
    0.969,
    0.962
  ],
  "train_time_seconds": 522.6723988056183,
  "run_id": 87,
  "seed": 2113,
  "model_type": "cnn",
  "dataset": "cifar10"
}