{
  "accuracy": 0.9067,
  "precision_macro": 0.9068529969072407,
  "recall_macro": 0.9067000000000001,
  "f1_macro": 0.9064210985006635,
  "precision_weighted": 0.9068529969072407,
  "recall_weighted": 0.9067,
  "f1_weighted": 0.9064210985006635,
  "per_class_f1": [
    0.9119275289380976,
    0.950253807106599,
    0.8737060041407867,
    0.8026652998462327,
    0.9059334298118669,
    0.8574228319451249,
    0.9340659340659341,
    0.9385307346326837,
    0.9418145956607495,
    0.9478908188585607
  ],
  "per_class_precision": [
    0.9179331306990881,
    0.9649484536082474,
    0.9055793991416309,
    0.8233438485804416,
    0.875116495806151,
    0.840537944284342,
    0.9331337325349301,
    0.938061938061938,
    0.9289883268482491,
    0.9408866995073891
  ],
  "per_class_recall": [
    0.906,
    0.936,
    0.844,
    0.783,
    0.939,
    0.875,
    0.935,
    0.939,
    0.955,
    0.955
  ],
  "train_time_seconds": 495.85871267318726,
  "run_id": 39,
  "seed": 2065,
  "model_type": "cnn",
  "dataset": "cifar10"
}