{
  "accuracy": 0.9083,
  "precision_macro": 0.9088256969751292,
  "recall_macro": 0.9083,
  "f1_macro": 0.9072345822550414,
  "precision_weighted": 0.9088256969751294,
  "recall_weighted": 0.9083,
  "f1_weighted": 0.9072345822550413,
  "per_class_f1": [
    0.917255297679112,
    0.9575098814229249,
    0.8813730439172135,
    0.7920133111480865,
    0.9054726368159204,
    0.8575485092285849,
    0.9376218323586745,
    0.9367844698855152,
    0.9447236180904522,
    0.9420432220039293
  ],
  "per_class_precision": [
    0.9256619144602851,
    0.9462890625,
    0.8899082568807339,
    0.8891656288916563,
    0.900990099009901,
    0.8140161725067385,
    0.9144486692015209,
    0.9326065411298315,
    0.9494949494949495,
    0.9256756756756757
  ],
  "per_class_recall": [
    0.909,
    0.969,
    0.873,
    0.714,
    0.91,
    0.906,
    0.962,
    0.941,
    0.94,
    0.959
  ],
  "train_time_seconds": 559.0670077800751,
  "run_id": 30,
  "seed": 2056,
  "model_type": "cnn_gan",
  "dataset": "cifar10"
}