{
  "accuracy": 0.9053,
  "precision_macro": 0.9056199604059678,
  "recall_macro": 0.9052999999999999,
  "f1_macro": 0.9042579545317666,
  "precision_weighted": 0.9056199604059678,
  "recall_weighted": 0.9053,
  "f1_weighted": 0.9042579545317667,
  "per_class_f1": [
    0.9042498719918075,
    0.9598413485374319,
    0.8801245459263103,
    0.7943262411347518,
    0.9105848235862736,
    0.8524747717443537,
    0.9332013854527461,
    0.939,
    0.9388154674498287,
    0.9299610894941635
  ],
  "per_class_precision": [
    0.9265477439664218,
    0.951819075712881,
    0.9147788565264293,
    0.8739495798319328,
    0.8811973807296539,
    0.820536540240518,
    0.9236043095004897,
    0.939,
    0.9194630872483222,
    0.9053030303030303
  ],
  "per_class_recall": [
    0.883,
    0.968,
    0.848,
    0.728,
    0.942,
    0.887,
    0.943,
    0.939,
    0.959,
    0.956
  ],
  "train_time_seconds": 402.20083498954773,
  "run_id": 37,
  "seed": 2063,
  "model_type": "cnn",
  "dataset": "cifar10"
}