{
  "accuracy": 0.9076,
  "precision_macro": 0.9068573464993405,
  "recall_macro": 0.9076000000000001,
  "f1_macro": 0.9068682361785809,
  "precision_weighted": 0.9068573464993404,
  "recall_weighted": 0.9076,
  "f1_weighted": 0.906868236178581,
  "per_class_f1": [
    0.9164607019278299,
    0.9571713147410359,
    0.8701030927835052,
    0.8037383177570093,
    0.9128919860627178,
    0.867579908675799,
    0.9251700680272109,
    0.9368575624082232,
    0.9346534653465347,
    0.9440559440559441
  ],
  "per_class_precision": [
    0.906158357771261,
    0.9533730158730159,
    0.8978723404255319,
    0.8358531317494601,
    0.908820614469772,
    0.8805355303810505,
    0.8998109640831758,
    0.9175455417066155,
    0.9254901960784314,
    0.9431137724550899
  ],
  "per_class_recall": [
    0.927,
    0.961,
    0.844,
    0.774,
    0.917,
    0.855,
    0.952,
    0.957,
    0.944,
    0.945
  ],
  "train_time_seconds": 401.1975510120392,
  "run_id": 43,
  "seed": 2069,
  "model_type": "cnn",
  "dataset": "cifar10"
}