{
  "accuracy": 0.9101,
  "precision_macro": 0.9108696867246886,
  "recall_macro": 0.9100999999999999,
  "f1_macro": 0.9093162810351988,
  "precision_weighted": 0.9108696867246885,
  "recall_weighted": 0.9101,
  "f1_weighted": 0.9093162810351987,
  "per_class_f1": [
    0.9223835753630446,
    0.967,
    0.8809034907597536,
    0.7882096069868996,
    0.916217540421362,
    0.8482855800845467,
    0.9309162175404213,
    0.9441624365482234,
    0.9462151394422311,
    0.9488692232055064
  ],
  "per_class_precision": [
    0.9237713139418254,
    0.967,
    0.9050632911392406,
    0.8677884615384616,
    0.8981748318924111,
    0.7998228520814881,
    0.9125840537944284,
    0.9587628865979382,
    0.9424603174603174,
    0.9332688588007737
  ],
  "per_class_recall": [
    0.921,
    0.967,
    0.858,
    0.722,
    0.935,
    0.903,
    0.95,
    0.93,
    0.95,
    0.965
  ],
  "train_time_seconds": 335.4582669734955,
  "run_id": 103,
  "seed": 2129,
  "model_type": "cnn_gan",
  "dataset": "cifar10"
}