{
  "accuracy": 0.9095,
  "precision_macro": 0.9093838794596708,
  "recall_macro": 0.9095000000000001,
  "f1_macro": 0.9088342469921153,
  "precision_weighted": 0.9093838794596708,
  "recall_weighted": 0.9095,
  "f1_weighted": 0.9088342469921153,
  "per_class_f1": [
    0.905982905982906,
    0.9599208312716477,
    0.8863983698420784,
    0.8038379530916845,
    0.9174757281553398,
    0.8546426835196889,
    0.9383932971907344,
    0.9415353329944077,
    0.9417620706819313,
    0.9383932971907344
  ],
  "per_class_precision": [
    0.9110212335692619,
    0.9500489715964741,
    0.9034267912772586,
    0.860730593607306,
    0.8915094339622641,
    0.8315988647114475,
    0.9251700680272109,
    0.9576008273009308,
    0.9375619425173439,
    0.9251700680272109
  ],
  "per_class_recall": [
    0.901,
    0.97,
    0.87,
    0.754,
    0.945,
    0.879,
    0.952,
    0.926,
    0.946,
    0.952
  ],
  "train_time_seconds": 233.11173582077026,
  "run_id": 17,
  "seed": 2043,
  "model_type": "cnn_gan",
  "dataset": "cifar10"
}