{
  "accuracy": 0.9054,
  "precision_macro": 0.9057605772737757,
  "recall_macro": 0.9053999999999999,
  "f1_macro": 0.9049900799354814,
  "precision_weighted": 0.9057605772737756,
  "recall_weighted": 0.9054,
  "f1_weighted": 0.9049900799354813,
  "per_class_f1": [
    0.9114299851558635,
    0.9573170731707317,
    0.8717413972888426,
    0.8035251425609123,
    0.9068982151471298,
    0.8536345776031434,
    0.9261418853255587,
    0.9325153374233128,
    0.9462151394422311,
    0.9404820462370881
  ],
  "per_class_precision": [
    0.9020568070519099,
    0.9731404958677686,
    0.9106753812636166,
    0.8342303552206674,
    0.8760484622553588,
    0.8388030888030888,
    0.9007561436672968,
    0.9539748953974896,
    0.9424603174603174,
    0.925459825750242
  ],
  "per_class_recall": [
    0.921,
    0.942,
    0.836,
    0.775,
    0.94,
    0.869,
    0.953,
    0.912,
    0.95,
    0.956
  ],
  "train_time_seconds": 231.64446449279785,
  "run_id": 71,
  "seed": 2097,
  "model_type": "cnn_gan",
  "dataset": "cifar10"
}