{
  "accuracy": 0.9085,
  "precision_macro": 0.9083529327063979,
  "recall_macro": 0.9084999999999999,
  "f1_macro": 0.9076814548372045,
  "precision_weighted": 0.9083529327063977,
  "recall_weighted": 0.9085,
  "f1_weighted": 0.9076814548372045,
  "per_class_f1": [
    0.9138804457953394,
    0.9607843137254902,
    0.8746145940390545,
    0.8111814345991561,
    0.9090014756517462,
    0.8574317492416582,
    0.9161168708765316,
    0.9427575908412146,
    0.9458128078817734,
    0.9452332657200812
  ],
  "per_class_precision": [
    0.9260780287474333,
    0.9423076923076923,
    0.8995771670190275,
    0.8582589285714286,
    0.8944820909970959,
    0.8670756646216768,
    0.8663101604278075,
    0.9385530227948464,
    0.9320388349514563,
    0.9588477366255144
  ],
  "per_class_recall": [
    0.902,
    0.98,
    0.851,
    0.769,
    0.924,
    0.848,
    0.972,
    0.947,
    0.96,
    0.932
  ],
  "train_time_seconds": 397.0114073753357,
  "run_id": 31,
  "seed": 2057,
  "model_type": "cnn",
  "dataset": "cifar10"
}