{
  "accuracy": 0.9058,
  "precision_macro": 0.9059897791710728,
  "recall_macro": 0.9058000000000002,
  "f1_macro": 0.9053054895457748,
  "precision_weighted": 0.9059897791710729,
  "recall_weighted": 0.9058,
  "f1_weighted": 0.9053054895457748,
  "per_class_f1": [
    0.9018621036738802,
    0.9586447433981067,
    0.8776978417266187,
    0.8035808320168509,
    0.9068746952705997,
    0.8551925889809849,
    0.9215214251324025,
    0.9369369369369369,
    0.9510204081632653,
    0.9397233201581028
  ],
  "per_class_precision": [
    0.9078014184397163,
    0.9553128103277061,
    0.9027484143763214,
    0.8487208008898777,
    0.884871550903901,
    0.8344433872502379,
    0.8885793871866295,
    0.9378757515030061,
    0.9708333333333333,
    0.9287109375
  ],
  "per_class_recall": [
    0.896,
    0.962,
    0.854,
    0.763,
    0.93,
    0.877,
    0.957,
    0.936,
    0.932,
    0.951
  ],
  "train_time_seconds": 240.95100474357605,
  "run_id": 4,
  "seed": 2030,
  "model_type": "cnn",
  "dataset": "cifar10"
}