{
  "accuracy": 0.9051,
  "precision_macro": 0.9054664837865387,
  "recall_macro": 0.9051,
  "f1_macro": 0.904685235882271,
  "precision_weighted": 0.9054664837865386,
  "recall_weighted": 0.9051,
  "f1_weighted": 0.9046852358822709,
  "per_class_f1": [
    0.9044715447154471,
    0.9646941819990055,
    0.872382851445663,
    0.7864334923158453,
    0.9118541033434651,
    0.8430535798956852,
    0.931439764936337,
    0.937625754527163,
    0.9462686567164179,
    0.9486284289276808
  ],
  "per_class_precision": [
    0.9194214876033058,
    0.9594460929772503,
    0.8697813121272365,
    0.8365276211950394,
    0.9240246406570842,
    0.8016230838593328,
    0.9126679462571977,
    0.9433198380566802,
    0.9415841584158415,
    0.9462686567164179
  ],
  "per_class_recall": [
    0.89,
    0.97,
    0.875,
    0.742,
    0.9,
    0.889,
    0.951,
    0.932,
    0.951,
    0.951
  ],
  "train_time_seconds": 510.8618197441101,
  "run_id": 75,
  "seed": 2101,
  "model_type": "cnn",
  "dataset": "cifar10"
}