{
  "accuracy": 0.9089,
  "precision_macro": 0.9091437441705492,
  "recall_macro": 0.9089,
  "f1_macro": 0.9082310718113303,
  "precision_weighted": 0.9091437441705493,
  "recall_weighted": 0.9089,
  "f1_weighted": 0.9082310718113303,
  "per_class_f1": [
    0.9139406139909411,
    0.9565217391304348,
    0.8884297520661157,
    0.812199036918138,
    0.9059059059059059,
    0.861003861003861,
    0.9315068493150684,
    0.9329446064139941,
    0.9457441513190642,
    0.9341142020497804
  ],
  "per_class_precision": [
    0.9199594731509625,
    0.967280163599182,
    0.9188034188034188,
    0.8734177215189873,
    0.906813627254509,
    0.832089552238806,
    0.9118773946360154,
    0.9073724007561437,
    0.9415262636273538,
    0.9122974261201144
  ],
  "per_class_recall": [
    0.908,
    0.946,
    0.86,
    0.759,
    0.905,
    0.892,
    0.952,
    0.96,
    0.95,
    0.957
  ],
  "train_time_seconds": 400.3253643512726,
  "run_id": 40,
  "seed": 2066,
  "model_type": "cnn",
  "dataset": "cifar10"
}