{
  "accuracy": 0.9038,
  "precision_macro": 0.9043445318307295,
  "recall_macro": 0.9038,
  "f1_macro": 0.9029795597303274,
  "precision_weighted": 0.9043445318307296,
  "recall_weighted": 0.9038,
  "f1_weighted": 0.9029795597303272,
  "per_class_f1": [
    0.9143135345666992,
    0.964859437751004,
    0.8759811616954474,
    0.7909238249594813,
    0.8952380952380953,
    0.8488089450656295,
    0.9319899244332494,
    0.9333991119881598,
    0.9396378269617707,
    0.9346437346437346
  ],
  "per_class_precision": [
    0.8908918406072106,
    0.96875,
    0.9187705817782656,
    0.8601645123384254,
    0.8545454545454545,
    0.825922421948912,
    0.9390862944162437,
    0.9211295034079844,
    0.9453441295546559,
    0.9188405797101449
  ],
  "per_class_recall": [
    0.939,
    0.961,
    0.837,
    0.732,
    0.94,
    0.873,
    0.925,
    0.946,
    0.934,
    0.951
  ],
  "train_time_seconds": 234.34330415725708,
  "run_id": 71,
  "seed": 2097,
  "model_type": "cnn",
  "dataset": "cifar10"
}