{
  "accuracy": 0.9072,
  "precision_macro": 0.9076734049570063,
  "recall_macro": 0.9071999999999999,
  "f1_macro": 0.906814836352223,
  "precision_weighted": 0.9076734049570063,
  "recall_weighted": 0.9072,
  "f1_weighted": 0.9068148363522233,
  "per_class_f1": [
    0.9182879377431906,
    0.9618090452261306,
    0.8705263157894737,
    0.7936016511867905,
    0.9080404429465575,
    0.8540856031128404,
    0.9290060851926978,
    0.9441368897835933,
    0.943415122684026,
    0.9452392698569314
  ],
  "per_class_precision": [
    0.8939393939393939,
    0.9666666666666667,
    0.9188888888888889,
    0.8198294243070362,
    0.8755803156917363,
    0.8314393939393939,
    0.9423868312757202,
    0.950354609929078,
    0.9448345035105316,
    0.9328140214216164
  ],
  "per_class_recall": [
    0.944,
    0.957,
    0.827,
    0.769,
    0.943,
    0.878,
    0.916,
    0.938,
    0.942,
    0.958
  ],
  "train_time_seconds": 399.15887689590454,
  "run_id": 70,
  "seed": 2096,
  "model_type": "cnn_gan",
  "dataset": "cifar10"
}