{
  "accuracy": 0.9076,
  "precision_macro": 0.907894709722876,
  "recall_macro": 0.9075999999999999,
  "f1_macro": 0.9069868374657852,
  "precision_weighted": 0.907894709722876,
  "recall_weighted": 0.9076,
  "f1_weighted": 0.9069868374657851,
  "per_class_f1": [
    0.912543728135932,
    0.95952023988006,
    0.8773987206823027,
    0.8092002090956613,
    0.9094488188976378,
    0.8568655992236778,
    0.9313200194836824,
    0.9398907103825137,
    0.942173479561316,
    0.9315068493150684
  ],
  "per_class_precision": [
    0.9120879120879121,
    0.9590409590409591,
    0.9394977168949772,
    0.8477546549835706,
    0.8953488372093024,
    0.8322337417530632,
    0.9078822412155746,
    0.9338598223099703,
    0.9393638170974155,
    0.9118773946360154
  ],
  "per_class_recall": [
    0.913,
    0.96,
    0.823,
    0.774,
    0.924,
    0.883,
    0.956,
    0.946,
    0.945,
    0.952
  ],
  "train_time_seconds": 233.57214498519897,
  "run_id": 65,
  "seed": 2091,
  "model_type": "cnn_gan",
  "dataset": "cifar10"
}