{
  "accuracy": 0.9068,
  "precision_macro": 0.9066566200859935,
  "recall_macro": 0.9068000000000002,
  "f1_macro": 0.9059560194773587,
  "precision_weighted": 0.9066566200859936,
  "recall_weighted": 0.9068,
  "f1_weighted": 0.9059560194773587,
  "per_class_f1": [
    0.9172413793103448,
    0.9561792220580995,
    0.8692977960020503,
    0.8015102481121898,
    0.9104477611940298,
    0.8527131782945736,
    0.9267345948568656,
    0.9352084379708689,
    0.9444444444444444,
    0.9457831325301205
  ],
  "per_class_precision": [
    0.903883495145631,
    0.94180407371484,
    0.8916929547844374,
    0.870023419203747,
    0.905940594059406,
    0.8270676691729323,
    0.9000942507068803,
    0.9394550958627649,
    0.937007874015748,
    0.9495967741935484
  ],
  "per_class_recall": [
    0.931,
    0.971,
    0.848,
    0.743,
    0.915,
    0.88,
    0.955,
    0.931,
    0.952,
    0.942
  ],
  "train_time_seconds": 523.4598984718323,
  "run_id": 39,
  "seed": 2065,
  "model_type": "cnn_gan",
  "dataset": "cifar10"
}