{
  "accuracy": 0.9074,
  "precision_macro": 0.9068234347687175,
  "recall_macro": 0.9074,
  "f1_macro": 0.9069515352873158,
  "precision_weighted": 0.9068234347687175,
  "recall_weighted": 0.9074,
  "f1_weighted": 0.9069515352873158,
  "per_class_f1": [
    0.9126703685007572,
    0.954045954045954,
    0.877,
    0.8093264248704664,
    0.9140859140859141,
    0.8577134298552171,
    0.9343857918105575,
    0.9308300395256917,
    0.937283950617284,
    0.942173479561316
  ],
  "per_class_precision": [
    0.9215086646279307,
    0.9530938123752495,
    0.877,
    0.8397849462365592,
    0.9131736526946108,
    0.8564307078763709,
    0.9221032132424537,
    0.919921875,
    0.9258536585365854,
    0.9393638170974155
  ],
  "per_class_recall": [
    0.904,
    0.955,
    0.877,
    0.781,
    0.915,
    0.859,
    0.947,
    0.942,
    0.949,
    0.945
  ],
  "train_time_seconds": 236.12382745742798,
  "run_id": 5,
  "seed": 2031,
  "model_type": "cnn",
  "dataset": "cifar10"
}