{
  "accuracy": 0.9047,
  "precision_macro": 0.9048182856906489,
  "recall_macro": 0.9047000000000001,
  "f1_macro": 0.9039636071653231,
  "precision_weighted": 0.9048182856906489,
  "recall_weighted": 0.9047,
  "f1_weighted": 0.9039636071653231,
  "per_class_f1": [
    0.9083665338645418,
    0.9566094853683148,
    0.8770661157024794,
    0.8014901543374136,
    0.9105058365758755,
    0.8538767395626242,
    0.9155937052932761,
    0.9433771486349848,
    0.9392875062719518,
    0.9334628460417679
  ],
  "per_class_precision": [
    0.9047619047619048,
    0.9653767820773931,
    0.907051282051282,
    0.856655290102389,
    0.8863636363636364,
    0.8488142292490118,
    0.8751139471285324,
    0.9539877300613497,
    0.9425981873111783,
    0.9074598677998111
  ],
  "per_class_recall": [
    0.912,
    0.948,
    0.849,
    0.753,
    0.936,
    0.859,
    0.96,
    0.933,
    0.936,
    0.961
  ],
  "train_time_seconds": 532.8311247825623,
  "run_id": 24,
  "seed": 2050,
  "model_type": "cnn_gan",
  "dataset": "cifar10"
}