{
  "accuracy": 0.9082,
  "precision_macro": 0.907794451746432,
  "recall_macro": 0.9081999999999999,
  "f1_macro": 0.9075650766640015,
  "precision_weighted": 0.9077944517464319,
  "recall_weighted": 0.9082,
  "f1_weighted": 0.9075650766640015,
  "per_class_f1": [
    0.9106425702811245,
    0.9589178356713427,
    0.881578947368421,
    0.8121019108280255,
    0.9109792284866469,
    0.858968058968059,
    0.9312221672439387,
    0.9312749003984063,
    0.9390183440753594,
    0.9409468033186921
  ],
  "per_class_precision": [
    0.9143145161290323,
    0.9608433734939759,
    0.8924180327868853,
    0.8653846153846154,
    0.901174168297456,
    0.8444444444444444,
    0.921645445641528,
    0.9275793650793651,
    0.9311701081612586,
    0.9189704480457579
  ],
  "per_class_recall": [
    0.907,
    0.957,
    0.871,
    0.765,
    0.921,
    0.874,
    0.941,
    0.935,
    0.947,
    0.964
  ],
  "train_time_seconds": 232.5089738368988,
  "run_id": 80,
  "seed": 2106,
  "model_type": "cnn_gan",
  "dataset": "cifar10"
}