{
  "accuracy": 0.9056,
  "precision_macro": 0.9057525628010055,
  "recall_macro": 0.9056000000000001,
  "f1_macro": 0.9047617251438425,
  "precision_weighted": 0.9057525628010055,
  "recall_weighted": 0.9056,
  "f1_weighted": 0.9047617251438423,
  "per_class_f1": [
    0.9012048192771084,
    0.9516365412799218,
    0.8783715012722646,
    0.8089033659066233,
    0.9114557278639319,
    0.8565815324165029,
    0.9277049975739932,
    0.938061938061938,
    0.9444444444444444,
    0.9292523833416959
  ],
  "per_class_precision": [
    0.8697674418604651,
    0.9302769818529131,
    0.894300518134715,
    0.8847980997624703,
    0.9119119119119119,
    0.8416988416988417,
    0.9010367577756834,
    0.937125748502994,
    0.9540816326530612,
    0.932527693856999
  ],
  "per_class_recall": [
    0.935,
    0.974,
    0.863,
    0.745,
    0.911,
    0.872,
    0.956,
    0.939,
    0.935,
    0.926
  ],
  "train_time_seconds": 233.40579080581665,
  "run_id": 50,
  "seed": 2076,
  "model_type": "cnn_gan",
  "dataset": "cifar10"
}