{
  "accuracy": 0.9058,
  "precision_macro": 0.9054472664820767,
  "recall_macro": 0.9057999999999999,
  "f1_macro": 0.9053329670209653,
  "precision_weighted": 0.9054472664820767,
  "recall_weighted": 0.9058,
  "f1_weighted": 0.905332967020965,
  "per_class_f1": [
    0.9065184436584134,
    0.9519038076152304,
    0.8670820353063343,
    0.8144382308083375,
    0.9174493326742462,
    0.8571428571428571,
    0.9310344827586207,
    0.9378757515030061,
    0.9364218827008378,
    0.9334628460417679
  ],
  "per_class_precision": [
    0.916241062308478,
    0.9538152610441767,
    0.9017278617710583,
    0.828335056876939,
    0.9071358748778103,
    0.8592964824120602,
    0.9174757281553398,
    0.9397590361445783,
    0.923226433430515,
    0.9074598677998111
  ],
  "per_class_recall": [
    0.897,
    0.95,
    0.835,
    0.801,
    0.928,
    0.855,
    0.945,
    0.936,
    0.95,
    0.961
  ],
  "train_time_seconds": 504.46020126342773,
  "run_id": 60,
  "seed": 2086,
  "model_type": "cnn",
  "dataset": "cifar10"
}