{
  "accuracy": 0.9058,
  "precision_macro": 0.9057718015473217,
  "recall_macro": 0.9057999999999999,
  "f1_macro": 0.905125994218533,
  "precision_weighted": 0.9057718015473217,
  "recall_weighted": 0.9058,
  "f1_weighted": 0.905125994218533,
  "per_class_f1": [
    0.909272183449651,
    0.9585621567648527,
    0.8835546475995915,
    0.7933440687063875,
    0.9069423929098966,
    0.8498800959232614,
    0.9380267724343084,
    0.9321446260525013,
    0.938938938938939,
    0.9405940594059405
  ],
  "per_class_precision": [
    0.9065606361829026,
    0.9571286141575274,
    0.9029227557411273,
    0.8563151796060255,
    0.8933074684772065,
    0.8165898617511521,
    0.9301868239921337,
    0.9234543670264965,
    0.9398797595190381,
    0.9313725490196079
  ],
  "per_class_recall": [
    0.912,
    0.96,
    0.865,
    0.739,
    0.921,
    0.886,
    0.946,
    0.941,
    0.938,
    0.95
  ],
  "train_time_seconds": 233.67533683776855,
  "run_id": 83,
  "seed": 2109,
  "model_type": "cnn",
  "dataset": "cifar10"
}