{
  "accuracy": 0.9074,
  "precision_macro": 0.9069554834021792,
  "recall_macro": 0.9074,
  "f1_macro": 0.9070231205013636,
  "precision_weighted": 0.906955483402179,
  "recall_weighted": 0.9074,
  "f1_weighted": 0.9070231205013635,
  "per_class_f1": [
    0.908908908908909,
    0.9590818363273453,
    0.8689586447433981,
    0.8108108108108109,
    0.90963554667998,
    0.8520534388916378,
    0.9359801488833747,
    0.9336658354114713,
    0.9465267366316842,
    0.9446092977250248
  ],
  "per_class_precision": [
    0.9098196392785571,
    0.9571713147410359,
    0.8659384309831182,
    0.8441558441558441,
    0.9082751744765702,
    0.8432908912830558,
    0.929064039408867,
    0.9313432835820895,
    0.9460539460539461,
    0.9344422700587084
  ],
  "per_class_recall": [
    0.908,
    0.961,
    0.872,
    0.78,
    0.911,
    0.861,
    0.943,
    0.936,
    0.947,
    0.955
  ],
  "train_time_seconds": 233.09672689437866,
  "run_id": 56,
  "seed": 2082,
  "model_type": "cnn",
  "dataset": "cifar10"
}