{
  "accuracy": 0.9051,
  "precision_macro": 0.9046197825535105,
  "recall_macro": 0.9051,
  "f1_macro": 0.9042957590035382,
  "precision_weighted": 0.9046197825535104,
  "recall_weighted": 0.9051,
  "f1_weighted": 0.9042957590035381,
  "per_class_f1": [
    0.90625,
    0.95952023988006,
    0.8676318510858325,
    0.8014861995753716,
    0.9042709867452136,
    0.8495835374816266,
    0.9333986287952988,
    0.9419930589985126,
    0.9380530973451328,
    0.9407699901283317
  ],
  "per_class_precision": [
    0.9136178861788617,
    0.9590409590409591,
    0.8982869379014989,
    0.8540723981900452,
    0.8881388621022179,
    0.8328530259365994,
    0.9145873320537428,
    0.9341199606686332,
    0.9226305609284333,
    0.928849902534113
  ],
  "per_class_recall": [
    0.899,
    0.96,
    0.839,
    0.755,
    0.921,
    0.867,
    0.953,
    0.95,
    0.954,
    0.953
  ],
  "train_time_seconds": 516.4647090435028,
  "run_id": 84,
  "seed": 2110,
  "model_type": "cnn",
  "dataset": "cifar10"
}