{
  "accuracy": 0.9096,
  "precision_macro": 0.9097187416849142,
  "recall_macro": 0.9096,
  "f1_macro": 0.9090349394452846,
  "precision_weighted": 0.9097187416849142,
  "recall_weighted": 0.9096,
  "f1_weighted": 0.9090349394452846,
  "per_class_f1": [
    0.9175308641975308,
    0.9544534412955465,
    0.8784850078905839,
    0.812565445026178,
    0.9124015748031497,
    0.8575609756097561,
    0.9348996573666177,
    0.9395441030723488,
    0.9448897795591182,
    0.9380185456320156
  ],
  "per_class_precision": [
    0.9063414634146342,
    0.9661885245901639,
    0.9267480577136515,
    0.8527472527472527,
    0.8982558139534884,
    0.8371428571428572,
    0.9156279961649089,
    0.931237721021611,
    0.9467871485943775,
    0.9161105815061964
  ],
  "per_class_recall": [
    0.929,
    0.943,
    0.835,
    0.776,
    0.927,
    0.879,
    0.955,
    0.948,
    0.943,
    0.961
  ],
  "train_time_seconds": 232.6353244781494,
  "run_id": 89,
  "seed": 2115,
  "model_type": "cnn",
  "dataset": "cifar10"
}