{
  "accuracy": 0.9075,
  "precision_macro": 0.9081481426659842,
  "recall_macro": 0.9075000000000001,
  "f1_macro": 0.9070138809626183,
  "precision_weighted": 0.9081481426659842,
  "recall_weighted": 0.9075,
  "f1_weighted": 0.9070138809626184,
  "per_class_f1": [
    0.9076543209876543,
    0.9575757575757575,
    0.8684070324986681,
    0.8195372750642673,
    0.9,
    0.8647029455816275,
    0.9343283582089552,
    0.9414161996943454,
    0.9332683877252801,
    0.9432485322896281
  ],
  "per_class_precision": [
    0.8965853658536586,
    0.9673469387755103,
    0.9293044469783353,
    0.8433862433862434,
    0.8590909090909091,
    0.8634097706879362,
    0.9297029702970298,
    0.9595015576323987,
    0.9097815764482431,
    0.9233716475095786
  ],
  "per_class_recall": [
    0.919,
    0.948,
    0.815,
    0.797,
    0.945,
    0.866,
    0.939,
    0.924,
    0.958,
    0.964
  ],
  "train_time_seconds": 240.34148001670837,
  "run_id": 13,
  "seed": 2039,
  "model_type": "cnn",
  "dataset": "cifar10"
}