{
  "accuracy": 0.9055,
  "precision_macro": 0.9057010690098298,
  "recall_macro": 0.9055,
  "f1_macro": 0.9053230057504497,
  "precision_weighted": 0.9057010690098297,
  "recall_weighted": 0.9055,
  "f1_weighted": 0.9053230057504495,
  "per_class_f1": [
    0.91356783919598,
    0.9601211509338717,
    0.8780236747297993,
    0.8107569721115537,
    0.9065880039331367,
    0.8484541307653319,
    0.9279764821166095,
    0.9299948901379663,
    0.9402469135802469,
    0.9375
  ],
  "per_class_precision": [
    0.9181818181818182,
    0.9694189602446484,
    0.9045599151643691,
    0.8075396825396826,
    0.8916827852998066,
    0.8602261048304214,
    0.909702209414025,
    0.9508881922675027,
    0.9287804878048781,
    0.916030534351145
  ],
  "per_class_recall": [
    0.909,
    0.951,
    0.853,
    0.814,
    0.922,
    0.837,
    0.947,
    0.91,
    0.952,
    0.96
  ],
  "train_time_seconds": 236.71010303497314,
  "run_id": 1,
  "seed": 2027,
  "model_type": "cnn",
  "dataset": "cifar10"
}