{
  "accuracy": 0.9093,
  "precision_macro": 0.9090900436870101,
  "recall_macro": 0.9093,
  "f1_macro": 0.9089685834428654,
  "precision_weighted": 0.9090900436870099,
  "recall_weighted": 0.9093,
  "f1_weighted": 0.9089685834428652,
  "per_class_f1": [
    0.9091831557584982,
    0.9581863979848867,
    0.8965868568517575,
    0.815592203898051,
    0.9135188866799204,
    0.8429158110882957,
    0.9366583541147132,
    0.9385145105755042,
    0.935672514619883,
    0.9428571428571428
  ],
  "per_class_precision": [
    0.9227600411946447,
    0.965482233502538,
    0.9138110072689511,
    0.8151848151848152,
    0.908102766798419,
    0.8660337552742616,
    0.9343283582089552,
    0.9235237173281704,
    0.9125475285171103,
    0.929126213592233
  ],
  "per_class_recall": [
    0.896,
    0.951,
    0.88,
    0.816,
    0.919,
    0.821,
    0.939,
    0.954,
    0.96,
    0.957
  ],
  "train_time_seconds": 398.58026695251465,
  "run_id": 1,
  "seed": 2027,
  "model_type": "cnn_gan",
  "dataset": "cifar10"
}