{
  "accuracy": 0.9094,
  "precision_macro": 0.9093781228978333,
  "recall_macro": 0.9094,
  "f1_macro": 0.9088070987063313,
  "precision_weighted": 0.9093781228978334,
  "recall_weighted": 0.9094,
  "f1_weighted": 0.9088070987063313,
  "per_class_f1": [
    0.9082661290322581,
    0.956479217603912,
    0.8793893129770992,
    0.8104366347177849,
    0.9237579931136252,
    0.8548076923076923,
    0.9403578528827038,
    0.9355966050923614,
    0.9417620706819313,
    0.9372174786539428
  ],
  "per_class_precision": [
    0.915650406504065,
    0.9358851674641149,
    0.8953367875647669,
    0.8667425968109339,
    0.9090029041626331,
    0.8231481481481482,
    0.9347826086956522,
    0.93419740777667,
    0.9375619425173439,
    0.941473259334006
  ],
  "per_class_recall": [
    0.901,
    0.978,
    0.864,
    0.761,
    0.939,
    0.889,
    0.946,
    0.937,
    0.946,
    0.933
  ],
  "train_time_seconds": 505.31354999542236,
  "run_id": 72,
  "seed": 2098,
  "model_type": "cnn_gan",
  "dataset": "cifar10"
}