{
  "accuracy": 0.9055,
  "precision_macro": 0.905558228190286,
  "recall_macro": 0.9055,
  "f1_macro": 0.9048441039969981,
  "precision_weighted": 0.905558228190286,
  "recall_weighted": 0.9055,
  "f1_weighted": 0.9048441039969981,
  "per_class_f1": [
    0.899895724713243,
    0.9533834586466166,
    0.8795056642636457,
    0.8108672936259144,
    0.9120715350223547,
    0.8572834645669292,
    0.9282250242483027,
    0.9415876185721418,
    0.936980947728383,
    0.9286403085824494
  ],
  "per_class_precision": [
    0.9400871459694989,
    0.9557788944723619,
    0.9065817409766455,
    0.849015317286652,
    0.9062191510365252,
    0.8439922480620154,
    0.9011299435028248,
    0.9401794616151545,
    0.9159503342884432,
    0.8966480446927374
  ],
  "per_class_recall": [
    0.863,
    0.951,
    0.854,
    0.776,
    0.918,
    0.871,
    0.957,
    0.943,
    0.959,
    0.963
  ],
  "train_time_seconds": 500.32506799697876,
  "run_id": 18,
  "seed": 2044,
  "model_type": "cnn",
  "dataset": "cifar10"
}