{
  "accuracy": 0.9098,
  "precision_macro": 0.9097677786039684,
  "recall_macro": 0.9098,
  "f1_macro": 0.909472583722318,
  "precision_weighted": 0.9097677786039685,
  "recall_weighted": 0.9098,
  "f1_weighted": 0.9094725837223179,
  "per_class_f1": [
    0.9159067882472138,
    0.9554655870445344,
    0.8764498234997479,
    0.813141683778234,
    0.9122983870967742,
    0.8639760837070254,
    0.9259615384615385,
    0.9462041226747109,
    0.9475786320519222,
    0.9377431906614786
  ],
  "per_class_precision": [
    0.9281314168377823,
    0.9672131147540983,
    0.884028484231943,
    0.8354430379746836,
    0.9197154471544715,
    0.8609731876861966,
    0.8916666666666667,
    0.9514661274014156,
    0.9461615154536391,
    0.9128787878787878
  ],
  "per_class_recall": [
    0.904,
    0.944,
    0.869,
    0.792,
    0.905,
    0.867,
    0.963,
    0.941,
    0.949,
    0.964
  ],
  "train_time_seconds": 527.6213762760162,
  "run_id": 90,
  "seed": 2116,
  "model_type": "cnn",
  "dataset": "cifar10"
}