{
  "accuracy": 0.9101,
  "precision_macro": 0.9099861686245847,
  "recall_macro": 0.9101000000000001,
  "f1_macro": 0.909868211191943,
  "precision_weighted": 0.9099861686245847,
  "recall_weighted": 0.9101,
  "f1_weighted": 0.909868211191943,
  "per_class_f1": [
    0.9148936170212766,
    0.9614421632448673,
    0.8788187372708758,
    0.8105369807497467,
    0.902569074163839,
    0.8624497991967871,
    0.9386317907444668,
    0.9390183440753594,
    0.9430569430569431,
    0.9472646623952686
  ],
  "per_class_precision": [
    0.9271047227926078,
    0.9628886659979939,
    0.8952282157676349,
    0.8213552361396304,
    0.8758231420507996,
    0.8659274193548387,
    0.944331983805668,
    0.9311701081612586,
    0.9421157684630739,
    0.9339164237123421
  ],
  "per_class_recall": [
    0.903,
    0.96,
    0.863,
    0.8,
    0.931,
    0.859,
    0.933,
    0.947,
    0.944,
    0.961
  ],
  "train_time_seconds": 400.9152216911316,
  "run_id": 79,
  "seed": 2105,
  "model_type": "cnn_gan",
  "dataset": "cifar10"
}