{
  "accuracy": 0.9114,
  "precision_macro": 0.9117028585184139,
  "recall_macro": 0.9114000000000001,
  "f1_macro": 0.911238636588614,
  "precision_weighted": 0.911702858518414,
  "recall_weighted": 0.9114,
  "f1_weighted": 0.9112386365886137,
  "per_class_f1": [
    0.9224652087475149,
    0.9575098814229249,
    0.8819938962360122,
    0.8066355624675998,
    0.9205561072492552,
    0.8460431654676259,
    0.93812375249501,
    0.9393326592517695,
    0.9552538964303671,
    0.9444722361180591
  ],
  "per_class_precision": [
    0.9169960474308301,
    0.9462890625,
    0.8975155279503105,
    0.83745963401507,
    0.9142011834319527,
    0.8129032258064516,
    0.9362549800796812,
    0.9498977505112475,
    0.9605662285136501,
    0.944944944944945
  ],
  "per_class_recall": [
    0.928,
    0.969,
    0.867,
    0.778,
    0.927,
    0.882,
    0.94,
    0.929,
    0.95,
    0.944
  ],
  "train_time_seconds": 398.36932587623596,
  "run_id": 22,
  "seed": 2048,
  "model_type": "cnn_gan",
  "dataset": "cifar10"
}