{
  "accuracy": 0.9012,
  "precision_macro": 0.9016884243845056,
  "recall_macro": 0.9011999999999999,
  "f1_macro": 0.8998058937421689,
  "precision_weighted": 0.9016884243845056,
  "recall_weighted": 0.9012,
  "f1_weighted": 0.8998058937421689,
  "per_class_f1": [
    0.9073610415623435,
    0.9588353413654619,
    0.8673575129533678,
    0.7866295264623956,
    0.8946113495469719,
    0.847675568743818,
    0.9205140409328891,
    0.9338637493784187,
    0.9435282358820589,
    0.937682570593963
  ],
  "per_class_precision": [
    0.9087261785356068,
    0.9627016129032258,
    0.9,
    0.8880503144654088,
    0.8550592525068368,
    0.8385518590998043,
    0.8782924613987284,
    0.9287833827893175,
    0.9430569430569431,
    0.9136622390891841
  ],
  "per_class_recall": [
    0.906,
    0.955,
    0.837,
    0.706,
    0.938,
    0.857,
    0.967,
    0.939,
    0.944,
    0.963
  ],
  "train_time_seconds": 234.92162251472473,
  "run_id": 101,
  "seed": 2127,
  "model_type": "cnn_gan",
  "dataset": "cifar10"
}