{
  "accuracy": 0.9085,
  "precision_macro": 0.9095762783741286,
  "recall_macro": 0.9084999999999999,
  "f1_macro": 0.9074528159860433,
  "precision_weighted": 0.9095762783741284,
  "recall_weighted": 0.9085,
  "f1_weighted": 0.9074528159860434,
  "per_class_f1": [
    0.9135927235977767,
    0.9603214465092919,
    0.8863868986693961,
    0.7875069715560513,
    0.9108527131782945,
    0.8455743879472694,
    0.9406483790523691,
    0.9399606299212598,
    0.9486796213253612,
    0.9410043881033642
  ],
  "per_class_precision": [
    0.923391215526047,
    0.9646821392532795,
    0.9077568134171907,
    0.8902900378310215,
    0.8834586466165414,
    0.798932384341637,
    0.9383084577114428,
    0.9253875968992248,
    0.945382323733863,
    0.9181731684110371
  ],
  "per_class_recall": [
    0.904,
    0.956,
    0.866,
    0.706,
    0.94,
    0.898,
    0.943,
    0.955,
    0.952,
    0.965
  ],
  "train_time_seconds": 233.62828254699707,
  "run_id": 89,
  "seed": 2115,
  "model_type": "cnn_gan",
  "dataset": "cifar10"
}