{
  "accuracy": 0.9073,
  "precision_macro": 0.9066204177693578,
  "recall_macro": 0.9073,
  "f1_macro": 0.9064805376115505,
  "precision_weighted": 0.9066204177693579,
  "recall_weighted": 0.9073,
  "f1_weighted": 0.9064805376115505,
  "per_class_f1": [
    0.915136476426799,
    0.9527598209845848,
    0.8849922640536358,
    0.8085774058577406,
    0.9125925925925926,
    0.8523249872253449,
    0.9333986287952988,
    0.9279454722492697,
    0.9458917835671342,
    0.931185944363104
  ],
  "per_class_precision": [
    0.9083743842364532,
    0.9475766567754699,
    0.9137380191693291,
    0.8475877192982456,
    0.9014634146341464,
    0.8714733542319749,
    0.9145873320537428,
    0.9041745730550285,
    0.9477911646586346,
    0.909437559580553
  ],
  "per_class_recall": [
    0.922,
    0.958,
    0.858,
    0.773,
    0.924,
    0.834,
    0.953,
    0.953,
    0.944,
    0.954
  ],
  "train_time_seconds": 522.501543045044,
  "run_id": 36,
  "seed": 2062,
  "model_type": "cnn_gan",
  "dataset": "cifar10"
}