{
  "accuracy": 0.9055,
  "precision_macro": 0.9050462677787356,
  "recall_macro": 0.9055,
  "f1_macro": 0.9048282479597528,
  "precision_weighted": 0.9050462677787356,
  "recall_weighted": 0.9055,
  "f1_weighted": 0.9048282479597528,
  "per_class_f1": [
    0.906,
    0.9523809523809523,
    0.871,
    0.8021220159151193,
    0.9052319842053307,
    0.8602794411177644,
    0.9209257473481196,
    0.942,
    0.9457441513190642,
    0.9425981873111783
  ],
  "per_class_precision": [
    0.906,
    0.9448818897637795,
    0.871,
    0.8542372881355932,
    0.8937621832358674,
    0.8585657370517928,
    0.8891992551210428,
    0.942,
    0.9415262636273538,
    0.949290060851927
  ],
  "per_class_recall": [
    0.906,
    0.96,
    0.871,
    0.756,
    0.917,
    0.862,
    0.955,
    0.942,
    0.95,
    0.936
  ],
  "train_time_seconds": 232.59406971931458,
  "run_id": 41,
  "seed": 2067,
  "model_type": "cnn_gan",
  "dataset": "cifar10"
}