{
  "accuracy": 0.9098,
  "precision_macro": 0.909879000226699,
  "recall_macro": 0.9098,
  "f1_macro": 0.909543912488469,
  "precision_weighted": 0.9098790002266989,
  "recall_weighted": 0.9098,
  "f1_weighted": 0.909543912488469,
  "per_class_f1": [
    0.9141996989463121,
    0.9616548940464178,
    0.8823224468636599,
    0.8090117767537123,
    0.9099804305283757,
    0.8633023027927487,
    0.9215589541193883,
    0.9471565173628586,
    0.9435643564356435,
    0.9426877470355731
  ],
  "per_class_precision": [
    0.9174219536757301,
    0.9704684317718941,
    0.9160387513455328,
    0.8289611752360966,
    0.8908045977011494,
    0.8463016330451489,
    0.9094449853943525,
    0.9533941236068896,
    0.9343137254901961,
    0.931640625
  ],
  "per_class_recall": [
    0.911,
    0.953,
    0.851,
    0.79,
    0.93,
    0.881,
    0.934,
    0.941,
    0.953,
    0.954
  ],
  "train_time_seconds": 239.5856785774231,
  "run_id": 7,
  "seed": 2033,
  "model_type": "cnn",
  "dataset": "cifar10"
}