{
  "accuracy": 0.9036,
  "precision_macro": 0.9035481077700922,
  "recall_macro": 0.9036,
  "f1_macro": 0.9030954343773064,
  "precision_weighted": 0.9035481077700922,
  "recall_weighted": 0.9036,
  "f1_weighted": 0.9030954343773064,
  "per_class_f1": [
    0.9052631578947369,
    0.957042957042957,
    0.8701570680628272,
    0.8114057028514257,
    0.9029367844698856,
    0.8614426569797613,
    0.9190499272903538,
    0.9295499021526419,
    0.9363591514553528,
    0.9377470355731226
  ],
  "per_class_precision": [
    0.907537688442211,
    0.9560878243512974,
    0.9131868131868132,
    0.8118118118118118,
    0.8989098116947473,
    0.895361380798274,
    0.8918156161806209,
    0.9099616858237548,
    0.9240506329113924,
    0.9267578125
  ],
  "per_class_recall": [
    0.903,
    0.958,
    0.831,
    0.811,
    0.907,
    0.83,
    0.948,
    0.95,
    0.949,
    0.949
  ],
  "train_time_seconds": 235.74974155426025,
  "run_id": 95,
  "seed": 2121,
  "model_type": "cnn",
  "dataset": "cifar10"
}