{
  "accuracy": 0.9037,
  "precision_macro": 0.9046312877546322,
  "recall_macro": 0.9037000000000001,
  "f1_macro": 0.9025816894922766,
  "precision_weighted": 0.9046312877546321,
  "recall_weighted": 0.9037,
  "f1_weighted": 0.9025816894922766,
  "per_class_f1": [
    0.9106256206554121,
    0.9531789058649581,
    0.8786008230452675,
    0.7865921787709497,
    0.9087281795511222,
    0.8456123885499766,
    0.9348358647721705,
    0.925343811394892,
    0.9435846230654019,
    0.9387144992526159
  ],
  "per_class_precision": [
    0.9043392504930966,
    0.9397473275024295,
    0.9046610169491526,
    0.8911392405063291,
    0.9064676616915422,
    0.7966401414677277,
    0.9164265129682997,
    0.9092664092664092,
    0.942173479561316,
    0.9354518371400199
  ],
  "per_class_recall": [
    0.917,
    0.967,
    0.854,
    0.704,
    0.911,
    0.901,
    0.954,
    0.942,
    0.945,
    0.942
  ],
  "train_time_seconds": 515.6135654449463,
  "run_id": 15,
  "seed": 2041,
  "model_type": "cnn_gan",
  "dataset": "cifar10"
}