{
  "accuracy": 0.9065,
  "precision_macro": 0.9064955937033371,
  "recall_macro": 0.9065,
  "f1_macro": 0.9055382059920334,
  "precision_weighted": 0.906495593703337,
  "recall_weighted": 0.9065,
  "f1_weighted": 0.9055382059920334,
  "per_class_f1": [
    0.9116368903911154,
    0.9525691699604744,
    0.874875868917577,
    0.8004373974849645,
    0.917367639782286,
    0.8592666005946482,
    0.9326781326781327,
    0.9329388560157791,
    0.9327860441251924,
    0.9408254599701641
  ],
  "per_class_precision": [
    0.8814192343604108,
    0.94140625,
    0.868836291913215,
    0.8829915560916767,
    0.9079333986287953,
    0.8516699410609038,
    0.9169082125603865,
    0.9202334630350194,
    0.9578503688092729,
    0.9357072205736894
  ],
  "per_class_recall": [
    0.944,
    0.964,
    0.881,
    0.732,
    0.927,
    0.867,
    0.949,
    0.946,
    0.909,
    0.946
  ],
  "train_time_seconds": 488.77291679382324,
  "run_id": 69,
  "seed": 2095,
  "model_type": "cnn_gan",
  "dataset": "cifar10"
}