{
  "accuracy": 0.9103,
  "precision_macro": 0.9116522663003452,
  "recall_macro": 0.9103,
  "f1_macro": 0.9094903871321243,
  "precision_weighted": 0.9116522663003452,
  "recall_weighted": 0.9103,
  "f1_weighted": 0.9094903871321243,
  "per_class_f1": [
    0.9198782961460447,
    0.9568706118355065,
    0.8892323544564658,
    0.7942794279427943,
    0.905982905982906,
    0.8541764983482775,
    0.9374692269817824,
    0.945602440264362,
    0.9461728395061728,
    0.9452392698569314
  ],
  "per_class_precision": [
    0.9331275720164609,
    0.959758551307847,
    0.9171094580233794,
    0.882640586797066,
    0.8625678119349005,
    0.80875781948168,
    0.9233753637245393,
    0.9617373319544984,
    0.9346341463414635,
    0.9328140214216164
  ],
  "per_class_recall": [
    0.907,
    0.954,
    0.863,
    0.722,
    0.954,
    0.905,
    0.952,
    0.93,
    0.958,
    0.958
  ],
  "train_time_seconds": 400.5829405784607,
  "run_id": 55,
  "seed": 2081,
  "model_type": "cnn_gan",
  "dataset": "cifar10"
}