{
  "accuracy": 0.9056,
  "precision_macro": 0.9064499876453265,
  "recall_macro": 0.9056000000000001,
  "f1_macro": 0.9046547388768393,
  "precision_weighted": 0.9064499876453265,
  "recall_weighted": 0.9056,
  "f1_weighted": 0.9046547388768397,
  "per_class_f1": [
    0.9157472417251755,
    0.9575212393803099,
    0.8801652892561983,
    0.7940364439536168,
    0.9028400597907325,
    0.8459726801695714,
    0.9281875915974597,
    0.9315738025415444,
    0.9512437810945273,
    0.9392592592592592
  ],
  "per_class_precision": [
    0.9185110663983903,
    0.957042957042957,
    0.9102564102564102,
    0.8865598027127004,
    0.8997020854021847,
    0.7996438112199465,
    0.9073543457497613,
    0.9110898661567878,
    0.9465346534653465,
    0.9278048780487805
  ],
  "per_class_recall": [
    0.913,
    0.958,
    0.852,
    0.719,
    0.906,
    0.898,
    0.95,
    0.953,
    0.956,
    0.951
  ],
  "train_time_seconds": 400.0803368091583,
  "run_id": 88,
  "seed": 2114,
  "model_type": "cnn_gan",
  "dataset": "cifar10"
}