{
  "accuracy": 0.909,
  "precision_macro": 0.9089199759341644,
  "recall_macro": 0.909,
  "f1_macro": 0.9085829237472213,
  "precision_weighted": 0.9089199759341644,
  "recall_weighted": 0.909,
  "f1_weighted": 0.9085829237472213,
  "per_class_f1": [
    0.9155422288855573,
    0.959122632103689,
    0.8790866632070576,
    0.8142783238489395,
    0.9093553078041687,
    0.8640157093765342,
    0.9304652326163082,
    0.9329299041855774,
    0.937992125984252,
    0.9430411094601288
  ],
  "per_class_precision": [
    0.9150849150849151,
    0.9562624254473161,
    0.9137001078748651,
    0.8435155412647374,
    0.8824082784571966,
    0.8486017357762777,
    0.9309309309309309,
    0.940996948118006,
    0.9234496124031008,
    0.9342492639842983
  ],
  "per_class_recall": [
    0.916,
    0.962,
    0.847,
    0.787,
    0.938,
    0.88,
    0.93,
    0.925,
    0.953,
    0.952
  ],
  "train_time_seconds": 232.45284843444824,
  "run_id": 59,
  "seed": 2085,
  "model_type": "cnn_gan",
  "dataset": "cifar10"
}