{
  "accuracy": 0.9109,
  "precision_macro": 0.9122222349592486,
  "recall_macro": 0.9109,
  "f1_macro": 0.9106013960428827,
  "precision_weighted": 0.9122222349592486,
  "recall_weighted": 0.9109,
  "f1_weighted": 0.9106013960428827,
  "per_class_f1": [
    0.9036959916710047,
    0.966933867735471,
    0.8832080200501253,
    0.8115323011211959,
    0.913604766633565,
    0.8457943925233645,
    0.9399014778325123,
    0.9465186680121089,
    0.944526264113893,
    0.9502982107355865
  ],
  "per_class_precision": [
    0.9424538545059717,
    0.9688755020080321,
    0.8854271356783919,
    0.870561282932417,
    0.9072978303747534,
    0.793859649122807,
    0.9262135922330097,
    0.955193482688391,
    0.9276759884281581,
    0.9446640316205533
  ],
  "per_class_recall": [
    0.868,
    0.965,
    0.881,
    0.76,
    0.92,
    0.905,
    0.954,
    0.938,
    0.962,
    0.956
  ],
  "train_time_seconds": 399.096960067749,
  "run_id": 70,
  "seed": 2096,
  "model_type": "cnn",
  "dataset": "cifar10"
}