{
  "accuracy": 0.9076,
  "precision_macro": 0.9070703000079549,
  "recall_macro": 0.9075999999999999,
  "f1_macro": 0.9070570398445612,
  "precision_weighted": 0.9070703000079547,
  "recall_weighted": 0.9076,
  "f1_weighted": 0.9070570398445612,
  "per_class_f1": [
    0.9118511263467189,
    0.956,
    0.8662880743417656,
    0.8080703569580963,
    0.912850812407681,
    0.8579970104633782,
    0.9292123629112662,
    0.9389162561576355,
    0.9444166249374061,
    0.9449677739216659
  ],
  "per_class_precision": [
    0.8934740882917467,
    0.956,
    0.8954108858057631,
    0.8370846730975349,
    0.8991270611057226,
    0.8550148957298908,
    0.9264413518886679,
    0.925242718446602,
    0.9458375125376128,
    0.9370698131760079
  ],
  "per_class_recall": [
    0.931,
    0.956,
    0.839,
    0.781,
    0.927,
    0.861,
    0.932,
    0.953,
    0.943,
    0.953
  ],
  "train_time_seconds": 398.89214038848877,
  "run_id": 52,
  "seed": 2078,
  "model_type": "cnn_gan",
  "dataset": "cifar10"
}