{
  "accuracy": 0.9109,
  "precision_macro": 0.9108726668932405,
  "recall_macro": 0.9109,
  "f1_macro": 0.9102168350414243,
  "precision_weighted": 0.9108726668932406,
  "recall_weighted": 0.9109,
  "f1_weighted": 0.9102168350414243,
  "per_class_f1": [
    0.9201596806387226,
    0.9552825552825552,
    0.8829568788501027,
    0.8155236576289208,
    0.9137506160670281,
    0.8622047244094488,
    0.9246279404704753,
    0.9376237623762376,
    0.9478390461997019,
    0.9421994884910486
  ],
  "per_class_precision": [
    0.9183266932270916,
    0.9391304347826087,
    0.9071729957805907,
    0.8706015891032917,
    0.9008746355685131,
    0.8488372093023255,
    0.889196675900277,
    0.9284313725490196,
    0.9417571569595261,
    0.9643979057591623
  ],
  "per_class_recall": [
    0.922,
    0.972,
    0.86,
    0.767,
    0.927,
    0.876,
    0.963,
    0.947,
    0.954,
    0.921
  ],
  "train_time_seconds": 232.9848759174347,
  "run_id": 74,
  "seed": 2100,
  "model_type": "cnn",
  "dataset": "cifar10"
}