{
  "accuracy": 0.9097,
  "precision_macro": 0.9101853527481352,
  "recall_macro": 0.9097,
  "f1_macro": 0.9091984818696164,
  "precision_weighted": 0.9101853527481353,
  "recall_weighted": 0.9097,
  "f1_weighted": 0.9091984818696163,
  "per_class_f1": [
    0.9136799596163554,
    0.9636635141861623,
    0.8844953173777316,
    0.808870116156283,
    0.9133700550826239,
    0.8528988979396263,
    0.9228557738380451,
    0.9437185929648241,
    0.9433776464795667,
    0.945054945054945
  ],
  "per_class_precision": [
    0.9225280326197758,
    0.9593657086223984,
    0.9219088937093276,
    0.8568232662192393,
    0.9147442326980942,
    0.8187672493100276,
    0.8859245630174793,
    0.9484848484848485,
    0.9291949563530553,
    0.9441117764471058
  ],
  "per_class_recall": [
    0.905,
    0.968,
    0.85,
    0.766,
    0.912,
    0.89,
    0.963,
    0.939,
    0.958,
    0.946
  ],
  "train_time_seconds": 522.7019674777985,
  "run_id": 27,
  "seed": 2053,
  "model_type": "cnn_gan",
  "dataset": "cifar10"
}