{
  "accuracy": 0.9096,
  "precision_macro": 0.9103946339430751,
  "recall_macro": 0.9096,
  "f1_macro": 0.9089658746953821,
  "precision_weighted": 0.910394633943075,
  "recall_weighted": 0.9096,
  "f1_weighted": 0.908965874695382,
  "per_class_f1": [
    0.9201213346814965,
    0.9540117416829745,
    0.8736681887366818,
    0.805420054200542,
    0.8933143669985776,
    0.8581081081081081,
    0.9421651013346515,
    0.94667343829355,
    0.9520958083832335,
    0.944080604534005
  ],
  "per_class_precision": [
    0.9304703476482618,
    0.9339080459770115,
    0.8867147270854789,
    0.8792899408284024,
    0.8494138863841298,
    0.8292910447761194,
    0.9315738025415444,
    0.9618163054695562,
    0.950199203187251,
    0.9512690355329949
  ],
  "per_class_recall": [
    0.91,
    0.975,
    0.861,
    0.743,
    0.942,
    0.889,
    0.953,
    0.932,
    0.954,
    0.937
  ],
  "train_time_seconds": 536.956220626831,
  "run_id": 48,
  "seed": 2074,
  "model_type": "cnn_gan",
  "dataset": "cifar10"
}