{
  "accuracy": 0.9081,
  "precision_macro": 0.9078513250269815,
  "recall_macro": 0.9080999999999999,
  "f1_macro": 0.9078113774777397,
  "precision_weighted": 0.9078513250269814,
  "recall_weighted": 0.9081,
  "f1_weighted": 0.9078113774777395,
  "per_class_f1": [
    0.9145978152929494,
    0.9547738693467337,
    0.8801229508196722,
    0.8135932033983009,
    0.909823677581864,
    0.8507386653082017,
    0.9327442317133039,
    0.9405891163255118,
    0.9400693412580485,
    0.9410609037328095
  ],
  "per_class_precision": [
    0.908284023668639,
    0.9595959595959596,
    0.9023109243697479,
    0.8131868131868132,
    0.916751269035533,
    0.8670820353063343,
    0.9161041465766635,
    0.9391824526420738,
    0.9313052011776252,
    0.9247104247104247
  ],
  "per_class_recall": [
    0.921,
    0.95,
    0.859,
    0.814,
    0.903,
    0.835,
    0.95,
    0.942,
    0.949,
    0.958
  ],
  "train_time_seconds": 521.2392928600311,
  "run_id": 3,
  "seed": 2029,
  "model_type": "cnn_gan",
  "dataset": "cifar10"
}