{
  "accuracy": 0.9092,
  "precision_macro": 0.9090769336892228,
  "recall_macro": 0.9092,
  "f1_macro": 0.9086093338586011,
  "precision_weighted": 0.9090769336892228,
  "recall_weighted": 0.9092,
  "f1_weighted": 0.908609333858601,
  "per_class_f1": [
    0.9164989939637826,
    0.9594391587381071,
    0.8739837398373984,
    0.8167817312798725,
    0.9105527638190954,
    0.8622871046228711,
    0.92590799031477,
    0.9353876739562624,
    0.9467396714783475,
    0.9385145105755042
  ],
  "per_class_precision": [
    0.9220647773279352,
    0.9608826479438315,
    0.8884297520661157,
    0.8708946772366931,
    0.9151515151515152,
    0.8398104265402844,
    0.8976525821596244,
    0.9298418972332015,
    0.9425173439048563,
    0.9235237173281704
  ],
  "per_class_recall": [
    0.911,
    0.958,
    0.86,
    0.769,
    0.906,
    0.886,
    0.956,
    0.941,
    0.951,
    0.954
  ],
  "train_time_seconds": 232.4397747516632,
  "run_id": 35,
  "seed": 2061,
  "model_type": "cnn_gan",
  "dataset": "cifar10"
}