{
  "accuracy": 0.9099,
  "precision_macro": 0.909678031731693,
  "recall_macro": 0.9099000000000002,
  "f1_macro": 0.9093022941804456,
  "precision_weighted": 0.909678031731693,
  "recall_weighted": 0.9099,
  "f1_weighted": 0.9093022941804458,
  "per_class_f1": [
    0.9138539042821159,
    0.9573604060913705,
    0.8704663212435233,
    0.8128834355828221,
    0.9124513618677043,
    0.8724279835390947,
    0.9345703125,
    0.9311348205625606,
    0.9422222222222222,
    0.9456521739130435
  ],
  "per_class_precision": [
    0.9208121827411168,
    0.9721649484536082,
    0.9032258064516129,
    0.8315899581589958,
    0.8882575757575758,
    0.8983050847457628,
    0.9131679389312977,
    0.903954802259887,
    0.9307317073170732,
    0.9345703125
  ],
  "per_class_recall": [
    0.907,
    0.943,
    0.84,
    0.795,
    0.938,
    0.848,
    0.957,
    0.96,
    0.954,
    0.957
  ],
  "train_time_seconds": 400.3878448009491,
  "run_id": 67,
  "seed": 2093,
  "model_type": "cnn",
  "dataset": "cifar10"
}