{
  "accuracy": 0.9089,
  "precision_macro": 0.9090620009915342,
  "recall_macro": 0.9089,
  "f1_macro": 0.9079388807361954,
  "precision_weighted": 0.9090620009915343,
  "recall_weighted": 0.9089,
  "f1_weighted": 0.9079388807361954,
  "per_class_f1": [
    0.9139203148057059,
    0.963110667996012,
    0.8774329300368228,
    0.7993510005408329,
    0.9119922630560928,
    0.8543689320388349,
    0.9327485380116959,
    0.9326732673267327,
    0.9461077844311377,
    0.9476831091180867
  ],
  "per_class_precision": [
    0.8993223620522749,
    0.9602385685884692,
    0.925638179800222,
    0.8704358068315665,
    0.8829588014981273,
    0.8301886792452831,
    0.9096958174904943,
    0.9235294117647059,
    0.9442231075697212,
    0.9443892750744787
  ],
  "per_class_recall": [
    0.929,
    0.966,
    0.834,
    0.739,
    0.943,
    0.88,
    0.957,
    0.942,
    0.948,
    0.951
  ],
  "train_time_seconds": 398.7297580242157,
  "run_id": 61,
  "seed": 2087,
  "model_type": "cnn",
  "dataset": "cifar10"
}