{
  "accuracy": 0.9017,
  "precision_macro": 0.9017112473836425,
  "recall_macro": 0.9017000000000002,
  "f1_macro": 0.9011220425495724,
  "precision_weighted": 0.9017112473836423,
  "recall_weighted": 0.9017,
  "f1_weighted": 0.9011220425495723,
  "per_class_f1": [
    0.9159067882472138,
    0.9614624505928854,
    0.8669046404895462,
    0.7832980972515856,
    0.897803247373448,
    0.8403115871470301,
    0.9302093718843469,
    0.9285714285714286,
    0.9407114624505929,
    0.946041351487645
  ],
  "per_class_precision": [
    0.9281314168377823,
    0.9501953125,
    0.8844953173777316,
    0.8307174887892377,
    0.8592321755027422,
    0.818785578747628,
    0.9274353876739563,
    0.9342105263157895,
    0.9296875,
    0.9542217700915565
  ],
  "per_class_recall": [
    0.904,
    0.973,
    0.85,
    0.741,
    0.94,
    0.863,
    0.933,
    0.923,
    0.952,
    0.938
  ],
  "train_time_seconds": 507.2870223522186,
  "run_id": 63,
  "seed": 2089,
  "model_type": "cnn",
  "dataset": "cifar10"
}