{
  "accuracy": 0.9068,
  "precision_macro": 0.9060965434366572,
  "recall_macro": 0.9067999999999999,
  "f1_macro": 0.9059231104295037,
  "precision_weighted": 0.9060965434366574,
  "recall_weighted": 0.9068,
  "f1_weighted": 0.9059231104295037,
  "per_class_f1": [
    0.9084507042253521,
    0.9564356435643564,
    0.8776758409785933,
    0.8,
    0.9128305582761999,
    0.8601190476190477,
    0.9298245614035088,
    0.9359165424739195,
    0.9387351778656127,
    0.9392430278884463
  ],
  "per_class_precision": [
    0.9139676113360324,
    0.9470588235294117,
    0.895010395010395,
    0.8571428571428571,
    0.8944337811900192,
    0.8533464566929134,
    0.9068441064638784,
    0.9299111549851925,
    0.927734375,
    0.935515873015873
  ],
  "per_class_recall": [
    0.903,
    0.966,
    0.861,
    0.75,
    0.932,
    0.867,
    0.954,
    0.942,
    0.95,
    0.943
  ],
  "train_time_seconds": 401.0188298225403,
  "run_id": 61,
  "seed": 2087,
  "model_type": "cnn_gan",
  "dataset": "cifar10"
}