{
  "accuracy": 0.9109,
  "precision_macro": 0.9105267228902891,
  "recall_macro": 0.9109,
  "f1_macro": 0.9102215183868523,
  "precision_weighted": 0.910526722890289,
  "recall_weighted": 0.9109,
  "f1_weighted": 0.9102215183868524,
  "per_class_f1": [
    0.912039312039312,
    0.9607160616608652,
    0.8776150627615062,
    0.8135593220338984,
    0.9167482859941234,
    0.8624229979466119,
    0.9236752552260573,
    0.9377470355731226,
    0.9522373051784816,
    0.9454545454545454
  ],
  "per_class_precision": [
    0.8966183574879227,
    0.9554896142433235,
    0.9199561403508771,
    0.8363252375923971,
    0.8982725527831094,
    0.8860759493670886,
    0.8987701040681173,
    0.9267578125,
    0.9575328614762386,
    0.9294685990338164
  ],
  "per_class_recall": [
    0.928,
    0.966,
    0.839,
    0.792,
    0.936,
    0.84,
    0.95,
    0.949,
    0.947,
    0.962
  ],
  "train_time_seconds": 480.95608401298523,
  "run_id": 96,
  "seed": 2122,
  "model_type": "cnn_gan",
  "dataset": "cifar10"
}