{
  "accuracy": 0.9073,
  "precision_macro": 0.9069907028397195,
  "recall_macro": 0.9073,
  "f1_macro": 0.9062581363049611,
  "precision_weighted": 0.9069907028397194,
  "recall_weighted": 0.9073,
  "f1_weighted": 0.9062581363049612,
  "per_class_f1": [
    0.9119683481701286,
    0.9600399600399601,
    0.8751926040061633,
    0.7997823721436343,
    0.902851619139681,
    0.8555885262116716,
    0.9362962962962963,
    0.9326171875,
    0.9412935323383085,
    0.946950917203768
  ],
  "per_class_precision": [
    0.9021526418786693,
    0.9590818363273453,
    0.8996832101372756,
    0.8770883054892601,
    0.8737137511693172,
    0.8463796477495108,
    0.9248780487804878,
    0.9112595419847328,
    0.9366336633663367,
    0.9390363815142576
  ],
  "per_class_recall": [
    0.922,
    0.961,
    0.852,
    0.735,
    0.934,
    0.865,
    0.948,
    0.955,
    0.946,
    0.955
  ],
  "train_time_seconds": 399.54358077049255,
  "run_id": 103,
  "seed": 2129,
  "model_type": "cnn",
  "dataset": "cifar10"
}