{
  "accuracy": 0.9086,
  "precision_macro": 0.9088019069099195,
  "recall_macro": 0.9086000000000001,
  "f1_macro": 0.90770340773591,
  "precision_weighted": 0.9088019069099195,
  "recall_weighted": 0.9086,
  "f1_weighted": 0.90770340773591,
  "per_class_f1": [
    0.91921726041144,
    0.9589312221672439,
    0.8826583592938733,
    0.8008681497558329,
    0.906886517943744,
    0.8505079825834543,
    0.930164888457808,
    0.9371884346959123,
    0.9498997995991983,
    0.9407114624505929
  ],
  "per_class_precision": [
    0.9224572004028198,
    0.9490695396669931,
    0.91792656587473,
    0.8754448398576512,
    0.8804143126177024,
    0.823805060918463,
    0.9030131826741996,
    0.9343936381709742,
    0.9518072289156626,
    0.9296875
  ],
  "per_class_recall": [
    0.916,
    0.969,
    0.85,
    0.738,
    0.935,
    0.879,
    0.959,
    0.94,
    0.948,
    0.952
  ],
  "train_time_seconds": 233.2217173576355,
  "run_id": 77,
  "seed": 2103,
  "model_type": "cnn",
  "dataset": "cifar10"
}