{
  "accuracy": 0.9075,
  "precision_macro": 0.9072808095658885,
  "recall_macro": 0.9075,
  "f1_macro": 0.9063435312539724,
  "precision_weighted": 0.9072808095658884,
  "recall_weighted": 0.9075,
  "f1_weighted": 0.9063435312539725,
  "per_class_f1": [
    0.9121381411884205,
    0.9600798403193613,
    0.8800403225806451,
    0.7817482133040132,
    0.9097154072620216,
    0.8589311506981223,
    0.937992125984252,
    0.9362549800796812,
    0.9490351311232064,
    0.9375
  ],
  "per_class_precision": [
    0.9267285861713106,
    0.9581673306772909,
    0.8871951219512195,
    0.8681318681318682,
    0.8930635838150289,
    0.8282265552460538,
    0.9234496124031008,
    0.9325396825396826,
    0.9392752203721841,
    0.916030534351145
  ],
  "per_class_recall": [
    0.898,
    0.962,
    0.873,
    0.711,
    0.927,
    0.892,
    0.953,
    0.94,
    0.959,
    0.96
  ],
  "train_time_seconds": 232.8967673778534,
  "run_id": 35,
  "seed": 2061,
  "model_type": "cnn",
  "dataset": "cifar10"
}