{
  "accuracy": 0.9044,
  "precision_macro": 0.904328293741384,
  "recall_macro": 0.9044000000000001,
  "f1_macro": 0.9032614106838622,
  "precision_weighted": 0.9043282937413842,
  "recall_weighted": 0.9044,
  "f1_weighted": 0.903261410683862,
  "per_class_f1": [
    0.9124936772888215,
    0.9552538964303671,
    0.8744326777609682,
    0.7850055126791621,
    0.90748031496063,
    0.8505079825834543,
    0.9314257523433646,
    0.9360236220472441,
    0.9449131513647643,
    0.935077519379845
  ],
  "per_class_precision": [
    0.9232343909928352,
    0.9605662285136501,
    0.8819938962360122,
    0.8746928746928747,
    0.8934108527131783,
    0.823805060918463,
    0.9191820837390458,
    0.9215116279069767,
    0.9379310344827586,
    0.9069548872180451
  ],
  "per_class_recall": [
    0.902,
    0.95,
    0.867,
    0.712,
    0.922,
    0.879,
    0.944,
    0.951,
    0.952,
    0.965
  ],
  "train_time_seconds": 401.2159974575043,
  "run_id": 25,
  "seed": 2051,
  "model_type": "cnn_gan",
  "dataset": "cifar10"
}