{
  "accuracy": 0.9044,
  "precision_macro": 0.905692996416052,
  "recall_macro": 0.9043999999999999,
  "f1_macro": 0.9032191050652421,
  "precision_weighted": 0.9056929964160522,
  "recall_weighted": 0.9044,
  "f1_weighted": 0.9032191050652421,
  "per_class_f1": [
    0.9081632653061225,
    0.9616935483870968,
    0.8824763903462749,
    0.7859922178988327,
    0.9043392504930966,
    0.8506829957607159,
    0.9227817745803357,
    0.9374075899457861,
    0.941699604743083,
    0.9369544131910766
  ],
  "per_class_precision": [
    0.9270833333333334,
    0.9695121951219512,
    0.9282560706401766,
    0.8848560700876095,
    0.892023346303502,
    0.8040961709706145,
    0.8866359447004608,
    0.924198250728863,
    0.9306640625,
    0.9096045197740112
  ],
  "per_class_recall": [
    0.89,
    0.954,
    0.841,
    0.707,
    0.917,
    0.903,
    0.962,
    0.951,
    0.953,
    0.966
  ],
  "train_time_seconds": 504.5842492580414,
  "run_id": 78,
  "seed": 2104,
  "model_type": "cnn",
  "dataset": "cifar10"
}