{
  "accuracy": 0.9061,
  "precision_macro": 0.9063029903092688,
  "recall_macro": 0.9061,
  "f1_macro": 0.905490151752999,
  "precision_weighted": 0.9063029903092688,
  "recall_weighted": 0.9061,
  "f1_weighted": 0.9054901517529989,
  "per_class_f1": [
    0.9011540391369794,
    0.9626307922272048,
    0.8774062816616008,
    0.7991430101767542,
    0.903444929645803,
    0.8529980657640233,
    0.9281875915974597,
    0.9398572884811417,
    0.9449360865290068,
    0.9451434323100151
  ],
  "per_class_precision": [
    0.904330312185297,
    0.9592850049652433,
    0.8891170431211499,
    0.8604382929642446,
    0.8774740810556079,
    0.8258426966292135,
    0.9073543457497613,
    0.9584199584199584,
    0.9294003868471954,
    0.9513677811550152
  ],
  "per_class_recall": [
    0.898,
    0.966,
    0.866,
    0.746,
    0.931,
    0.882,
    0.95,
    0.922,
    0.961,
    0.939
  ],
  "train_time_seconds": 399.34311985969543,
  "run_id": 58,
  "seed": 2084,
  "model_type": "cnn",
  "dataset": "cifar10"
}