{
  "accuracy": 0.9088,
  "precision_macro": 0.9084227371655367,
  "recall_macro": 0.9088,
  "f1_macro": 0.9083004619938697,
  "precision_weighted": 0.9084227371655367,
  "recall_weighted": 0.9088,
  "f1_weighted": 0.9083004619938696,
  "per_class_f1": [
    0.9126984126984127,
    0.9598014888337469,
    0.876485788113695,
    0.8107271789582259,
    0.9052938319572608,
    0.8615847542627884,
    0.931237721021611,
    0.9393483709273183,
    0.9421651013346515,
    0.9436619718309859
  ],
  "per_class_precision": [
    0.905511811023622,
    0.9527093596059113,
    0.906951871657754,
    0.8370607028753994,
    0.8800755429650614,
    0.864185110663984,
    0.915057915057915,
    0.9417085427135679,
    0.9315738025415444,
    0.9493927125506073
  ],
  "per_class_recall": [
    0.92,
    0.967,
    0.848,
    0.786,
    0.932,
    0.859,
    0.948,
    0.937,
    0.953,
    0.938
  ],
  "train_time_seconds": 234.51050853729248,
  "run_id": 62,
  "seed": 2088,
  "model_type": "cnn",
  "dataset": "cifar10"
}