{
  "accuracy": 0.9108,
  "precision_macro": 0.9109918278306894,
  "recall_macro": 0.9108,
  "f1_macro": 0.9104141204710453,
  "precision_weighted": 0.9109918278306895,
  "recall_weighted": 0.9108,
  "f1_weighted": 0.9104141204710453,
  "per_class_f1": [
    0.9095528455284553,
    0.9644822411205602,
    0.8851422550052687,
    0.8063200815494393,
    0.9162227602905569,
    0.8555938886150813,
    0.9297297297297298,
    0.9402910185649774,
    0.9493857493857494,
    0.9474206349206349
  ],
  "per_class_precision": [
    0.9245867768595041,
    0.964964964964965,
    0.9354120267260579,
    0.8222453222453222,
    0.888262910798122,
    0.8435374149659864,
    0.9140096618357488,
    0.9436052366565961,
    0.9333333333333333,
    0.9399606299212598
  ],
  "per_class_recall": [
    0.895,
    0.964,
    0.84,
    0.791,
    0.946,
    0.868,
    0.946,
    0.937,
    0.966,
    0.955
  ],
  "train_time_seconds": 400.8582684993744,
  "run_id": 85,
  "seed": 2111,
  "model_type": "cnn_gan",
  "dataset": "cifar10"
}