{
  "accuracy": 0.9113,
  "precision_macro": 0.912005464996455,
  "recall_macro": 0.9113,
  "f1_macro": 0.9108123969878331,
  "precision_weighted": 0.912005464996455,
  "recall_weighted": 0.9113,
  "f1_weighted": 0.910812396987833,
  "per_class_f1": [
    0.9106256206554121,
    0.9591939546599496,
    0.8872802481902792,
    0.8093966898024559,
    0.9214916584887144,
    0.8570071258907364,
    0.9399606299212598,
    0.9399796541200407,
    0.9475786320519222,
    0.935609756097561
  ],
  "per_class_precision": [
    0.9043392504930966,
    0.966497461928934,
    0.9186295503211992,
    0.868270332187858,
    0.9046242774566474,
    0.816289592760181,
    0.9253875968992248,
    0.9565217391304348,
    0.9461615154536391,
    0.9133333333333333
  ],
  "per_class_recall": [
    0.917,
    0.952,
    0.858,
    0.758,
    0.939,
    0.902,
    0.955,
    0.924,
    0.949,
    0.959
  ],
  "train_time_seconds": 496.2868938446045,
  "run_id": 81,
  "seed": 2107,
  "model_type": "cnn_gan",
  "dataset": "cifar10"
}