{
  "accuracy": 0.9075,
  "precision_macro": 0.9071130085215595,
  "recall_macro": 0.9075,
  "f1_macro": 0.9067249006681013,
  "precision_weighted": 0.9071130085215594,
  "recall_weighted": 0.9075,
  "f1_weighted": 0.9067249006681013,
  "per_class_f1": [
    0.910167818361303,
    0.9573507275464125,
    0.8760245901639344,
    0.8,
    0.9045971329708354,
    0.8648648648648649,
    0.9254749147588894,
    0.9435483870967742,
    0.9443892750744787,
    0.9408312958435208
  ],
  "per_class_precision": [
    0.898635477582846,
    0.9607250755287009,
    0.898109243697479,
    0.8571428571428571,
    0.8944281524926686,
    0.8502415458937198,
    0.9021842355175689,
    0.9512195121951219,
    0.9378698224852071,
    0.9205741626794258
  ],
  "per_class_recall": [
    0.922,
    0.954,
    0.855,
    0.75,
    0.915,
    0.88,
    0.95,
    0.936,
    0.951,
    0.962
  ],
  "train_time_seconds": 485.7123169898987,
  "run_id": 15,
  "seed": 2041,
  "model_type": "cnn",
  "dataset": "cifar10"
}