{
  "accuracy": 0.9096,
  "precision_macro": 0.9096532011244711,
  "recall_macro": 0.9096,
  "f1_macro": 0.9091939282494366,
  "precision_weighted": 0.9096532011244711,
  "recall_weighted": 0.9096,
  "f1_weighted": 0.9091939282494366,
  "per_class_f1": [
    0.9175412293853074,
    0.961786600496278,
    0.873805932629462,
    0.8181818181818182,
    0.9049244271087274,
    0.8665651953323186,
    0.9198841698841699,
    0.9367219917012448,
    0.9507707608155147,
    0.9417571569595261
  ],
  "per_class_precision": [
    0.9170829170829171,
    0.954679802955665,
    0.8786653185035389,
    0.8461538461538461,
    0.8829686013320647,
    0.8795056642636457,
    0.8889925373134329,
    0.9730603448275862,
    0.9455984174085065,
    0.9298245614035088
  ],
  "per_class_recall": [
    0.918,
    0.969,
    0.869,
    0.792,
    0.928,
    0.854,
    0.953,
    0.903,
    0.956,
    0.954
  ],
  "train_time_seconds": 515.8239989280701,
  "run_id": 45,
  "seed": 2071,
  "model_type": "cnn_gan",
  "dataset": "cifar10"
}