{
  "accuracy": 0.9062,
  "precision_macro": 0.9064012578983824,
  "recall_macro": 0.9062000000000001,
  "f1_macro": 0.905192356139932,
  "precision_weighted": 0.9064012578983824,
  "recall_weighted": 0.9062,
  "f1_weighted": 0.9051923561399321,
  "per_class_f1": [
    0.9006147540983607,
    0.9617486338797814,
    0.8606237816764133,
    0.8074807480748075,
    0.9073265405143135,
    0.8637274549098196,
    0.9330073349633252,
    0.9378757515030061,
    0.9396170839469808,
    0.9399014778325123
  ],
  "per_class_precision": [
    0.9233193277310925,
    0.9555774925962488,
    0.8393536121673004,
    0.8973105134474327,
    0.88124410933082,
    0.8654618473895582,
    0.9129186602870814,
    0.9397590361445783,
    0.922854387656702,
    0.9262135922330097
  ],
  "per_class_recall": [
    0.879,
    0.968,
    0.883,
    0.734,
    0.935,
    0.862,
    0.954,
    0.936,
    0.957,
    0.954
  ],
  "train_time_seconds": 398.9944097995758,
  "run_id": 16,
  "seed": 2042,
  "model_type": "cnn_gan",
  "dataset": "cifar10"
}