{
  "accuracy": 0.9047,
  "precision_macro": 0.9042998819816246,
  "recall_macro": 0.9046999999999998,
  "f1_macro": 0.903980363983146,
  "precision_weighted": 0.9042998819816246,
  "recall_weighted": 0.9047,
  "f1_weighted": 0.9039803639831462,
  "per_class_f1": [
    0.9042183622828784,
    0.9589718240237272,
    0.8625592417061612,
    0.7983870967741935,
    0.9110459433040078,
    0.8522550544323484,
    0.9328102010789603,
    0.9340551181102362,
    0.9401373895976447,
    0.9453634085213033
  ],
  "per_class_precision": [
    0.8975369458128079,
    0.9481915933528837,
    0.9110122358175751,
    0.8048780487804879,
    0.8910133843212237,
    0.8848223896663079,
    0.9153031761308951,
    0.9195736434108527,
    0.9229287090558767,
    0.9477386934673366
  ],
  "per_class_recall": [
    0.911,
    0.97,
    0.819,
    0.792,
    0.932,
    0.822,
    0.951,
    0.949,
    0.958,
    0.943
  ],
  "train_time_seconds": 491.4882969856262,
  "run_id": 51,
  "seed": 2077,
  "model_type": "cnn",
  "dataset": "cifar10"
}