{
  "accuracy": 0.9087,
  "precision_macro": 0.9086220015046763,
  "recall_macro": 0.9087,
  "f1_macro": 0.9078369242111497,
  "precision_weighted": 0.9086220015046765,
  "recall_weighted": 0.9087,
  "f1_weighted": 0.9078369242111496,
  "per_class_f1": [
    0.9144303797468355,
    0.9612326043737575,
    0.8826479438314945,
    0.7941336230309615,
    0.9090909090909091,
    0.8502648050072219,
    0.9394240317775571,
    0.9371598218703612,
    0.944093339815265,
    0.9458917835671342
  ],
  "per_class_precision": [
    0.9261538461538461,
    0.9555335968379447,
    0.8853118712273642,
    0.8692033293697978,
    0.9032576505429417,
    0.819870009285051,
    0.9329388560157791,
    0.9275220372184133,
    0.9186376537369915,
    0.9477911646586346
  ],
  "per_class_recall": [
    0.903,
    0.967,
    0.88,
    0.731,
    0.915,
    0.883,
    0.946,
    0.947,
    0.971,
    0.944
  ],
  "train_time_seconds": 499.6561188697815,
  "run_id": 81,
  "seed": 2107,
  "model_type": "cnn",
  "dataset": "cifar10"
}