{
  "accuracy": 0.9112,
  "precision_macro": 0.9111693958935531,
  "recall_macro": 0.9111999999999998,
  "f1_macro": 0.9105132401729703,
  "precision_weighted": 0.9111693958935532,
  "recall_weighted": 0.9112,
  "f1_weighted": 0.9105132401729703,
  "per_class_f1": [
    0.9122807017543859,
    0.9610261470152935,
    0.8738170347003155,
    0.8169014084507042,
    0.9136163982430454,
    0.8634097706879362,
    0.9205140409328891,
    0.9453634085213033,
    0.949050949050949,
    0.9491525423728814
  ],
  "per_class_precision": [
    0.914572864321608,
    0.9483933787731256,
    0.9212860310421286,
    0.8538713195201745,
    0.892278360343184,
    0.8608349900596421,
    0.8782924613987284,
    0.9477386934673366,
    0.9481037924151696,
    0.9463220675944334
  ],
  "per_class_recall": [
    0.91,
    0.974,
    0.831,
    0.783,
    0.936,
    0.866,
    0.967,
    0.943,
    0.95,
    0.952
  ],
  "train_time_seconds": 400.4872376918793,
  "run_id": 34,
  "seed": 2060,
  "model_type": "cnn_gan",
  "dataset": "cifar10"
}