{
  "accuracy": 0.9077,
  "precision_macro": 0.9081634073515665,
  "recall_macro": 0.9077,
  "f1_macro": 0.9071578544302088,
  "precision_weighted": 0.9081634073515669,
  "recall_weighted": 0.9077,
  "f1_weighted": 0.9071578544302087,
  "per_class_f1": [
    0.908102766798419,
    0.956610515569168,
    0.878652798415057,
    0.8075471698113208,
    0.9081081081081082,
    0.8610433934666016,
    0.9395161290322581,
    0.9367214748380668,
    0.942713567839196,
    0.9325626204238922
  ],
  "per_class_precision": [
    0.8974609375,
    0.9770594369134515,
    0.8704612365063789,
    0.8760233918128655,
    0.8927536231884058,
    0.840152235965747,
    0.9471544715447154,
    0.9334657398212513,
    0.9474747474747475,
    0.8996282527881041
  ],
  "per_class_recall": [
    0.919,
    0.937,
    0.887,
    0.749,
    0.924,
    0.883,
    0.932,
    0.94,
    0.938,
    0.968
  ],
  "train_time_seconds": 494.5939462184906,
  "run_id": 33,
  "seed": 2059,
  "model_type": "cnn",
  "dataset": "cifar10"
}