{
  "accuracy": 0.9021,
  "precision_macro": 0.9020066147195653,
  "recall_macro": 0.9020999999999999,
  "f1_macro": 0.9016120193160502,
  "precision_weighted": 0.9020066147195653,
  "recall_weighted": 0.9021,
  "f1_weighted": 0.9016120193160503,
  "per_class_f1": [
    0.9040683073832245,
    0.9576059850374065,
    0.8678251711427067,
    0.8038422649140546,
    0.9009708737864077,
    0.8483316481294236,
    0.9280855199222546,
    0.9276381909547738,
    0.9385530227948464,
    0.9391992090954029
  ],
  "per_class_precision": [
    0.9081735620585267,
    0.9552238805970149,
    0.9165739710789766,
    0.8128834355828221,
    0.8754716981132076,
    0.8578732106339468,
    0.9026465028355387,
    0.9323232323232323,
    0.9302554027504911,
    0.9286412512218963
  ],
  "per_class_recall": [
    0.9,
    0.96,
    0.824,
    0.795,
    0.928,
    0.839,
    0.955,
    0.923,
    0.947,
    0.95
  ],
  "train_time_seconds": 505.1180772781372,
  "run_id": 72,
  "seed": 2098,
  "model_type": "cnn",
  "dataset": "cifar10"
}