{
  "accuracy": 0.905,
  "precision_macro": 0.9050745994450734,
  "recall_macro": 0.9049999999999999,
  "f1_macro": 0.9042905119327898,
  "precision_weighted": 0.9050745994450734,
  "recall_weighted": 0.905,
  "f1_weighted": 0.9042905119327898,
  "per_class_f1": [
    0.9119119119119119,
    0.958876629889669,
    0.8739669421487604,
    0.7901761879337961,
    0.9141135107985937,
    0.8497854077253219,
    0.92959133431807,
    0.9332003988035892,
    0.9363150218765192,
    0.9449677739216659
  ],
  "per_class_precision": [
    0.9128256513026052,
    0.9617706237424547,
    0.9038461538461539,
    0.847651775486827,
    0.9182643794147326,
    0.8122151321786691,
    0.915615906886518,
    0.9304174950298211,
    0.9110690633869442,
    0.9370698131760079
  ],
  "per_class_recall": [
    0.911,
    0.956,
    0.846,
    0.74,
    0.91,
    0.891,
    0.944,
    0.936,
    0.963,
    0.953
  ],
  "train_time_seconds": 398.89770102500916,
  "run_id": 28,
  "seed": 2054,
  "model_type": "cnn_gan",
  "dataset": "cifar10"
}