{
  "accuracy": 0.9054,
  "precision_macro": 0.9054899214621892,
  "recall_macro": 0.9054,
  "f1_macro": 0.9048568911193875,
  "precision_weighted": 0.9054899214621893,
  "recall_weighted": 0.9054,
  "f1_weighted": 0.9048568911193875,
  "per_class_f1": [
    0.9088114754098361,
    0.961,
    0.8699690402476781,
    0.7905759162303665,
    0.9060077519379846,
    0.8524271844660194,
    0.9239709443099273,
    0.946041351487645,
    0.9432835820895522,
    0.9464816650148662
  ],
  "per_class_precision": [
    0.9317226890756303,
    0.961,
    0.8987206823027718,
    0.8296703296703297,
    0.8787593984962406,
    0.8283018867924529,
    0.895774647887324,
    0.9542217700915565,
    0.9386138613861386,
    0.9381139489194499
  ],
  "per_class_recall": [
    0.887,
    0.961,
    0.843,
    0.755,
    0.935,
    0.878,
    0.954,
    0.938,
    0.948,
    0.955
  ],
  "train_time_seconds": 399.4744222164154,
  "run_id": 19,
  "seed": 2045,
  "model_type": "cnn_gan",
  "dataset": "cifar10"
}