{
  "accuracy": 0.9084,
  "precision_macro": 0.907938454281165,
  "recall_macro": 0.9084,
  "f1_macro": 0.9078384721105973,
  "precision_weighted": 0.9079384542811649,
  "recall_weighted": 0.9084,
  "f1_weighted": 0.9078384721105974,
  "per_class_f1": [
    0.9097327281896117,
    0.961,
    0.877210712481051,
    0.8120456905503635,
    0.9106796116504854,
    0.8597560975609756,
    0.9240506329113924,
    0.936127744510978,
    0.9415233415233415,
    0.946258161727775
  ],
  "per_class_precision": [
    0.9175991861648016,
    0.961,
    0.8866189989785496,
    0.8444924406047516,
    0.8849056603773585,
    0.8739669421487604,
    0.9003795066413662,
    0.9342629482071713,
    0.9256038647342996,
    0.9505549949545913
  ],
  "per_class_recall": [
    0.902,
    0.961,
    0.868,
    0.782,
    0.938,
    0.846,
    0.949,
    0.938,
    0.958,
    0.942
  ],
  "train_time_seconds": 235.35937762260437,
  "run_id": 20,
  "seed": 2046,
  "model_type": "cnn",
  "dataset": "cifar10"
}