{
  "accuracy": 0.9065,
  "precision_macro": 0.9064676151255225,
  "recall_macro": 0.9065,
  "f1_macro": 0.9059237029082687,
  "precision_weighted": 0.9064676151255225,
  "recall_weighted": 0.9065,
  "f1_weighted": 0.905923702908269,
  "per_class_f1": [
    0.9155908639523337,
    0.9516288252714709,
    0.8786919831223629,
    0.8074341765616934,
    0.9074537268634317,
    0.8541769649036085,
    0.928468554968795,
    0.9379379379379379,
    0.9441930618401206,
    0.9336609336609336
  ],
  "per_class_precision": [
    0.9092702169625246,
    0.9395711500974658,
    0.9296875,
    0.8345784418356457,
    0.9079079079079079,
    0.844574780058651,
    0.8928901200369345,
    0.938877755511022,
    0.9494438827098078,
    0.9178743961352657
  ],
  "per_class_recall": [
    0.922,
    0.964,
    0.833,
    0.782,
    0.907,
    0.864,
    0.967,
    0.937,
    0.939,
    0.95
  ],
  "train_time_seconds": 499.49186062812805,
  "run_id": 66,
  "seed": 2092,
  "model_type": "cnn",
  "dataset": "cifar10"
}