{
  "accuracy": 0.9044,
  "precision_macro": 0.9058374063432391,
  "recall_macro": 0.9043999999999999,
  "f1_macro": 0.9037215895979204,
  "precision_weighted": 0.905837406343239,
  "recall_weighted": 0.9044,
  "f1_weighted": 0.9037215895979204,
  "per_class_f1": [
    0.9124423963133641,
    0.9566948730711797,
    0.864812103465105,
    0.7902869757174393,
    0.9159449821701477,
    0.8433395872420263,
    0.9262335124572545,
    0.9402910185649774,
    0.9448818897637795,
    0.9422885572139303
  ],
  "per_class_precision": [
    0.9349422875131165,
    0.9524281466798811,
    0.8446139180171592,
    0.8817733990147784,
    0.9335410176531672,
    0.7941696113074205,
    0.9054441260744985,
    0.9436052366565961,
    0.9302325581395349,
    0.9376237623762376
  ],
  "per_class_recall": [
    0.891,
    0.961,
    0.886,
    0.716,
    0.899,
    0.899,
    0.948,
    0.937,
    0.96,
    0.947
  ],
  "train_time_seconds": 525.332959651947,
  "run_id": 51,
  "seed": 2077,
  "model_type": "cnn_gan",
  "dataset": "cifar10"
}