{
  "accuracy": 0.908,
  "precision_macro": 0.9073600457017799,
  "recall_macro": 0.908,
  "f1_macro": 0.9074133090039179,
  "precision_weighted": 0.90736004570178,
  "recall_weighted": 0.908,
  "f1_weighted": 0.907413309003918,
  "per_class_f1": [
    0.908183632734531,
    0.9639278557114228,
    0.8804515135967163,
    0.8002070393374742,
    0.9112543381259296,
    0.8547094188376754,
    0.9306443679291687,
    0.9332674246169056,
    0.9410618606916707,
    0.9504256384576866
  ],
  "per_class_precision": [
    0.9063745019920318,
    0.9658634538152611,
    0.9041095890410958,
    0.8293991416309013,
    0.9036381514257621,
    0.856425702811245,
    0.9157792836398838,
    0.9227761485826002,
    0.9173789173789174,
    0.9518555667001003
  ],
  "per_class_recall": [
    0.91,
    0.962,
    0.858,
    0.773,
    0.919,
    0.853,
    0.946,
    0.944,
    0.966,
    0.949
  ],
  "train_time_seconds": 234.29692006111145,
  "run_id": 92,
  "seed": 2118,
  "model_type": "cnn",
  "dataset": "cifar10"
}