{
  "accuracy": 0.9108,
  "precision_macro": 0.9106920072490524,
  "recall_macro": 0.9107999999999998,
  "f1_macro": 0.910472859553833,
  "precision_weighted": 0.9106920072490524,
  "recall_weighted": 0.9108,
  "f1_weighted": 0.9104728595538331,
  "per_class_f1": [
    0.9130009775171065,
    0.9575098814229249,
    0.8771384136858476,
    0.8144016227180527,
    0.9144542772861357,
    0.8532799198798198,
    0.9339950372208436,
    0.9414161996943454,
    0.9519038076152304,
    0.9476284584980237
  ],
  "per_class_precision": [
    0.892925430210325,
    0.9462890625,
    0.9106566200215285,
    0.8261316872427984,
    0.8994197292069632,
    0.8545636910732196,
    0.9270935960591133,
    0.9595015576323987,
    0.9538152610441767,
    0.9365234375
  ],
  "per_class_recall": [
    0.934,
    0.969,
    0.846,
    0.803,
    0.93,
    0.852,
    0.941,
    0.924,
    0.95,
    0.959
  ],
  "train_time_seconds": 399.7644350528717,
  "run_id": 37,
  "seed": 2063,
  "model_type": "cnn_gan",
  "dataset": "cifar10"
}