{
  "accuracy": 0.9085,
  "precision_macro": 0.9077480284972397,
  "recall_macro": 0.9084999999999999,
  "f1_macro": 0.9077879690077602,
  "precision_weighted": 0.9077480284972398,
  "recall_weighted": 0.9085,
  "f1_weighted": 0.9077879690077602,
  "per_class_f1": [
    0.9133466135458167,
    0.9585207396301849,
    0.8781725888324873,
    0.8054679284963197,
    0.9094547273636818,
    0.8561438561438561,
    0.928849902534113,
    0.9452191235059761,
    0.9447731755424064,
    0.9379310344827586
  ],
  "per_class_precision": [
    0.9097222222222222,
    0.958041958041958,
    0.8917525773195877,
    0.8492239467849224,
    0.9099099099099099,
    0.8552894211576846,
    0.905893536121673,
    0.941468253968254,
    0.9319066147859922,
    0.9242718446601942
  ],
  "per_class_recall": [
    0.917,
    0.959,
    0.865,
    0.766,
    0.909,
    0.857,
    0.953,
    0.949,
    0.958,
    0.952
  ],
  "train_time_seconds": 399.8712773323059,
  "run_id": 76,
  "seed": 2102,
  "model_type": "cnn_gan",
  "dataset": "cifar10"
}