{
  "accuracy": 0.9058,
  "precision_macro": 0.9053988569814061,
  "recall_macro": 0.9057999999999999,
  "f1_macro": 0.9051351256605852,
  "precision_weighted": 0.9053988569814061,
  "recall_weighted": 0.9058,
  "f1_weighted": 0.9051351256605851,
  "per_class_f1": [
    0.9074355083459787,
    0.958312405826218,
    0.8767550702028081,
    0.8125,
    0.8994605198626778,
    0.8598598598598599,
    0.9308484551250613,
    0.9366715758468336,
    0.9321620302586627,
    0.9373458312777504
  ],
  "per_class_precision": [
    0.9181166837256909,
    0.9626639757820383,
    0.9133261105092091,
    0.8478260869565217,
    0.8825794032723773,
    0.8607214428857716,
    0.9133782483156881,
    0.9199614271938283,
    0.9103908484270734,
    0.9250243427458618
  ],
  "per_class_recall": [
    0.897,
    0.954,
    0.843,
    0.78,
    0.917,
    0.859,
    0.949,
    0.954,
    0.955,
    0.95
  ],
  "train_time_seconds": 479.69123005867004,
  "run_id": 42,
  "seed": 2068,
  "model_type": "cnn",
  "dataset": "cifar10"
}