{
  "accuracy": 0.9035,
  "precision_macro": 0.9031735051743361,
  "recall_macro": 0.9035,
  "f1_macro": 0.9028818190902698,
  "precision_weighted": 0.903173505174336,
  "recall_weighted": 0.9035,
  "f1_weighted": 0.9028818190902697,
  "per_class_f1": [
    0.9023535302954432,
    0.9466992665036675,
    0.8797595190380761,
    0.8113110539845758,
    0.905982905982906,
    0.859074362974519,
    0.9211538461538461,
    0.931640625,
    0.9417721518987342,
    0.929070929070929
  ],
  "per_class_precision": [
    0.9037111334002006,
    0.9263157894736842,
    0.8815261044176707,
    0.834920634920635,
    0.9110212335692619,
    0.894907908992416,
    0.8870370370370371,
    0.9103053435114504,
    0.9538461538461539,
    0.9281437125748503
  ],
  "per_class_recall": [
    0.901,
    0.968,
    0.878,
    0.789,
    0.901,
    0.826,
    0.958,
    0.954,
    0.93,
    0.93
  ],
  "train_time_seconds": 233.50358867645264,
  "run_id": 23,
  "seed": 2049,
  "model_type": "cnn_gan",
  "dataset": "cifar10"
}