{
  "accuracy": 0.9106,
  "precision_macro": 0.9103748854954805,
  "recall_macro": 0.9106000000000002,
  "f1_macro": 0.9100304951529503,
  "precision_weighted": 0.9103748854954807,
  "recall_weighted": 0.9106,
  "f1_weighted": 0.9100304951529504,
  "per_class_f1": [
    0.9145924841386042,
    0.9660678642714571,
    0.8748035620743845,
    0.8060165975103735,
    0.9132778049975502,
    0.8601087493821058,
    0.9318181818181818,
    0.9396378269617707,
    0.9425061425061425,
    0.9514757378689345
  ],
  "per_class_precision": [
    0.8932316491897044,
    0.9641434262948207,
    0.9185918591859186,
    0.8372844827586207,
    0.8952929875120077,
    0.8504398826979472,
    0.9208984375,
    0.9453441295546559,
    0.9265700483091788,
    0.9519519519519519
  ],
  "per_class_recall": [
    0.937,
    0.968,
    0.835,
    0.777,
    0.932,
    0.87,
    0.943,
    0.934,
    0.959,
    0.951
  ],
  "train_time_seconds": 233.04389572143555,
  "run_id": 95,
  "seed": 2121,
  "model_type": "cnn_gan",
  "dataset": "cifar10"
}