{
  "accuracy": 0.9124,
  "precision_macro": 0.9125963764890382,
  "recall_macro": 0.9123999999999999,
  "f1_macro": 0.9118629139636998,
  "precision_weighted": 0.9125963764890381,
  "recall_weighted": 0.9124,
  "f1_weighted": 0.9118629139636998,
  "per_class_f1": [
    0.9211045364891519,
    0.958,
    0.8741442864665614,
    0.8209424083769633,
    0.917203767972236,
    0.8635043562439496,
    0.9321620302586627,
    0.9396508728179551,
    0.9542023150478107,
    0.9377145659637077
  ],
  "per_class_precision": [
    0.9085603112840467,
    0.958,
    0.9232480533926585,
    0.8615384615384616,
    0.9095378564405113,
    0.8367729831144465,
    0.9103908484270734,
    0.9373134328358209,
    0.9604863221884499,
    0.9201154956689124
  ],
  "per_class_recall": [
    0.934,
    0.958,
    0.83,
    0.784,
    0.925,
    0.892,
    0.955,
    0.942,
    0.948,
    0.956
  ],
  "train_time_seconds": 232.71413588523865,
  "run_id": 29,
  "seed": 2055,
  "model_type": "cnn",
  "dataset": "cifar10"
}