{
  "accuracy": 0.9037,
  "precision_macro": 0.9038474267855516,
  "recall_macro": 0.9037,
  "f1_macro": 0.9030885785496732,
  "precision_weighted": 0.9038474267855517,
  "recall_weighted": 0.9037,
  "f1_weighted": 0.9030885785496732,
  "per_class_f1": [
    0.9069529652351738,
    0.9545222278998468,
    0.870244919228765,
    0.804177545691906,
    0.9088220798422868,
    0.8516699410609038,
    0.9370975730559683,
    0.9264990328820116,
    0.9274661508704062,
    0.9434333497294638
  ],
  "per_class_precision": [
    0.9278242677824268,
    0.9759665621734587,
    0.9085963003264418,
    0.8415300546448088,
    0.8960155490767736,
    0.8368725868725869,
    0.9283611383709519,
    0.897003745318352,
    0.8979400749063671,
    0.9283639883833494
  ],
  "per_class_recall": [
    0.887,
    0.934,
    0.835,
    0.77,
    0.922,
    0.867,
    0.946,
    0.958,
    0.959,
    0.959
  ],
  "train_time_seconds": 400.4180727005005,
  "run_id": 46,
  "seed": 2072,
  "model_type": "cnn",
  "dataset": "cifar10"
}