{
  "accuracy": 0.9052,
  "precision_macro": 0.9054225506052689,
  "recall_macro": 0.9052,
  "f1_macro": 0.9046250320195893,
  "precision_weighted": 0.9054225506052686,
  "recall_weighted": 0.9052,
  "f1_weighted": 0.9046250320195893,
  "per_class_f1": [
    0.9091811414392059,
    0.9576059850374065,
    0.8606382978723405,
    0.8133125325013001,
    0.9031941031941032,
    0.8568665377176016,
    0.929342492639843,
    0.926073926073926,
    0.9487437185929648,
    0.9412915851272016
  ],
  "per_class_precision": [
    0.9024630541871921,
    0.9552238805970149,
    0.9193181818181818,
    0.847237269772481,
    0.8879227053140096,
    0.8295880149812734,
    0.9123314065510597,
    0.9251497005988024,
    0.9535353535353536,
    0.921455938697318
  ],
  "per_class_recall": [
    0.916,
    0.96,
    0.809,
    0.782,
    0.919,
    0.886,
    0.947,
    0.927,
    0.944,
    0.962
  ],
  "train_time_seconds": 489.0036768913269,
  "run_id": 30,
  "seed": 2056,
  "model_type": "cnn",
  "dataset": "cifar10"
}