{
  "accuracy": 0.9051,
  "precision_macro": 0.9055134058796259,
  "recall_macro": 0.9051,
  "f1_macro": 0.9042265136062271,
  "precision_weighted": 0.9055134058796258,
  "recall_weighted": 0.9051,
  "f1_weighted": 0.904226513606227,
  "per_class_f1": [
    0.9073514602215509,
    0.9637826961770624,
    0.866418307610431,
    0.7991498405951116,
    0.9111328125,
    0.8512920526572404,
    0.9193317422434367,
    0.9378084896347483,
    0.9485887096774194,
    0.9374090247452693
  ],
  "per_class_precision": [
    0.9137931034482759,
    0.9696356275303644,
    0.926052332195677,
    0.8526077097505669,
    0.8902671755725191,
    0.8306374881065651,
    0.8794520547945206,
    0.9259259259259259,
    0.9563008130081301,
    0.9104618284637135
  ],
  "per_class_recall": [
    0.901,
    0.958,
    0.814,
    0.752,
    0.933,
    0.873,
    0.963,
    0.95,
    0.941,
    0.966
  ],
  "train_time_seconds": 477.2890775203705,
  "run_id": 90,
  "seed": 2116,
  "model_type": "cnn_gan",
  "dataset": "cifar10"
}