{
  "accuracy": 0.9097,
  "precision_macro": 0.9097900840516326,
  "recall_macro": 0.9097,
  "f1_macro": 0.9095131696350546,
  "precision_weighted": 0.9097900840516325,
  "recall_weighted": 0.9097,
  "f1_weighted": 0.9095131696350544,
  "per_class_f1": [
    0.9190548014077425,
    0.9587939698492463,
    0.8815312984997413,
    0.811841445057702,
    0.9102564102564102,
    0.8604302151075538,
    0.9266371245691778,
    0.9411167512690355,
    0.9465346534653465,
    0.9389350268685882
  ],
  "per_class_precision": [
    0.9241658240647118,
    0.9636363636363636,
    0.9131832797427653,
    0.8147029204431017,
    0.8978599221789884,
    0.8608608608608609,
    0.9127061105722599,
    0.9556701030927836,
    0.9372549019607843,
    0.9178605539637058
  ],
  "per_class_recall": [
    0.914,
    0.954,
    0.852,
    0.809,
    0.923,
    0.86,
    0.941,
    0.927,
    0.956,
    0.961
  ],
  "train_time_seconds": 510.2115035057068,
  "run_id": 6,
  "seed": 2032,
  "model_type": "cnn_gan",
  "dataset": "cifar10"
}