{
  "accuracy": 0.9016,
  "precision_macro": 0.9019271478921942,
  "recall_macro": 0.9016,
  "f1_macro": 0.9010517400925142,
  "precision_weighted": 0.9019271478921943,
  "recall_weighted": 0.9016,
  "f1_weighted": 0.9010517400925142,
  "per_class_f1": [
    0.9023904382470119,
    0.950544015825915,
    0.8695192815636555,
    0.799790904338735,
    0.9090909090909091,
    0.8458192363460609,
    0.9154658981748319,
    0.9378134403209629,
    0.9442491210447012,
    0.9358341559723593
  ],
  "per_class_precision": [
    0.8988095238095238,
    0.9403131115459883,
    0.921612541993281,
    0.8378970427163198,
    0.908183632734531,
    0.8185219831618334,
    0.8807763401109058,
    0.9406438631790744,
    0.9485368314833501,
    0.9239766081871345
  ],
  "per_class_recall": [
    0.906,
    0.961,
    0.823,
    0.765,
    0.91,
    0.875,
    0.953,
    0.935,
    0.94,
    0.948
  ],
  "train_time_seconds": 399.633793592453,
  "run_id": 40,
  "seed": 2066,
  "model_type": "cnn_gan",
  "dataset": "cifar10"
}